{
  "train_csv": "/home/lux1/noise/outputs/d3_strict/seed42/train.csv",
  "train_csv_sha256": "d07cd2bc9390d7e499ab7e674e451726677f5f49f58f1ac6897773aef15357e6",
  "num_samples": 91375,
  "num_classes": 500,
  "trim_ratio": 0.1,
  "min_weight": 0.2,
  "sample_weights_sha256": "4ab9e5d06c03a2001f07879c1b38ff33ed7137dbbc5a5b02edd5d8f7c155991f",
  "weight_stats": {
    "n_samples": 91375,
    "mean": 0.6000000238418579,
    "std": 0.20676831901073456,
    "min": 0.20000000298023224,
    "max": 1.0,
    "p10": 0.29777777194976807,
    "p25": 0.43296706676483154,
    "p50": 0.6169312596321106,
    "p75": 0.7688888907432556,
    "p90": 0.8696938157081604,
    "n_below_0d3": 9317,
    "n_below_0d5": 30474,
    "n_above_0d9": 5849
  }
}