{
  "n_samples": 91375,
  "mean": 0.6000000238418579,
  "std": 0.20676831901073456,
  "min": 0.20000000298023224,
  "max": 1.0,
  "p10": 0.29777777194976807,
  "p25": 0.43296706676483154,
  "p50": 0.6169312596321106,
  "p75": 0.7688888907432556,
  "p90": 0.8696938157081604,
  "n_below_0d3": 9317,
  "n_below_0d5": 30474,
  "n_above_0d9": 5849
}