{
  "loss": 1.320889236357102,
  "accuracy": 0.7053121364870105,
  "macro_accuracy": 0.7049247026443481,
  "per_class_accuracy": [
    0.9047619104385376,
    0.6666666865348816,
    0.761904776096344,
    0.2380952388048172,
    0.9523809552192688,
    0.3499999940395355,
    0.761904776096344,
    0.800000011920929,
    0.9523809552192688,
    1.0,
    0.8571428656578064,
    0.8095238208770752,
    0.9047619104385376,
    0.44999998807907104,
    0.5909090638160706,
    0.9047619104385376,
    0.2380952388048172,
    0.7142857313156128,
    0.699999988079071,
    0.75,
    0.8500000238418579,
    0.2857142984867096,
    0.7727272510528564,
    0.4285714328289032,
    0.8571428656578064,
    0.8500000238418579,
    0.6666666865348816,
    0.380952388048172,
    0.6666666865348816,
    0.8095238208770752,
    0.949999988079071,
    0.8571428656578064,
    0.8571428656578064,
    0.15000000596046448,
    0.9047619104385376,
    0.6190476417541504,
    0.550000011920929,
    1.0,
    0.4285714328289032,
    0.6666666865348816,
    0.6190476417541504,
    0.8500000238418579,
    0.5,
    0.8571428656578064,
    0.5714285969734192,
    0.5714285969734192,
    0.9523809552192688,
    0.523809552192688,
    0.4761904776096344,
    0.4000000059604645,
    0.800000011920929,
    0.2857142984867096,
    0.7142857313156128,
    0.75,
    0.8571428656578064,
    0.9523809552192688,
    0.6666666865348816,
    0.523809552192688,
    1.0,
    0.6190476417541504,
    0.44999998807907104,
    0.5714285969734192,
    0.8500000238418579,
    0.7142857313156128,
    0.8571428656578064,
    0.3499999940395355,
    0.9523809552192688,
    0.75,
    0.550000011920929,
    0.6499999761581421,
    0.8999999761581421,
    1.0,
    0.8500000238418579,
    0.7142857313156128,
    0.699999988079071,
    0.7142857313156128,
    0.8095238208770752,
    0.523809552192688,
    0.6190476417541504,
    0.800000011920929,
    0.8571428656578064,
    0.5,
    0.8095238208770752,
    0.8095238208770752,
    0.20000000298023224,
    0.8500000238418579,
    0.761904776096344,
    0.6190476417541504,
    0.380952388048172,
    0.7142857313156128,
    0.8500000238418579,
    0.75,
    0.8095238208770752,
    0.44999998807907104,
    0.8500000238418579,
    0.8095238208770752,
    0.75,
    0.6499999761581421,
    0.699999988079071,
    0.523809552192688,
    0.8095238208770752,
    0.8500000238418579,
    0.3333333432674408,
    0.9523809552192688,
    0.30000001192092896,
    0.7142857313156128,
    0.9523809552192688,
    0.7142857313156128,
    0.5714285969734192,
    0.9523809552192688,
    0.9047619104385376,
    0.5,
    0.7142857313156128,
    0.800000011920929,
    0.8999999761581421,
    0.8095238208770752,
    0.8500000238418579,
    0.9523809552192688,
    0.6666666865348816,
    0.949999988079071,
    0.6190476417541504,
    1.0,
    0.75,
    0.30000001192092896,
    0.800000011920929,
    0.4761904776096344,
    0.761904776096344,
    0.800000011920929,
    0.9523809552192688,
    0.8571428656578064,
    0.5454545617103577,
    0.8095238208770752,
    0.5714285969734192,
    0.9047619104385376,
    0.6499999761581421,
    0.4000000059604645,
    0.6190476417541504,
    0.8095238208770752,
    0.3499999940395355,
    0.4285714328289032,
    0.800000011920929,
    0.8095238208770752,
    0.9523809552192688,
    0.8095238208770752,
    0.8095238208770752,
    0.800000011920929,
    0.6499999761581421,
    1.0,
    0.8571428656578064,
    0.800000011920929,
    0.7727272510528564,
    0.8500000238418579,
    0.761904776096344,
    0.4285714328289032,
    0.8095238208770752,
    0.5,
    0.3499999940395355,
    0.8095238208770752,
    0.9047619104385376,
    0.800000011920929,
    0.6190476417541504,
    0.949999988079071,
    0.7272727489471436,
    0.949999988079071,
    0.6000000238418579,
    0.8095238208770752,
    0.8095238208770752,
    0.8571428656578064,
    0.9047619104385376,
    1.0,
    0.7727272510528564,
    0.6499999761581421,
    0.699999988079071,
    0.8571428656578064,
    0.8999999761581421,
    0.75,
    0.6190476417541504,
    0.949999988079071,
    0.75,
    0.9047619104385376,
    0.8571428656578064,
    0.8571428656578064,
    0.8571428656578064,
    0.699999988079071,
    0.2857142984867096,
    0.8571428656578064,
    0.949999988079071,
    0.800000011920929,
    0.699999988079071,
    0.75,
    0.8095238208770752,
    0.8095238208770752,
    0.761904776096344,
    0.6499999761581421,
    0.8500000238418579,
    0.4285714328289032,
    0.761904776096344,
    0.6190476417541504,
    0.4000000059604645,
    0.6499999761581421,
    0.8095238208770752,
    0.8571428656578064,
    0.4000000059604645,
    0.6666666865348816,
    1.0,
    0.8095238208770752,
    0.8500000238418579,
    0.8500000238418579,
    0.8095238208770752,
    0.9047619104385376,
    0.30000001192092896,
    0.6190476417541504,
    0.6190476417541504,
    0.7727272510528564,
    0.2857142984867096,
    0.8571428656578064,
    0.6666666865348816,
    0.4285714328289032,
    0.6000000238418579,
    0.800000011920929,
    0.6000000238418579,
    0.4000000059604645,
    0.44999998807907104,
    0.800000011920929,
    0.7142857313156128,
    1.0,
    0.4761904776096344,
    0.761904776096344,
    0.8095238208770752,
    0.7142857313156128,
    0.761904776096344,
    1.0,
    0.9523809552192688,
    0.44999998807907104,
    0.761904776096344,
    0.7142857313156128,
    0.8181818127632141,
    0.800000011920929,
    0.5714285969734192,
    0.8500000238418579,
    0.550000011920929,
    0.15000000596046448,
    0.6666666865348816,
    0.699999988079071,
    0.8500000238418579,
    0.761904776096344,
    0.9523809552192688,
    0.6000000238418579,
    0.75,
    0.5,
    0.6000000238418579,
    0.761904776096344,
    0.8500000238418579,
    0.8095238208770752,
    0.949999988079071,
    0.8571428656578064,
    0.4545454680919647,
    0.8500000238418579,
    0.9523809552192688,
    0.8571428656578064,
    0.9047619104385376,
    0.6190476417541504,
    0.7142857313156128,
    0.5,
    0.699999988079071,
    0.9523809552192688,
    0.20000000298023224,
    0.5714285969734192,
    0.800000011920929,
    0.8500000238418579,
    0.75,
    0.761904776096344,
    0.8999999761581421,
    0.9047619104385376,
    0.6499999761581421,
    0.761904776096344,
    0.8095238208770752,
    0.8095238208770752,
    0.7727272510528564,
    0.550000011920929,
    0.3499999940395355,
    0.9047619104385376,
    0.523809552192688,
    0.6666666865348816,
    0.8095238208770752,
    0.4000000059604645,
    0.4545454680919647,
    0.761904776096344,
    0.8095238208770752,
    0.9523809552192688,
    0.6190476417541504,
    0.9047619104385376,
    0.9523809552192688,
    0.9047619104385376,
    0.523809552192688,
    0.9523809552192688,
    0.6666666865348816,
    0.699999988079071,
    0.6499999761581421,
    0.75,
    0.761904776096344,
    0.800000011920929,
    0.4000000059604645,
    0.800000011920929,
    0.30000001192092896,
    0.7142857313156128,
    0.761904776096344,
    0.699999988079071,
    0.9523809552192688,
    0.800000011920929,
    0.6499999761581421,
    0.8571428656578064,
    0.2380952388048172,
    0.6190476417541504,
    0.9047619104385376,
    0.5714285969734192,
    0.6190476417541504,
    0.9523809552192688,
    0.8571428656578064,
    0.8500000238418579,
    0.9523809552192688,
    0.5714285969734192,
    0.6499999761581421,
    0.6000000238418579,
    0.699999988079071,
    0.8500000238418579,
    0.3499999940395355,
    0.40909090638160706,
    0.9047619104385376,
    0.6000000238418579,
    0.9523809552192688,
    0.6499999761581421,
    0.800000011920929,
    0.550000011920929,
    0.7894737124443054,
    0.8095238208770752,
    0.8095238208770752,
    0.13636364042758942,
    0.4000000059604645,
    0.8095238208770752,
    0.761904776096344,
    0.8500000238418579,
    0.5,
    0.523809552192688,
    0.44999998807907104,
    0.8571428656578064,
    1.0,
    0.1666666716337204,
