epoch,train_loss,train_acc,val_loss,val_acc,head_lr,backbone_lr,head_grad_norm,backbone_grad_norm,epoch_time
1,6.223393,0.001873,6.227559,0.002034,0.00250000,0.00000000,0.125320,0.000000,66.38
epoch,train_loss,train_acc,val_loss,val_acc,head_lr,backbone_lr,head_grad_norm,backbone_grad_norm,epoch_time
1,5.717948,0.203217,4.835756,0.353032,0.00250000,0.00000000,0.125891,0.000000,139.32
2,3.776738,0.462603,2.942243,0.525770,0.00500000,0.00000000,0.120767,0.000000,145.38
3,2.444291,0.579261,2.227299,0.586999,0.00499470,0.00000000,0.106914,0.000000,149.74
4,1.959735,0.631932,1.950980,0.613447,0.00497883,0.00000000,0.097455,0.000000,151.25
5,1.727266,0.660222,1.803920,0.627010,0.00495244,0.00000000,0.091740,0.000000,151.37
6,1.583005,0.678598,1.709745,0.638636,0.00491567,0.00000000,0.088164,0.000000,145.14
