{
  "experiment_id": "S_MIXUP_CE5",
  "raw_micro": 0.7111111111111111,
  "raw_macro": 0.7040382800807722,
  "raw_bottom10": 0.29552856405720185,
  "trusted_micro": 0.9936096403140405,
  "trusted_macro": 0.9920056394098732,
  "trusted_class_balanced": 0.9087999999999999,
  "trust_weighted_accuracy": 0.9705381546624013,
  "rejected_micro": 0.288135593220339,
  "rejected_macro": 0.3108387129155702,
  "rejected_bottom10": 0.0,
  "trust_reject_gap": 0.7054740470937015,
  "prediction_change_vs_parent": null,
  "trusted_coverage": 0.5995621237000547,
  "trusted_represented_classes": 496,
  "trusted_total_classes": 500,
  "class_balanced_classes": 500,
  "class_balanced_samples_used": 2500,
  "trust_effective_samples": 1650.4233170453588,
  "sample_count": 9135
}