{
  "clean_core_macro": 0.8258010149002075,
  "clean_core_micro": 0.8267506957054138,
  "clean_core_samples": 7140,
  "clean_core_threshold": 0.7,
  "flip_prediction_agreement": 0.8740554451942444,
  "inference_mode": "none",
  "mean_cross_entropy": 1.6766443252563477,
  "mean_feature_cosine": 0.9999991655349731,
  "mean_feature_drift": 8.344650268554688e-07,
  "predicted_class_count": 500,
  "prediction_head": "linear",
  "proxy_macro": 0.7902883887290955,
  "proxy_micro": 0.7928954362869263,
  "raw_macro": 0.6943618655204773,
  "raw_micro": 0.6943421959877014,
  "samples": 10322,
  "selector": 0.8267506957054138,
  "selector_metric": "clean_core_micro",
  "trusted_macro": 0.8050254583358765,
  "trusted_micro": 0.807659387588501,
  "tta_fusion": "none",
  "tta_temperature": 1.0
}
