{
  "checkpoint": "outputs/s_oof_zero_010/seed42/checkpoints/best.pt",
  "checkpoint_sha256": "341f13cd24b189fa2ed1df734d014a5508da58bd65db04f311f3b121df79a02a",
  "val_csv": "outputs/d3_strict/seed42/val.csv",
  "val_csv_sha256": "607e019165912bb0639efb456b7e8dea122b3e8579a2344dedb8109798921eae",
  "config": "/home/x28639/projects/Noise-aware-Parameter-Efficient-CLIP-Fine-tuning/configs/s_oof_zero_010.yaml",
  "micro_accuracy": 0.6823290060065879,
  "macro_accuracy": 0.6823429465293884,
  "median_per_class_accuracy": 0.7142857313156128,
  "bottom_10_percent_accuracy": 0.2772381007671356,
  "micro_macro_gap": -1.3940522800570676e-05,
  "loss": 0.6091154784893855,
  "total_samples": 10322,
  "correct_samples": 7043,
  "checkpoint_epoch": 41,
  "checkpoint_best_val_acc": 0.6823290060065879
}