rank,original_label,predicted_label,errors,reverse_errors,original_P0_pair_retained,cumulative_errors,cumulative_fraction
1,535,202,10,5,True,10,0.0028785261945883708
2,247,179,9,6,True,19,0.005469199769717904
3,270,612,7,7,True,26,0.007484168105929764
4,612,270,7,7,True,33,0.009499136442141624
5,23,59,6,5,True,39,0.011226252158894647
6,179,247,6,9,True,45,0.012953367875647668
7,460,392,6,2,True,51,0.01468048359240069
8,640,502,6,2,True,57,0.016407599309153715
9,644,189,6,2,True,63,0.018134715025906734
10,739,716,6,5,True,69,0.019861830742659757
11,59,23,5,6,True,74,0.021301093839953943
12,202,535,5,10,True,79,0.02274035693724813
13,246,196,5,1,False,84,0.024179620034542316
14,271,161,5,2,True,89,0.0256188831318365
15,424,715,5,4,True,94,0.027058146229130685
16,491,665,5,3,True,99,0.02849740932642487
17,504,539,5,4,True,104,0.029936672423719057
18,604,603,5,3,True,109,0.03137593552101324
19,716,739,5,6,True,114,0.03281519861830743
20,39,446,4,0,False,118,0.033966609096142776
21,107,616,4,2,True,122,0.03511801957397812
22,118,484,4,1,False,126,0.03626943005181347
23,130,500,4,3,True,130,0.03742084052964882
24,167,95,4,0,False,134,0.03857225100748417
25,172,386,4,3,True,138,0.039723661485319514
26,172,482,4,3,True,142,0.04087507196315487
27,188,500,4,4,True,146,0.042026482440990214
28,216,463,4,0,False,150,0.04317789291882556
29,229,662,4,2,True,154,0.04432930339666091
30,264,484,4,0,False,158,0.04548071387449626
31,264,633,4,1,False,162,0.046632124352331605
32,310,527,4,0,False,166,0.04778353483016695
33,316,441,4,4,True,170,0.048934945308002305
34,372,600,4,0,False,174,0.05008635578583765
35,402,139,4,2,True,178,0.051237766263673
36,420,737,4,4,True,182,0.05238917674150835
37,441,316,4,4,True,186,0.0535405872193437
38,500,188,4,4,True,190,0.05469199769717904
39,502,8,4,1,False,194,0.055843408175014396
40,539,504,4,5,True,198,0.05699481865284974
41,550,662,4,0,False,202,0.05814622913068509
42,561,694,4,3,True,206,0.059297639608520435
43,603,91,4,1,False,210,0.06044905008635579
44,715,424,4,5,True,214,0.061600460564191134
45,737,420,4,4,True,218,0.06275187104202648
46,8,74,3,2,False,221,0.06361542890040299
47,14,363,3,1,False,224,0.0644789867587795
48,18,203,3,0,False,227,0.06534254461715601
49,18,262,3,1,False,230,0.06620610247553253
50,21,171,3,2,False,233,0.06706966033390904
51,23,224,3,0,False,236,0.06793321819228555
52,81,359,3,2,False,239,0.06879677605066206
53,117,372,3,2,False,242,0.06966033390903857
54,118,264,3,0,False,245,0.07052389176741508
55,120,615,3,1,False,248,0.07138744962579159
56,130,188,3,2,False,251,0.0722510074841681
57,135,712,3,2,False,254,0.07311456534254462
58,140,614,3,0,False,257,0.07397812320092113
59,142,24,3,0,False,260,0.07484168105929764
60,196,69,3,1,False,263,0.07570523891767415
61,209,659,3,0,False,266,0.07656879677605066
62,238,63,3,2,False,269,0.07743235463442717
63,243,34,3,0,False,272,0.07829591249280368
64,269,355,3,0,False,275,0.07915947035118019
65,272,285,3,0,False,278,0.0800230282095567
66,319,292,3,2,False,281,0.08088658606793322
67,364,524,3,0,False,284,0.08175014392630973
68,372,121,3,0,False,287,0.08261370178468624
69,386,172,3,4,True,290,0.08347725964306275
70,396,213,3,0,False,293,0.08434081750143926
71,427,431,3,1,False,296,0.08520437535981577
72,446,264,3,1,False,299,0.08606793321819228
73,457,734,3,1,False,302,0.08693149107656879
74,461,401,3,1,False,305,0.0877950489349453
75,482,172,3,4,True,308,0.08865860679332183
76,500,130,3,4,True,311,0.08952216465169834
77,522,196,3,1,False,314,0.09038572251007485
78,528,594,3,2,False,317,0.09124928036845135
79,534,285,3,2,False,320,0.09211283822682786
80,538,717,3,3,True,323,0.09297639608520437
81,541,568,3,1,False,326,0.09383995394358088
82,545,564,3,2,False,329,0.0947035118019574
83,561,393,3,0,False,332,0.0955670696603339
84,603,604,3,5,True,335,0.09643062751871043
85,604,91,3,1,False,338,0.09729418537708694
86,637,721,3,1,False,341,0.09815774323546345
87,648,218,3,1,False,344,0.09902130109383996
88,665,491,3,5,True,347,0.09988485895221647
89,694,561,3,4,True,350,0.10074841681059298
90,717,538,3,3,True,353,0.10161197466896948
91,730,184,3,1,False,356,0.102475532527346
92,735,364,3,0,False,359,0.1033390903857225
93,741,361,3,1,False,362,0.10420264824409903
94,1,98,2,0,False,364,0.1047783534830167
95,2,225,2,0,False,366,0.10535405872193437
96,12,384,2,1,False,368,0.10592976396085205
97,22,242,2,1,False,370,0.10650546919976972
98,28,104,2,0,False,372,0.1070811744386874
99,30,404,2,0,False,374,0.10765687967760507
100,30,461,2,0,False,376,0.10823258491652274
101,39,203,2,0,False,378,0.10880829015544041
102,49,574,2,0,False,380,0.10938399539435809
103,51,629,2,0,False,382,0.10995970063327576
104,57,519,2,2,False,384,0.11053540587219343
105,59,224,2,2,False,386,0.1111111111111111
106,59,446,2,0,False,388,0.11168681635002879
107,63,238,2,3,False,390,0.11226252158894647
108,64,441,2,0,False,392,0.11283822682786414
109,68,200,2,0,False,394,0.11341393206678181
110,69,364,2,1,False,396,0.11398963730569948
111,69,570,2,0,False,398,0.11456534254461716
112,73,632,2,0,False,400,0.11514104778353483
113,74,8,2,3,False,402,0.1157167530224525
114,74,502,2,1,False,404,0.11629245826137018
115,75,175,2,0,False,406,0.11686816350028785
116,76,581,2,0,False,408,0.11744386873920552
117,80,434,2,0,False,410,0.1180195739781232
118,80,551,2,0,False,412,0.11859527921704087
119,84,220,2,0,False,414,0.11917098445595854
120,86,725,2,1,False,416,0.11974668969487623
121,104,166,2,1,False,418,0.1203223949337939
122,105,703,2,0,False,420,0.12089810017271158
123,109,443,2,0,False,422,0.12147380541162925
124,111,110,2,0,False,424,0.12204951065054692
125,111,486,2,1,False,426,0.1226252158894646
126,111,547,2,2,False,428,0.12320092112838227
127,118,18,2,0,False,430,0.12377662636729994
128,123,528,2,2,False,432,0.12435233160621761
129,139,402,2,4,True,434,0.12492803684513529
130,141,196,2,0,False,436,0.12550374208405296
131,141,246,2,2,False,438,0.12607944732297063
132,141,364,2,0,False,440,0.1266551525618883
133,142,703,2,0,False,442,0.12723085780080598
134,148,228,2,0,False,444,0.12780656303972365
135,148,266,2,0,False,446,0.12838226827864133
136,151,335,2,0,False,448,0.128957973517559
137,151,596,2,1,False,450,0.12953367875647667
138,155,487,2,0,False,452,0.13010938399539435
139,158,236,2,0,False,454,0.13068508923431202
140,161,271,2,5,True,456,0.13126079447322972
141,162,45,2,1,False,458,0.1318364997121474
142,166,484,2,2,False,460,0.13241220495106507
143,171,21,2,3,False,462,0.13298791018998274
144,171,80,2,0,False,464,0.1335636154289004
145,171,91,2,0,False,466,0.13413932066781808
146,171,601,2,2,False,468,0.13471502590673576
147,172,80,2,0,False,470,0.13529073114565343
148,172,239,2,0,False,472,0.1358664363845711
149,172,603,2,0,False,474,0.13644214162348878
150,181,174,2,0,False,476,0.13701784686240645
151,188,130,2,3,False,478,0.13759355210132412
152,189,204,2,1,False,480,0.1381692573402418
153,189,644,2,6,True,482,0.13874496257915947
154,191,531,2,0,False,484,0.13932066781807714
155,203,118,2,0,False,486,0.13989637305699482
156,207,404,2,0,False,488,0.1404720782959125
157,213,196,2,0,False,490,0.14104778353483016
158,213,556,2,0,False,492,0.14162348877374784
159,213,571,2,1,False,494,0.1421991940126655
160,218,130,2,1,False,496,0.14277489925158318
161,218,500,2,2,False,498,0.14335060449050085
162,220,537,2,0,False,500,0.14392630972941853
163,224,59,2,2,False,502,0.1445020149683362
164,228,266,2,0,False,504,0.14507772020725387
165,232,145,2,0,False,506,0.14565342544617155
166,236,232,2,0,False,508,0.14622913068508925
167,238,106,2,0,False,510,0.14680483592400692
168,243,167,2,0,False,512,0.1473805411629246
169,243,329,2,0,False,514,0.14795624640184227
170,246,141,2,2,False,516,0.14853195164075994
171,246,607,2,0,False,518,0.1491076568796776
172,254,475,2,0,False,520,0.1496833621185953
173,256,463,2,0,False,522,0.15025906735751296
174,257,195,2,0,False,524,0.15083477259643063
175,260,537,2,0,False,526,0.1514104778353483
176,265,106,2,0,False,528,0.15198618307426598
177,265,338,2,0,False,530,0.15256188831318365
178,265,599,2,0,False,532,0.15313759355210133
179,268,162,2,0,False,534,0.153713298791019
180,268,738,2,0,False,536,0.15428900402993667
181,273,362,2,0,False,538,0.15486470926885434
182,274,741,2,0,False,540,0.15544041450777202
183,279,543,2,0,False,542,0.1560161197466897
184,285,534,2,3,False,544,0.15659182498560736
185,290,579,2,1,False,546,0.15716753022452504
186,292,319,2,3,False,548,0.1577432354634427
187,304,402,2,0,False,550,0.15831894070236038
188,307,242,2,0,False,552,0.15889464594127806
189,308,213,2,0,False,554,0.15947035118019573
190,308,407,2,2,False,556,0.1600460564191134
191,310,656,2,1,False,558,0.16062176165803108
192,314,42,2,0,False,560,0.16119746689694875
193,314,53,2,0,False,562,0.16177317213586645
194,314,637,2,1,False,564,0.16234887737478412
195,318,719,2,0,False,566,0.1629245826137018
196,324,308,2,0,False,568,0.16350028785261947
197,329,16,2,0,False,570,0.16407599309153714
198,330,54,2,0,False,572,0.16465169833045482
199,333,1,2,0,False,574,0.1652274035693725
200,334,353,2,0,False,576,0.16580310880829016
201,335,596,2,1,False,578,0.16637881404720783
202,336,693,2,0,False,580,0.1669545192861255
203,345,316,2,0,False,582,0.16753022452504318
204,345,364,2,0,False,584,0.16810592976396085
205,349,679,2,0,False,586,0.16868163500287853
206,352,428,2,0,False,588,0.1692573402417962
207,352,453,2,0,False,590,0.16983304548071387
208,359,81,2,3,False,592,0.17040875071963155
209,362,703,2,0,False,594,0.17098445595854922
210,364,487,2,0,False,596,0.1715601611974669
211,364,663,2,0,False,598,0.17213586643638457
212,370,591,2,0,False,600,0.17271157167530224
213,372,117,2,3,False,602,0.1732872769142199
214,376,54,2,0,False,604,0.17386298215313759
215,376,650,2,0,False,606,0.17443868739205526
216,378,208,2,0,False,608,0.17501439263097293
217,379,216,2,0,False,610,0.1755900978698906
218,381,359,2,1,False,612,0.17616580310880828
219,382,481,2,2,False,614,0.17674150834772595
220,383,394,2,1,False,616,0.17731721358664365
221,383,416,2,0,False,618,0.17789291882556132
222,384,721,2,0,False,620,0.178468624064479
223,392,460,2,6,True,622,0.17904432930339667
224,402,482,2,0,False,624,0.17962003454231434
225,407,308,2,2,False,626,0.18019573978123202
226,407,361,2,0,False,628,0.1807714450201497
227,408,403,2,1,False,630,0.18134715025906736
228,408,405,2,1,False,632,0.18192285549798504
229,426,80,2,0,False,634,0.1824985607369027
230,426,553,2,0,False,636,0.18307426597582038
231,428,431,2,0,False,638,0.18364997121473806
232,432,122,2,0,False,640,0.18422567645365573
233,432,475,2,0,False,642,0.1848013816925734
234,432,548,2,2,False,644,0.18537708693149108
235,436,548,2,0,False,646,0.18595279217040875
236,450,259,2,0,False,648,0.18652849740932642
237,459,714,2,0,False,650,0.1871042026482441
238,466,122,2,0,False,652,0.18767990788716177
239,467,236,2,0,False,654,0.18825561312607944
240,467,492,2,2,False,656,0.1888313183649971
241,467,592,2,0,False,658,0.1894070236039148
242,469,167,2,1,False,660,0.18998272884283246
243,473,232,2,0,False,662,0.19055843408175013
244,477,657,2,1,False,664,0.1911341393206678
245,481,382,2,2,False,666,0.19170984455958548
246,482,144,2,1,False,668,0.19228554979850315
247,482,601,2,0,False,670,0.19286125503742085
248,484,166,2,2,False,672,0.19343696027633853
249,492,467,2,2,False,674,0.1940126655152562
250,500,218,2,2,False,676,0.19458837075417387
251,502,640,2,6,True,678,0.19516407599309155
252,504,167,2,0,False,680,0.19573978123200922
253,504,580,2,0,False,682,0.1963154864709269
254,509,522,2,0,False,684,0.19689119170984457
255,519,57,2,2,False,686,0.19746689694876224
256,522,141,2,0,False,688,0.1980426021876799
257,528,123,2,2,False,690,0.19861830742659758
258,530,388,2,0,False,692,0.19919401266551526
259,533,538,2,0,False,694,0.19976971790443293
260,536,88,2,1,False,696,0.2003454231433506
261,537,255,2,0,False,698,0.20092112838226828
262,538,499,2,0,False,700,0.20149683362118595
263,540,584,2,0,False,702,0.20207253886010362
264,543,361,2,1,False,704,0.2026482440990213
265,543,396,2,1,False,706,0.20322394933793897
266,544,645,2,0,False,708,0.20379965457685664
267,545,6,2,0,False,710,0.20437535981577432
268,547,111,2,2,False,712,0.204951065054692
269,548,432,2,2,False,714,0.20552677029360966
270,550,28,2,0,False,716,0.20610247553252733
271,560,715,2,0,False,718,0.206678180771445
272,561,569,2,1,False,720,0.20725388601036268
273,564,545,2,3,False,722,0.20782959124928038
274,567,655,2,0,False,724,0.20840529648819806
275,568,481,2,0,False,726,0.20898100172711573
276,574,667,2,0,False,728,0.2095567069660334
277,584,378,2,0,False,730,0.21013241220495107
278,585,358,2,0,False,732,0.21070811744386875
279,587,177,2,1,False,734,0.21128382268278642
280,589,224,2,0,False,736,0.2118595279217041
281,592,97,2,0,False,738,0.21243523316062177
282,594,123,2,0,False,740,0.21301093839953944
283,594,528,2,3,False,742,0.2135866436384571
284,601,91,2,1,False,744,0.2141623488773748
285,601,171,2,2,False,746,0.21473805411629246
286,601,603,2,1,False,748,0.21531375935521013
287,603,171,2,1,False,750,0.2158894645941278
288,603,648,2,1,False,752,0.21646516983304548
289,604,340,2,0,False,754,0.21704087507196315
290,606,416,2,0,False,756,0.21761658031088082
291,606,677,2,0,False,758,0.2181922855497985
292,611,300,2,0,False,760,0.21876799078871617
293,612,247,2,0,False,762,0.21934369602763384
294,614,451,2,0,False,764,0.21991940126655152
295,614,493,2,0,False,766,0.2204951065054692
296,616,107,2,4,True,768,0.22107081174438686
297,616,732,2,0,False,770,0.22164651698330454
298,619,405,2,1,False,772,0.2222222222222222
299,635,695,2,0,False,774,0.22279792746113988
300,637,136,2,0,False,776,0.22337363270005758
301,640,498,2,0,False,778,0.22394933793897526
302,642,482,2,0,False,780,0.22452504317789293
303,655,618,2,1,False,782,0.2251007484168106
304,661,310,2,0,False,784,0.22567645365572828
305,662,229,2,4,True,786,0.22625215889464595
306,668,649,2,0,False,788,0.22682786413356362
307,678,675,2,0,False,790,0.2274035693724813
308,679,245,2,0,False,792,0.22797927461139897
309,681,184,2,1,False,794,0.22855497985031664
310,688,258,2,0,False,796,0.22913068508923431
311,695,679,2,0,False,798,0.229706390328152
312,708,602,2,1,False,800,0.23028209556706966
313,712,135,2,3,False,802,0.23085780080598733
314,723,432,2,0,False,804,0.231433506044905
315,726,396,2,0,False,806,0.23200921128382268
316,728,105,2,0,False,808,0.23258491652274035
317,728,236,2,0,False,810,0.23316062176165803
318,730,196,2,1,False,812,0.2337363270005757
319,734,101,2,0,False,814,0.23431203223949337
320,737,204,2,0,False,816,0.23488773747841105
321,738,243,2,0,False,818,0.23546344271732872
322,738,640,2,0,False,820,0.2360391479562464
323,0,307,1,1,False,821,0.23632700057570524
324,0,626,1,0,False,822,0.23661485319516407
325,1,277,1,0,False,823,0.23690270581462292
326,1,391,1,0,False,824,0.23719055843408174
327,1,475,1,0,False,825,0.2374784110535406
328,1,512,1,0,False,826,0.2377662636729994
329,1,573,1,0,False,827,0.23805411629245826
330,2,154,1,0,False,828,0.23834196891191708
331,2,471,1,0,False,829,0.23862982153137594
332,2,493,1,0,False,830,0.23891767415083479
333,2,675,1,1,False,831,0.2392055267702936
334,3,274,1,0,False,832,0.23949337938975246
335,3,278,1,0,False,833,0.23978123200921128
336,3,412,1,0,False,834,0.24006908462867013
337,3,691,1,0,False,835,0.24035693724812895
338,4,354,1,0,False,836,0.2406447898675878
339,4,460,1,0,False,837,0.24093264248704663
340,5,230,1,0,False,838,0.24122049510650548
341,5,279,1,0,False,839,0.2415083477259643
342,5,400,1,0,False,840,0.24179620034542315
343,5,454,1,0,False,841,0.24208405296488197
344,5,500,1,0,False,842,0.24237190558434082
345,5,682,1,0,False,843,0.24265975820379965
346,6,26,1,0,False,844,0.2429476108232585
347,6,419,1,0,False,845,0.24323546344271732
348,8,469,1,0,False,846,0.24352331606217617
349,8,490,1,0,False,847,0.243811168681635
350,8,502,1,4,False,848,0.24409902130109384
351,9,408,1,0,False,849,0.24438687392055267
352,9,683,1,0,False,850,0.24467472654001152
353,10,53,1,0,False,851,0.24496257915947034
354,10,89,1,0,False,852,0.2452504317789292
355,10,241,1,0,False,853,0.245538284398388
356,10,350,1,0,False,854,0.24582613701784686
357,10,636,1,0,False,855,0.24611398963730569
358,11,296,1,0,False,856,0.24640184225676454
359,12,152,1,0,False,857,0.2466896948762234
360,12,398,1,0,False,858,0.2469775474956822
361,12,609,1,0,False,859,0.24726540011514106
362,13,86,1,0,False,860,0.24755325273459988
363,13,265,1,0,False,861,0.24784110535405873
364,13,306,1,0,False,862,0.24812895797351756
365,13,501,1,0,False,863,0.2484168105929764
366,13,585,1,0,False,864,0.24870466321243523
367,14,448,1,0,False,865,0.24899251583189408
368,15,88,1,0,False,866,0.2492803684513529
369,16,243,1,1,False,867,0.24956822107081175
370,17,151,1,0,False,868,0.24985607369027057
371,17,335,1,0,False,869,0.2501439263097294
372,17,485,1,0,False,870,0.2504317789291883
373,17,596,1,1,False,871,0.25071963154864707
374,17,725,1,0,False,872,0.2510074841681059
375,18,104,1,0,False,873,0.25129533678756477
376,18,202,1,0,False,874,0.2515831894070236
377,18,220,1,0,False,875,0.2518710420264824
378,18,264,1,0,False,876,0.25215889464594127
379,18,292,1,0,False,877,0.2524467472654001
380,18,336,1,0,False,878,0.25273459988485897
381,18,443,1,0,False,879,0.25302245250431776
382,18,633,1,0,False,880,0.2533103051237766
383,19,80,1,0,False,881,0.25359815774323546
384,19,82,1,0,False,882,0.2538860103626943
385,19,235,1,0,False,883,0.25417386298215316
386,20,67,1,0,False,884,0.25446171560161196
387,20,588,1,0,False,885,0.2547495682210708
388,20,628,1,0,False,886,0.25503742084052966
389,20,684,1,0,False,887,0.2553252734599885
390,20,711,1,0,False,888,0.2556131260794473
391,21,82,1,0,False,889,0.25590097869890616
392,21,91,1,1,False,890,0.256188831318365
393,21,460,1,0,False,891,0.25647668393782386
394,22,433,1,0,False,892,0.25676453655728265
395,23,255,1,0,False,893,0.2570523891767415
396,23,591,1,0,False,894,0.25734024179620035
397,23,726,1,0,False,895,0.2576280944156592
398,24,13,1,0,False,896,0.257915947035118
399,24,55,1,0,False,897,0.25820379965457685
400,24,606,1,0,False,898,0.2584916522740357
401,25,116,1,0,False,899,0.25877950489349455
402,25,247,1,0,False,900,0.25906735751295334
403,25,684,1,0,False,901,0.2593552101324122
404,26,78,1,0,False,902,0.25964306275187105
405,26,239,1,1,False,903,0.2599309153713299
406,26,393,1,0,False,904,0.2602187679907887
407,26,402,1,0,False,905,0.26050662061024754
408,26,561,1,0,False,906,0.2607944732297064
409,28,18,1,0,False,907,0.26108232584916524
410,28,464,1,0,False,908,0.26137017846862404
411,28,517,1,0,False,909,0.2616580310880829
412,28,633,1,0,False,910,0.26194588370754174
413,28,734,1,0,False,911,0.2622337363270006
414,29,112,1,1,False,912,0.26252158894645944
415,29,540,1,0,False,913,0.26280944156591823
416,29,639,1,0,False,914,0.2630972941853771
417,29,737,1,0,False,915,0.26338514680483593
418,30,207,1,0,False,916,0.2636729994242948
419,30,280,1,0,False,917,0.2639608520437536
420,30,431,1,0,False,918,0.26424870466321243
421,31,64,1,0,False,919,0.2645365572826713
422,31,147,1,0,False,920,0.26482440990213013
423,31,216,1,0,False,921,0.2651122625215889
424,31,278,1,0,False,922,0.2654001151410478
425,31,456,1,0,False,923,0.2656879677605066
426,31,463,1,0,False,924,0.2659758203799655
427,31,467,1,0,False,925,0.2662636729994243
428,31,593,1,0,False,926,0.2665515256188831
429,31,653,1,0,False,927,0.266839378238342
430,31,661,1,0,False,928,0.2671272308578008
431,34,74,1,0,False,929,0.2674150834772596
432,34,167,1,0,False,930,0.26770293609671847
433,34,253,1,0,False,931,0.2679907887161773
434,34,416,1,0,False,932,0.26827864133563617
435,34,458,1,0,False,933,0.26856649395509496
436,34,469,1,0,False,934,0.2688543465745538
437,34,539,1,0,False,935,0.26914219919401267
438,35,693,1,0,False,936,0.2694300518134715
439,37,126,1,0,False,937,0.26971790443293037
440,37,501,1,0,False,938,0.27000575705238916
441,37,509,1,0,False,939,0.270293609671848
442,37,635,1,0,False,940,0.27058146229130686
443,38,86,1,1,False,941,0.2708693149107657
444,38,487,1,1,False,942,0.2711571675302245
445,38,501,1,0,False,943,0.27144502014968336
446,39,20,1,0,False,944,0.2717328727691422
447,39,179,1,0,False,945,0.27202072538860106
448,39,378,1,0,False,946,0.27230857800805985
449,39,591,1,0,False,947,0.2725964306275187
450,39,733,1,0,False,948,0.27288428324697755
451,40,376,1,0,False,949,0.2731721358664364
452,41,10,1,0,False,950,0.2734599884858952
453,42,23,1,0,False,951,0.27374784110535405
454,42,28,1,0,False,952,0.2740356937248129
455,42,136,1,0,False,953,0.27432354634427175
456,42,366,1,1,False,954,0.27461139896373055
457,42,550,1,1,False,955,0.2748992515831894
458,42,615,1,0,False,956,0.27518710420264825
459,42,633,1,0,False,957,0.2754749568221071
460,43,339,1,0,False,958,0.2757628094415659
461,44,481,1,0,False,959,0.27605066206102474
462,45,7,1,0,False,960,0.2763385146804836
463,45,8,1,0,False,961,0.27662636729994244
464,45,99,1,1,False,962,0.27691421991940124
465,45,162,1,2,False,963,0.2772020725388601
466,45,303,1,1,False,964,0.27748992515831894
467,45,380,1,0,False,965,0.2777777777777778
468,45,459,1,0,False,966,0.27806563039723664
469,45,539,1,0,False,967,0.27835348301669544
470,46,347,1,0,False,968,0.2786413356361543
471,47,20,1,0,False,969,0.27892918825561314
472,47,361,1,0,False,970,0.279217040875072
473,47,422,1,1,False,971,0.2795048934945308
474,48,61,1,1,False,972,0.27979274611398963
475,48,108,1,0,False,973,0.2800805987334485
476,48,151,1,0,False,974,0.28036845135290733
477,48,345,1,0,False,975,0.28065630397236613
478,48,383,1,1,False,976,0.280944156591825
479,48,497,1,0,False,977,0.28123200921128383
480,48,590,1,0,False,978,0.2815198618307427
481,48,606,1,0,False,979,0.2818077144502015
482,49,300,1,1,False,980,0.2820955670696603
483,49,673,1,0,False,981,0.2823834196891192
484,51,275,1,0,False,982,0.282671272308578
485,51,309,1,0,False,983,0.2829591249280368
486,51,365,1,0,False,984,0.28324697754749567
487,51,483,1,0,False,985,0.2835348301669545
488,51,485,1,0,False,986,0.28382268278641337
489,51,560,1,0,False,987,0.28411053540587217
490,51,695,1,0,False,988,0.284398388025331
491,52,416,1,0,False,989,0.28468624064478987
492,52,447,1,0,False,990,0.2849740932642487
493,52,503,1,0,False,991,0.28526194588370757
494,52,546,1,0,False,992,0.28554979850316636
495,53,12,1,0,False,993,0.2858376511226252
496,53,26,1,0,False,994,0.28612550374208406
497,53,107,1,0,False,995,0.2864133563615429
498,53,261,1,0,False,996,0.2867012089810017
499,53,304,1,0,False,997,0.28698906160046056
500,53,509,1,0,False,998,0.2872769142199194
501,53,635,1,0,False,999,0.28756476683937826
502,53,670,1,0,False,1000,0.28785261945883706
503,53,696,1,0,False,1001,0.2881404720782959
504,53,726,1,0,False,1002,0.28842832469775476
505,53,745,1,0,False,1003,0.2887161773172136
506,54,75,1,0,False,1004,0.2890040299366724
507,54,396,1,0,False,1005,0.28929188255613125
508,56,194,1,0,False,1006,0.2895797351755901
509,56,254,1,0,False,1007,0.28986758779504895
510,56,719,1,0,False,1008,0.29015544041450775
511,57,168,1,0,False,1009,0.2904432930339666
512,58,177,1,0,False,1010,0.29073114565342545
513,58,275,1,0,False,1011,0.2910189982728843
514,58,311,1,0,False,1012,0.2913068508923431
515,58,312,1,0,False,1013,0.29159470351180194
516,58,503,1,0,False,1014,0.2918825561312608
517,58,526,1,0,False,1015,0.29217040875071965
518,58,617,1,0,False,1016,0.2924582613701785
519,58,734,1,0,False,1017,0.2927461139896373
520,59,229,1,1,False,1018,0.29303396660909614
521,60,168,1,0,False,1019,0.293321819228555
522,60,381,1,0,False,1020,0.29360967184801384
523,60,574,1,0,False,1021,0.29389752446747264
524,60,584,1,0,False,1022,0.2941853770869315
525,61,48,1,1,False,1023,0.29447322970639034
526,61,128,1,0,False,1024,0.2947610823258492
527,61,228,1,0,False,1025,0.295048934945308
528,61,236,1,0,False,1026,0.29533678756476683
529,61,238,1,0,False,1027,0.2956246401842257
530,61,347,1,0,False,1028,0.29591249280368453
531,61,483,1,0,False,1029,0.29620034542314333
532,61,499,1,0,False,1030,0.2964881980426022
533,62,151,1,0,False,1031,0.29677605066206103
534,62,523,1,0,False,1032,0.2970639032815199
535,62,593,1,0,False,1033,0.2973517559009787
536,63,144,1,0,False,1034,0.2976396085204375
537,63,235,1,0,False,1035,0.2979274611398964
538,63,528,1,0,False,1036,0.2982153137593552
539,63,604,1,0,False,1037,0.298503166378814
540,63,676,1,0,False,1038,0.2987910189982729
541,64,52,1,0,False,1039,0.2990788716177317
542,64,129,1,0,False,1040,0.2993667242371906
543,64,271,1,0,False,1041,0.29965457685664937
544,64,497,1,0,False,1042,0.2999424294761082
545,65,112,1,0,False,1043,0.30023028209556707
546,65,387,1,0,False,1044,0.3005181347150259
547,65,433,1,0,False,1045,0.30080598733448477
548,65,437,1,0,False,1046,0.30109383995394357
549,65,655,1,0,False,1047,0.3013816925734024
550,67,10,1,0,False,1048,0.30166954519286127
551,67,480,1,0,False,1049,0.3019573978123201
552,67,584,1,0,False,1050,0.3022452504317789
553,68,350,1,0,False,1051,0.30253310305123776
554,68,472,1,1,False,1052,0.3028209556706966
555,68,489,1,0,False,1053,0.30310880829015546
556,68,496,1,0,False,1054,0.30339666090961426
557,68,626,1,0,False,1055,0.3036845135290731
558,69,13,1,0,False,1056,0.30397236614853196
559,69,141,1,1,False,1057,0.3042602187679908
560,69,196,1,3,False,1058,0.3045480713874496
561,69,252,1,0,False,1059,0.30483592400690845
562,69,317,1,0,False,1060,0.3051237766263673
563,69,418,1,0,False,1061,0.30541162924582616
564,69,452,1,0,False,1062,0.30569948186528495
565,69,585,1,0,False,1063,0.3059873344847438
566,69,593,1,0,False,1064,0.30627518710420265
567,69,704,1,0,False,1065,0.3065630397236615
568,69,725,1,0,False,1066,0.3068508923431203
569,70,24,1,0,False,1067,0.30713874496257915
570,70,232,1,0,False,1068,0.307426597582038
571,70,552,1,0,False,1069,0.30771445020149685
572,71,346,1,0,False,1070,0.3080023028209557
573,71,371,1,0,False,1071,0.3082901554404145
574,71,586,1,0,False,1072,0.30857800805987334
575,71,707,1,0,False,1073,0.3088658606793322
576,72,272,1,0,False,1074,0.30915371329879104
577,72,534,1,0,False,1075,0.30944156591824984
578,72,644,1,1,False,1076,0.3097294185377087
579,73,49,1,0,False,1077,0.31001727115716754
580,73,456,1,0,False,1078,0.3103051237766264
581,74,7,1,0,False,1079,0.3105929763960852
582,74,167,1,0,False,1080,0.31088082901554404
583,74,268,1,0,False,1081,0.3111686816350029
584,74,504,1,0,False,1082,0.31145653425446174
585,75,314,1,0,False,1083,0.31174438687392053
586,75,330,1,1,False,1084,0.3120322394933794
587,75,453,1,0,False,1085,0.31232009211283823
588,75,505,1,0,False,1086,0.3126079447322971
589,76,189,1,0,False,1087,0.3128957973517559
590,76,272,1,1,False,1088,0.31318364997121473
591,77,453,1,0,False,1089,0.3134715025906736
592,78,5,1,0,False,1090,0.31375935521013243
593,78,6,1,0,False,1091,0.3140472078295912
594,78,51,1,0,False,1092,0.3143350604490501
595,78,149,1,0,False,1093,0.3146229130685089
596,78,152,1,0,False,1094,0.3149107656879678
597,78,252,1,0,False,1095,0.31519861830742657
598,78,353,1,0,False,1096,0.3154864709268854
599,78,386,1,0,False,1097,0.31577432354634427
600,78,401,1,0,False,1098,0.3160621761658031
601,78,405,1,0,False,1099,0.31635002878526197
602,78,476,1,0,False,1100,0.31663788140472077
603,78,694,1,0,False,1101,0.3169257340241796
604,79,421,1,0,False,1102,0.31721358664363847
605,80,63,1,0,False,1103,0.3175014392630973
606,80,144,1,0,False,1104,0.3177892918825561
607,80,353,1,0,False,1105,0.31807714450201496
608,80,603,1,1,False,1106,0.3183649971214738
609,80,604,1,0,False,1107,0.31865284974093266
610,80,630,1,0,False,1108,0.31894070236039146
611,80,694,1,0,False,1109,0.3192285549798503
612,80,718,1,0,False,1110,0.31951640759930916
613,80,732,1,0,False,1111,0.319804260218768
614,81,60,1,0,False,1112,0.3200921128382268
615,81,90,1,0,False,1113,0.32037996545768566
616,81,286,1,0,False,1114,0.3206678180771445
617,81,481,1,0,False,1115,0.32095567069660336
618,82,107,1,0,False,1116,0.32124352331606215
619,82,121,1,0,False,1117,0.321531375935521
620,82,233,1,0,False,1118,0.32181922855497985
621,82,235,1,1,False,1119,0.3221070811744387
622,82,321,1,0,False,1120,0.3223949337938975
623,82,464,1,0,False,1121,0.32268278641335635
624,82,506,1,0,False,1122,0.3229706390328152
625,83,17,1,0,False,1123,0.32325849165227405
626,83,51,1,0,False,1124,0.3235463442717329
627,83,53,1,0,False,1125,0.3238341968911917
628,83,63,1,0,False,1126,0.32412204951065055
629,83,139,1,1,False,1127,0.3244099021301094
630,83,233,1,0,False,1128,0.32469775474956825
631,83,297,1,0,False,1129,0.32498560736902704
632,83,335,1,0,False,1130,0.3252734599884859
633,83,501,1,0,False,1131,0.32556131260794474
634,83,528,1,0,False,1132,0.3258491652274036
635,83,551,1,0,False,1133,0.3261370178468624
636,83,642,1,1,False,1134,0.32642487046632124
637,83,665,1,0,False,1135,0.3267127230857801
638,84,39,1,0,False,1136,0.32700057570523894
639,84,47,1,0,False,1137,0.32728842832469773
640,84,350,1,0,False,1138,0.3275762809441566
641,84,684,1,0,False,1139,0.32786413356361543
642,85,152,1,0,False,1140,0.3281519861830743
643,86,38,1,1,False,1141,0.3284398388025331
644,86,89,1,0,False,1142,0.32872769142199193
645,86,281,1,0,False,1143,0.3290155440414508
646,86,300,1,0,False,1144,0.32930339666090963
647,86,460,1,0,False,1145,0.3295912492803684
648,86,475,1,0,False,1146,0.3298791018998273
649,86,487,1,0,False,1147,0.3301669545192861
650,86,548,1,0,False,1148,0.330454807138745
651,86,599,1,0,False,1149,0.33074265975820377
652,86,671,1,0,False,1150,0.3310305123776626
653,86,691,1,0,False,1151,0.3313183649971215
654,88,495,1,0,False,1152,0.3316062176165803
655,88,536,1,2,False,1153,0.3318940702360392
656,88,538,1,0,False,1154,0.33218192285549797
657,88,606,1,0,False,1155,0.3324697754749568
658,88,703,1,0,False,1156,0.33275762809441567
659,89,361,1,0,False,1157,0.3330454807138745
660,90,636,1,0,False,1158,0.3333333333333333
661,91,21,1,1,False,1159,0.33362118595279217
662,91,239,1,0,False,1160,0.333909038572251
663,91,304,1,0,False,1161,0.33419689119170987
664,91,386,1,0,False,1162,0.33448474381116866
665,91,403,1,0,False,1163,0.3347725964306275
666,91,601,1,2,False,1164,0.33506044905008636
667,91,603,1,4,False,1165,0.3353483016695452
668,91,604,1,3,False,1166,0.335636154289004
669,92,152,1,0,False,1167,0.33592400690846286
670,92,326,1,0,False,1168,0.3362118595279217
671,93,688,1,0,False,1169,0.33649971214738056
672,93,747,1,0,False,1170,0.33678756476683935
673,94,102,1,0,False,1171,0.3370754173862982
674,94,111,1,0,False,1172,0.33736327000575705
675,95,426,1,0,False,1173,0.3376511226252159
676,95,640,1,1,False,1174,0.3379389752446747
677,96,437,1,0,False,1175,0.33822682786413355
678,97,143,1,0,False,1176,0.3385146804835924
679,97,416,1,1,False,1177,0.33880253310305125
680,97,641,1,0,False,1178,0.3390903857225101
681,98,387,1,0,False,1179,0.3393782383419689
682,99,45,1,1,False,1180,0.33966609096142775
683,99,268,1,0,False,1181,0.3399539435808866
684,99,619,1,0,False,1182,0.34024179620034545
685,100,67,1,0,False,1183,0.34052964881980424
686,100,241,1,0,False,1184,0.3408175014392631
687,100,667,1,0,False,1185,0.34110535405872194
688,101,10,1,0,False,1186,0.3413932066781808
689,101,205,1,0,False,1187,0.3416810592976396
690,101,417,1,0,False,1188,0.34196891191709844
691,101,583,1,0,False,1189,0.3422567645365573
692,101,680,1,0,False,1190,0.34254461715601614
693,101,720,1,0,False,1191,0.34283246977547494
694,102,444,1,0,False,1192,0.3431203223949338
695,102,666,1,0,False,1193,0.34340817501439264
696,103,378,1,0,False,1194,0.3436960276338515
697,104,446,1,0,False,1195,0.3439838802533103
698,105,92,1,0,False,1196,0.34427173287276913
699,105,273,1,0,False,1197,0.344559585492228
700,106,51,1,0,False,1198,0.34484743811168683
701,106,117,1,0,False,1199,0.3451352907311456
702,106,187,1,0,False,1200,0.3454231433506045
703,106,402,1,0,False,1201,0.34571099597006333
704,106,616,1,0,False,1202,0.3459988485895222
705,106,627,1,0,False,1203,0.34628670120898103
706,106,639,1,0,False,1204,0.3465745538284398
707,106,670,1,0,False,1205,0.3468624064478987
708,106,734,1,0,False,1206,0.3471502590673575
709,107,732,1,0,False,1207,0.3474381116868164
710,108,566,1,0,False,1208,0.34772596430627517
711,109,113,1,0,False,1209,0.348013816925734
712,109,283,1,0,False,1210,0.34830166954519287
713,110,81,1,0,False,1211,0.3485895221646517
714,110,113,1,0,False,1212,0.3488773747841105
715,110,381,1,0,False,1213,0.34916522740356937
716,111,81,1,0,False,1214,0.3494530800230282
717,111,307,1,1,False,1215,0.34974093264248707
718,111,350,1,0,False,1216,0.35002878526194586
719,111,359,1,1,False,1217,0.3503166378814047
720,111,419,1,0,False,1218,0.35060449050086356
721,111,468,1,0,False,1219,0.3508923431203224
722,111,532,1,0,False,1220,0.3511801957397812
723,111,567,1,0,False,1221,0.35146804835924006
724,111,666,1,0,False,1222,0.3517559009786989
725,111,688,1,0,False,1223,0.35204375359815776
726,112,29,1,1,False,1224,0.35233160621761656
727,112,292,1,0,False,1225,0.3526194588370754
728,112,295,1,0,False,1226,0.35290731145653426
729,112,427,1,0,False,1227,0.3531951640759931
730,112,431,1,0,False,1228,0.3534830166954519
731,114,339,1,0,False,1229,0.35377086931491075
732,114,426,1,0,False,1230,0.3540587219343696
733,115,476,1,0,False,1231,0.35434657455382845
734,115,730,1,0,False,1232,0.3546344271732873
735,116,255,1,0,False,1233,0.3549222797927461
736,116,361,1,0,False,1234,0.35521013241220495
737,116,370,1,0,False,1235,0.3554979850316638
738,116,484,1,0,False,1236,0.35578583765112265
739,116,537,1,0,False,1237,0.35607369027058144
740,116,688,1,0,False,1238,0.3563615428900403
741,117,85,1,0,False,1239,0.35664939550949915
742,117,353,1,0,False,1240,0.356937248128958
743,117,506,1,0,False,1241,0.3572251007484168
744,117,625,1,0,False,1242,0.35751295336787564
745,118,34,1,0,False,1243,0.3578008059873345
746,118,39,1,0,False,1244,0.35808865860679334
747,121,117,1,0,False,1245,0.35837651122625214
748,121,149,1,0,False,1246,0.358664363845711
749,121,206,1,0,False,1247,0.35895221646516984
750,122,611,1,0,False,1248,0.3592400690846287
751,123,604,1,0,False,1249,0.3595279217040875
752,124,376,1,0,False,1250,0.35981577432354633
753,124,563,1,0,False,1251,0.3601036269430052
754,125,525,1,0,False,1252,0.36039147956246403
755,125,704,1,0,False,1253,0.36067933218192283
756,126,280,1,0,False,1254,0.3609671848013817
757,126,318,1,0,False,1255,0.36125503742084053
758,126,336,1,0,False,1256,0.3615428900402994
759,126,378,1,0,False,1257,0.36183074265975823
760,126,403,1,0,False,1258,0.362118595279217
761,126,426,1,0,False,1259,0.3624064478986759
762,126,543,1,0,False,1260,0.3626943005181347
763,126,720,1,0,False,1261,0.3629821531375936
764,127,473,1,0,False,1262,0.36327000575705237
765,127,525,1,0,False,1263,0.3635578583765112
766,127,678,1,0,False,1264,0.3638457109959701
767,128,20,1,0,False,1265,0.3641335636154289
768,128,255,1,0,False,1266,0.3644214162348877
769,128,385,1,1,False,1267,0.36470926885434657
770,128,684,1,0,False,1268,0.3649971214738054
771,129,514,1,0,False,1269,0.36528497409326427
772,130,6,1,0,False,1270,0.36557282671272306
773,130,218,1,2,False,1271,0.3658606793321819
774,130,431,1,0,False,1272,0.36614853195164077
775,130,582,1,0,False,1273,0.3664363845710996
776,130,714,1,0,False,1274,0.3667242371905584
777,131,31,1,0,False,1275,0.36701208981001726
778,131,488,1,0,False,1276,0.3672999424294761
779,131,525,1,0,False,1277,0.36758779504893496
780,132,679,1,1,False,1278,0.36787564766839376
781,132,695,1,0,False,1279,0.3681635002878526
782,132,706,1,0,False,1280,0.36845135290731146
783,133,453,1,0,False,1281,0.3687392055267703
784,133,726,1,0,False,1282,0.3690270581462291
785,134,75,1,0,False,1283,0.36931491076568795
786,134,106,1,0,False,1284,0.3696027633851468
787,134,237,1,0,False,1285,0.36989061600460565
788,134,362,1,0,False,1286,0.3701784686240645
789,134,462,1,0,False,1287,0.3704663212435233
790,134,722,1,0,False,1288,0.37075417386298215
791,135,280,1,0,False,1289,0.371042026482441
792,135,435,1,0,False,1290,0.37132987910189985
793,135,507,1,0,False,1291,0.37161773172135865
794,135,655,1,0,False,1292,0.3719055843408175
795,135,724,1,0,False,1293,0.37219343696027635
796,136,409,1,0,False,1294,0.3724812895797352
797,136,464,1,0,False,1295,0.372769142199194
798,136,530,1,0,False,1296,0.37305699481865284
799,136,588,1,0,False,1297,0.3733448474381117
800,138,384,1,0,False,1298,0.37363270005757054
801,138,495,1,1,False,1299,0.37392055267702934
802,139,6,1,0,False,1300,0.3742084052964882
803,139,80,1,0,False,1301,0.37449625791594704
804,139,83,1,1,False,1302,0.3747841105354059
805,139,323,1,0,False,1303,0.3750719631548647
806,139,487,1,0,False,1304,0.37535981577432354
807,140,2,1,0,False,1305,0.3756476683937824
808,140,451,1,1,False,1306,0.37593552101324124
809,140,675,1,0,False,1307,0.37622337363270003
810,141,69,1,1,False,1308,0.3765112262521589
811,141,100,1,0,False,1309,0.37679907887161773
812,141,265,1,1,False,1310,0.3770869314910766
813,141,378,1,0,False,1311,0.37737478411053543
814,141,383,1,0,False,1312,0.3776626367299942
815,141,429,1,0,False,1313,0.3779504893494531
816,141,528,1,0,False,1314,0.37823834196891193
817,141,682,1,0,False,1315,0.3785261945883708
818,141,695,1,0,False,1316,0.3788140472078296
819,142,275,1,1,False,1317,0.3791018998272884
820,142,478,1,0,False,1318,0.3793897524467473
821,142,483,1,0,False,1319,0.3796776050662061
822,142,497,1,0,False,1320,0.3799654576856649
823,143,620,1,0,False,1321,0.38025331030512377
824,143,677,1,0,False,1322,0.3805411629245826
825,144,21,1,0,False,1323,0.38082901554404147
826,144,172,1,0,False,1324,0.38111686816350027
827,144,304,1,0,False,1325,0.3814047207829591
828,144,386,1,0,False,1326,0.38169257340241797
829,144,480,1,0,False,1327,0.3819804260218768
830,144,482,1,2,False,1328,0.3822682786413356
831,144,561,1,0,False,1329,0.38255613126079446
832,144,642,1,0,False,1330,0.3828439838802533
833,145,62,1,0,False,1331,0.38313183649971216
834,145,97,1,0,False,1332,0.38341968911917096
835,145,142,1,0,False,1333,0.3837075417386298
836,145,249,1,0,False,1334,0.38399539435808866
837,145,456,1,1,False,1335,0.3842832469775475
838,145,720,1,0,False,1336,0.3845710995970063
839,146,350,1,0,False,1337,0.38485895221646516
840,146,636,1,0,False,1338,0.385146804835924
841,147,71,1,0,False,1339,0.38543465745538286
842,147,579,1,0,False,1340,0.3857225100748417
843,147,699,1,0,False,1341,0.3860103626943005
844,148,101,1,0,False,1342,0.38629821531375935
845,148,360,1,0,False,1343,0.3865860679332182
846,148,673,1,0,False,1344,0.38687392055267705
847,149,63,1,0,False,1345,0.38716177317213585
848,149,144,1,0,False,1346,0.3874496257915947
849,149,313,1,0,False,1347,0.38773747841105355
850,149,372,1,0,False,1348,0.3880253310305124
851,149,464,1,0,False,1349,0.3883131836499712
852,149,694,1,0,False,1350,0.38860103626943004
853,150,257,1,0,False,1351,0.3888888888888889
854,151,123,1,0,False,1352,0.38917674150834775
855,151,339,1,0,False,1353,0.38946459412780654
856,151,419,1,0,False,1354,0.3897524467472654
857,152,4,1,0,False,1355,0.39004029936672424
858,152,387,1,0,False,1356,0.3903281519861831
859,152,587,1,0,False,1357,0.3906160046056419
860,152,707,1,0,False,1358,0.39090385722510074
861,152,749,1,0,False,1359,0.3911917098445596
862,153,495,1,1,False,1360,0.39147956246401844
863,153,620,1,0,False,1361,0.39176741508347723
864,154,298,1,0,False,1362,0.3920552677029361
865,155,105,1,0,False,1363,0.39234312032239493
866,155,219,1,0,False,1364,0.3926309729418538
867,155,635,1,0,False,1365,0.39291882556131263
868,156,30,1,0,False,1366,0.39320667818077143
869,156,207,1,0,False,1367,0.3934945308002303
870,157,87,1,0,False,1368,0.39378238341968913
871,157,256,1,0,False,1369,0.394070236039148
872,157,467,1,0,False,1370,0.3943580886586068
873,157,720,1,0,False,1371,0.3946459412780656
874,158,19,1,0,False,1372,0.3949337938975245
875,158,256,1,0,False,1373,0.3952216465169833
876,158,317,1,0,False,1374,0.3955094991364421
877,158,327,1,0,False,1375,0.395797351755901
878,158,411,1,0,False,1376,0.3960852043753598
879,158,490,1,0,False,1377,0.3963730569948187
880,158,707,1,0,False,1378,0.39666090961427747
881,158,728,1,0,False,1379,0.3969487622337363
882,160,168,1,0,False,1380,0.39723661485319517
883,161,157,1,0,False,1381,0.397524467472654
884,162,43,1,0,False,1382,0.3978123200921128
885,162,63,1,0,False,1383,0.39810017271157166
886,162,167,1,0,False,1384,0.3983880253310305
887,162,329,1,0,False,1385,0.39867587795048937
888,162,458,1,0,False,1386,0.39896373056994816
889,162,504,1,0,False,1387,0.399251583189407
890,162,738,1,0,False,1388,0.39953943580886586
891,163,383,1,0,False,1389,0.3998272884283247
892,163,679,1,0,False,1390,0.40011514104778356
893,163,730,1,0,False,1391,0.40040299366724236
894,164,231,1,0,False,1392,0.4006908462867012
895,164,359,1,0,False,1393,0.40097869890616006
896,164,395,1,0,False,1394,0.4012665515256189
897,164,486,1,0,False,1395,0.4015544041450777
898,164,711,1,0,False,1396,0.40184225676453655
899,165,555,1,0,False,1397,0.4021301093839954
900,166,18,1,0,False,1398,0.40241796200345425
901,166,104,1,2,False,1399,0.40270581462291305
902,166,684,1,0,False,1400,0.4029936672423719
903,166,713,1,0,False,1401,0.40328151986183075
904,167,53,1,0,False,1402,0.4035693724812896
905,167,350,1,0,False,1403,0.4038572251007484
906,167,459,1,0,False,1404,0.40414507772020725
907,167,469,1,2,False,1405,0.4044329303396661
908,167,485,1,0,False,1406,0.40472078295912495
909,168,22,1,0,False,1407,0.40500863557858374
910,168,102,1,0,False,1408,0.4052964881980426
911,168,194,1,1,False,1409,0.40558434081750144
912,168,242,1,0,False,1410,0.4058721934369603
913,168,350,1,0,False,1411,0.4061600460564191
914,168,563,1,0,False,1412,0.40644789867587794
915,168,634,1,0,False,1413,0.4067357512953368
916,168,643,1,0,False,1414,0.40702360391479564
917,168,666,1,0,False,1415,0.40731145653425443
918,169,391,1,0,False,1416,0.4075993091537133
919,170,395,1,0,False,1417,0.40788716177317214
920,171,144,1,0,False,1418,0.408175014392631
921,171,172,1,0,False,1419,0.40846286701208984
922,171,482,1,0,False,1420,0.40875071963154863
923,171,603,1,2,False,1421,0.4090385722510075
924,171,604,1,0,False,1422,0.40932642487046633
925,172,87,1,0,False,1423,0.4096142774899252
926,172,304,1,0,False,1424,0.409902130109384
927,172,358,1,0,False,1425,0.41018998272884283
928,172,389,1,0,False,1426,0.4104778353483017
929,174,508,1,0,False,1427,0.41076568796776053
930,174,526,1,0,False,1428,0.4110535405872193
931,174,614,1,1,False,1429,0.4113413932066782
932,174,694,1,0,False,1430,0.411629245826137
933,174,717,1,0,False,1431,0.4119170984455959
934,175,254,1,0,False,1432,0.41220495106505467
935,175,262,1,0,False,1433,0.4124928036845135
936,175,285,1,0,False,1434,0.41278065630397237
937,176,98,1,0,False,1435,0.4130685089234312
938,177,141,1,0,False,1436,0.41335636154289
939,177,153,1,0,False,1437,0.41364421416234887
940,177,221,1,0,False,1438,0.4139320667818077
941,177,532,1,0,False,1439,0.41421991940126657
942,177,587,1,2,False,1440,0.41450777202072536
943,178,123,1,0,False,1441,0.4147956246401842
944,178,328,1,0,False,1442,0.41508347725964306
945,178,464,1,0,False,1443,0.4153713298791019
946,179,12,1,0,False,1444,0.41565918249856076
947,179,116,1,0,False,1445,0.41594703511801956
948,179,260,1,0,False,1446,0.4162348877374784
949,179,409,1,0,False,1447,0.41652274035693726
950,179,610,1,0,False,1448,0.4168105929763961
951,180,177,1,0,False,1449,0.4170984455958549
952,180,278,1,0,False,1450,0.41738629821531376
953,181,101,1,0,False,1451,0.4176741508347726
954,181,249,1,0,False,1452,0.41796200345423146
955,181,453,1,0,False,1453,0.41824985607369025
956,181,565,1,0,False,1454,0.4185377086931491
957,181,613,1,0,False,1455,0.41882556131260795
958,181,734,1,0,False,1456,0.4191134139320668
959,182,429,1,1,False,1457,0.4194012665515256
960,182,438,1,0,False,1458,0.41968911917098445
961,182,695,1,0,False,1459,0.4199769717904433
962,182,749,1,0,False,1460,0.42026482440990215
963,183,464,1,0,False,1461,0.42055267702936094
964,184,681,1,2,False,1462,0.4208405296488198
965,184,730,1,3,False,1463,0.42112838226827864
966,185,648,1,0,False,1464,0.4214162348877375
967,185,715,1,0,False,1465,0.4217040875071963
968,186,183,1,0,False,1466,0.42199194012665514
969,186,245,1,0,False,1467,0.422279792746114
970,186,450,1,0,False,1468,0.42256764536557284
971,186,749,1,0,False,1469,0.42285549798503164
972,187,61,1,0,False,1470,0.4231433506044905
973,187,88,1,0,False,1471,0.42343120322394934
974,187,143,1,0,False,1472,0.4237190558434082
975,187,284,1,0,False,1473,0.42400690846286704
976,187,305,1,0,False,1474,0.42429476108232583
977,187,326,1,0,False,1475,0.4245826137017847
978,187,364,1,0,False,1476,0.42487046632124353
979,187,438,1,0,False,1477,0.4251583189407024
980,187,549,1,0,False,1478,0.4254461715601612
981,187,621,1,0,False,1479,0.42573402417962003
982,187,678,1,0,False,1480,0.4260218767990789
983,188,432,1,0,False,1481,0.42630972941853773
984,188,564,1,0,False,1482,0.4265975820379965
985,188,682,1,0,False,1483,0.4268854346574554
986,188,714,1,0,False,1484,0.4271732872769142
987,189,295,1,0,False,1485,0.4274611398963731
988,189,424,1,0,False,1486,0.42774899251583187
989,189,534,1,0,False,1487,0.4280368451352907
990,190,398,1,0,False,1488,0.4283246977547496
991,191,86,1,0,False,1489,0.4286125503742084
992,191,174,1,0,False,1490,0.4289004029936672
993,191,394,1,0,False,1491,0.42918825561312607
994,191,432,1,0,False,1492,0.4294761082325849
995,191,544,1,1,False,1493,0.42976396085204377
996,191,599,1,0,False,1494,0.43005181347150256
997,192,476,1,0,False,1495,0.4303396660909614
998,194,168,1,1,False,1496,0.43062751871042027
999,194,391,1,0,False,1497,0.4309153713298791
1000,194,626,1,0,False,1498,0.43120322394933797
1001,194,688,1,0,False,1499,0.43149107656879676
1002,195,455,1,0,False,1500,0.4317789291882556
1003,195,666,1,0,False,1501,0.43206678180771446
1004,196,86,1,0,False,1502,0.4323546344271733
1005,196,127,1,0,False,1503,0.4326424870466321
1006,196,182,1,0,False,1504,0.43293033966609096
1007,196,221,1,0,False,1505,0.4332181922855498
1008,196,246,1,5,False,1506,0.43350604490500866
1009,196,284,1,0,False,1507,0.43379389752446745
1010,196,331,1,0,False,1508,0.4340817501439263
1011,196,383,1,0,False,1509,0.43436960276338515
1012,196,414,1,0,False,1510,0.434657455382844
1013,196,460,1,0,False,1511,0.4349453080023028
1014,196,497,1,0,False,1512,0.43523316062176165
1015,196,522,1,3,False,1513,0.4355210132412205
1016,196,620,1,0,False,1514,0.43580886586067935
1017,196,656,1,0,False,1515,0.43609671848013815
1018,196,668,1,0,False,1516,0.436384571099597
1019,196,708,1,1,False,1517,0.43667242371905585
1020,196,730,1,2,False,1518,0.4369602763385147
1021,196,735,1,1,False,1519,0.4372481289579735
1022,197,265,1,0,False,1520,0.43753598157743234
1023,197,383,1,0,False,1521,0.4378238341968912
1024,197,430,1,0,False,1522,0.43811168681635004
1025,197,483,1,0,False,1523,0.43839953943580884
1026,197,678,1,0,False,1524,0.4386873920552677
1027,199,39,1,0,False,1525,0.43897524467472654
1028,199,609,1,0,False,1526,0.4392630972941854
1029,200,137,1,0,False,1527,0.43955094991364424
1030,200,496,1,1,False,1528,0.43983880253310303
1031,201,217,1,0,False,1529,0.4401266551525619
1032,201,360,1,0,False,1530,0.44041450777202074
1033,201,542,1,0,False,1531,0.4407023603914796
1034,202,270,1,0,False,1532,0.4409902130109384
1035,202,453,1,0,False,1533,0.44127806563039723
1036,202,537,1,1,False,1534,0.4415659182498561
1037,203,42,1,0,False,1535,0.44185377086931493
1038,203,126,1,0,False,1536,0.4421416234887737
1039,203,202,1,0,False,1537,0.4424294761082326
1040,203,220,1,0,False,1538,0.44271732872769143
1041,203,264,1,1,False,1539,0.4430051813471503
1042,203,297,1,1,False,1540,0.4432930339666091
1043,203,516,1,0,False,1541,0.4435808865860679
1044,204,72,1,0,False,1542,0.4438687392055268
1045,204,98,1,0,False,1543,0.4441565918249856
1046,204,189,1,2,False,1544,0.4444444444444444
1047,204,254,1,0,False,1545,0.44473229706390327
1048,204,644,1,0,False,1546,0.4450201496833621
1049,205,157,1,0,False,1547,0.44530800230282097
1050,205,501,1,0,False,1548,0.44559585492227977
1051,205,599,1,0,False,1549,0.4458837075417386
1052,205,621,1,0,False,1550,0.44617156016119747
1053,205,733,1,0,False,1551,0.4464594127806563
1054,206,673,1,0,False,1552,0.44674726540011517
1055,207,575,1,0,False,1553,0.44703511801957396
1056,208,428,1,0,False,1554,0.4473229706390328
1057,208,714,1,0,False,1555,0.44761082325849166
1058,210,152,1,0,False,1556,0.4478986758779505
1059,210,489,1,0,False,1557,0.4481865284974093
1060,211,389,1,0,False,1558,0.44847438111686816
1061,211,454,1,0,False,1559,0.448762233736327
1062,211,479,1,0,False,1560,0.44905008635578586
1063,211,635,1,0,False,1561,0.44933793897524466
1064,212,667,1,0,False,1562,0.4496257915947035
1065,213,14,1,0,False,1563,0.44991364421416236
1066,213,345,1,0,False,1564,0.4502014968336212
1067,213,525,1,0,False,1565,0.45048934945308
1068,213,598,1,0,False,1566,0.45077720207253885
1069,214,175,1,0,False,1567,0.4510650546919977
1070,214,254,1,0,False,1568,0.45135290731145655
1071,214,319,1,1,False,1569,0.45164075993091535
1072,215,399,1,1,False,1570,0.4519286125503742
1073,215,563,1,0,False,1571,0.45221646516983305
1074,216,92,1,0,False,1572,0.4525043177892919
1075,216,163,1,0,False,1573,0.4527921704087507
1076,216,187,1,0,False,1574,0.45308002302820954
1077,216,326,1,0,False,1575,0.4533678756476684
1078,216,557,1,0,False,1576,0.45365572826712725
1079,216,660,1,0,False,1577,0.4539435808865861
1080,216,707,1,0,False,1578,0.4542314335060449
1081,217,89,1,0,False,1579,0.45451928612550374
1082,217,266,1,0,False,1580,0.4548071387449626
1083,217,733,1,0,False,1581,0.45509499136442144
1084,218,188,1,0,False,1582,0.45538284398388024
1085,218,335,1,0,False,1583,0.4556706966033391
1086,218,514,1,0,False,1584,0.45595854922279794
1087,218,545,1,0,False,1585,0.4562464018422568
1088,218,648,1,3,False,1586,0.4565342544617156
1089,219,27,1,0,False,1587,0.45682210708117443
1090,219,316,1,0,False,1588,0.4571099597006333
1091,219,369,1,0,False,1589,0.45739781232009213
1092,219,560,1,0,False,1590,0.45768566493955093
1093,219,635,1,1,False,1591,0.4579735175590098
1094,220,25,1,0,False,1592,0.45826137017846863
1095,220,116,1,0,False,1593,0.4585492227979275
1096,220,202,1,0,False,1594,0.4588370754173863
1097,220,440,1,0,False,1595,0.4591249280368451
1098,220,470,1,0,False,1596,0.459412780656304
1099,220,550,1,0,False,1597,0.4597006332757628
1100,220,554,1,0,False,1598,0.4599884858952216
1101,220,610,1,0,False,1599,0.46027633851468047
1102,221,61,1,0,False,1600,0.4605641911341393
1103,221,106,1,0,False,1601,0.4608520437535982
1104,221,274,1,0,False,1602,0.46113989637305697
1105,221,362,1,0,False,1603,0.4614277489925158
1106,221,405,1,0,False,1604,0.46171560161197467
1107,223,496,1,0,False,1605,0.4620034542314335
1108,224,229,1,0,False,1606,0.46229130685089237
1109,224,258,1,0,False,1607,0.46257915947035116
1110,224,637,1,0,False,1608,0.46286701208981
1111,225,205,1,0,False,1609,0.46315486470926887
1112,225,343,1,0,False,1610,0.4634427173287277
1113,225,451,1,0,False,1611,0.4637305699481865
1114,225,613,1,0,False,1612,0.46401842256764536
1115,225,665,1,0,False,1613,0.4643062751871042
1116,225,734,1,1,False,1614,0.46459412780656306
1117,226,365,1,0,False,1615,0.46488198042602186
1118,226,707,1,0,False,1616,0.4651698330454807
1119,226,722,1,0,False,1617,0.46545768566493956
1120,228,37,1,0,False,1618,0.4657455382843984
1121,228,466,1,0,False,1619,0.4660333909038572
1122,228,636,1,0,False,1620,0.46632124352331605
1123,229,23,1,0,False,1621,0.4666090961427749
1124,229,59,1,1,False,1622,0.46689694876223375
1125,230,106,1,0,False,1623,0.46718480138169255
1126,230,531,1,0,False,1624,0.4674726540011514
1127,231,359,1,0,False,1625,0.46776050662061025
1128,231,547,1,0,False,1626,0.4680483592400691
1129,232,48,1,0,False,1627,0.4683362118595279
1130,232,55,1,0,False,1628,0.46862406447898675
1131,232,63,1,0,False,1629,0.4689119170984456
1132,232,98,1,0,False,1630,0.46919976971790445
1133,232,101,1,0,False,1631,0.4694876223373633
1134,232,126,1,0,False,1632,0.4697754749568221
1135,232,129,1,0,False,1633,0.47006332757628094
1136,232,310,1,0,False,1634,0.4703511801957398
1137,232,383,1,0,False,1635,0.47063903281519864
1138,232,410,1,0,False,1636,0.47092688543465744
1139,232,416,1,0,False,1637,0.4712147380541163
1140,232,566,1,0,False,1638,0.47150259067357514
1141,232,606,1,0,False,1639,0.471790443293034
1142,233,53,1,0,False,1640,0.4720782959124928
1143,233,276,1,0,False,1641,0.47236614853195164
1144,233,389,1,0,False,1642,0.4726540011514105
1145,233,426,1,0,False,1643,0.47294185377086934
1146,233,500,1,1,False,1644,0.47322970639032813
1147,233,597,1,0,False,1645,0.473517559009787
1148,234,539,1,0,False,1646,0.47380541162924583
1149,235,6,1,0,False,1647,0.4740932642487047
1150,235,82,1,1,False,1648,0.4743811168681635
1151,235,149,1,0,False,1649,0.4746689694876223
1152,235,589,1,0,False,1650,0.4749568221070812
1153,235,616,1,0,False,1651,0.47524467472654003
1154,235,653,1,0,False,1652,0.4755325273459988
1155,236,131,1,0,False,1653,0.4758203799654577
1156,236,155,1,0,False,1654,0.4761082325849165
1157,236,212,1,0,False,1655,0.4763960852043754
1158,236,219,1,0,False,1656,0.47668393782383417
1159,236,349,1,1,False,1657,0.476971790443293
1160,236,483,1,0,False,1658,0.47725964306275187
1161,236,487,1,0,False,1659,0.4775474956822107
1162,236,558,1,0,False,1660,0.47783534830166957
1163,236,592,1,0,False,1661,0.47812320092112837
1164,236,606,1,1,False,1662,0.4784110535405872
1165,236,632,1,0,False,1663,0.47869890616004607
1166,236,696,1,0,False,1664,0.4789867587795049
1167,237,577,1,0,False,1665,0.4792746113989637
1168,237,599,1,0,False,1666,0.47956246401842256
1169,237,681,1,0,False,1667,0.4798503166378814
1170,237,729,1,0,False,1668,0.48013816925734026
1171,238,69,1,0,False,1669,0.48042602187679906
1172,238,82,1,0,False,1670,0.4807138744962579
1173,238,117,1,0,False,1671,0.48100172711571676
1174,238,121,1,0,False,1672,0.4812895797351756
1175,238,313,1,1,False,1673,0.4815774323546344
1176,238,528,1,0,False,1674,0.48186528497409326
1177,239,17,1,0,False,1675,0.4821531375935521
1178,239,26,1,1,False,1676,0.48244099021301096
1179,239,144,1,0,False,1677,0.48272884283246975
1180,239,335,1,0,False,1678,0.4830166954519286
1181,239,482,1,0,False,1679,0.48330454807138745
1182,241,67,1,0,False,1680,0.4835924006908463
1183,241,86,1,0,False,1681,0.4838802533103051
1184,241,378,1,0,False,1682,0.48416810592976395
1185,241,689,1,0,False,1683,0.4844559585492228
1186,242,22,1,2,False,1684,0.48474381116868165
1187,242,643,1,0,False,1685,0.4850316637881405
1188,243,16,1,1,False,1686,0.4853195164075993
1189,243,412,1,0,False,1687,0.48560736902705814
1190,243,459,1,0,False,1688,0.485895221646517
1191,243,469,1,0,False,1689,0.48618307426597585
1192,243,539,1,0,False,1690,0.48647092688543464
1193,243,580,1,0,False,1691,0.4867587795048935
1194,244,339,1,0,False,1692,0.48704663212435234
1195,244,411,1,1,False,1693,0.4873344847438112
1196,245,347,1,0,False,1694,0.48762233736327
1197,245,362,1,0,False,1695,0.48791018998272884
1198,245,592,1,0,False,1696,0.4881980426021877
1199,245,632,1,0,False,1697,0.48848589522164654
1200,246,48,1,0,False,1698,0.48877374784110533
1201,246,155,1,0,False,1699,0.4890616004605642
1202,246,165,1,0,False,1700,0.48934945308002303
1203,246,326,1,0,False,1701,0.4896373056994819
1204,246,522,1,1,False,1702,0.4899251583189407
1205,246,555,1,0,False,1703,0.49021301093839953
1206,246,556,1,0,False,1704,0.4905008635578584
1207,246,690,1,0,False,1705,0.49078871617731723
1208,247,260,1,0,False,1706,0.491076568796776
1209,247,610,1,0,False,1707,0.4913644214162349
1210,248,311,1,0,False,1708,0.4916522740356937
1211,249,106,1,0,False,1709,0.4919401266551526
1212,249,722,1,0,False,1710,0.49222797927461137
1213,250,159,1,0,False,1711,0.4925158318940702
1214,252,13,1,0,False,1712,0.49280368451352907
1215,252,441,1,0,False,1713,0.4930915371329879
1216,252,587,1,0,False,1714,0.4933793897524468
1217,252,635,1,0,False,1715,0.49366724237190557
1218,253,151,1,0,False,1716,0.4939550949913644
1219,253,504,1,0,False,1717,0.49424294761082327
1220,253,700,1,0,False,1718,0.4945308002302821
1221,254,35,1,0,False,1719,0.4948186528497409
1222,254,515,1,0,False,1720,0.49510650546919976
1223,254,550,1,0,False,1721,0.4953943580886586
1224,254,581,1,0,False,1722,0.49568221070811747
1225,255,25,1,0,False,1723,0.49597006332757626
1226,255,637,1,0,False,1724,0.4962579159470351
1227,256,101,1,0,False,1725,0.49654576856649396
1228,257,351,1,0,False,1726,0.4968336211859528
1229,257,496,1,0,False,1727,0.4971214738054116
1230,257,639,1,0,False,1728,0.49740932642487046
1231,258,299,1,0,False,1729,0.4976971790443293
1232,258,530,1,0,False,1730,0.49798503166378816
1233,258,647,1,1,False,1731,0.49827288428324695
1234,259,432,1,0,False,1732,0.4985607369027058
1235,259,549,1,0,False,1733,0.49884858952216465
1236,259,599,1,0,False,1734,0.4991364421416235
1237,259,729,1,0,False,1735,0.4994242947610823
1238,260,116,1,0,False,1736,0.49971214738054115
1239,260,370,1,0,False,1737,0.5
1240,262,18,1,3,False,1738,0.5002878526194589
1241,262,39,1,0,False,1739,0.5005757052389177
1242,262,118,1,0,False,1740,0.5008635578583766
1243,262,152,1,0,False,1741,0.5011514104778354
1244,263,530,1,0,False,1742,0.5014392630972941
1245,264,28,1,0,False,1743,0.501727115716753
1246,264,202,1,0,False,1744,0.5020149683362118
1247,264,203,1,1,False,1745,0.5023028209556707
1248,264,336,1,0,False,1746,0.5025906735751295
1249,264,446,1,3,False,1747,0.5028785261945884
1250,265,61,1,0,False,1748,0.5031663788140472
1251,265,64,1,0,False,1749,0.5034542314335061
1252,265,141,1,1,False,1750,0.5037420840529648
1253,265,216,1,0,False,1751,0.5040299366724237
1254,265,284,1,0,False,1752,0.5043177892918825
1255,265,346,1,0,False,1753,0.5046056419113414
1256,265,438,1,0,False,1754,0.5048934945308002
1257,265,488,1,0,False,1755,0.5051813471502591
1258,265,670,1,0,False,1756,0.5054691997697179
1259,265,749,1,0,False,1757,0.5057570523891768
1260,266,310,1,0,False,1758,0.5060449050086355
1261,266,447,1,0,False,1759,0.5063327576280944
1262,266,579,1,0,False,1760,0.5066206102475532
1263,267,378,1,0,False,1761,0.5069084628670121
1264,267,382,1,0,False,1762,0.5071963154864709
1265,268,243,1,0,False,1763,0.5074841681059298
1266,268,442,1,0,False,1764,0.5077720207253886
1267,268,458,1,0,False,1765,0.5080598733448475
1268,268,539,1,0,False,1766,0.5083477259643063
1269,269,49,1,0,False,1767,0.5086355785837651
1270,270,116,1,0,False,1768,0.5089234312032239
1271,270,370,1,0,False,1769,0.5092112838226828
1272,270,610,1,0,False,1770,0.5094991364421416
1273,271,203,1,0,False,1771,0.5097869890616005
1274,272,76,1,1,False,1772,0.5100748416810593
1275,272,143,1,0,False,1773,0.5103626943005182
1276,272,250,1,0,False,1774,0.510650546919977
1277,273,577,1,0,False,1775,0.5109383995394358
1278,273,657,1,0,False,1776,0.5112262521588946
1279,273,740,1,0,False,1777,0.5115141047783535
1280,274,55,1,0,False,1778,0.5118019573978123
1281,274,181,1,0,False,1779,0.5120898100172712
1282,274,475,1,0,False,1780,0.51237766263673
1283,274,573,1,0,False,1781,0.5126655152561889
1284,274,574,1,0,False,1782,0.5129533678756477
1285,275,142,1,1,False,1783,0.5132412204951065
1286,275,432,1,0,False,1784,0.5135290731145653
1287,275,677,1,0,False,1785,0.5138169257340242
1288,275,690,1,0,False,1786,0.514104778353483
1289,276,498,1,0,False,1787,0.5143926309729419
1290,277,444,1,0,False,1788,0.5146804835924007
1291,278,330,1,0,False,1789,0.5149683362118596
1292,278,347,1,0,False,1790,0.5152561888313184
1293,278,584,1,0,False,1791,0.5155440414507773
1294,279,86,1,0,False,1792,0.515831894070236
1295,279,374,1,0,False,1793,0.5161197466896948
1296,280,277,1,0,False,1794,0.5164075993091537
1297,280,512,1,0,False,1795,0.5166954519286125
1298,281,526,1,0,False,1796,0.5169833045480714
1299,281,658,1,0,False,1797,0.5172711571675302
1300,282,36,1,0,False,1798,0.5175590097869891
1301,284,181,1,0,False,1799,0.517846862406448
1302,284,300,1,0,False,1800,0.5181347150259067
1303,284,346,1,0,False,1801,0.5184225676453655
1304,284,456,1,0,False,1802,0.5187104202648244
1305,286,110,1,0,False,1803,0.5189982728842832
1306,286,254,1,0,False,1804,0.5192861255037421
1307,286,302,1,0,False,1805,0.5195739781232009
1308,286,314,1,0,False,1806,0.5198618307426598
1309,286,333,1,0,False,1807,0.5201496833621186
1310,286,381,1,0,False,1808,0.5204375359815774
1311,286,397,1,0,False,1809,0.5207253886010362
1312,287,3,1,0,False,1810,0.5210132412204951
1313,287,54,1,0,False,1811,0.5213010938399539
1314,287,598,1,0,False,1812,0.5215889464594128
1315,288,280,1,0,False,1813,0.5218767990788716
1316,288,541,1,0,False,1814,0.5221646516983305
1317,290,31,1,0,False,1815,0.5224525043177893
1318,290,73,1,0,False,1816,0.5227403569372481
1319,290,708,1,0,False,1817,0.5230282095567069
1320,291,93,1,0,False,1818,0.5233160621761658
1321,291,181,1,0,False,1819,0.5236039147956246
1322,291,412,1,0,False,1820,0.5238917674150835
1323,291,467,1,0,False,1821,0.5241796200345423
1324,292,20,1,0,False,1822,0.5244674726540012
1325,292,215,1,0,False,1823,0.52475532527346
1326,292,427,1,1,False,1824,0.5250431778929189
1327,292,428,1,1,False,1825,0.5253310305123776
1328,292,445,1,0,False,1826,0.5256188831318365
1329,292,453,1,0,False,1827,0.5259067357512953
1330,292,631,1,0,False,1828,0.5261945883707542
1331,292,733,1,0,False,1829,0.526482440990213
1332,292,745,1,0,False,1830,0.5267702936096719
1333,294,4,1,0,False,1831,0.5270581462291307
1334,294,292,1,0,False,1832,0.5273459988485896
1335,295,292,1,0,False,1833,0.5276338514680483
1336,295,319,1,0,False,1834,0.5279217040875072
1337,295,453,1,0,False,1835,0.528209556706966
1338,295,687,1,0,False,1836,0.5284974093264249
1339,296,53,1,0,False,1837,0.5287852619458837
1340,296,310,1,0,False,1838,0.5290731145653426
1341,296,443,1,0,False,1839,0.5293609671848014
1342,297,203,1,1,False,1840,0.5296488198042603
1343,297,464,1,0,False,1841,0.529936672423719
1344,298,669,1,0,False,1842,0.5302245250431779
1345,299,651,1,0,False,1843,0.5305123776626367
1346,300,49,1,1,False,1844,0.5308002302820956
1347,300,343,1,0,False,1845,0.5310880829015544
1348,300,344,1,0,False,1846,0.5313759355210133
1349,300,432,1,1,False,1847,0.5316637881404721
1350,300,533,1,0,False,1848,0.531951640759931
1351,300,656,1,0,False,1849,0.5322394933793898
1352,302,30,1,0,False,1850,0.5325273459988485
1353,302,199,1,0,False,1851,0.5328151986183074
1354,303,45,1,1,False,1852,0.5331030512377662
1355,303,85,1,0,False,1853,0.5333909038572251
1356,303,99,1,0,False,1854,0.533678756476684
1357,303,235,1,0,False,1855,0.5339666090961428
1358,303,504,1,0,False,1856,0.5342544617156016
1359,303,580,1,0,False,1857,0.5345423143350605
1360,303,692,1,0,False,1858,0.5348301669545192
1361,304,26,1,0,False,1859,0.5351180195739781
1362,304,239,1,0,False,1860,0.5354058721934369
1363,304,340,1,0,False,1861,0.5356937248128958
1364,304,373,1,0,False,1862,0.5359815774323546
1365,304,386,1,0,False,1863,0.5362694300518135
1366,304,434,1,0,False,1864,0.5365572826712723
1367,304,564,1,0,False,1865,0.5368451352907312
1368,305,17,1,0,False,1866,0.5371329879101899
1369,305,544,1,0,False,1867,0.5374208405296488
1370,305,723,1,0,False,1868,0.5377086931491076
1371,306,452,1,0,False,1869,0.5379965457685665
1372,306,650,1,0,False,1870,0.5382843983880253
1373,307,0,1,1,False,1871,0.5385722510074842
1374,307,56,1,0,False,1872,0.538860103626943
1375,307,94,1,0,False,1873,0.5391479562464019
1376,307,111,1,1,False,1874,0.5394358088658607
1377,307,168,1,0,False,1875,0.5397236614853195
1378,307,220,1,0,False,1876,0.5400115141047783
1379,307,286,1,0,False,1877,0.5402993667242372
1380,307,325,1,0,False,1878,0.540587219343696
1381,307,455,1,0,False,1879,0.5408750719631549
1382,307,724,1,0,False,1880,0.5411629245826137
1383,307,746,1,0,False,1881,0.5414507772020726
1384,308,100,1,0,False,1882,0.5417386298215314
1385,308,126,1,0,False,1883,0.5420264824409902
1386,308,310,1,0,False,1884,0.542314335060449
1387,308,522,1,0,False,1885,0.5426021876799079
1388,308,543,1,0,False,1886,0.5428900402993667
1389,308,556,1,0,False,1887,0.5431778929188256
1390,308,639,1,0,False,1888,0.5434657455382844
1391,308,649,1,0,False,1889,0.5437535981577433
1392,308,723,1,0,False,1890,0.5440414507772021
1393,309,53,1,0,False,1891,0.5443293033966609
1394,309,83,1,0,False,1892,0.5446171560161197
1395,309,183,1,0,False,1893,0.5449050086355786
1396,309,474,1,0,False,1894,0.5451928612550374
1397,310,143,1,0,False,1895,0.5454807138744963
1398,310,331,1,0,False,1896,0.5457685664939551
1399,310,438,1,0,False,1897,0.546056419113414
1400,310,503,1,0,False,1898,0.5463442717328728
1401,310,744,1,0,False,1899,0.5466321243523317
1402,311,37,1,0,False,1900,0.5469199769717904
1403,312,327,1,0,False,1901,0.5472078295912493
1404,312,344,1,0,False,1902,0.5474956822107081
1405,313,78,1,0,False,1903,0.547783534830167
1406,313,82,1,0,False,1904,0.5480713874496258
1407,313,85,1,0,False,1905,0.5483592400690847
1408,313,232,1,0,False,1906,0.5486470926885435
1409,313,238,1,1,False,1907,0.5489349453080024
1410,313,430,1,0,False,1908,0.5492227979274611
1411,313,495,1,0,False,1909,0.5495106505469199
1412,313,498,1,0,False,1910,0.5497985031663788
1413,313,600,1,0,False,1911,0.5500863557858376
1414,313,703,1,0,False,1912,0.5503742084052965
1415,313,712,1,0,False,1913,0.5506620610247553
1416,314,103,1,0,False,1914,0.5509499136442142
1417,314,136,1,0,False,1915,0.551237766263673
1418,314,224,1,0,False,1916,0.5515256188831318
1419,314,336,1,0,False,1917,0.5518134715025906
1420,314,387,1,0,False,1918,0.5521013241220495
1421,314,415,1,0,False,1919,0.5523891767415083
1422,314,553,1,0,False,1920,0.5526770293609672
1423,314,662,1,0,False,1921,0.552964881980426
1424,314,727,1,0,False,1922,0.5532527345998849
1425,315,182,1,0,False,1923,0.5535405872193437
1426,315,523,1,0,False,1924,0.5538284398388025
1427,315,544,1,0,False,1925,0.5541162924582613
1428,315,579,1,0,False,1926,0.5544041450777202
1429,316,53,1,0,False,1927,0.554691997697179
1430,316,101,1,0,False,1928,0.5549798503166379
1431,316,196,1,0,False,1929,0.5552677029360967
1432,317,163,1,0,False,1930,0.5555555555555556
1433,317,230,1,0,False,1931,0.5558434081750144
1434,317,474,1,0,False,1932,0.5561312607944733
1435,318,53,1,0,False,1933,0.556419113413932
1436,318,90,1,0,False,1934,0.5567069660333909
1437,318,94,1,0,False,1935,0.5569948186528497
1438,318,149,1,0,False,1936,0.5572826712723086
1439,318,168,1,0,False,1937,0.5575705238917674
1440,318,194,1,0,False,1938,0.5578583765112263
1441,318,286,1,0,False,1939,0.5581462291306851
1442,318,626,1,0,False,1940,0.558434081750144
1443,318,646,1,0,False,1941,0.5587219343696027
1444,319,112,1,0,False,1942,0.5590097869890616
1445,319,214,1,1,False,1943,0.5592976396085204
1446,319,427,1,1,False,1944,0.5595854922279793
1447,319,609,1,0,False,1945,0.5598733448474381
1448,320,106,1,0,False,1946,0.560161197466897
1449,320,416,1,0,False,1947,0.5604490500863558
1450,320,503,1,0,False,1948,0.5607369027058147
1451,321,374,1,0,False,1949,0.5610247553252734
1452,321,393,1,0,False,1950,0.5613126079447323
1453,323,412,1,0,False,1951,0.5616004605641911
1454,324,89,1,0,False,1952,0.56188831318365
1455,324,126,1,0,False,1953,0.5621761658031088
1456,324,213,1,0,False,1954,0.5624640184225677
1457,324,292,1,0,False,1955,0.5627518710420265
1458,324,310,1,0,False,1956,0.5630397236614854
1459,324,407,1,1,False,1957,0.5633275762809442
1460,324,522,1,0,False,1958,0.563615428900403
1461,324,556,1,0,False,1959,0.5639032815198618
1462,324,723,1,0,False,1960,0.5641911341393206
1463,324,741,1,1,False,1961,0.5644789867587795
1464,326,248,1,0,False,1962,0.5647668393782384
1465,326,311,1,0,False,1963,0.5650546919976972
1466,326,369,1,0,False,1964,0.565342544617156
1467,326,438,1,0,False,1965,0.5656303972366149
1468,326,471,1,0,False,1966,0.5659182498560736
1469,326,613,1,0,False,1967,0.5662061024755325
1470,326,641,1,0,False,1968,0.5664939550949913
1471,327,324,1,0,False,1969,0.5667818077144502
1472,327,361,1,0,False,1970,0.567069660333909
1473,327,533,1,0,False,1971,0.5673575129533679
1474,327,543,1,0,False,1972,0.5676453655728267
1475,327,681,1,0,False,1973,0.5679332181922856
1476,327,714,1,0,False,1974,0.5682210708117443
1477,328,516,1,0,False,1975,0.5685089234312032
1478,329,8,1,0,False,1976,0.568796776050662
1479,329,34,1,0,False,1977,0.5690846286701209
1480,329,268,1,0,False,1978,0.5693724812895797
1481,329,380,1,0,False,1979,0.5696603339090386
1482,329,738,1,1,False,1980,0.5699481865284974
1483,330,75,1,1,False,1981,0.5702360391479563
1484,330,86,1,0,False,1982,0.5705238917674151
1485,331,155,1,0,False,1983,0.5708117443868739
1486,331,467,1,0,False,1984,0.5710995970063327
1487,331,527,1,0,False,1985,0.5713874496257916
1488,331,576,1,0,False,1986,0.5716753022452504
1489,331,602,1,0,False,1987,0.5719631548647093
1490,332,221,1,0,False,1988,0.5722510074841681
1491,332,360,1,0,False,1989,0.572538860103627
1492,332,506,1,0,False,1990,0.5728267127230858
1493,333,160,1,0,False,1991,0.5731145653425446
1494,334,5,1,0,False,1992,0.5734024179620034
1495,334,152,1,0,False,1993,0.5736902705814623
1496,334,630,1,0,False,1994,0.5739781232009211
1497,335,178,1,0,False,1995,0.57426597582038
1498,335,189,1,0,False,1996,0.5745538284398388
1499,335,341,1,0,False,1997,0.5748416810592977
1500,335,485,1,0,False,1998,0.5751295336787565
1501,335,519,1,0,False,1999,0.5754173862982153
1502,335,745,1,0,False,2000,0.5757052389176741
1503,336,672,1,0,False,2001,0.575993091537133
1504,338,186,1,0,False,2002,0.5762809441565918
1505,339,12,1,0,False,2003,0.5765687967760507
1506,339,112,1,0,False,2004,0.5768566493955095
1507,339,332,1,0,False,2005,0.5771445020149684
1508,339,371,1,0,False,2006,0.5774323546344272
1509,339,484,1,0,False,2007,0.5777202072538861
1510,339,485,1,0,False,2008,0.5780080598733448
1511,340,419,1,0,False,2009,0.5782959124928037
1512,340,533,1,0,False,2010,0.5785837651122625
1513,340,733,1,0,False,2011,0.5788716177317214
1514,341,619,1,0,False,2012,0.5791594703511802
1515,342,464,1,0,False,2013,0.5794473229706391
1516,343,2,1,0,False,2014,0.5797351755900979
1517,343,695,1,0,False,2015,0.5800230282095568
1518,343,707,1,0,False,2016,0.5803108808290155
1519,344,23,1,0,False,2017,0.5805987334484743
1520,344,269,1,0,False,2018,0.5808865860679332
1521,344,355,1,0,False,2019,0.581174438687392
1522,344,407,1,0,False,2020,0.5814622913068509
1523,344,412,1,0,False,2021,0.5817501439263097
1524,344,457,1,0,False,2022,0.5820379965457686
1525,344,614,1,0,False,2023,0.5823258491652274
1526,344,636,1,0,False,2024,0.5826137017846862
1527,344,641,1,0,False,2025,0.582901554404145
1528,345,163,1,0,False,2026,0.5831894070236039
1529,345,191,1,0,False,2027,0.5834772596430627
1530,345,379,1,1,False,2028,0.5837651122625216
1531,345,441,1,0,False,2029,0.5840529648819804
1532,345,605,1,0,False,2030,0.5843408175014393
1533,345,674,1,0,False,2031,0.5846286701208981
1534,345,706,1,0,False,2032,0.584916522740357
1535,346,290,1,0,False,2033,0.5852043753598157
1536,346,436,1,0,False,2034,0.5854922279792746
1537,347,339,1,0,False,2035,0.5857800805987334
1538,347,503,1,0,False,2036,0.5860679332181923
1539,348,695,1,0,False,2037,0.5863557858376511
1540,349,236,1,1,False,2038,0.58664363845711
1541,349,479,1,0,False,2039,0.5869314910765688
1542,349,586,1,0,False,2040,0.5872193436960277
1543,349,645,1,0,False,2041,0.5875071963154864
1544,350,446,1,1,False,2042,0.5877950489349453
1545,350,560,1,0,False,2043,0.5880829015544041
1546,351,195,1,0,False,2044,0.588370754173863
1547,351,512,1,0,False,2045,0.5886586067933218
1548,351,626,1,0,False,2046,0.5889464594127807
1549,351,746,1,0,False,2047,0.5892343120322395
1550,352,67,1,0,False,2048,0.5895221646516984
1551,352,733,1,0,False,2049,0.5898100172711571
1552,353,235,1,0,False,2050,0.590097869890616
1553,353,393,1,0,False,2051,0.5903857225100748
1554,353,423,1,0,False,2052,0.5906735751295337
1555,353,545,1,0,False,2053,0.5909614277489925
1556,353,683,1,0,False,2054,0.5912492803684514
1557,354,240,1,0,False,2055,0.5915371329879102
1558,354,659,1,0,False,2056,0.5918249856073691
1559,355,533,1,0,False,2057,0.5921128382268278
1560,355,559,1,0,False,2058,0.5924006908462867
1561,356,494,1,0,False,2059,0.5926885434657455
1562,357,261,1,0,False,2060,0.5929763960852044
1563,357,283,1,0,False,2061,0.5932642487046632
1564,358,49,1,0,False,2062,0.5935521013241221
1565,358,548,1,0,False,2063,0.5938399539435809
1566,359,60,1,0,False,2064,0.5941278065630398
1567,359,90,1,0,False,2065,0.5944156591824986
1568,359,111,1,1,False,2066,0.5947035118019574
1569,359,137,1,0,False,2067,0.5949913644214162
1570,359,242,1,0,False,2068,0.595279217040875
1571,359,381,1,2,False,2069,0.5955670696603339
1572,359,421,1,0,False,2070,0.5958549222797928
1573,359,424,1,0,False,2071,0.5961427748992516
1574,359,719,1,1,False,2072,0.5964306275187105
1575,359,724,1,0,False,2073,0.5967184801381693
1576,359,746,1,0,False,2074,0.597006332757628
1577,360,127,1,0,False,2075,0.5972941853770869
1578,360,456,1,0,False,2076,0.5975820379965457
1579,360,731,1,0,False,2077,0.5978698906160046
1580,361,122,1,0,False,2078,0.5981577432354634
1581,361,148,1,0,False,2079,0.5984455958549223
1582,361,308,1,0,False,2080,0.5987334484743811
1583,361,543,1,2,False,2081,0.59902130109384
1584,361,741,1,3,False,2082,0.5993091537132987
1585,362,129,1,0,False,2083,0.5995970063327576
1586,363,14,1,3,False,2084,0.5998848589522164
1587,364,13,1,0,False,2085,0.6001727115716753
1588,364,69,1,2,False,2086,0.6004605641911341
1589,364,86,1,0,False,2087,0.600748416810593
1590,364,186,1,0,False,2088,0.6010362694300518
1591,364,213,1,0,False,2089,0.6013241220495107
1592,364,290,1,0,False,2090,0.6016119746689695
1593,364,317,1,0,False,2091,0.6018998272884283
1594,364,346,1,0,False,2092,0.6021876799078871
1595,364,441,1,0,False,2093,0.602475532527346
1596,364,447,1,0,False,2094,0.6027633851468048
1597,364,722,1,0,False,2095,0.6030512377662637
1598,365,87,1,0,False,2096,0.6033390903857225
1599,365,205,1,0,False,2097,0.6036269430051814
1600,365,417,1,0,False,2098,0.6039147956246402
1601,365,599,1,0,False,2099,0.604202648244099
1602,366,14,1,0,False,2100,0.6044905008635578
1603,366,20,1,0,False,2101,0.6047783534830167
1604,366,42,1,1,False,2102,0.6050662061024755
1605,366,400,1,0,False,2103,0.6053540587219344
1606,366,419,1,1,False,2104,0.6056419113413932
1607,366,484,1,0,False,2105,0.6059297639608521
1608,366,517,1,0,False,2106,0.6062176165803109
1609,366,649,1,0,False,2107,0.6065054691997697
1610,368,350,1,0,False,2108,0.6067933218192285
1611,368,531,1,0,False,2109,0.6070811744386874
1612,368,540,1,0,False,2110,0.6073690270581462
1613,368,745,1,0,False,2111,0.6076568796776051
1614,369,143,1,0,False,2112,0.6079447322970639
1615,369,518,1,0,False,2113,0.6082325849165228
1616,369,628,1,0,False,2114,0.6085204375359816
1617,370,20,1,0,False,2115,0.6088082901554405
1618,370,450,1,0,False,2116,0.6090961427748992
1619,370,610,1,0,False,2117,0.6093839953943581
1620,371,346,1,0,False,2118,0.6096718480138169
1621,371,387,1,0,False,2119,0.6099597006332758
1622,371,436,1,0,False,2120,0.6102475532527346
1623,372,26,1,0,False,2121,0.6105354058721935
1624,372,510,1,0,False,2122,0.6108232584916523
1625,373,80,1,0,False,2123,0.6111111111111112
1626,373,353,1,0,False,2124,0.6113989637305699
1627,373,387,1,0,False,2125,0.6116868163500288
1628,373,435,1,0,False,2126,0.6119746689694876
1629,373,551,1,0,False,2127,0.6122625215889465
1630,374,97,1,0,False,2128,0.6125503742084053
1631,374,324,1,0,False,2129,0.6128382268278642
1632,374,396,1,1,False,2130,0.613126079447323
1633,374,726,1,0,False,2131,0.6134139320667819
1634,375,76,1,0,False,2132,0.6137017846862406
1635,376,75,1,0,False,2133,0.6139896373056994
1636,376,330,1,0,False,2134,0.6142774899251583
1637,377,235,1,0,False,2135,0.6145653425446171
1638,377,426,1,0,False,2136,0.614853195164076
1639,378,204,1,0,False,2137,0.6151410477835348
1640,378,319,1,0,False,2138,0.6154289004029937
1641,378,337,1,0,False,2139,0.6157167530224525
1642,378,387,1,0,False,2140,0.6160046056419114
1643,379,345,1,1,False,2141,0.6162924582613701
1644,380,419,1,0,False,2142,0.616580310880829
1645,380,504,1,0,False,2143,0.6168681635002878
1646,380,539,1,0,False,2144,0.6171560161197467
1647,380,569,1,0,False,2145,0.6174438687392055
1648,381,160,1,0,False,2146,0.6177317213586644
1649,381,282,1,0,False,2147,0.6180195739781232
1650,381,712,1,0,False,2148,0.6183074265975821
1651,381,746,1,1,False,2149,0.6185952792170408
1652,382,146,1,0,False,2150,0.6188831318364997
1653,382,568,1,0,False,2151,0.6191709844559585
1654,382,739,1,0,False,2152,0.6194588370754174
1655,383,48,1,1,False,2153,0.6197466896948762
1656,383,52,1,0,False,2154,0.6200345423143351
1657,383,177,1,0,False,2155,0.6203223949337939
1658,383,216,1,0,False,2156,0.6206102475532528
1659,383,364,1,0,False,2157,0.6208981001727115
1660,383,441,1,0,False,2158,0.6211859527921704
1661,383,635,1,0,False,2159,0.6214738054116292
1662,383,679,1,0,False,2160,0.6217616580310881
1663,383,728,1,0,False,2161,0.6220495106505469
1664,383,745,1,0,False,2162,0.6223373632700058
1665,384,12,1,2,False,2163,0.6226252158894646
1666,384,152,1,0,False,2164,0.6229130685089235
1667,384,366,1,0,False,2165,0.6232009211283823
1668,384,422,1,0,False,2166,0.6234887737478411
1669,384,449,1,0,False,2167,0.6237766263672999
1670,384,626,1,0,False,2168,0.6240644789867588
1671,385,93,1,0,False,2169,0.6243523316062176
1672,385,128,1,1,False,2170,0.6246401842256765
1673,385,324,1,0,False,2171,0.6249280368451353
1674,385,686,1,0,False,2172,0.6252158894645942
1675,386,21,1,0,False,2173,0.625503742084053
1676,386,80,1,0,False,2174,0.6257915947035118
1677,386,402,1,0,False,2175,0.6260794473229706
1678,386,603,1,0,False,2176,0.6263672999424295
1679,387,319,1,0,False,2177,0.6266551525618883
1680,387,531,1,0,False,2178,0.6269430051813472
1681,388,202,1,0,False,2179,0.627230857800806
1682,388,366,1,0,False,2180,0.6275187104202649
1683,388,562,1,0,False,2181,0.6278065630397237
1684,388,612,1,0,False,2182,0.6280944156591824
1685,389,174,1,0,False,2183,0.6283822682786413
1686,389,249,1,0,False,2184,0.6286701208981001
1687,389,259,1,0,False,2185,0.628957973517559
1688,389,451,1,0,False,2186,0.6292458261370178
1689,389,456,1,0,False,2187,0.6295336787564767
1690,389,742,1,1,False,2188,0.6298215313759356
1691,390,32,1,0,False,2189,0.6301093839953944
1692,390,60,1,0,False,2190,0.6303972366148531
1693,390,90,1,0,False,2191,0.630685089234312
1694,390,200,1,0,False,2192,0.6309729418537708
1695,390,437,1,0,False,2193,0.6312607944732297
1696,390,455,1,0,False,2194,0.6315486470926885
1697,390,513,1,0,False,2195,0.6318364997121474
1698,390,651,1,0,False,2196,0.6321243523316062
1699,390,712,1,0,False,2197,0.6324122049510651
1700,390,746,1,0,False,2198,0.6327000575705239
1701,392,48,1,0,False,2199,0.6329879101899827
1702,392,51,1,0,False,2200,0.6332757628094415
1703,392,464,1,0,False,2201,0.6335636154289004
1704,393,99,1,0,False,2202,0.6338514680483592
1705,393,340,1,0,False,2203,0.6341393206678181
1706,393,423,1,0,False,2204,0.6344271732872769
1707,393,569,1,0,False,2205,0.6347150259067358
1708,393,585,1,0,False,2206,0.6350028785261946
1709,393,612,1,0,False,2207,0.6352907311456534
1710,394,12,1,0,False,2208,0.6355785837651122
1711,394,88,1,0,False,2209,0.6358664363845711
1712,394,346,1,0,False,2210,0.6361542890040299
1713,394,355,1,0,False,2211,0.6364421416234888
1714,394,383,1,2,False,2212,0.6367299942429476
1715,394,735,1,0,False,2213,0.6370178468624065
1716,396,78,1,0,False,2214,0.6373056994818653
1717,396,196,1,0,False,2215,0.6375935521013241
1718,396,274,1,0,False,2216,0.6378814047207829
1719,396,320,1,0,False,2217,0.6381692573402418
1720,396,374,1,1,False,2218,0.6384571099597006
1721,396,393,1,0,False,2219,0.6387449625791595
1722,396,407,1,0,False,2220,0.6390328151986183
1723,396,543,1,2,False,2221,0.6393206678180772
1724,396,598,1,0,False,2222,0.639608520437536
1725,397,1,1,0,False,2223,0.6398963730569949
1726,397,65,1,0,False,2224,0.6401842256764536
1727,397,166,1,0,False,2225,0.6404720782959125
1728,397,200,1,0,False,2226,0.6407599309153713
1729,397,433,1,0,False,2227,0.6410477835348302
1730,397,535,1,0,False,2228,0.641335636154289
1731,397,666,1,0,False,2229,0.6416234887737479
1732,398,350,1,0,False,2230,0.6419113413932067
1733,398,384,1,0,False,2231,0.6421991940126656
1734,399,215,1,1,False,2232,0.6424870466321243
1735,399,294,1,0,False,2233,0.6427748992515832
1736,399,368,1,0,False,2234,0.643062751871042
1737,399,687,1,1,False,2235,0.6433506044905009
1738,400,13,1,0,False,2236,0.6436384571099597
1739,400,108,1,0,False,2237,0.6439263097294186
1740,400,181,1,0,False,2238,0.6442141623488774
1741,400,209,1,0,False,2239,0.6445020149683363
1742,400,326,1,0,False,2240,0.644789867587795
1743,401,30,1,0,False,2241,0.6450777202072538
1744,401,461,1,3,False,2242,0.6453655728267127
1745,402,82,1,0,False,2243,0.6456534254461715
1746,402,476,1,0,False,2244,0.6459412780656304
1747,402,629,1,0,False,2245,0.6462291306850892
1748,402,682,1,0,False,2246,0.6465169833045481
1749,403,46,1,0,False,2247,0.646804835924007
1750,403,84,1,0,False,2248,0.6470926885434658
1751,403,130,1,0,False,2249,0.6473805411629245
1752,403,152,1,0,False,2250,0.6476683937823834
1753,403,219,1,0,False,2251,0.6479562464018422
1754,403,234,1,0,False,2252,0.6482440990213011
1755,403,341,1,0,False,2253,0.6485319516407599
1756,403,408,1,2,False,2254,0.6488198042602188
1757,403,745,1,0,False,2255,0.6491076568796776
1758,405,33,1,0,False,2256,0.6493955094991365
1759,405,408,1,2,False,2257,0.6496833621185952
1760,405,564,1,0,False,2258,0.6499712147380541
1761,405,596,1,0,False,2259,0.6502590673575129
1762,405,619,1,2,False,2260,0.6505469199769718
1763,407,14,1,0,False,2261,0.6508347725964306
1764,407,126,1,0,False,2262,0.6511226252158895
1765,407,310,1,0,False,2263,0.6514104778353483
1766,407,324,1,1,False,2264,0.6516983304548072
1767,407,641,1,0,False,2265,0.6519861830742659
1768,408,40,1,0,False,2266,0.6522740356937248
1769,408,334,1,0,False,2267,0.6525618883131836
1770,408,564,1,0,False,2268,0.6528497409326425
1771,409,220,1,0,False,2269,0.6531375935521013
1772,409,314,1,0,False,2270,0.6534254461715602
1773,409,530,1,1,False,2271,0.653713298791019
1774,410,585,1,0,False,2272,0.6540011514104779
1775,411,52,1,0,False,2273,0.6542890040299367
1776,411,232,1,0,False,2274,0.6545768566493955
1777,411,244,1,1,False,2275,0.6548647092688543
1778,411,597,1,0,False,2276,0.6551525618883132
1779,412,54,1,0,False,2277,0.655440414507772
1780,412,278,1,0,False,2278,0.6557282671272309
1781,412,543,1,0,False,2279,0.6560161197466897
1782,413,139,1,0,False,2280,0.6563039723661486
1783,414,597,1,0,False,2281,0.6565918249856074
1784,414,689,1,0,False,2282,0.6568796776050662
1785,416,97,1,1,False,2283,0.657167530224525
1786,416,148,1,0,False,2284,0.6574553828439839
1787,416,227,1,0,False,2285,0.6577432354634427
1788,416,258,1,0,False,2286,0.6580310880829016
1789,416,456,1,0,False,2287,0.6583189407023604
1790,416,466,1,0,False,2288,0.6586067933218193
1791,416,478,1,0,False,2289,0.6588946459412781
1792,416,503,1,0,False,2290,0.6591824985607369
1793,416,514,1,0,False,2291,0.6594703511801957
1794,416,584,1,0,False,2292,0.6597582037996546
1795,416,673,1,0,False,2293,0.6600460564191134
1796,417,89,1,0,False,2294,0.6603339090385723
1797,417,613,1,0,False,2295,0.6606217616580311
1798,418,105,1,0,False,2296,0.66090961427749
1799,418,394,1,0,False,2297,0.6611974668969488
1800,419,335,1,0,False,2298,0.6614853195164075
1801,419,350,1,0,False,2299,0.6617731721358664
1802,419,366,1,1,False,2300,0.6620610247553252
1803,419,715,1,0,False,2301,0.6623488773747841
1804,420,644,1,0,False,2302,0.662636729994243
1805,422,47,1,1,False,2303,0.6629245826137018
1806,422,684,1,0,False,2304,0.6632124352331606
1807,423,85,1,0,False,2305,0.6635002878526195
1808,423,171,1,0,False,2306,0.6637881404720783
1809,423,561,1,0,False,2307,0.6640759930915371
1810,424,86,1,0,False,2308,0.6643638457109959
1811,424,295,1,0,False,2309,0.6646516983304548
1812,424,636,1,1,False,2310,0.6649395509499136
1813,424,672,1,0,False,2311,0.6652274035693725
1814,426,83,1,0,False,2312,0.6655152561888313
1815,426,151,1,0,False,2313,0.6658031088082902
1816,426,545,1,0,False,2314,0.666090961427749
1817,426,560,1,0,False,2315,0.6663788140472078
1818,426,578,1,0,False,2316,0.6666666666666666
1819,426,629,1,0,False,2317,0.6669545192861255
1820,426,714,1,0,False,2318,0.6672423719055843
1821,427,292,1,1,False,2319,0.6675302245250432
1822,427,319,1,1,False,2320,0.667818077144502
1823,427,352,1,0,False,2321,0.6681059297639609
1824,427,445,1,0,False,2322,0.6683937823834197
1825,427,540,1,0,False,2323,0.6686816350028785
1826,428,292,1,1,False,2324,0.6689694876223373
1827,428,378,1,0,False,2325,0.6692573402417962
1828,429,58,1,0,False,2326,0.669545192861255
1829,429,182,1,1,False,2327,0.6698330454807139
1830,429,232,1,0,False,2328,0.6701208981001727
1831,429,291,1,0,False,2329,0.6704087507196316
1832,429,320,1,0,False,2330,0.6706966033390904
1833,429,456,1,0,False,2331,0.6709844559585493
1834,429,542,1,0,False,2332,0.671272308578008
1835,429,670,1,0,False,2333,0.6715601611974669
1836,429,691,1,0,False,2334,0.6718480138169257
1837,430,186,1,0,False,2335,0.6721358664363846
1838,430,348,1,0,False,2336,0.6724237190558434
1839,430,708,1,0,False,2337,0.6727115716753023
1840,431,100,1,0,False,2338,0.6729994242947611
1841,431,352,1,0,False,2339,0.67328727691422
1842,431,378,1,0,False,2340,0.6735751295336787
1843,431,427,1,3,False,2341,0.6738629821531376
1844,431,445,1,1,False,2342,0.6741508347725964
1845,431,545,1,0,False,2343,0.6744386873920553
1846,432,53,1,0,False,2344,0.6747265400115141
1847,432,134,1,0,False,2345,0.675014392630973
1848,432,300,1,1,False,2346,0.6753022452504318
1849,432,355,1,0,False,2347,0.6755900978698907
1850,432,392,1,0,False,2348,0.6758779504893494
1851,432,466,1,0,False,2349,0.6761658031088082
1852,432,714,1,0,False,2350,0.6764536557282671
1853,434,139,1,0,False,2351,0.676741508347726
1854,434,271,1,0,False,2352,0.6770293609671848
1855,434,309,1,0,False,2353,0.6773172135866437
1856,434,543,1,0,False,2354,0.6776050662061025
1857,434,598,1,0,False,2355,0.6778929188255614
1858,435,96,1,0,False,2356,0.6781807714450202
1859,435,111,1,0,False,2357,0.6784686240644789
1860,435,286,1,0,False,2358,0.6787564766839378
1861,436,196,1,0,False,2359,0.6790443293033966
1862,436,273,1,0,False,2360,0.6793321819228555
1863,436,400,1,0,False,2361,0.6796200345423143
1864,436,501,1,0,False,2362,0.6799078871617732
1865,436,577,1,0,False,2363,0.680195739781232
1866,436,663,1,0,False,2364,0.6804835924006909
1867,436,749,1,0,False,2365,0.6807714450201496
1868,437,726,1,0,False,2366,0.6810592976396085
1869,438,62,1,0,False,2367,0.6813471502590673
1870,438,342,1,0,False,2368,0.6816350028785262
1871,438,361,1,0,False,2369,0.681922855497985
1872,438,456,1,0,False,2370,0.6822107081174439
1873,438,632,1,1,False,2371,0.6824985607369027
1874,438,711,1,0,False,2372,0.6827864133563616
1875,438,742,1,0,False,2373,0.6830742659758203
1876,439,77,1,0,False,2374,0.6833621185952792
1877,439,189,1,0,False,2375,0.683649971214738
1878,439,531,1,0,False,2376,0.6839378238341969
1879,439,644,1,0,False,2377,0.6842256764536557
1880,440,683,1,0,False,2378,0.6845135290731146
1881,441,583,1,0,False,2379,0.6848013816925734
1882,441,644,1,0,False,2380,0.6850892343120323
1883,441,730,1,1,False,2381,0.6853770869314911
1884,442,22,1,0,False,2382,0.6856649395509499
1885,442,150,1,0,False,2383,0.6859527921704087
1886,442,195,1,0,False,2384,0.6862406447898676
1887,442,280,1,0,False,2385,0.6865284974093264
1888,442,305,1,0,False,2386,0.6868163500287853
1889,443,1,1,0,False,2387,0.6871042026482441
1890,443,323,1,0,False,2388,0.687392055267703
1891,443,541,1,0,False,2389,0.6876799078871618
1892,445,398,1,0,False,2390,0.6879677605066206
1893,445,431,1,1,False,2391,0.6882556131260794
1894,445,704,1,0,False,2392,0.6885434657455383
1895,446,118,1,0,False,2393,0.6888313183649971
1896,446,220,1,0,False,2394,0.689119170984456
1897,446,350,1,1,False,2395,0.6894070236039148
1898,446,422,1,0,False,2396,0.6896948762233737
1899,446,633,1,1,False,2397,0.6899827288428325
1900,447,544,1,0,False,2398,0.6902705814622913
1901,448,138,1,0,False,2399,0.6905584340817501
1902,448,475,1,0,False,2400,0.690846286701209
1903,450,53,1,0,False,2401,0.6911341393206678
1904,450,358,1,0,False,2402,0.6914219919401267
1905,450,526,1,0,False,2403,0.6917098445595855
1906,450,548,1,0,False,2404,0.6919976971790444
1907,450,611,1,0,False,2405,0.6922855497985032
1908,450,617,1,0,False,2406,0.6925734024179621
1909,450,628,1,0,False,2407,0.6928612550374208
1910,450,710,1,0,False,2408,0.6931491076568796
1911,451,73,1,0,False,2409,0.6934369602763385
1912,451,140,1,1,False,2410,0.6937248128957973
1913,451,174,1,0,False,2411,0.6940126655152562
1914,451,526,1,0,False,2412,0.694300518134715
1915,451,717,1,0,False,2413,0.6945883707541739
1916,451,734,1,0,False,2414,0.6948762233736328
1917,452,332,1,0,False,2415,0.6951640759930915
1918,452,407,1,0,False,2416,0.6954519286125503
1919,452,565,1,0,False,2417,0.6957397812320092
1920,452,606,1,0,False,2418,0.696027633851468
1921,452,735,1,0,False,2419,0.6963154864709269
1922,453,112,1,0,False,2420,0.6966033390903857
1923,453,378,1,0,False,2421,0.6968911917098446
1924,453,431,1,0,False,2422,0.6971790443293034
1925,453,584,1,0,False,2423,0.6974668969487622
1926,454,346,1,0,False,2424,0.697754749568221
1927,454,396,1,0,False,2425,0.6980426021876799
1928,454,570,1,0,False,2426,0.6983304548071387
1929,454,741,1,0,False,2427,0.6986183074265976
1930,455,724,1,0,False,2428,0.6989061600460564
1931,456,127,1,0,False,2429,0.6991940126655153
1932,456,145,1,1,False,2430,0.6994818652849741
1933,456,154,1,0,False,2431,0.6997697179044329
1934,456,158,1,0,False,2432,0.7000575705238917
1935,456,280,1,0,False,2433,0.7003454231433506
1936,456,347,1,0,False,2434,0.7006332757628094
1937,456,447,1,0,False,2435,0.7009211283822683
1938,456,471,1,0,False,2436,0.7012089810017271
1939,456,483,1,0,False,2437,0.701496833621186
1940,456,613,1,0,False,2438,0.7017846862406448
1941,456,656,1,0,False,2439,0.7020725388601037
1942,456,707,1,0,False,2440,0.7023603914795624
1943,457,174,1,0,False,2441,0.7026482440990213
1944,457,508,1,0,False,2442,0.7029360967184801
1945,457,533,1,0,False,2443,0.703223949337939
1946,457,538,1,0,False,2444,0.7035118019573978
1947,458,20,1,0,False,2445,0.7037996545768567
1948,458,29,1,0,False,2446,0.7040875071963155
1949,458,98,1,0,False,2447,0.7043753598157744
1950,458,151,1,0,False,2448,0.7046632124352331
1951,458,202,1,0,False,2449,0.704951065054692
1952,458,292,1,0,False,2450,0.7052389176741508
1953,458,629,1,0,False,2451,0.7055267702936097
1954,459,303,1,0,False,2452,0.7058146229130685
1955,463,73,1,0,False,2453,0.7061024755325274
1956,463,101,1,0,False,2454,0.7063903281519862
1957,463,310,1,0,False,2455,0.7066781807714451
1958,463,467,1,0,False,2456,0.7069660333909038
1959,463,597,1,0,False,2457,0.7072538860103627
1960,463,605,1,0,False,2458,0.7075417386298215
1961,463,667,1,0,False,2459,0.7078295912492804
1962,463,740,1,0,False,2460,0.7081174438687392
1963,463,745,1,0,False,2461,0.708405296488198
1964,464,21,1,0,False,2462,0.7086931491076569
1965,464,185,1,0,False,2463,0.7089810017271158
1966,464,328,1,0,False,2464,0.7092688543465746
1967,464,408,1,0,False,2465,0.7095567069660333
1968,464,485,1,0,False,2466,0.7098445595854922
1969,464,648,1,0,False,2467,0.710132412204951
1970,466,256,1,0,False,2468,0.7104202648244099
1971,466,620,1,0,False,2469,0.7107081174438687
1972,467,225,1,0,False,2470,0.7109959700633276
1973,467,232,1,0,False,2471,0.7112838226827864
1974,467,310,1,0,False,2472,0.7115716753022453
1975,467,316,1,0,False,2473,0.711859527921704
1976,467,347,1,0,False,2474,0.7121473805411629
1977,467,379,1,0,False,2475,0.7124352331606217
1978,467,383,1,0,False,2476,0.7127230857800806
1979,467,656,1,0,False,2477,0.7130109383995394
1980,469,95,1,0,False,2478,0.7132987910189983
1981,469,539,1,0,False,2479,0.7135866436384571
1982,470,446,1,0,False,2480,0.713874496257916
1983,471,343,1,0,False,2481,0.7141623488773747
1984,471,675,1,0,False,2482,0.7144502014968336
1985,471,722,1,0,False,2483,0.7147380541162924
1986,472,68,1,1,False,2484,0.7150259067357513
1987,472,310,1,0,False,2485,0.7153137593552101
1988,472,322,1,0,False,2486,0.715601611974669
1989,472,435,1,0,False,2487,0.7158894645941278
1990,472,652,1,0,False,2488,0.7161773172135867
1991,473,148,1,0,False,2489,0.7164651698330455
1992,473,216,1,0,False,2490,0.7167530224525043
1993,473,275,1,0,False,2491,0.7170408750719631
1994,473,347,1,0,False,2492,0.717328727691422
1995,473,438,1,0,False,2493,0.7176165803108808
1996,473,467,1,0,False,2494,0.7179044329303397
1997,473,534,1,0,False,2495,0.7181922855497985
1998,473,607,1,0,False,2496,0.7184801381692574
1999,474,53,1,0,False,2497,0.7187679907887162
2000,475,222,1,0,False,2498,0.719055843408175
2001,475,271,1,0,False,2499,0.7193436960276338
2002,475,454,1,0,False,2500,0.7196315486470927
2003,475,509,1,0,False,2501,0.7199194012665515
2004,475,529,1,0,False,2502,0.7202072538860104
2005,475,540,1,0,False,2503,0.7204951065054692
2006,475,548,1,0,False,2504,0.7207829591249281
2007,475,599,1,0,False,2505,0.7210708117443869
2008,475,613,1,0,False,2506,0.7213586643638457
2009,475,671,1,0,False,2507,0.7216465169833045
2010,475,720,1,0,False,2508,0.7219343696027634
2011,475,726,1,0,False,2509,0.7222222222222222
2012,475,745,1,0,False,2510,0.7225100748416811
2013,476,272,1,0,False,2511,0.7227979274611399
2014,476,343,1,0,False,2512,0.7230857800805988
2015,478,332,1,0,False,2513,0.7233736327000576
2016,478,611,1,0,False,2514,0.7236614853195165
2017,478,710,1,0,False,2515,0.7239493379389752
2018,479,157,1,0,False,2516,0.724237190558434
2019,479,466,1,0,False,2517,0.7245250431778929
2020,479,690,1,0,False,2518,0.7248128957973518
2021,480,698,1,0,False,2519,0.7251007484168106
2022,481,541,1,1,False,2520,0.7253886010362695
2023,482,91,1,0,False,2521,0.7256764536557283
2024,482,386,1,0,False,2522,0.7259643062751872
2025,482,423,1,0,False,2523,0.7262521588946459
2026,483,43,1,0,False,2524,0.7265400115141047
2027,483,64,1,0,False,2525,0.7268278641335636
2028,483,320,1,0,False,2526,0.7271157167530224
2029,483,348,1,0,False,2527,0.7274035693724813
2030,483,398,1,0,False,2528,0.7276914219919401
2031,483,490,1,0,False,2529,0.727979274611399
2032,483,501,1,0,False,2530,0.7282671272308578
2033,483,586,1,0,False,2531,0.7285549798503166
2034,483,595,1,0,False,2532,0.7288428324697754
2035,483,635,1,0,False,2533,0.7291306850892343
2036,483,673,1,0,False,2534,0.7294185377086931
2037,483,695,1,0,False,2535,0.729706390328152
2038,484,39,1,0,False,2536,0.7299942429476108
2039,484,42,1,0,False,2537,0.7302820955670697
2040,484,104,1,0,False,2538,0.7305699481865285
2041,484,118,1,4,False,2539,0.7308578008059874
2042,484,517,1,0,False,2540,0.7311456534254461
2043,484,693,1,0,False,2541,0.731433506044905
2044,485,6,1,0,False,2542,0.7317213586643638
2045,485,86,1,0,False,2543,0.7320092112838227
2046,485,102,1,0,False,2544,0.7322970639032815
2047,485,280,1,0,False,2545,0.7325849165227404
2048,485,371,1,0,False,2546,0.7328727691421992
2049,485,419,1,0,False,2547,0.7331606217616581
2050,485,424,1,0,False,2548,0.7334484743811168
2051,485,518,1,0,False,2549,0.7337363270005757
2052,485,539,1,0,False,2550,0.7340241796200345
2053,485,720,1,0,False,2551,0.7343120322394934
2054,486,79,1,0,False,2552,0.7345998848589522
2055,486,111,1,2,False,2553,0.7348877374784111
2056,487,38,1,1,False,2554,0.7351755900978699
2057,487,181,1,0,False,2555,0.7354634427173288
2058,487,273,1,0,False,2556,0.7357512953367875
2059,487,275,1,0,False,2557,0.7360391479562464
2060,488,379,1,0,False,2558,0.7363270005757052
2061,488,534,1,0,False,2559,0.7366148531951641
2062,488,611,1,0,False,2560,0.7369027058146229
2063,489,665,1,0,False,2561,0.7371905584340818
2064,490,49,1,0,False,2562,0.7374784110535406
2065,490,92,1,0,False,2563,0.7377662636729995
2066,490,147,1,0,False,2564,0.7380541162924582
2067,490,184,1,0,False,2565,0.7383419689119171
2068,490,326,1,0,False,2566,0.7386298215313759
2069,490,487,1,0,False,2567,0.7389176741508348
2070,490,639,1,0,False,2568,0.7392055267702936
2071,491,77,1,0,False,2569,0.7394933793897525
2072,492,131,1,0,False,2570,0.7397812320092113
2073,492,182,1,0,False,2571,0.7400690846286702
2074,492,245,1,0,False,2572,0.740356937248129
2075,492,463,1,0,False,2573,0.7406447898675877
2076,492,497,1,0,False,2574,0.7409326424870466
2077,492,592,1,0,False,2575,0.7412204951065055
2078,492,707,1,0,False,2576,0.7415083477259643
2079,493,225,1,0,False,2577,0.7417962003454232
2080,493,675,1,1,False,2578,0.742084052964882
2081,493,706,1,0,False,2579,0.7423719055843409
2082,493,725,1,0,False,2580,0.7426597582037997
2083,493,734,1,0,False,2581,0.7429476108232584
2084,494,368,1,0,False,2582,0.7432354634427173
2085,495,14,1,0,False,2583,0.7435233160621761
2086,495,52,1,0,False,2584,0.743811168681635
2087,495,138,1,1,False,2585,0.7440990213010938
2088,495,153,1,1,False,2586,0.7443868739205527
2089,495,271,1,0,False,2587,0.7446747265400115
2090,495,363,1,0,False,2588,0.7449625791594704
2091,495,371,1,0,False,2589,0.7452504317789291
2092,495,621,1,0,False,2590,0.745538284398388
2093,496,107,1,0,False,2591,0.7458261370178468
2094,496,200,1,1,False,2592,0.7461139896373057
2095,496,472,1,0,False,2593,0.7464018422567645
2096,496,624,1,0,False,2594,0.7466896948762234
2097,496,743,1,0,False,2595,0.7469775474956822
2098,496,748,1,0,False,2596,0.7472654001151411
2099,497,586,1,0,False,2597,0.7475532527345999
2100,500,51,1,0,False,2598,0.7478411053540587
2101,500,233,1,1,False,2599,0.7481289579735175
2102,500,432,1,0,False,2600,0.7484168105929764
2103,500,544,1,0,False,2601,0.7487046632124352
2104,500,682,1,0,False,2602,0.7489925158318941
2105,501,412,1,0,False,2603,0.7492803684513529
2106,501,729,1,0,False,2604,0.7495682210708118
2107,502,34,1,0,False,2605,0.7498560736902706
2108,502,74,1,2,False,2606,0.7501439263097294
2109,502,95,1,0,False,2607,0.7504317789291882
2110,503,129,1,0,False,2608,0.7507196315486471
2111,503,362,1,0,False,2609,0.7510074841681059
2112,504,17,1,0,False,2610,0.7512953367875648
2113,504,19,1,0,False,2611,0.7515831894070236
2114,504,99,1,0,False,2612,0.7518710420264825
2115,504,223,1,0,False,2613,0.7521588946459413
2116,504,243,1,0,False,2614,0.7524467472654001
2117,504,268,1,0,False,2615,0.7527345998848589
2118,506,108,1,0,False,2616,0.7530224525043178
2119,506,128,1,0,False,2617,0.7533103051237766
2120,506,300,1,0,False,2618,0.7535981577432355
2121,506,464,1,0,False,2619,0.7538860103626943
2122,508,122,1,0,False,2620,0.7541738629821532
2123,508,717,1,0,False,2621,0.754461715601612
2124,509,42,1,0,False,2622,0.7547495682210709
2125,509,552,1,0,False,2623,0.7550374208405296
2126,510,80,1,0,False,2624,0.7553252734599885
2127,511,436,1,0,False,2625,0.7556131260794473
2128,511,471,1,0,False,2626,0.7559009786989062
2129,511,736,1,0,False,2627,0.756188831318365
2130,513,109,1,0,False,2628,0.7564766839378239
2131,513,301,1,0,False,2629,0.7567645365572827
2132,514,37,1,0,False,2630,0.7570523891767416
2133,516,19,1,0,False,2631,0.7573402417962003
2134,516,196,1,0,False,2632,0.7576280944156591
2135,516,383,1,0,False,2633,0.757915947035118
2136,516,384,1,0,False,2634,0.7582037996545768
2137,516,591,1,0,False,2635,0.7584916522740357
2138,517,721,1,1,False,2636,0.7587795048934945
2139,518,152,1,0,False,2637,0.7590673575129534
2140,518,175,1,0,False,2638,0.7593552101324123
2141,518,737,1,1,False,2639,0.759643062751871
2142,519,486,1,0,False,2640,0.7599309153713298
2143,520,155,1,0,False,2641,0.7602187679907887
2144,520,192,1,0,False,2642,0.7605066206102475
2145,521,242,1,0,False,2643,0.7607944732297064
2146,521,437,1,0,False,2644,0.7610823258491652
2147,522,188,1,0,False,2645,0.7613701784686241
2148,522,246,1,1,False,2646,0.7616580310880829
2149,522,576,1,0,False,2647,0.7619458837075418
2150,522,613,1,0,False,2648,0.7622337363270005
2151,523,548,1,0,False,2649,0.7625215889464594
2152,523,641,1,0,False,2650,0.7628094415659182
2153,524,37,1,0,False,2651,0.7630972941853771
2154,524,197,1,0,False,2652,0.7633851468048359
2155,524,331,1,0,False,2653,0.7636729994242948
2156,524,362,1,0,False,2654,0.7639608520437536
2157,524,441,1,0,False,2655,0.7642487046632125
2158,524,478,1,0,False,2656,0.7645365572826712
2159,524,479,1,0,False,2657,0.7648244099021301
2160,525,122,1,0,False,2658,0.7651122625215889
2161,525,157,1,0,False,2659,0.7654001151410478
2162,525,158,1,0,False,2660,0.7656879677605066
2163,525,205,1,0,False,2661,0.7659758203799655
2164,525,212,1,0,False,2662,0.7662636729994243
2165,525,272,1,0,False,2663,0.7665515256188832
2166,525,552,1,0,False,2664,0.7668393782383419
2167,525,607,1,0,False,2665,0.7671272308578008
2168,525,620,1,0,False,2666,0.7674150834772596
2169,526,191,1,0,False,2667,0.7677029360967185
2170,526,432,1,0,False,2668,0.7679907887161773
2171,526,499,1,0,False,2669,0.7682786413356362
2172,526,533,1,1,False,2670,0.768566493955095
2173,526,725,1,1,False,2671,0.7688543465745539
2174,527,656,1,0,False,2672,0.7691421991940126
2175,528,241,1,0,False,2673,0.7694300518134715
2176,528,310,1,0,False,2674,0.7697179044329303
2177,528,535,1,0,False,2675,0.7700057570523892
2178,529,50,1,0,False,2676,0.770293609671848
2179,529,299,1,0,False,2677,0.7705814622913069
2180,529,387,1,0,False,2678,0.7708693149107657
2181,529,573,1,0,False,2679,0.7711571675302246
2182,529,646,1,0,False,2680,0.7714450201496834
2183,529,688,1,0,False,2681,0.7717328727691422
2184,530,71,1,0,False,2682,0.772020725388601
2185,530,409,1,1,False,2683,0.7723085780080599
2186,530,610,1,0,False,2684,0.7725964306275187
2187,531,53,1,0,False,2685,0.7728842832469776
2188,531,158,1,0,False,2686,0.7731721358664364
2189,531,225,1,0,False,2687,0.7734599884858953
2190,531,265,1,0,False,2688,0.7737478411053541
2191,531,464,1,0,False,2689,0.7740356937248128
2192,531,686,1,0,False,2690,0.7743235463442717
2193,532,486,1,0,False,2691,0.7746113989637305
2194,532,617,1,0,False,2692,0.7748992515831894
2195,532,647,1,0,False,2693,0.7751871042026482
2196,532,666,1,0,False,2694,0.7754749568221071
2197,532,692,1,0,False,2695,0.775762809441566
2198,533,344,1,0,False,2696,0.7760506620610248
2199,533,508,1,0,False,2697,0.7763385146804835
2200,533,526,1,1,False,2698,0.7766263672999424
2201,533,734,1,0,False,2699,0.7769142199194012
2202,534,254,1,0,False,2700,0.7772020725388601
2203,535,314,1,0,False,2701,0.7774899251583189
2204,535,470,1,0,False,2702,0.7777777777777778
2205,535,650,1,0,False,2703,0.7780656303972366
2206,536,306,1,0,False,2704,0.7783534830166955
2207,536,546,1,0,False,2705,0.7786413356361543
2208,537,202,1,1,False,2706,0.7789291882556131
2209,537,388,1,0,False,2707,0.7792170408750719
2210,537,440,1,0,False,2708,0.7795048934945308
2211,537,535,1,0,False,2709,0.7797927461139896
2212,537,562,1,0,False,2710,0.7800805987334485
2213,537,612,1,0,False,2711,0.7803684513529073
2214,538,140,1,0,False,2712,0.7806563039723662
2215,538,174,1,0,False,2713,0.780944156591825
2216,538,355,1,0,False,2714,0.7812320092112838
2217,538,559,1,0,False,2715,0.7815198618307426
2218,538,725,1,0,False,2716,0.7818077144502015
2219,539,235,1,0,False,2717,0.7820955670696603
2220,539,303,1,0,False,2718,0.7823834196891192
2221,540,17,1,0,False,2719,0.782671272308578
2222,540,112,1,0,False,2720,0.7829591249280369
2223,540,292,1,0,False,2721,0.7832469775474957
2224,540,384,1,0,False,2722,0.7835348301669545
2225,540,533,1,0,False,2723,0.7838226827864133
2226,540,714,1,0,False,2724,0.7841105354058722
2227,541,433,1,0,False,2725,0.784398388025331
2228,541,481,1,1,False,2726,0.7846862406447899
2229,541,512,1,0,False,2727,0.7849740932642487
2230,541,733,1,0,False,2728,0.7852619458837076
2231,542,148,1,0,False,2729,0.7855497985031664
2232,542,526,1,0,False,2730,0.7858376511226253
2233,543,69,1,0,False,2731,0.786125503742084
2234,543,274,1,0,False,2732,0.7864133563615429
2235,543,324,1,0,False,2733,0.7867012089810017
2236,543,448,1,0,False,2734,0.7869890616004606
2237,543,525,1,0,False,2735,0.7872769142199194
2238,543,571,1,1,False,2736,0.7875647668393783
2239,543,598,1,0,False,2737,0.7878526194588371
2240,543,611,1,0,False,2738,0.788140472078296
2241,543,704,1,0,False,2739,0.7884283246977547
2242,543,741,1,0,False,2740,0.7887161773172136
2243,544,191,1,1,False,2741,0.7890040299366724
2244,544,511,1,0,False,2742,0.7892918825561313
2245,544,525,1,0,False,2743,0.7895797351755901
2246,544,599,1,0,False,2744,0.789867587795049
2247,544,660,1,0,False,2745,0.7901554404145078
2248,545,34,1,0,False,2746,0.7904432930339667
2249,545,581,1,0,False,2747,0.7907311456534254
2250,546,278,1,0,False,2748,0.7910189982728842
2251,546,362,1,0,False,2749,0.7913068508923431
2252,547,90,1,0,False,2750,0.791594703511802
2253,547,170,1,0,False,2751,0.7918825561312608
2254,547,286,1,0,False,2752,0.7921704087507196
2255,547,481,1,0,False,2753,0.7924582613701785
2256,548,221,1,0,False,2754,0.7927461139896373
2257,550,23,1,0,False,2755,0.7930339666090962
2258,550,42,1,1,False,2756,0.7933218192285549
2259,550,202,1,0,False,2757,0.7936096718480138
2260,550,224,1,0,False,2758,0.7938975244674726
2261,550,314,1,0,False,2759,0.7941853770869315
2262,550,440,1,0,False,2760,0.7944732297063903
2263,550,480,1,0,False,2761,0.7947610823258492
2264,551,10,1,0,False,2762,0.795048934945308
2265,551,103,1,0,False,2763,0.7953367875647669
2266,551,107,1,0,False,2764,0.7956246401842256
2267,551,172,1,0,False,2765,0.7959124928036845
2268,551,402,1,0,False,2766,0.7962003454231433
2269,551,403,1,0,False,2767,0.7964881980426022
2270,552,326,1,0,False,2768,0.796776050662061
2271,552,411,1,0,False,2769,0.7970639032815199
2272,552,574,1,0,False,2770,0.7973517559009787
2273,554,255,1,0,False,2771,0.7976396085204376
2274,554,440,1,0,False,2772,0.7979274611398963
2275,554,537,1,0,False,2773,0.7982153137593552
2276,554,578,1,0,False,2774,0.798503166378814
2277,555,62,1,0,False,2775,0.7987910189982729
2278,555,158,1,0,False,2776,0.7990788716177317
2279,555,527,1,0,False,2777,0.7993667242371906
2280,555,728,1,0,False,2778,0.7996545768566494
2281,556,598,1,0,False,2779,0.7999424294761083
2282,557,245,1,0,False,2780,0.8002302820955671
2283,557,668,1,0,False,2781,0.8005181347150259
2284,558,345,1,0,False,2782,0.8008059873344847
2285,558,416,1,0,False,2783,0.8010938399539436
2286,558,635,1,1,False,2784,0.8013816925734024
2287,559,269,1,0,False,2785,0.8016695451928613
2288,559,383,1,0,False,2786,0.8019573978123201
2289,559,394,1,0,False,2787,0.802245250431779
2290,559,723,1,1,False,2788,0.8025331030512378
2291,560,54,1,0,False,2789,0.8028209556706966
2292,560,297,1,0,False,2790,0.8031088082901554
2293,560,346,1,0,False,2791,0.8033966609096143
2294,560,387,1,0,False,2792,0.8036845135290731
2295,560,516,1,0,False,2793,0.803972366148532
2296,560,584,1,0,False,2794,0.8042602187679908
2297,560,745,1,0,False,2795,0.8045480713874497
2298,561,197,1,0,False,2796,0.8048359240069085
2299,561,321,1,0,False,2797,0.8051237766263672
2300,561,339,1,0,False,2798,0.8054116292458261
2301,561,403,1,0,False,2799,0.805699481865285
2302,561,629,1,0,False,2800,0.8059873344847438
2303,561,637,1,0,False,2801,0.8062751871042027
2304,561,698,1,0,False,2802,0.8065630397236615
2305,562,321,1,0,False,2803,0.8068508923431204
2306,563,297,1,0,False,2804,0.8071387449625792
2307,563,425,1,0,False,2805,0.8074265975820379
2308,563,709,1,0,False,2806,0.8077144502014968
2309,564,178,1,0,False,2807,0.8080023028209556
2310,565,212,1,0,False,2808,0.8082901554404145
2311,565,463,1,0,False,2809,0.8085780080598733
2312,565,488,1,0,False,2810,0.8088658606793322
2313,565,509,1,0,False,2811,0.809153713298791
2314,565,678,1,0,False,2812,0.8094415659182499
2315,565,740,1,0,False,2813,0.8097294185377087
2316,566,252,1,0,False,2814,0.8100172711571675
2317,566,274,1,0,False,2815,0.8103051237766263
2318,566,449,1,0,False,2816,0.8105929763960852
2319,566,670,1,0,False,2817,0.810880829015544
2320,567,12,1,0,False,2818,0.8111686816350029
2321,567,257,1,0,False,2819,0.8114565342544617
2322,567,314,1,0,False,2820,0.8117443868739206
2323,567,395,1,0,False,2821,0.8120322394933794
2324,567,455,1,0,False,2822,0.8123200921128382
2325,567,507,1,0,False,2823,0.812607944732297
2326,568,242,1,0,False,2824,0.8128957973517559
2327,568,541,1,3,False,2825,0.8131836499712147
2328,568,664,1,0,False,2826,0.8134715025906736
2329,569,339,1,0,False,2827,0.8137593552101324
2330,569,353,1,0,False,2828,0.8140472078295913
2331,569,405,1,0,False,2829,0.8143350604490501
2332,569,561,1,2,False,2830,0.8146229130685089
2333,569,674,1,0,False,2831,0.8149107656879677
2334,570,55,1,0,False,2832,0.8151986183074266
2335,570,605,1,0,False,2833,0.8154864709268854
2336,571,143,1,0,False,2834,0.8157743235463443
2337,571,213,1,2,False,2835,0.8160621761658031
2338,571,308,1,0,False,2836,0.816350028785262
2339,571,396,1,0,False,2837,0.8166378814047208
2340,571,543,1,1,False,2838,0.8169257340241797
2341,573,444,1,0,False,2839,0.8172135866436384
2342,574,2,1,0,False,2840,0.8175014392630973
2343,574,237,1,0,False,2841,0.8177892918825561
2344,574,343,1,0,False,2842,0.818077144502015
2345,574,471,1,0,False,2843,0.8183649971214738
2346,574,533,1,0,False,2844,0.8186528497409327
2347,574,653,1,0,False,2845,0.8189407023603915
2348,574,720,1,0,False,2846,0.8192285549798504
2349,575,135,1,0,False,2847,0.8195164075993091
2350,576,306,1,0,False,2848,0.819804260218768
2351,576,740,1,0,False,2849,0.8200921128382268
2352,577,658,1,0,False,2850,0.8203799654576857
2353,579,290,1,2,False,2851,0.8206678180771445
2354,581,72,1,0,False,2852,0.8209556706966034
2355,582,487,1,0,False,2853,0.8212435233160622
2356,582,514,1,0,False,2854,0.8215313759355211
2357,583,389,1,0,False,2855,0.8218192285549798
2358,583,675,1,0,False,2856,0.8221070811744386
2359,584,319,1,0,False,2857,0.8223949337938975
2360,584,350,1,0,False,2858,0.8226827864133563
2361,584,363,1,0,False,2859,0.8229706390328152
2362,584,704,1,0,False,2860,0.823258491652274
2363,584,709,1,0,False,2861,0.8235463442717329
2364,585,132,1,0,False,2862,0.8238341968911918
2365,585,432,1,0,False,2863,0.8241220495106506
2366,585,656,1,0,False,2864,0.8244099021301093
2367,586,75,1,0,False,2865,0.8246977547495682
2368,587,61,1,0,False,2866,0.824985607369027
2369,587,88,1,0,False,2867,0.8252734599884859
2370,587,196,1,0,False,2868,0.8255613126079447
2371,587,221,1,0,False,2869,0.8258491652274036
2372,587,383,1,0,False,2870,0.8261370178468624
2373,587,464,1,0,False,2871,0.8264248704663213
2374,587,522,1,0,False,2872,0.82671272308578
2375,587,526,1,0,False,2873,0.8270005757052389
2376,588,241,1,0,False,2874,0.8272884283246977
2377,588,584,1,0,False,2875,0.8275762809441566
2378,589,59,1,0,False,2876,0.8278641335636154
2379,589,350,1,0,False,2877,0.8281519861830743
2380,589,591,1,0,False,2878,0.8284398388025331
2381,590,331,1,0,False,2879,0.828727691421992
2382,591,20,1,0,False,2880,0.8290155440414507
2383,591,25,1,0,False,2881,0.8293033966609096
2384,591,260,1,0,False,2882,0.8295912492803684
2385,591,540,1,0,False,2883,0.8298791018998273
2386,593,173,1,0,False,2884,0.8301669545192861
2387,593,708,1,0,False,2885,0.830454807138745
2388,594,6,1,0,False,2886,0.8307426597582038
2389,594,40,1,0,False,2887,0.8310305123776627
2390,594,51,1,0,False,2888,0.8313183649971215
2391,594,313,1,0,False,2889,0.8316062176165803
2392,594,419,1,0,False,2890,0.8318940702360391
2393,594,590,1,0,False,2891,0.832181922855498
2394,594,600,1,0,False,2892,0.8324697754749568
2395,594,608,1,0,False,2893,0.8327576280944157
2396,594,648,1,0,False,2894,0.8330454807138745
2397,595,15,1,0,False,2895,0.8333333333333334
2398,595,236,1,0,False,2896,0.8336211859527922
2399,595,723,1,0,False,2897,0.833909038572251
2400,596,17,1,1,False,2898,0.8341968911917098
2401,596,42,1,0,False,2899,0.8344847438111687
2402,596,114,1,0,False,2900,0.8347725964306275
2403,596,151,1,2,False,2901,0.8350604490500864
2404,596,218,1,0,False,2902,0.8353483016695452
2405,596,335,1,2,False,2903,0.8356361542890041
2406,596,403,1,0,False,2904,0.8359240069084629
2407,596,452,1,0,False,2905,0.8362118595279217
2408,596,648,1,1,False,2906,0.8364997121473805
2409,597,149,1,0,False,2907,0.8367875647668394
2410,597,483,1,0,False,2908,0.8370754173862982
2411,597,558,1,0,False,2909,0.837363270005757
2412,597,621,1,0,False,2910,0.8376511226252159
2413,598,279,1,0,False,2911,0.8379389752446748
2414,598,565,1,0,False,2912,0.8382268278641336
2415,598,613,1,0,False,2913,0.8385146804835925
2416,599,52,1,0,False,2914,0.8388025331030512
2417,599,228,1,0,False,2915,0.83909038572251
2418,599,611,1,0,False,2916,0.8393782383419689
2419,599,675,1,0,False,2917,0.8396660909614277
2420,600,38,1,0,False,2918,0.8399539435808866
2421,601,26,1,0,False,2919,0.8402417962003454
2422,601,604,1,0,False,2920,0.8405296488198043
2423,601,629,1,0,False,2921,0.8408175014392631
2424,602,73,1,0,False,2922,0.8411053540587219
2425,602,155,1,0,False,2923,0.8413932066781807
2426,602,246,1,0,False,2924,0.8416810592976396
2427,602,708,1,2,False,2925,0.8419689119170984
2428,603,6,1,0,False,2926,0.8422567645365573
2429,603,80,1,1,False,2927,0.8425446171560161
2430,603,151,1,0,False,2928,0.842832469775475
2431,603,304,1,0,False,2929,0.8431203223949338
2432,603,380,1,0,False,2930,0.8434081750143926
2433,603,470,1,0,False,2931,0.8436960276338514
2434,603,594,1,0,False,2932,0.8439838802533103
2435,603,601,1,2,False,2933,0.8442717328727691
2436,604,21,1,0,False,2934,0.844559585492228
2437,604,26,1,0,False,2935,0.8448474381116868
2438,604,175,1,0,False,2936,0.8451352907311457
2439,604,386,1,0,False,2937,0.8454231433506045
2440,605,24,1,0,False,2938,0.8457109959700633
2441,605,332,1,0,False,2939,0.8459988485895221
2442,605,339,1,0,False,2940,0.846286701208981
2443,605,602,1,0,False,2941,0.8465745538284398
2444,605,691,1,0,False,2942,0.8468624064478987
2445,606,219,1,0,False,2943,0.8471502590673575
2446,606,236,1,1,False,2944,0.8474381116868164
2447,606,306,1,0,False,2945,0.8477259643062752
2448,606,310,1,0,False,2946,0.8480138169257341
2449,606,418,1,0,False,2947,0.8483016695451928
2450,606,456,1,0,False,2948,0.8485895221646517
2451,606,536,1,0,False,2949,0.8488773747841105
2452,606,543,1,0,False,2950,0.8491652274035694
2453,606,559,1,0,False,2951,0.8494530800230282
2454,606,605,1,0,False,2952,0.8497409326424871
2455,606,620,1,0,False,2953,0.8500287852619459
2456,607,71,1,0,False,2954,0.8503166378814048
2457,607,362,1,0,False,2955,0.8506044905008635
2458,607,432,1,0,False,2956,0.8508923431203224
2459,608,405,1,0,False,2957,0.8511801957397812
2460,608,408,1,0,False,2958,0.8514680483592401
2461,608,413,1,0,False,2959,0.8517559009786989
2462,608,460,1,0,False,2960,0.8520437535981578
2463,609,20,1,0,False,2961,0.8523316062176166
2464,609,39,1,0,False,2962,0.8526194588370755
2465,609,281,1,0,False,2963,0.8529073114565342
2466,610,39,1,0,False,2964,0.853195164075993
2467,610,255,1,0,False,2965,0.8534830166954519
2468,610,535,1,0,False,2966,0.8537708693149108
2469,610,612,1,0,False,2967,0.8540587219343696
2470,610,636,1,0,False,2968,0.8543465745538285
2471,611,14,1,0,False,2969,0.8546344271732873
2472,611,254,1,0,False,2970,0.8549222797927462
2473,611,327,1,0,False,2971,0.855210132412205
2474,611,448,1,0,False,2972,0.8554979850316637
2475,611,525,1,0,False,2973,0.8557858376511226
2476,611,671,1,0,False,2974,0.8560736902705814
2477,611,680,1,0,False,2975,0.8563615428900403
2478,612,112,1,0,False,2976,0.8566493955094991
2479,612,202,1,0,False,2977,0.856937248128958
2480,612,370,1,0,False,2978,0.8572251007484168
2481,612,633,1,0,False,2979,0.8575129533678757
2482,612,687,1,0,False,2980,0.8578008059873344
2483,613,213,1,0,False,2981,0.8580886586067933
2484,613,330,1,0,False,2982,0.8583765112262521
2485,613,331,1,0,False,2983,0.858664363845711
2486,613,344,1,0,False,2984,0.8589522164651698
2487,613,686,1,0,False,2985,0.8592400690846287
2488,613,737,1,0,False,2986,0.8595279217040875
2489,614,174,1,1,False,2987,0.8598157743235464
2490,614,526,1,0,False,2988,0.8601036269430051
2491,614,544,1,0,False,2989,0.860391479562464
2492,615,103,1,0,False,2990,0.8606793321819228
2493,615,120,1,3,False,2991,0.8609671848013817
2494,615,166,1,0,False,2992,0.8612550374208405
2495,616,265,1,0,False,2993,0.8615428900402994
2496,616,368,1,0,False,2994,0.8618307426597582
2497,617,70,1,0,False,2995,0.8621185952792171
2498,617,147,1,0,False,2996,0.8624064478986759
2499,618,137,1,0,False,2997,0.8626943005181347
2500,618,521,1,0,False,2998,0.8629821531375935
2501,618,655,1,2,False,2999,0.8632700057570524
2502,619,334,1,0,False,3000,0.8635578583765112
2503,619,335,1,0,False,3001,0.8638457109959701
2504,619,403,1,0,False,3002,0.8641335636154289
2505,619,605,1,0,False,3003,0.8644214162348878
2506,619,714,1,0,False,3004,0.8647092688543466
2507,620,266,1,0,False,3005,0.8649971214738054
2508,621,92,1,0,False,3006,0.8652849740932642
2509,621,509,1,0,False,3007,0.8655728267127231
2510,621,625,1,0,False,3008,0.8658606793321819
2511,621,749,1,0,False,3009,0.8661485319516408
2512,623,359,1,0,False,3010,0.8664363845710996
2513,625,344,1,0,False,3011,0.8667242371905585
2514,625,641,1,0,False,3012,0.8670120898100173
2515,625,686,1,1,False,3013,0.8672999424294761
2516,625,736,1,0,False,3014,0.8675877950489349
2517,626,111,1,0,False,3015,0.8678756476683938
2518,626,135,1,0,False,3016,0.8681635002878526
2519,626,241,1,0,False,3017,0.8684513529073115
2520,626,390,1,0,False,3018,0.8687392055267703
2521,627,158,1,0,False,3019,0.8690270581462292
2522,627,182,1,0,False,3020,0.869314910765688
2523,627,574,1,0,False,3021,0.8696027633851469
2524,627,636,1,0,False,3022,0.8698906160046056
2525,627,726,1,1,False,3023,0.8701784686240644
2526,628,400,1,0,False,3024,0.8704663212435233
2527,629,21,1,0,False,3025,0.8707541738629822
2528,629,239,1,0,False,3026,0.871042026482441
2529,629,304,1,0,False,3027,0.8713298791018999
2530,629,476,1,0,False,3028,0.8716177317213587
2531,629,569,1,0,False,3029,0.8719055843408176
2532,629,604,1,0,False,3030,0.8721934369602763
2533,632,191,1,0,False,3031,0.8724812895797351
2534,632,438,1,1,False,3032,0.872769142199194
2535,632,456,1,0,False,3033,0.8730569948186528
2536,632,525,1,0,False,3034,0.8733448474381117
2537,633,104,1,0,False,3035,0.8736327000575705
2538,633,167,1,0,False,3036,0.8739205526770294
2539,633,203,1,0,False,3037,0.8742084052964882
2540,633,264,1,4,False,3038,0.874496257915947
2541,633,446,1,1,False,3039,0.8747841105354058
2542,634,135,1,0,False,3040,0.8750719631548647
2543,635,112,1,0,False,3041,0.8753598157743235
2544,635,219,1,1,False,3042,0.8756476683937824
2545,635,558,1,1,False,3043,0.8759355210132412
2546,635,732,1,0,False,3044,0.8762233736327001
2547,636,53,1,0,False,3045,0.8765112262521589
2548,636,424,1,1,False,3046,0.8767990788716177
2549,636,516,1,0,False,3047,0.8770869314910765
2550,636,745,1,0,False,3048,0.8773747841105354
2551,637,42,1,0,False,3049,0.8776626367299942
2552,637,202,1,0,False,3050,0.8779504893494531
2553,637,204,1,0,False,3051,0.8782383419689119
2554,637,314,1,2,False,3052,0.8785261945883708
2555,637,322,1,0,False,3053,0.8788140472078296
2556,637,336,1,0,False,3054,0.8791018998272885
2557,637,693,1,0,False,3055,0.8793897524467472
2558,638,501,1,0,False,3056,0.8796776050662061
2559,638,590,1,0,False,3057,0.8799654576856649
2560,639,53,1,0,False,3058,0.8802533103051238
2561,639,456,1,0,False,3059,0.8805411629245826
2562,639,691,1,0,False,3060,0.8808290155440415
2563,640,34,1,0,False,3061,0.8811168681635003
2564,640,74,1,0,False,3062,0.8814047207829592
2565,640,95,1,1,False,3063,0.8816925734024179
2566,640,167,1,0,False,3064,0.8819804260218768
2567,640,335,1,0,False,3065,0.8822682786413356
2568,640,420,1,0,False,3066,0.8825561312607945
2569,640,447,1,0,False,3067,0.8828439838802533
2570,640,469,1,0,False,3068,0.8831318364997122
2571,641,278,1,0,False,3069,0.883419689119171
2572,641,355,1,0,False,3070,0.8837075417386299
2573,641,396,1,0,False,3071,0.8839953943580886
2574,642,83,1,1,False,3072,0.8842832469775475
2575,642,304,1,0,False,3073,0.8845710995970063
2576,642,353,1,0,False,3074,0.8848589522164652
2577,642,386,1,0,False,3075,0.885146804835924
2578,642,402,1,0,False,3076,0.8854346574553829
2579,644,72,1,1,False,3077,0.8857225100748417
2580,644,159,1,0,False,3078,0.8860103626943006
2581,644,581,1,0,False,3079,0.8862982153137594
2582,644,689,1,0,False,3080,0.8865860679332181
2583,645,362,1,0,False,3081,0.886873920552677
2584,645,400,1,0,False,3082,0.8871617731721358
2585,645,658,1,0,False,3083,0.8874496257915947
2586,646,164,1,0,False,3084,0.8877374784110535
2587,647,93,1,0,False,3085,0.8880253310305124
2588,647,258,1,1,False,3086,0.8883131836499712
2589,647,333,1,0,False,3087,0.8886010362694301
2590,647,394,1,0,False,3088,0.8888888888888888
2591,647,442,1,0,False,3089,0.8891767415083477
2592,647,702,1,0,False,3090,0.8894645941278065
2593,648,5,1,0,False,3091,0.8897524467472654
2594,648,53,1,0,False,3092,0.8900402993667242
2595,648,168,1,0,False,3093,0.8903281519861831
2596,648,313,1,0,False,3094,0.8906160046056419
2597,648,352,1,0,False,3095,0.8909038572251008
2598,648,458,1,0,False,3096,0.8911917098445595
2599,648,551,1,0,False,3097,0.8914795624640184
2600,648,596,1,1,False,3098,0.8917674150834772
2601,648,603,1,2,False,3099,0.8920552677029361
2602,648,714,1,0,False,3100,0.8923431203223949
2603,649,499,1,0,False,3101,0.8926309729418538
2604,650,330,1,0,False,3102,0.8929188255613126
2605,650,584,1,0,False,3103,0.8932066781807715
2606,650,669,1,0,False,3104,0.8934945308002303
2607,651,433,1,0,False,3105,0.8937823834196891
2608,651,626,1,0,False,3106,0.8940702360391479
2609,652,560,1,0,False,3107,0.8943580886586068
2610,653,38,1,0,False,3108,0.8946459412780656
2611,653,132,1,0,False,3109,0.8949337938975245
2612,653,505,1,0,False,3110,0.8952216465169833
2613,654,439,1,0,False,3111,0.8955094991364422
2614,654,644,1,0,False,3112,0.895797351755901
2615,655,507,1,0,False,3113,0.8960852043753598
2616,655,647,1,0,False,3114,0.8963730569948186
2617,656,86,1,0,False,3115,0.8966609096142775
2618,656,141,1,0,False,3116,0.8969487622337363
2619,656,246,1,0,False,3117,0.8972366148531952
2620,656,310,1,2,False,3118,0.897524467472654
2621,656,364,1,0,False,3119,0.8978123200921129
2622,656,503,1,0,False,3120,0.8981001727115717
2623,656,538,1,0,False,3121,0.8983880253310305
2624,656,558,1,0,False,3122,0.8986758779504893
2625,656,566,1,0,False,3123,0.8989637305699482
2626,656,576,1,0,False,3124,0.899251583189407
2627,657,63,1,0,False,3125,0.8995394358088659
2628,657,477,1,2,False,3126,0.8998272884283247
2629,657,674,1,0,False,3127,0.9001151410477836
2630,657,698,1,0,False,3128,0.9004029936672424
2631,658,474,1,0,False,3129,0.9006908462867013
2632,659,306,1,0,False,3130,0.90097869890616
2633,659,427,1,0,False,3131,0.9012665515256189
2634,660,184,1,0,False,3132,0.9015544041450777
2635,660,211,1,0,False,3133,0.9018422567645366
2636,660,365,1,0,False,3134,0.9021301093839954
2637,661,492,1,0,False,3135,0.9024179620034543
2638,662,12,1,0,False,3136,0.9027058146229131
2639,662,517,1,0,False,3137,0.902993667242372
2640,663,312,1,0,False,3138,0.9032815198618307
2641,663,432,1,0,False,3139,0.9035693724812895
2642,663,526,1,0,False,3140,0.9038572251007484
2643,663,546,1,0,False,3141,0.9041450777202072
2644,664,267,1,0,False,3142,0.9044329303396661
2645,664,296,1,0,False,3143,0.904720782959125
2646,664,322,1,0,False,3144,0.9050086355785838
2647,664,748,1,0,False,3145,0.9052964881980426
2648,665,439,1,0,False,3146,0.9055843408175014
2649,665,531,1,0,False,3147,0.9058721934369602
2650,666,359,1,0,False,3148,0.9061600460564191
2651,666,547,1,0,False,3149,0.9064478986758779
2652,667,24,1,0,False,3150,0.9067357512953368
2653,667,31,1,0,False,3151,0.9070236039147956
2654,667,216,1,0,False,3152,0.9073114565342545
2655,667,236,1,0,False,3153,0.9075993091537133
2656,667,246,1,0,False,3154,0.9078871617731722
2657,667,555,1,0,False,3155,0.9081750143926309
2658,667,677,1,1,False,3156,0.9084628670120898
2659,668,70,1,0,False,3157,0.9087507196315486
2660,668,86,1,0,False,3158,0.9090385722510075
2661,668,211,1,0,False,3159,0.9093264248704663
2662,668,232,1,0,False,3160,0.9096142774899252
2663,668,273,1,0,False,3161,0.909902130109384
2664,668,349,1,0,False,3162,0.9101899827288429
2665,668,364,1,0,False,3163,0.9104778353483016
2666,668,407,1,0,False,3164,0.9107656879677605
2667,668,492,1,0,False,3165,0.9110535405872193
2668,668,605,1,0,False,3166,0.9113413932066782
2669,668,617,1,0,False,3167,0.911629245826137
2670,669,488,1,0,False,3168,0.9119170984455959
2671,669,602,1,0,False,3169,0.9122049510650547
2672,669,679,1,0,False,3170,0.9124928036845136
2673,669,740,1,0,False,3171,0.9127806563039723
2674,670,680,1,0,False,3172,0.9130685089234312
2675,670,749,1,0,False,3173,0.91335636154289
2676,671,300,1,0,False,3174,0.9136442141623489
2677,671,310,1,0,False,3175,0.9139320667818077
2678,671,432,1,0,False,3176,0.9142199194012666
2679,671,723,1,0,False,3177,0.9145077720207254
2680,672,67,1,0,False,3178,0.9147956246401843
2681,672,408,1,0,False,3179,0.915083477259643
2682,673,71,1,0,False,3180,0.9153713298791019
2683,673,411,1,0,False,3181,0.9156591824985607
2684,673,503,1,0,False,3182,0.9159470351180196
2685,673,549,1,0,False,3183,0.9162348877374784
2686,673,669,1,0,False,3184,0.9165227403569373
2687,674,67,1,0,False,3185,0.9168105929763961
2688,674,199,1,0,False,3186,0.917098445595855
2689,674,600,1,0,False,3187,0.9173862982153138
2690,675,2,1,1,False,3188,0.9176741508347726
2691,675,53,1,0,False,3189,0.9179620034542314
2692,675,181,1,0,False,3190,0.9182498560736903
2693,675,225,1,0,False,3191,0.9185377086931491
2694,675,298,1,0,False,3192,0.918825561312608
2695,675,454,1,0,False,3193,0.9191134139320668
2696,675,493,1,1,False,3194,0.9194012665515257
2697,675,730,1,0,False,3195,0.9196891191709845
2698,676,53,1,0,False,3196,0.9199769717904432
2699,676,101,1,0,False,3197,0.9202648244099021
2700,676,245,1,0,False,3198,0.9205526770293609
2701,676,314,1,0,False,3199,0.9208405296488198
2702,676,316,1,0,False,3200,0.9211283822682786
2703,676,534,1,0,False,3201,0.9214162348877375
2704,677,197,1,0,False,3202,0.9217040875071963
2705,677,660,1,0,False,3203,0.9219919401266552
2706,677,667,1,1,False,3204,0.9222797927461139
2707,677,669,1,0,False,3205,0.9225676453655728
2708,678,69,1,0,False,3206,0.9228554979850316
2709,678,577,1,0,False,3207,0.9231433506044905
2710,679,132,1,1,False,3208,0.9234312032239493
2711,679,290,1,0,False,3209,0.9237190558434082
2712,680,346,1,0,False,3210,0.924006908462867
2713,680,736,1,0,False,3211,0.9242947610823259
2714,681,38,1,0,False,3212,0.9245826137017847
2715,681,157,1,0,False,3213,0.9248704663212435
2716,682,63,1,0,False,3214,0.9251583189407023
2717,682,130,1,0,False,3215,0.9254461715601612
2718,682,276,1,0,False,3216,0.92573402417962
2719,682,510,1,0,False,3217,0.9260218767990789
2720,682,698,1,0,False,3218,0.9263097294185377
2721,683,138,1,0,False,3219,0.9265975820379966
2722,683,291,1,0,False,3220,0.9268854346574554
2723,683,493,1,0,False,3221,0.9271732872769142
2724,683,600,1,0,False,3222,0.927461139896373
2725,683,693,1,0,False,3223,0.9277489925158319
2726,684,18,1,0,False,3224,0.9280368451352907
2727,684,47,1,0,False,3225,0.9283246977547496
2728,684,431,1,0,False,3226,0.9286125503742084
2729,685,621,1,0,False,3227,0.9289004029936673
2730,686,355,1,0,False,3228,0.9291882556131261
2731,686,455,1,0,False,3229,0.9294761082325849
2732,686,467,1,0,False,3230,0.9297639608520437
2733,686,625,1,1,False,3231,0.9300518134715026
2734,686,641,1,0,False,3232,0.9303396660909614
2735,687,297,1,0,False,3233,0.9306275187104203
2736,687,399,1,1,False,3234,0.9309153713298791
2737,687,609,1,0,False,3235,0.931203223949338
2738,687,715,1,0,False,3236,0.9314910765687968
2739,688,647,1,0,False,3237,0.9317789291882557
2740,688,712,1,0,False,3238,0.9320667818077144
2741,688,733,1,0,False,3239,0.9323546344271733
2742,689,493,1,0,False,3240,0.9326424870466321
2743,689,621,1,0,False,3241,0.932930339666091
2744,690,101,1,0,False,3242,0.9332181922855498
2745,690,177,1,0,False,3243,0.9335060449050087
2746,690,506,1,0,False,3244,0.9337938975244675
2747,690,525,1,0,False,3245,0.9340817501439264
2748,690,570,1,0,False,3246,0.9343696027633851
2749,692,152,1,0,False,3247,0.934657455382844
2750,692,168,1,0,False,3248,0.9349453080023028
2751,693,18,1,0,False,3249,0.9352331606217616
2752,694,17,1,0,False,3250,0.9355210132412205
2753,694,91,1,0,False,3251,0.9358088658606794
2754,694,393,1,0,False,3252,0.9360967184801382
2755,695,13,1,0,False,3253,0.936384571099597
2756,695,317,1,0,False,3254,0.9366724237190558
2757,695,394,1,0,False,3255,0.9369602763385146
2758,696,211,1,0,False,3256,0.9372481289579735
2759,696,587,1,0,False,3257,0.9375359815774323
2760,696,683,1,0,False,3258,0.9378238341968912
2761,697,634,1,0,False,3259,0.93811168681635
2762,699,193,1,0,False,3260,0.9383995394358089
2763,699,306,1,0,False,3261,0.9386873920552677
2764,700,329,1,0,False,3262,0.9389752446747266
2765,700,469,1,0,False,3263,0.9392630972941853
2766,700,709,1,0,False,3264,0.9395509499136442
2767,703,24,1,0,False,3265,0.939838802533103
2768,703,298,1,0,False,3266,0.9401266551525619
2769,703,592,1,0,False,3267,0.9404145077720207
2770,704,13,1,0,False,3268,0.9407023603914796
2771,706,31,1,0,False,3269,0.9409902130109384
2772,706,148,1,0,False,3270,0.9412780656303973
2773,706,217,1,0,False,3271,0.941565918249856
2774,706,570,1,0,False,3272,0.9418537708693149
2775,706,632,1,0,False,3273,0.9421416234887737
2776,707,58,1,0,False,3274,0.9424294761082326
2777,707,69,1,0,False,3275,0.9427173287276914
2778,707,177,1,0,False,3276,0.9430051813471503
2779,707,236,1,0,False,3277,0.9432930339666091
2780,707,275,1,0,False,3278,0.943580886586068
2781,707,279,1,0,False,3279,0.9438687392055267
2782,707,311,1,0,False,3280,0.9441565918249856
2783,707,613,1,0,False,3281,0.9444444444444444
2784,707,621,1,0,False,3282,0.9447322970639033
2785,707,663,1,0,False,3283,0.9450201496833621
2786,707,668,1,0,False,3284,0.945308002302821
2787,707,673,1,0,False,3285,0.9455958549222798
2788,707,696,1,0,False,3286,0.9458837075417387
2789,707,728,1,0,False,3287,0.9461715601611975
2790,708,155,1,0,False,3288,0.9464594127806563
2791,708,196,1,1,False,3289,0.9467472654001151
2792,708,653,1,0,False,3290,0.947035118019574
2793,708,740,1,0,False,3291,0.9473229706390328
2794,710,77,1,0,False,3292,0.9476108232584917
2795,710,250,1,0,False,3293,0.9478986758779505
2796,711,72,1,0,False,3294,0.9481865284974094
2797,711,737,1,0,False,3295,0.9484743811168682
2798,712,94,1,0,False,3296,0.948762233736327
2799,712,263,1,0,False,3297,0.9490500863557858
2800,712,435,1,0,False,3298,0.9493379389752447
2801,712,655,1,0,False,3299,0.9496257915947035
2802,712,724,1,0,False,3300,0.9499136442141624
2803,713,28,1,0,False,3301,0.9502014968336212
2804,713,584,1,0,False,3302,0.9504893494530801
2805,714,292,1,0,False,3303,0.9507772020725389
2806,714,428,1,0,False,3304,0.9510650546919976
2807,714,578,1,0,False,3305,0.9513529073114565
2808,714,636,1,0,False,3306,0.9516407599309153
2809,714,671,1,0,False,3307,0.9519286125503742
2810,714,704,1,0,False,3308,0.952216465169833
2811,715,112,1,0,False,3309,0.9525043177892919
2812,715,592,1,0,False,3310,0.9527921704087507
2813,717,430,1,0,False,3311,0.9530800230282096
2814,717,677,1,0,False,3312,0.9533678756476683
2815,717,734,1,0,False,3313,0.9536557282671272
2816,718,636,1,0,False,3314,0.953943580886586
2817,718,743,1,0,False,3315,0.9542314335060449
2818,719,65,1,0,False,3316,0.9545192861255037
2819,719,286,1,0,False,3317,0.9548071387449626
2820,719,359,1,1,False,3318,0.9550949913644214
2821,719,381,1,0,False,3319,0.9553828439838803
2822,720,171,1,0,False,3320,0.9556706966033391
2823,720,205,1,0,False,3321,0.9559585492227979
2824,720,344,1,0,False,3322,0.9562464018422567
2825,720,358,1,0,False,3323,0.9565342544617156
2826,720,525,1,0,False,3324,0.9568221070811744
2827,720,696,1,0,False,3325,0.9571099597006333
2828,720,707,1,0,False,3326,0.9573978123200921
2829,721,18,1,0,False,3327,0.957685664939551
2830,721,20,1,0,False,3328,0.9579735175590098
2831,721,93,1,0,False,3329,0.9582613701784686
2832,721,128,1,0,False,3330,0.9585492227979274
2833,721,517,1,1,False,3331,0.9588370754173863
2834,721,610,1,0,False,3332,0.9591249280368451
2835,721,637,1,3,False,3333,0.959412780656304
2836,723,15,1,0,False,3334,0.9597006332757628
2837,723,28,1,0,False,3335,0.9599884858952217
2838,723,97,1,0,False,3336,0.9602763385146805
2839,723,134,1,0,False,3337,0.9605641911341393
2840,723,191,1,0,False,3338,0.9608520437535981
2841,723,559,1,1,False,3339,0.961139896373057
2842,723,726,1,0,False,3340,0.9614277489925158
2843,724,282,1,0,False,3341,0.9617156016119747
2844,724,435,1,0,False,3342,0.9620034542314335
2845,725,86,1,2,False,3343,0.9622913068508924
2846,725,140,1,0,False,3344,0.9625791594703512
2847,725,272,1,0,False,3345,0.9628670120898101
2848,725,353,1,0,False,3346,0.9631548647092688
2849,725,526,1,1,False,3347,0.9634427173287277
2850,725,585,1,0,False,3348,0.9637305699481865
2851,725,734,1,0,False,3349,0.9640184225676454
2852,726,61,1,0,False,3350,0.9643062751871042
2853,726,290,1,0,False,3351,0.9645941278065631
2854,726,314,1,0,False,3352,0.9648819804260219
2855,726,387,1,0,False,3353,0.9651698330454808
2856,726,509,1,0,False,3354,0.9654576856649395
2857,726,627,1,1,False,3355,0.9657455382843984
2858,726,645,1,0,False,3356,0.9660333909038572
2859,726,678,1,0,False,3357,0.966321243523316
2860,726,717,1,0,False,3358,0.9666090961427749
2861,727,133,1,0,False,3359,0.9668969487622338
2862,728,48,1,0,False,3360,0.9671848013816926
2863,728,55,1,0,False,3361,0.9674726540011515
2864,728,69,1,0,False,3362,0.9677605066206102
2865,728,126,1,0,False,3363,0.968048359240069
2866,728,237,1,0,False,3364,0.9683362118595279
2867,728,252,1,0,False,3365,0.9686240644789867
2868,728,286,1,0,False,3366,0.9689119170984456
2869,728,416,1,0,False,3367,0.9691997697179044
2870,728,429,1,0,False,3368,0.9694876223373633
2871,728,503,1,0,False,3369,0.9697754749568221
2872,728,570,1,0,False,3370,0.970063327576281
2873,728,597,1,0,False,3371,0.9703511801957397
2874,728,669,1,0,False,3372,0.9706390328151986
2875,728,675,1,0,False,3373,0.9709268854346574
2876,729,38,1,0,False,3374,0.9712147380541163
2877,729,49,1,0,False,3375,0.9715025906735751
2878,729,284,1,0,False,3376,0.971790443293034
2879,729,523,1,0,False,3377,0.9720782959124928
2880,730,3,1,0,False,3378,0.9723661485319517
2881,730,18,1,0,False,3379,0.9726540011514104
2882,730,142,1,0,False,3380,0.9729418537708693
2883,730,211,1,0,False,3381,0.9732297063903281
2884,730,327,1,0,False,3382,0.973517559009787
2885,730,364,1,0,False,3383,0.9738054116292458
2886,730,365,1,0,False,3384,0.9740932642487047
2887,730,387,1,0,False,3385,0.9743811168681635
2888,730,441,1,1,False,3386,0.9746689694876224
2889,730,467,1,0,False,3387,0.9749568221070811
2890,730,473,1,0,False,3388,0.97524467472654
2891,730,509,1,0,False,3389,0.9755325273459988
2892,730,530,1,0,False,3390,0.9758203799654577
2893,730,592,1,0,False,3391,0.9761082325849165
2894,730,613,1,0,False,3392,0.9763960852043754
2895,730,635,1,0,False,3393,0.9766839378238342
2896,730,668,1,0,False,3394,0.9769717904432931
2897,731,125,1,0,False,3395,0.9772596430627519
2898,731,221,1,0,False,3396,0.9775474956822107
2899,731,365,1,0,False,3397,0.9778353483016695
2900,731,483,1,0,False,3398,0.9781232009211284
2901,731,590,1,0,False,3399,0.9784110535405872
2902,732,149,1,0,False,3400,0.9786989061600461
2903,732,498,1,0,False,3401,0.9789867587795049
2904,732,600,1,0,False,3402,0.9792746113989638
2905,732,683,1,0,False,3403,0.9795624640184226
2906,733,9,1,0,False,3404,0.9798503166378814
2907,733,112,1,0,False,3405,0.9801381692573402
2908,733,241,1,0,False,3406,0.9804260218767991
2909,733,278,1,0,False,3407,0.9807138744962579
2910,733,385,1,0,False,3408,0.9810017271157168
2911,733,403,1,0,False,3409,0.9812895797351756
2912,733,428,1,0,False,3410,0.9815774323546345
2913,733,453,1,0,False,3411,0.9818652849740933
2914,733,689,1,0,False,3412,0.982153137593552
2915,733,745,1,0,False,3413,0.9824409902130109
2916,734,140,1,0,False,3414,0.9827288428324698
2917,734,174,1,0,False,3415,0.9830166954519286
2918,734,225,1,1,False,3416,0.9833045480713875
2919,734,343,1,0,False,3417,0.9835924006908463
2920,734,457,1,3,False,3418,0.9838802533103052
2921,734,534,1,0,False,3419,0.984168105929764
2922,734,611,1,0,False,3420,0.9844559585492227
2923,735,141,1,0,False,3421,0.9847438111686816
2924,735,196,1,1,False,3422,0.9850316637881404
2925,735,213,1,0,False,3423,0.9853195164075993
2926,735,362,1,0,False,3424,0.9856073690270581
2927,735,384,1,0,False,3425,0.985895221646517
2928,735,436,1,0,False,3426,0.9861830742659758
2929,735,441,1,0,False,3427,0.9864709268854347
2930,735,511,1,0,False,3428,0.9867587795048935
2931,735,676,1,0,False,3429,0.9870466321243523
2932,736,271,1,0,False,3430,0.9873344847438111
2933,736,383,1,0,False,3431,0.98762233736327
2934,736,416,1,0,False,3432,0.9879101899827288
2935,737,53,1,0,False,3433,0.9881980426021877
2936,737,272,1,0,False,3434,0.9884858952216465
2937,737,518,1,1,False,3435,0.9887737478411054
2938,737,584,1,0,False,3436,0.9890616004605642
2939,738,329,1,1,False,3437,0.989349453080023
2940,738,388,1,0,False,3438,0.9896373056994818
2941,738,460,1,0,False,3439,0.9899251583189407
2942,740,501,1,0,False,3440,0.9902130109383995
2943,740,602,1,0,False,3441,0.9905008635578584
2944,740,678,1,0,False,3442,0.9907887161773172
2945,740,703,1,0,False,3443,0.9910765687967761
2946,741,38,1,0,False,3444,0.9913644214162349
2947,741,92,1,0,False,3445,0.9916522740356937
2948,741,101,1,0,False,3446,0.9919401266551525
2949,741,300,1,0,False,3447,0.9922279792746114
2950,741,308,1,0,False,3448,0.9925158318940702
2951,741,324,1,1,False,3449,0.9928036845135291
2952,741,396,1,0,False,3450,0.9930915371329879
2953,741,625,1,0,False,3451,0.9933793897524468
2954,741,686,1,0,False,3452,0.9936672423719056
2955,742,389,1,1,False,3453,0.9939550949913645
2956,742,511,1,0,False,3454,0.9942429476108232
2957,744,438,1,0,False,3455,0.9945308002302821
2958,744,611,1,0,False,3456,0.9948186528497409
2959,744,628,1,0,False,3457,0.9951065054691998
2960,744,673,1,0,False,3458,0.9953943580886586
2961,745,350,1,0,False,3459,0.9956822107081175
2962,745,378,1,0,False,3460,0.9959700633275763
2963,745,575,1,0,False,3461,0.9962579159470352
2964,745,584,1,0,False,3462,0.9965457685664939
2965,745,715,1,0,False,3463,0.9968336211859528
2966,746,19,1,0,False,3464,0.9971214738054116
2967,746,60,1,0,False,3465,0.9974093264248705
2968,746,110,1,0,False,3466,0.9976971790443293
2969,746,241,1,0,False,3467,0.9979850316637882
2970,746,276,1,0,False,3468,0.998272884283247
2971,746,381,1,1,False,3469,0.9985607369027059
2972,749,85,1,0,False,3470,0.9988485895221646
2973,749,430,1,0,False,3471,0.9991364421416234
2974,749,525,1,0,False,3472,0.9994242947610823
2975,749,632,1,0,False,3473,0.9997121473805411
2976,749,706,1,0,False,3474,1.0
