{
  "checkpoint": "outputs/s_oof_zero_001/seed42/checkpoints/best.pt",
  "checkpoint_sha256": "86cd65bbf63eb91779e404a4c6b0038adf8ab79cb1a2cc1855965898bea97d39",
  "val_csv": "outputs/d3_strict/seed42/val.csv",
  "val_csv_sha256": "607e019165912bb0639efb456b7e8dea122b3e8579a2344dedb8109798921eae",
  "config": "/home/lux1/noise/configs/s_oof_zero_001.yaml",
  "micro_accuracy": 0.690176322418136,
  "macro_accuracy": 0.6901476383209229,
  "median_per_class_accuracy": 0.7142857313156128,
  "bottom_10_percent_accuracy": 0.2965238094329834,
  "micro_macro_gap": 2.868409721312748e-05,
  "loss": 0.6014049348847808,
  "total_samples": 10322,
  "correct_samples": 7124,
  "checkpoint_epoch": 37,
  "checkpoint_best_val_acc": 0.690176322418136
}