image_path,label,original_prediction,v1_prediction,correction,regression
train/0000/095017bc930947d0917b451e527ea15b.jpg,0,746,0,1,0
train/0000/15a65bcdc6d14c35a7efac19b8f01900.jpg,0,0,0,0,0
train/0000/2b18c32f351d40d4a6b9648eb4386d90.jpg,0,0,0,0,0
train/0000/5c6b7f3aeb674e229415f30065dd3c05.jpg,0,0,0,0,0
train/0000/5ff6ffa046ba4a949ec932802367bab5.jpg,0,712,351,0,0
train/0000/615b199860ee48e3bdd3c19803276872.jpg,0,0,0,0,0
train/0000/638fa2177df54ca48a2d980e2e94c223.jpg,0,0,0,0,0
train/0000/72883462d7124f4bb54580a33b59ec0e.jpg,0,0,0,0,0
train/0000/7afe2a3bb1ee4beea42f4ef930af9df6.jpg,0,746,0,1,0
train/0000/849f942525134850af078f0fcae3557a.jpg,0,0,0,0,0
train/0000/893beb8424bc412c8afe8f747a482043.jpg,0,0,0,0,0
train/0000/8bba24cb8c114145b50cfc290eb6e200.jpg,0,0,0,0,0
train/0000/a7731ba51efb49f6a3916e57e9e18084.jpg,0,0,0,0,0
train/0000/b75eec0971ba4bdb9c4d8b681afcdf7f.jpg,0,646,646,0,0
train/0000/c0c6abf2db3241fa90f4eb668b10525e.jpg,0,0,0,0,0
train/0000/cabd866438bb4fadbb36cacf1fdd7e05.jpg,0,0,0,0,0
train/0000/cf545dd8fe534c96a0ea83c8ef0a1ba0.jpg,0,0,0,0,0
train/0000/d13ebc4fa85e4ec680de4eac5dc9d118.jpg,0,0,0,0,0
train/0000/d92f81116c8b4edc92dc66aa51d400e2.jpg,0,0,0,0,0
train/0000/e4539a471e634d76ac1cbced18fcd13d.jpg,0,0,0,0,0
train/0000/edd2886c02284465af1849ee5525b1e6.jpg,0,0,0,0,0
train/0000/f737bc1a1c6c492aa75d79183aa3f690.jpg,0,626,626,0,0
train/0000/fd9de16a5363460fb50bcc8bc25118b8.jpg,0,0,0,0,0
train/0000/ffabd10dc4674f79a2d60d7111ac07cb.jpg,0,0,0,0,0
train/0001/0097a25d04fa49fe943a7eb7eda40b23.jpg,1,1,169,0,1
train/0001/08dd67b04f2d4746ad9f5e5cfe4f620a.jpg,1,333,333,0,0
train/0001/12f06a970e7b42a3ac1fa3a9af6a96d2.jpg,1,277,223,0,0
train/0001/184e3b739f8a4947b13d1456dfa4d470.jpg,1,333,333,0,0
train/0001/1c1be9b5573b4d9e971a9ab1b8ebbaaa.jpg,1,1,168,0,1
train/0001/68187dca7fb049e8809f3b36608da166.jpg,1,1,333,0,1
train/0001/75f72fc9d4c64804a4217fa6262c9209.jpg,1,1,333,0,1
train/0001/7afd2ddcabbc46899b80051fb74cdf2d.jpg,1,444,444,0,0
train/0001/869631d484604b809797019ff542c646.jpg,1,169,169,0,0
train/0001/a73acbc7cbf84a4fac403b5f60ec72d2.jpg,1,333,333,0,0
train/0001/afa9d05ba1fc4afd8c26ab4e4eae0a6b.jpg,1,1,169,0,1
train/0001/b1d63060229e4df4b16ef59ee5f7c44c.jpg,1,1,168,0,1
train/0001/bd682d991d984b6c95812c8f5eacb237.jpg,1,333,333,0,0
train/0001/c0292e3f677f4ee4a0e3f52e64c2b014.jpg,1,1,169,0,1
train/0001/c2af280ac69c4bdea982498c512bc73b.jpg,1,1,333,0,1
train/0001/c4259720a2124ec9a2209977002421cc.jpg,1,333,333,0,0
train/0001/c45e763045cf4341a1938375f3a195cf.jpg,1,736,736,0,0
train/0001/d20c8f9a7e524b09ad6edb83436dcec9.jpg,1,1,169,0,1
train/0001/e4837854e4ed448db47406d91104ba12.jpg,1,1,434,0,1
train/0001/e4e5336378214af89c4763a2a16e7c95.jpg,1,1,169,0,1
train/0001/e7e5b9256a7f4b579746682b370371e9.jpg,1,434,98,0,0
train/0001/f5d0770947f54ccd9912e6feaec5eab6.jpg,1,169,169,0,0
train/0002/042f746fb6184c36b5f732dc969fb9ec.jpg,2,717,717,0,0
train/0002/093b0878762942efb28e4e0c4fa6408d.jpg,2,2,259,0,1
train/0002/21e82f6669a54e91960d7d0a389be2b9.jpg,2,2,583,0,1
train/0002/26fce90cd0e14a8088ba11eec964394d.jpg,2,675,675,0,0
train/0002/33220b0990d24159ac116dadbedc031f.jpg,2,2,2,0,0
train/0002/3cc29163d5b44397b5b2a38c5915f241.jpg,2,675,675,0,0
train/0002/60b148b8d9114a6598240f75fd364a5f.jpg,2,2,2,0,0
train/0002/67e3a5e9632a47c6b7c669d90f986d51.jpg,2,675,675,0,0
train/0002/6ff4a9a051bc473abba43afdfef4be2f.jpg,2,675,217,0,0
train/0002/7b4ab99fb01e4a6b96b2739d66e44574.jpg,2,675,675,0,0
train/0002/7fb7fdaedd284545a0fc93ed44c22f27.jpg,2,2,2,0,0
train/0002/a717b958aa3c45d293dc17558c48fedb.jpg,2,106,237,0,0
train/0002/b3c6f99d79ca4464a07147673588a17d.jpg,2,2,2,0,0
train/0002/c7c84c82711340bdab3bdb12c6d84c1c.jpg,2,316,180,0,0
train/0002/da037b29659a402ab36ed373fe416985.jpg,2,2,2,0,0
train/0002/ee2a8e2f11e24087818a1cccd5763b89.jpg,2,675,706,0,0
train/0002/f13225bed06f42189c3bd6a78a7c6572.jpg,2,2,2,0,0
train/0002/f4dc135a6d3b4fce9c974f9be3e05cb6.jpg,2,471,471,0,0
train/0002/f53c78e863cf436899310e64fb383cb4.jpg,2,217,241,0,0
train/0003/015c07a97b0d4355a608313a1528de62.jpg,3,3,3,0,0
train/0003/0b1cb57570424d92861673230b04db2f.jpg,3,3,3,0,0
train/0003/0dd2f6b4c6ef4857abe2da902ecaccc4.jpg,3,3,3,0,0
train/0003/107762570ab14fb39539c8a5cd80d0dc.jpg,3,471,3,1,0
train/0003/1d22f3df8e134a9d82f2c6385930496e.jpg,3,3,3,0,0
train/0003/2250c8dd50434313908b8ad2b7a52752.jpg,3,565,565,0,0
train/0003/301924e50dee4e93a873804f9d6d3013.jpg,3,3,3,0,0
train/0003/4105eca4d5d5425c8c76e24b70e1e452.jpg,3,3,3,0,0
train/0003/426ef7db8265436b840985307ae3736d.jpg,3,3,3,0,0
train/0003/502bba07b73a468599cc5d75b7869d40.jpg,3,3,3,0,0
train/0003/56627fc0f8b144cc9bf4bef3bd4657e5.jpg,3,556,3,1,0
train/0003/5c6bebf03a324db2becb072065f3631d.jpg,3,3,3,0,0
train/0003/626ac0ed6fee4bc49daa058a16a7c2b1.jpg,3,3,3,0,0
train/0003/740a5d9247ef4242815cf3f828fccf24.jpg,3,638,638,0,0
train/0003/7d73d91852d04308931d0f5078d74f09.jpg,3,742,3,1,0
train/0003/8a10a3e440334b7d829d622f0a82f40a.jpg,3,3,3,0,0
train/0003/9329479412984f0b861d8bba1291dbb4.jpg,3,3,3,0,0
train/0003/a93539f199ed492681c5999ee06cb1f6.jpg,3,3,3,0,0
train/0003/b2bb601aed154dbdb252e2eea65e5f5c.jpg,3,3,3,0,0
train/0003/ba69b3e4409e47648eca76b5b30b93a7.jpg,3,3,3,0,0
train/0003/c1609f0ff02747f99f946f3e648f9868.jpg,3,3,3,0,0
train/0003/c47a77b9bdbe4b39a0cc2e3a87372422.jpg,3,3,3,0,0
train/0003/f0687035142a42d4a7f616feda2d2aed.jpg,3,3,3,0,0
train/0003/f1468de54efb4c35828641b7fae3b5e3.jpg,3,278,287,0,0
train/0004/05f424d27159455bb9bf86da5df3522c.jpg,4,4,4,0,0
train/0004/061143f88dac496a805fa7f65763d21a.jpg,4,4,4,0,0
train/0004/0c4384e8593340279fb6ad9a8ab8277d.jpg,4,4,4,0,0
train/0004/39ec9984daf749a48ed46e772a2c0139.jpg,4,4,4,0,0
train/0004/3f9a7fe125214d6ca073e7bf1807dc7b.jpg,4,4,4,0,0
train/0004/518729c25c844be3a46abb50d0fa175f.jpg,4,664,4,1,0
train/0004/533b4805de6b463ba1b398b823658e26.jpg,4,4,4,0,0
train/0004/6577baf1b0dd466b8b89e5de4e957c91.jpg,4,169,169,0,0
train/0004/6ba95230c1d74f0faf06725cd2f81129.jpg,4,4,4,0,0
train/0004/78c0237563524f10a71f1832642fb260.jpg,4,4,4,0,0
train/0004/79207891b574460689ef99d92a9963f2.jpg,4,4,4,0,0
train/0004/a7bb82ddb84e4a65a8199faceae4590d.jpg,4,4,4,0,0
train/0004/b171ed9de63f4c659b1b4ad7c0551f5b.jpg,4,4,4,0,0
train/0004/be3d70523ef74927bda32682cd5f1b5b.jpg,4,4,4,0,0
train/0004/c041d5d4e5854e7792170fa99436ad7a.jpg,4,4,4,0,0
train/0004/d5cb3376d66d4954942f66eaf99c68a7.jpg,4,4,4,0,0
train/0004/e556a6be937945fd953e210d8a09fe5c.jpg,4,4,4,0,0
train/0004/e7a183da9f564118a4e91a69d39307d7.jpg,4,714,28,0,0
train/0004/f1ab1544043c42a1af3f285da0eebbac.jpg,4,4,4,0,0
train/0004/f20eb81cacea4adea1623f38fac232b6.jpg,4,4,4,0,0
train/0004/f33200a8530647029a4943e26f14e401.jpg,4,4,4,0,0
train/0004/f5da83aa50fa4c738bc4e061253dbd24.jpg,4,4,4,0,0
train/0005/11cab55246cb4db1a990d1a198cfb5db.jpg,5,312,230,0,0
train/0005/20f890721ad9439f8aa110e1a813e8cd.jpg,5,500,725,0,0
train/0005/48c5718af17f4712a4edc48549dc281a.jpg,5,334,334,0,0
train/0005/4e9bcd14183b483e9f222d1eacf9563e.jpg,5,334,334,0,0
train/0005/75c56d4b773e4f7ea66989dce880c838.jpg,5,107,107,0,0
train/0005/77639dab5edb47f383beb6128e54cdb5.jpg,5,500,334,0,0
train/0005/87479f7838534fa3bf3bbd1af8272081.jpg,5,334,334,0,0
train/0005/9e7e61de1ce54fedba0575c2dca9378a.jpg,5,28,28,0,0
train/0005/af508baf8b79426990e507ea71e31def.jpg,5,334,334,0,0
train/0005/badf1e6aaab14f3b9dde6a92c58c63d4.jpg,5,5,334,0,1
train/0005/d5f94cc891c84e27898e5bd0dace7221.jpg,5,454,454,0,0
train/0005/d7cfb53b2aa144dc9e9e9ec839b5eb12.jpg,5,408,408,0,0
train/0005/db05593c61c84d11aede47a9addecf51.jpg,5,500,619,0,0
train/0005/e223944347e74d0688e7d3a1b4fe6e79.jpg,5,619,619,0,0
train/0005/efa58d9017544a59992a4ec2db25b5c3.jpg,5,279,704,0,0
train/0005/f8dcaed065ab4baab50c91ab8ba5a533.jpg,5,279,279,0,0
train/0006/4dd694f0b60c4ac0bfc700e8cb90574f.jpg,6,139,6,1,0
train/0006/5c6215804c354e57aff06c2dfecd4c1d.jpg,6,6,6,0,0
train/0006/6f882133aad74132a4238a4d3a9d0769.jpg,6,6,6,0,0
train/0006/813c08a6940a49f0af04cd1be6d3ee12.jpg,6,564,6,1,0
train/0006/9030fee23c9f4eb88de7b46e6e624650.jpg,6,6,6,0,0
train/0006/999d8cafbec54ffb939747bde1f06b51.jpg,6,6,630,0,1
train/0006/a5f4042f9a8c4dc1a2fd2206cc7a65d9.jpg,6,6,6,0,0
train/0006/b0a7711ff3bf4f959aafc209dad7a3d9.jpg,6,6,6,0,0
train/0006/b9db2cb4f0b545dcbfa3f00e2770c7b6.jpg,6,6,6,0,0
train/0006/bcc1863ce7a14fe299a247f9090f0abd.jpg,6,6,6,0,0
train/0006/d6db459bc0df475ea6e5163f46660245.jpg,6,6,6,0,0
train/0006/daef54502478433aa88997973b8b0429.jpg,6,6,6,0,0
train/0006/df41244582c743b2817acc7bec400aba.jpg,6,630,6,1,0
train/0006/dfad05a579004481898c7af2a38bc674.jpg,6,6,6,0,0
train/0006/e54d3a6d169b41b2b1753631ee129c60.jpg,6,6,6,0,0
train/0006/ea8931fc74e74a228f30898f7ff8406f.jpg,6,6,6,0,0
train/0006/ead42b6c1d194c5faea0cb7e4f60a135.jpg,6,139,630,0,0
train/0006/eaef67fc668c4257a6872fde513bc036.jpg,6,564,564,0,0
train/0006/ef8381dd9a2d4b0dacdcd914a6978089.jpg,6,630,630,0,0
train/0007/02a1a90a61934eff818d53c93a92ecf8.jpg,7,7,7,0,0
train/0007/074e7b583c9e4e8baf715ec1b39f3db5.jpg,7,7,7,0,0
train/0007/0dad41400a7840f298f0d58245c08f02.jpg,7,7,7,0,0
train/0007/22d88296760641a9b037cb668b12345e.jpg,7,7,7,0,0
train/0007/3e52f826d0c84b55bd32355c4cd3fb2c.jpg,7,7,7,0,0
train/0007/4ce4d7e14a4142f1a8af1e40e7e5e023.jpg,7,7,7,0,0
train/0007/59c5396cf2f44517968766090870098b.jpg,7,7,7,0,0
train/0007/6a04dc9a3d1a4e4898a2baad9615e12b.jpg,7,7,7,0,0
train/0007/6ec5b4239e654594980cee58de38c195.jpg,7,7,7,0,0
train/0007/7019d30d4caa4302ad385ef3cefd295f.jpg,7,7,7,0,0
train/0007/70de7a0b724c447499a24d1267f5c8eb.jpg,7,7,7,0,0
train/0007/889002f82ec24851aee23a69d057cd04.jpg,7,7,7,0,0
train/0007/9ce6be9c8e3a45acbb3f2845b1477239.jpg,7,7,7,0,0
train/0007/a1ab7a666062449581595611d9ce4bf6.jpg,7,7,7,0,0
train/0007/a1e9a426f1e448739dc14fa3218e4fd8.jpg,7,7,7,0,0
train/0007/c05b912c7ff447d2bdb5b3f561d7dd9d.jpg,7,7,7,0,0
train/0007/c5aadb2a30204c14b1ee0fafee2820e9.jpg,7,7,7,0,0
train/0007/d07a6451cdef45c9b8815be4251c635e.jpg,7,7,7,0,0
train/0007/dfde115604b64728b0241ccd2ddfe819.jpg,7,7,7,0,0
train/0007/e21747b473bb44528fb0d495fa973feb.jpg,7,7,7,0,0
train/0007/e864ce483a7e4ccabdb798af8690d2b8.jpg,7,7,7,0,0
train/0007/ea0c8b0b36ca4d6a940190a0b94198d2.jpg,7,7,7,0,0
train/0007/eb6da8a3b0c343c0bff138a8a7acb8ba.jpg,7,7,7,0,0
train/0007/fb34805cfdc84cf9af9c9edc4813521e.jpg,7,303,7,1,0
train/0008/161dc20042864c7891d198562591475d.jpg,8,8,95,0,1
train/0008/1d476b306fdd4b61a7095882b2cbc694.jpg,8,640,95,0,0
train/0008/20bd317ef91f42a3a94bd2dfadd34b68.jpg,8,502,502,0,0
train/0008/265472517d534fb1b1976f60132a2238.jpg,8,74,95,0,0
train/0008/2857829708f7427d81993d4b4d2942fe.jpg,8,34,34,0,0
train/0008/3352d255655c4fdf95ec1fe1c46e577d.jpg,8,8,502,0,1
train/0008/34844378480a44198b8fa55b1395b85f.jpg,8,8,95,0,1
train/0008/3c9c03fdb770402a9fad27cb674bc4a5.jpg,8,8,95,0,1
train/0008/45b9a52a734d4b058b17ee13641ff2ed.jpg,8,8,8,0,0
train/0008/5adc47444a0d40e0a8d5ad3c1785d7b5.jpg,8,34,95,0,0
train/0008/5afa6ebfbb7e482dac429734bdc916c4.jpg,8,8,8,0,0
train/0008/5c1b42569e504c66bbf1245259db373d.jpg,8,8,8,0,0
train/0008/6f0c581457db40b4aaa050c9f99eab0a.jpg,8,243,253,0,0
train/0008/74087fd18179482f9da343f961e99afa.jpg,8,8,8,0,0
train/0008/88f4001fb80145c99925f69dcb23a916.jpg,8,469,700,0,0
train/0008/8b52f688bf2840adb08c0b1ee7b0808f.jpg,8,232,232,0,0
train/0008/8c15dc16b667496fae494d1e3b10edbd.jpg,8,303,253,0,0
train/0008/8c6c62fb15e74022a8559fb7b50afd3f.jpg,8,8,8,0,0
train/0008/935aef2fd11247b99a666a16e6fd0dfb.jpg,8,34,34,0,0
train/0008/bf22261342c94212a6fb22c35e3e883a.jpg,8,74,502,0,0
train/0008/caf80430ba6f4d2a9c12e818c74d246f.jpg,8,8,8,0,0
train/0008/cfa764da98e54cbcab049ee891c2383a.jpg,8,253,253,0,0
train/0008/e38120e8bbdd4889a29c7578f581de56.jpg,8,8,8,0,0
train/0008/e5a05b142b1f4adc9092fe9a6f4e5a33.jpg,8,74,95,0,0
train/0008/fa2315eadeb74944b574fde040294f60.jpg,8,8,95,0,1
train/0009/1cdbab70a8f74abf9f75b213652faa78.jpg,9,9,9,0,0
train/0009/2a3c8638d3234a4fa907a74c7abddbfe.jpg,9,516,516,0,0
train/0009/2dd9daa277704f6dbfd2539a585cb8ee.jpg,9,9,9,0,0
train/0009/4f1dda2ae1d44ace9a136077e2f45037.jpg,9,9,9,0,0
train/0009/60aa1c8642454aef8202a353b540b908.jpg,9,9,9,0,0
train/0009/67763a2637204b5c8d2d724a4b9ba402.jpg,9,9,9,0,0
train/0009/74bc552b01134481b114ced9c8b49633.jpg,9,9,9,0,0
train/0009/79bbdd15ade24157afb717f7d25377bb.jpg,9,9,9,0,0
train/0009/7f6682e65f564b2dadd1ac01e86ecb6b.jpg,9,9,9,0,0
train/0009/866e4a5a521f48f0a9209b815c457868.jpg,9,608,608,0,0
train/0009/88e774766ea94d76bc6964e740bf30d7.jpg,9,9,9,0,0
train/0009/8dfe083467dd4526ab76ee7f6b9f2633.jpg,9,630,630,0,0
train/0009/92cf94540cc3462181f16c39ab8f54a2.jpg,9,408,9,1,0
train/0009/9f1686925900499bb8899a82b4d92755.jpg,9,9,9,0,0
train/0009/a13b4d47754a4ea9bfaa32b7bc2d5023.jpg,9,232,232,0,0
train/0009/a8d54193a312448db3099236cbd3acc6.jpg,9,516,516,0,0
train/0009/be02e9a2324b41608dadabb1006bfa8e.jpg,9,9,9,0,0
train/0009/c220ab08f0a04086be72544855337b41.jpg,9,9,9,0,0
train/0009/cee8dfaef9ab48e2b2bba05ad67f2fda.jpg,9,516,516,0,0
train/0009/db945e3fe40e4581ad2fcc18025c1c90.jpg,9,9,9,0,0
train/0009/ec9119de43f04b7bbdd2cc3367492722.jpg,9,9,9,0,0
train/0010/0f2196fd66964036b50c9b324b266069.jpg,10,516,516,0,0
train/0010/13e09a675edd47fda36e8e9a7a893d94.jpg,10,241,241,0,0
train/0010/20eac08b66cb4a68acbc649ad9e42360.jpg,10,241,241,0,0
train/0010/2e57dc944c1c4d25be1d07db9f8a7f12.jpg,10,10,10,0,0
train/0010/462ad5fec2c44c59a2d00b5ca3bf7af8.jpg,10,241,546,0,0
train/0010/498b9fd545264e889054168d332ae095.jpg,10,241,241,0,0
train/0010/53d7a0dad3934a9eb19e5ab57a56efb2.jpg,10,10,10,0,0
train/0010/6c85cd563c264151ad2fe503b9ea4db1.jpg,10,10,10,0,0
train/0010/7f797a31263141a8828b47a6f6d88149.jpg,10,10,10,0,0
train/0010/95827012d3954015bc7ad18e6dbba34c.jpg,10,10,10,0,0
train/0010/9943e7e0f8334d8483822368563d623f.jpg,10,10,10,0,0
train/0010/a7ff3c8f1f204db198924b736cf013ca.jpg,10,710,710,0,0
train/0010/a9a5a70557c841d699cb236b6e4daca1.jpg,10,10,10,0,0
train/0010/b3f4684d6c394b7789f26273d10e8b61.jpg,10,10,10,0,0
train/0010/c79b78e5329943ee951aeb464213d59b.jpg,10,398,398,0,0
train/0010/d5a265977a7340d89f60514290883c9e.jpg,10,10,10,0,0
train/0010/d93137ea2a1043d0bfc9fd7a4f235d1a.jpg,10,10,10,0,0
train/0010/eefb6890b4e74600a44270f8d875ed14.jpg,10,10,10,0,0
train/0010/f128401da0944096a6dd5acdb8f044af.jpg,10,72,10,1,0
train/0010/fbd81ba28ca348b792990d4aabab1361.jpg,10,10,10,0,0
train/0011/08573496bf4f4b04948e8ee7ec7c59fd.jpg,11,11,11,0,0
train/0011/136c97da0a4c465fae7bc27c9506a67c.jpg,11,515,515,0,0
train/0011/144601769d394da687f2d745558c633a.jpg,11,11,11,0,0
train/0011/2daa3e5bfd394c6eb494ca2225dc3ff2.jpg,11,11,11,0,0
train/0011/2f553bdc8dbd427b8f82e168093a3c64.jpg,11,33,33,0,0
train/0011/32563ebd500b4244a38ef56f1ce9db1c.jpg,11,11,11,0,0
train/0011/52051f93364243b78b221c5c56e41a8d.jpg,11,11,11,0,0
train/0011/6fd74f9e5a8b4b5da432624bd04a3f64.jpg,11,11,11,0,0
train/0011/89b6bb261dbe4d09bdf5410f87a211fa.jpg,11,11,11,0,0
train/0011/8ad4bb6317944fe991dada2249df0f4e.jpg,11,442,442,0,0
train/0011/a18bfe231b314583becc8dab3a580112.jpg,11,11,11,0,0
train/0011/a3508896795548f0ae53c363446ad395.jpg,11,11,11,0,0
train/0011/ad5f464a8804446ab1b77c41b5cb2df4.jpg,11,11,11,0,0
train/0011/b1baf8a5220a439d94258646b7c8cfba.jpg,11,11,11,0,0
train/0011/bbb54de4df0545d09795c45ce8ccf6da.jpg,11,11,11,0,0
train/0011/ccd4774425bb4ea19acc249edaaf242a.jpg,11,11,11,0,0
train/0011/e4d7119d232546329cd5061f7ad0e9fe.jpg,11,11,11,0,0
train/0011/e5a51bd52efa44f490d75df0b7dac2f8.jpg,11,11,11,0,0
train/0012/3638fad7b9c14f2cbabfc62c850f2740.jpg,12,12,12,0,0
train/0012/40cb4220283143ce9a41f277d1aad112.jpg,12,12,12,0,0
train/0012/60f438d2145d4b3a8bb4a965b7f61a9f.jpg,12,12,12,0,0
train/0012/695e1935271243eba62614cbbce13ae0.jpg,12,12,12,0,0
train/0012/69e36dd49cea4395a62bbac949cd636e.jpg,12,12,12,0,0
train/0012/75159c142f7a4f829164d749426bcc98.jpg,12,12,12,0,0
train/0012/783ecd2cdd8e456b801a1707ae052a13.jpg,12,12,12,0,0
train/0012/7c0a406db536449fba18857133dd60c7.jpg,12,12,12,0,0
train/0012/853bbefd886d4dc89cb57db0dfa5682b.jpg,12,12,12,0,0
train/0012/8ce9914f79bb43e495597165c5de60b2.jpg,12,702,702,0,0
train/0012/aaebc78f8bdf432c8f43aada8d44d6db.jpg,12,12,12,0,0
train/0012/bc48e44d973149369bffc9a7806f075d.jpg,12,35,35,0,0
train/0012/c5199f1f91b94771a7b6afa8ef5140ce.jpg,12,203,388,0,0
train/0012/c874e541a84a4855b22696591e28a6af.jpg,12,12,12,0,0
train/0012/ca716581a031469ba156ee0ae154ce83.jpg,12,12,12,0,0
train/0012/ce36a3b4a0a74f00b3d78f84d972b272.jpg,12,12,12,0,0
train/0012/d23d879516ac4244a1a237e877113121.jpg,12,12,12,0,0
train/0012/e83dceae33794fcebddab1c4b109444a.jpg,12,12,12,0,0
train/0012/e8f54e90c4984db7b51bd568fd29780d.jpg,12,398,398,0,0
train/0013/001d35808f1e49d8ba42beea9b5d5d58.jpg,13,499,259,0,0
train/0013/091e48c61fad4afaa4ca2f006daefb31.jpg,13,534,546,0,0
train/0013/13f8dab6e7db432cbc2af61504c00132.jpg,13,13,13,0,0
train/0013/165533fe42da43b99b04f61f322d9e29.jpg,13,13,605,0,1
train/0013/1cef8b9398bc41e08b2f73260cbb6749.jpg,13,312,312,0,0
train/0013/3b5f6b0c112a48d989302448babd1d0d.jpg,13,13,13,0,0
train/0013/3d0c7f7abba347bca4ba84b917db5a30.jpg,13,582,582,0,0
train/0013/50e42e37f6e84779bfa15c6a1310f4f1.jpg,13,139,376,0,0
train/0013/7d40d0d49a724c04a2bf1e8190bd8396.jpg,13,13,13,0,0
train/0013/7e8a5dd6c225419886d76fa0cce1b011.jpg,13,394,394,0,0
train/0013/90ee05f643c843ffa95a85fe82a5fff9.jpg,13,181,638,0,0
train/0013/989f534b8a3b4b0b8274b8936bec1d8a.jpg,13,13,13,0,0
train/0013/a3b4e8f41736428aa4f224b03565a314.jpg,13,503,736,0,0
train/0013/d4d7b8f72c0d4ad7a9305eabfcd833e0.jpg,13,69,13,1,0
train/0013/e4d3ff1234804a74af20aad250171f2b.jpg,13,13,13,0,0
train/0013/ec8e60fb6d1a43db9584cab8d6cdd84a.jpg,13,13,115,0,1
train/0014/0828d0f0ec49499a9f1c97029ffb905e.jpg,14,363,363,0,0
train/0014/144ba6d5d8574412a4a921c041783b84.jpg,14,363,363,0,0
train/0014/1bb5f919ca894e199c08cf87867d0658.jpg,14,363,363,0,0
train/0014/1ec7d8fac7dd4cc6910d375507dc50b6.jpg,14,14,363,0,1
train/0014/2187709539dd4dfe8ecf474eccb50f6a.jpg,14,363,363,0,0
train/0014/468d70441b6e4030a4d53e3cde9cce5e.jpg,14,363,363,0,0
train/0014/5ab2651c40c54e0a932397b78e5372a8.jpg,14,14,363,0,1
train/0014/718e7c86fa3841c7997158a609af4307.jpg,14,363,363,0,0
train/0014/771afb421bfe44cf8936567ce22ea541.jpg,14,621,320,0,0
train/0014/7eef8748c12d478ab439bf983e68b43f.jpg,14,363,363,0,0
train/0014/ac2faa09d2f54725a0989b8be65328ad.jpg,14,14,363,0,1
train/0014/b6b5786337f142709d9945db9da3dadf.jpg,14,363,363,0,0
train/0014/c48893612c364387b1fde16d5cacb73e.jpg,14,363,363,0,0
train/0014/cbbecdde1a5a4c96a560422a80ad9291.jpg,14,363,363,0,0
train/0014/cc89c269b641438bb0ed449e8fba62d1.jpg,14,14,363,0,1
train/0014/dd110021a7144d07b88863f04bba25fb.jpg,14,363,363,0,0
train/0014/f1a713a95e09427cadadf3d9eca0e181.jpg,14,363,363,0,0
train/0015/0549f182701b47c4b93d0dd89fd68bdb.jpg,15,15,15,0,0
train/0015/07842f137617428f9e64003c4aaa18a1.jpg,15,15,15,0,0
train/0015/1149b7be579c431b840716e64b2f1d6a.jpg,15,337,35,0,0
train/0015/42e4d9e87b8b4e058efcf019c93e626c.jpg,15,15,15,0,0
train/0015/4723e6a8e10a48b795f91ee261e207a2.jpg,15,15,15,0,0
train/0015/4a2141074212434fa969f56407b4673d.jpg,15,15,15,0,0
train/0015/533bcfa49aee48cd94a6f1dee8c4947f.jpg,15,15,15,0,0
train/0015/6f0635f117bc46b999c149a2182877c4.jpg,15,15,15,0,0
train/0015/6fa1e887ba644e1c81fb53fa176bd760.jpg,15,15,15,0,0
train/0015/813828e8def240a7931b80c816719517.jpg,15,15,15,0,0
train/0015/818acb3a4a8e47e9b56b7a024d39674c.jpg,15,15,15,0,0
train/0015/820ff0fffb88474fa54937a996c95719.jpg,15,15,15,0,0
train/0015/83d40796634d496db7b500826a4329b3.jpg,15,15,15,0,0
train/0015/91f082185b7d44c8aac4a6ea6b5c7f0a.jpg,15,15,15,0,0
train/0015/9446bed6649649ec916d12d946a0d4a4.jpg,15,15,15,0,0
train/0015/9e2259033e3743c58659ab42fb3af84f.jpg,15,568,337,0,0
train/0015/c029d6836fd144869e038a5ce52da14a.jpg,15,15,15,0,0
train/0015/cedccf8686a14392a2afea2042844d95.jpg,15,15,15,0,0
train/0015/d10f6289df344e5b9470654e80ae6530.jpg,15,15,15,0,0
train/0015/d74a82a111d94cc3a66290e0058b20f1.jpg,15,15,15,0,0
train/0015/de736589706e4414b616ea8399b3e497.jpg,15,337,337,0,0
train/0015/e069ab99110342448f634038abfc93a7.jpg,15,15,15,0,0
train/0015/e69059b5e48145ef949f6df340268feb.jpg,15,15,15,0,0
train/0015/ea515ac280b843eb860fce9a9a54f234.jpg,15,15,15,0,0
train/0016/04a3ac1aafe245ef9fe34f65222f28fe.jpg,16,16,16,0,0
train/0016/0bf7bdb14b7f40f2b2b806e0471ddc24.jpg,16,16,16,0,0
train/0016/1c33d6910ce44e75b414d78b89e29ddc.jpg,16,16,16,0,0
train/0016/34f4885c70d2475e82eeaeba6aac644c.jpg,16,16,16,0,0
train/0016/38e100bad3f2419ebe0cc33b9a54a20a.jpg,16,16,16,0,0
train/0016/3a3dfa071e104fa79d685ed08e87b564.jpg,16,16,16,0,0
train/0016/3c757f797e2a4a27a282f97e65e6553a.jpg,16,16,16,0,0
train/0016/4923e32161a148e788b4f1c41e19bce2.jpg,16,16,16,0,0
train/0016/4a41dbc841be41e88bff359b81cc9f61.jpg,16,303,16,1,0
train/0016/5e46bc86f57a4b22b8440d87668eec43.jpg,16,16,16,0,0
train/0016/60110a23fd9b41688b360398828d195b.jpg,16,16,16,0,0
train/0016/67ba21dabc7e4d55bb6c84e1bbe4d046.jpg,16,16,16,0,0
train/0016/8e15ca7bc3a8464e808d6c0a2407676c.jpg,16,243,16,1,0
train/0016/a1fd10d3f0564634a799847334637cf7.jpg,16,16,16,0,0
train/0016/b96c8909a462489690353e89ceb64e68.jpg,16,243,243,0,0
train/0016/c01e138035f0443db05a4cdce6f6ea98.jpg,16,303,243,0,0
train/0016/cba6d1286a214bf18c842737cb813c67.jpg,16,16,16,0,0
train/0016/d1fe3f3db50046bfa7417d0fed7ac8ff.jpg,16,16,16,0,0
train/0016/d7447be6051343ae8557d2a0c95e46f4.jpg,16,99,99,0,0
train/0016/dcf3637584094b5aab33d00e77421bce.jpg,16,243,16,1,0
train/0016/e21ff509c51642e2aef85963423e031f.jpg,16,16,16,0,0
train/0016/fff981dfe58a48b293d6ac9c049e94d5.jpg,16,243,243,0,0
train/0017/064e2c4d7ca54b02a8a72592f9001c58.jpg,17,67,67,0,0
train/0017/14b93c71b24846cc989bc68ce0e55cfc.jpg,17,17,608,0,1
train/0017/3880145b1d1b4ca094aba61c3f6850bb.jpg,17,725,499,0,0
train/0017/427369e2d89c433bac6a70d808b0c00b.jpg,17,151,151,0,0
train/0017/5c6fcf9749f044b4bc7e708f16f40194.jpg,17,450,725,0,0
train/0017/672eed14f6f94ae98367d767594fcab8.jpg,17,293,608,0,0
train/0017/6c9221dc9c1848b5a1307edd5ca769d0.jpg,17,725,599,0,0
train/0017/70ec99243443417d85c37d95fd9622a2.jpg,17,329,596,0,0
train/0017/7b9bc970a3434218a0179fd86dcec139.jpg,17,175,175,0,0
train/0017/7dfe56b25c86436eb537f36b9a1b6702.jpg,17,2,217,0,0
train/0017/8c01e2b8192d4de49ed64fcf1801d035.jpg,17,293,293,0,0
train/0017/8fcf7533839e4b15961eee92a0206a57.jpg,17,725,725,0,0
train/0017/98faf9945c7147aa92cc57dda1a1a029.jpg,17,534,369,0,0
train/0017/a18d2acd34c9443f9a7915cf75730d75.jpg,17,608,608,0,0
train/0017/ce42987e57e64e7ea02740c48e3bf114.jpg,17,419,619,0,0
train/0017/ef49a270c6ed4a348534db809922a925.jpg,17,151,151,0,0
train/0018/1677297a27474ff1aff7794bba9d8a21.jpg,18,199,199,0,0
train/0018/301cc290c8a6473c97e2a89367ec81e1.jpg,18,569,569,0,0
train/0018/39322663200b47f49e44e70493f12e4e.jpg,18,104,262,0,0
train/0018/50ca747a85164b07a9b9e52797f348d1.jpg,18,203,104,0,0
train/0018/5585004b8c2240609cd47f751271bb92.jpg,18,262,262,0,0
train/0018/5c6d55782a2a40cbb03bc2b3b22aec2a.jpg,18,370,25,0,0
train/0018/5db084ae2a37478c98a1a47c91977f74.jpg,18,672,672,0,0
train/0018/61eb69e5375b4cd7b8b2b232f4b39717.jpg,18,203,203,0,0
train/0018/77f47c055ab74922b1e5f65d3921c088.jpg,18,693,693,0,0
train/0018/7bd073ede6104369abc5d6134e6e11fd.jpg,18,387,691,0,0
train/0018/7f6eeaa3e0c84a7683be5180d9ef5a42.jpg,18,199,199,0,0
train/0018/906efada8c76423e98b1633fbdd3da05.jpg,18,633,633,0,0
train/0018/9b5722c61d624df6bc846caeb3a89433.jpg,18,118,104,0,0
train/0018/a690a4095602401e80135204e4364a98.jpg,18,199,615,0,0
train/0018/a8703d088336435bad62cd53de20ca34.jpg,18,262,262,0,0
train/0018/be72871c9628493b985fa28542e6432d.jpg,18,203,446,0,0
train/0018/bf69bce83393402386f6d391db273e0e.jpg,18,25,25,0,0
train/0018/d0c5e1c44f164ab7bb200ce39b721d88.jpg,18,18,18,0,0
train/0018/d4ac8bab90b84b0dbe74bfc04956bf16.jpg,18,219,219,0,0
train/0018/d4cc611867c94552b4232d4e9ae30606.jpg,18,118,199,0,0
train/0018/d884af179e4e48b0864d16d996404da2.jpg,18,104,104,0,0
train/0018/e4c080b0c34d447e9af9185a28005006.jpg,18,120,120,0,0
train/0018/e4ff1f5bc3e5497ca73b48ec59a83b3e.jpg,18,39,578,0,0
train/0018/ecc00cea20214206991feeeb3f7fb6b2.jpg,18,264,199,0,0
train/0019/dd0fda10c0184c57b6c72d9ea02ae2dc.jpg,19,235,235,0,0
train/0019/e076a7e746ce40eab6ad52008cec5a48.jpg,19,21,21,0,0
train/0019/e4de55001a30455ba69aa3ced80cab26.jpg,19,732,276,0,0
train/0020/151494c44b554e2f8ec08c01870c551b.jpg,20,3,3,0,0
train/0020/2b538fea968f4bf297ac7b7fa5f22e87.jpg,20,20,261,0,1
train/0020/35355a9e86ad47948566b4bcada5ebcb.jpg,20,128,128,0,0
train/0020/4287d558c8a746098a5bc5a255bb6f4d.jpg,20,229,229,0,0
train/0020/5ffe5119caa6477fb0fe8fd17e3f76e1.jpg,20,20,20,0,0
train/0020/75def692f9e1459293371c4c7c296173.jpg,20,20,20,0,0
train/0020/78eed2f4fa214c21b9a645cce8a654c7.jpg,20,20,20,0,0
train/0020/828e19e930234a34a5e277b6a7a332eb.jpg,20,20,20,0,0
train/0020/a1f1dafcefd3468c87a7d35b627a1885.jpg,20,54,650,0,0
train/0020/bb9034ec3d144d7a9968b412e7821654.jpg,20,103,103,0,0
train/0020/c1337d55103148bca5a9d218ce9c9003.jpg,20,20,20,0,0
train/0020/c48c1c1fe6c549b283e02d408083f7f9.jpg,20,229,229,0,0
train/0020/c98def87240442d797af1ff98263a813.jpg,20,20,20,0,0
train/0020/cb64d846ad684000aded498a5eb9f396.jpg,20,20,20,0,0
train/0020/cc04b7c83f4545dcbc2795846805d19d.jpg,20,20,20,0,0
train/0020/cece93beafc74c19af9930e6261fec1d.jpg,20,20,20,0,0
train/0020/f32df79f61824c7abc4e4f67ced5a024.jpg,20,517,517,0,0
train/0020/f9d48cacb7574ac0a2e3a8fa6732044b.jpg,20,67,67,0,0
train/0021/229d4b1656924365a4db06f588d2c910.jpg,21,21,21,0,0
train/0021/256d33686ff04cc39ff83f54c96b7fd5.jpg,21,21,21,0,0
train/0021/2bca98edb120460c984b36685d647410.jpg,21,21,21,0,0
train/0021/2c4f85c9d46e4f29a23d2308e586a9ff.jpg,21,21,21,0,0
train/0021/351c976ceb944ce19bd4f09d6715f35b.jpg,21,21,21,0,0
train/0021/386ac2b9773944e38946aafe61f10b15.jpg,21,21,21,0,0
train/0021/5562cdd8f0024272abf7729f32d53b66.jpg,21,21,21,0,0
train/0021/65437915b0974a77b4e6a63e63e67682.jpg,21,21,21,0,0
train/0021/676e65ab922b48d285f9711ada15a80a.jpg,21,629,393,0,0
train/0021/6e5401af7c7d42968d2dfa0342f8e8e0.jpg,21,21,21,0,0
train/0021/7faccf105a4c44c88d4910fc8f4cea3c.jpg,21,21,21,0,0
train/0021/88ea391dc04e4021b332fb84da0e6d5f.jpg,21,171,171,0,0
train/0021/9cbe3a6bea7c4ec3a485355516d240a7.jpg,21,171,171,0,0
train/0021/aef01c08c896496fab2ff9b8d191e277.jpg,21,21,21,0,0
train/0021/b67e56f731044f5db9d71f6759aae1be.jpg,21,21,353,0,1
train/0021/bae3ae379e3548e9820234f32398bb1b.jpg,21,21,21,0,0
train/0021/d99966356040434185e350ffd0f63915.jpg,21,21,21,0,0
train/0021/e54de4ca95884fbca264fb19f0c5a7f7.jpg,21,112,28,0,0
train/0021/e900104a0ed64fd29dbc366e88c2849f.jpg,21,21,21,0,0
train/0021/ef02332ce33c47958e07bcc2fb38b581.jpg,21,21,21,0,0
train/0021/f7d1e71ef55d489cbe15e60a027fd2c1.jpg,21,21,239,0,1
train/0021/fa227bbb86804ff8be1d2ed05739184a.jpg,21,21,21,0,0
train/0022/0187073012144ae2a0a188c1a410446c.jpg,22,22,22,0,0
train/0022/0bf43748416545ccafa1a788eae2c09c.jpg,22,22,22,0,0
train/0022/1cd1026694ac429faf739f785eb1f8be.jpg,22,22,22,0,0
train/0022/2190761bae4342b394684f5db030e25d.jpg,22,22,22,0,0
train/0022/2a87e8af34304127ab0dcab804f1aad8.jpg,22,22,22,0,0
train/0022/2f7da6140e4d4d5ca382bab7bc3e6cc7.jpg,22,22,22,0,0
train/0022/335a0cb13c38421a9155711d827aa756.jpg,22,22,22,0,0
train/0022/3888cd04d3534417bbb218cfd23011bf.jpg,22,22,22,0,0
train/0022/466db2f2265c4135b7610c36f7328dcb.jpg,22,22,22,0,0
train/0022/49b936086f3a4870a902e3feb4bc446d.jpg,22,22,22,0,0
train/0022/5734ca36c4464bfbb3099ee2138e3f9a.jpg,22,22,22,0,0
train/0022/669254eb1119405997de2ded7f5464c2.jpg,22,22,22,0,0
train/0022/681ec5a7bd664b7e93ed6740df669a6e.jpg,22,22,22,0,0
train/0022/6911ab041f2c4301b18e5be59c114d36.jpg,22,22,22,0,0
train/0022/71e83c1a05dd4a35863fc6d31a4df5b4.jpg,22,22,22,0,0
train/0022/71fac45f10bc425cb9585b9ae01e4612.jpg,22,22,22,0,0
train/0022/7fdc42804863476d8139ff4023eadb5a.jpg,22,22,22,0,0
train/0022/8c895baaf1ba404bb5321f7c45c101a6.jpg,22,22,22,0,0
train/0022/91baf9c7fe104d60a4c434fc2b45b0a9.jpg,22,22,22,0,0
train/0022/ce245c0ef3a2493992579eebcb6d7ea4.jpg,22,22,22,0,0
train/0022/dace2bc51b174ce899b30a14b5924300.jpg,22,433,22,1,0
train/0022/f7ea447183b74b788898a711ff78f04d.jpg,22,22,22,0,0
train/0023/063bd524c97c4757aeb06959425af8b4.jpg,23,23,23,0,0
train/0023/065665cd8e16472191d318bd8cd5835d.jpg,23,517,224,0,0
train/0023/1c7b0e08f0a34f568502b95e60bb0b7b.jpg,23,662,662,0,0
train/0023/21217dee132245b685c121ce018d22c4.jpg,23,224,224,0,0
train/0023/29ac9f6a391946df94a019ec1a464758.jpg,23,59,59,0,0
train/0023/3c5f861a3400407f9bdb64b0368980b3.jpg,23,23,578,0,1
train/0023/3d8063b8589644c2beec28497689a2f6.jpg,23,47,103,0,0
train/0023/4003bae82e4e4c198129c1997021bb78.jpg,23,23,23,0,0
train/0023/41595d057bad4607a4bc5a930f8d9550.jpg,23,23,517,0,1
train/0023/7402209879754c12a7618cb25e6c8150.jpg,23,23,23,0,0
train/0023/7b252fcd4b5d47b8a0be02ec54321ceb.jpg,23,229,229,0,0
train/0023/7f21acb5c5e04fd7b1e3b370ddc6ffe6.jpg,23,59,59,0,0
train/0023/a2b9eb45ccfd4c9c868bf0a6018cd76d.jpg,23,23,23,0,0
train/0023/b1e998ad82c64de4ac3fe1b016d9ead0.jpg,23,224,470,0,0
train/0023/cdccada4d5d04e41b676a343574c637f.jpg,23,229,25,0,0
train/0023/edb18eaec600498b9940b1d4e33e3386.jpg,23,591,591,0,0
train/0023/f1ce5026abc045328ec7f12a95e508ee.jpg,23,112,112,0,0
train/0023/f76f64897a8047fa9048ee44b85f0f73.jpg,23,224,647,0,0
train/0023/fff2a4d0880b4d9a8de56405a1265217.jpg,23,499,538,0,0
train/0024/0ea5ae85829141e3a41af6530a3c246a.jpg,24,24,24,0,0
train/0024/28f34daaf7e441d9afbb5f1ad3cf6142.jpg,24,677,677,0,0
train/0024/2d7b193621dd41caba5cec136d2e4a38.jpg,24,667,527,0,0
train/0024/450c89d43ec54bf49899d139fa834d0f.jpg,24,474,474,0,0
train/0024/4a23e9f99ea742fea8f7bef0752ddc79.jpg,24,605,670,0,0
train/0024/4b7b5b224d6246ad8f8f0c6f69bf4649.jpg,24,24,24,0,0
train/0024/4dcc6391380e4dbdad5fb75af30b2776.jpg,24,24,24,0,0
train/0024/4e073980f3b44e47a39a82905c19dd90.jpg,24,24,115,0,1
train/0024/6e0df2591e46428fb3f89ea86d5f541d.jpg,24,275,465,0,0
train/0024/72da441f334d4cffbaa1dcc967a19fe5.jpg,24,24,24,0,0
train/0024/77295b0042054bbe9085b6999965ddce.jpg,24,452,452,0,0
train/0024/787eedc2b78f4166948bbfcb3c4ef129.jpg,24,71,645,0,0
train/0024/84a1a665ff94486d9724cbc8edd74ffc.jpg,24,24,24,0,0
train/0024/8d45bd0221264bc796e439da2fd353fd.jpg,24,527,527,0,0
train/0024/8d55d38e7743465fb600e2da69a2cf7c.jpg,24,24,24,0,0
train/0024/8f69ff48b6de42558f095a54b9ce64ed.jpg,24,24,24,0,0
train/0024/8ff2961748e44d189ca4f86ae886caba.jpg,24,24,70,0,1
train/0024/941b115dd6754c21b1a86c3d633ba8dd.jpg,24,275,465,0,0
train/0024/babdae27bfc042f4b73e3abc51b9e166.jpg,24,24,24,0,0
train/0024/bb1cb223d1ce439699b97d505be93209.jpg,24,275,24,1,0
train/0024/bc4aced3459a4c6fa90fe60458ac4bac.jpg,24,24,64,0,1
train/0024/d9ca980c1bd8426992977524b0c34795.jpg,24,24,24,0,0
train/0024/f035e5a3ac52409291b385da55711d45.jpg,24,142,142,0,0
train/0024/fd61f6fb7bc64e0bb1b21ce63edd515a.jpg,24,275,275,0,0
train/0025/05e039a5452f4e23abf70040a618b650.jpg,25,25,25,0,0
train/0025/146ac35091a044dbbb6de76f40130b8c.jpg,25,25,25,0,0
train/0025/259afa3823644490ae4f3a421c45dc72.jpg,25,247,554,0,0
train/0025/459ffe43a92e483880f7400c8a2d9c1e.jpg,25,25,25,0,0
train/0025/513c38fc171e434cb5377de07c47dca8.jpg,25,25,25,0,0
train/0025/54c3246f66c846729f726a2ee527048d.jpg,25,25,25,0,0
train/0025/5fb6672c55424860836ba4f688396dc4.jpg,25,25,25,0,0
train/0025/69f363971e47419f92a8dad26f8b6a67.jpg,25,25,25,0,0
train/0025/6f4a3404bedd448f97d2e64be2f48cbc.jpg,25,25,25,0,0
train/0025/714355f23f73436891ffbfe9be471994.jpg,25,25,25,0,0
train/0025/7f6b05c5631045709c1dfcb36446997d.jpg,25,25,25,0,0
train/0025/81174d320a9b45b0ba5762a9e71335a8.jpg,25,25,25,0,0
train/0025/8677229fc63943229e11a27674982c13.jpg,25,25,25,0,0
train/0025/86ecc3b7e6934f4e9870841a48afdd8a.jpg,25,25,25,0,0
train/0025/c1774158e43a4b50bcd54ecc68320f9c.jpg,25,25,25,0,0
train/0025/c8d2b68e75b14dc78a57abf3479d6732.jpg,25,25,25,0,0
train/0025/cd0a0f50e22b44e7bb1ac8ffb45a57e9.jpg,25,278,344,0,0
train/0025/d4242786961e427095ec807ba2345fea.jpg,25,370,370,0,0
train/0025/def32a4ace824e2d9c38955526dd3f77.jpg,25,25,25,0,0
train/0025/fc2e1dfc604d43099fb43a35cffc83be.jpg,25,25,25,0,0
train/0026/1a79d7c1f0ca4b86be41192f74e05b64.jpg,26,402,402,0,0
train/0026/289218f23f254ce8ae28c52aec3bff1f.jpg,26,172,340,0,0
train/0026/28de5ed4a1bb49c39394941d351de63f.jpg,26,482,21,0,0
train/0026/3112edb4ae244196b3571e1fb662acff.jpg,26,26,694,0,1
train/0026/451b8c9f2e814a84b10a19285307254c.jpg,26,239,239,0,0
train/0026/5e6fde1910264f47a2fb3e8e122d7917.jpg,26,171,171,0,0
train/0026/7d68b7c387ca4a95a390434bdef1d6f8.jpg,26,561,321,0,0
train/0026/7e5796af1c3f40adb5dd733f05ac7693.jpg,26,26,476,0,1
train/0026/81c2b27a0cbc4593893a5b83175f5ecf.jpg,26,26,26,0,0
train/0026/87ee8fd79383485699d86f4a4fbe6908.jpg,26,629,476,0,0
train/0026/9a2514721e9a461a8f795147d4f68222.jpg,26,171,239,0,0
train/0026/ae8fe492c5dd4aba9ae788909c7d7381.jpg,26,604,353,0,0
train/0026/c1cef6f722a64bf7a017deec74050e5d.jpg,26,172,21,0,0
train/0026/ccd29b770dad4cf8ab8a5082689675ef.jpg,26,21,476,0,0
train/0026/d08d4ca60485457d8b9bdda28296fec8.jpg,26,482,21,0,0
train/0026/d123765bee4543a5bb77aa4a737ee5dd.jpg,26,732,732,0,0
train/0026/d30d2de8ba044b6fbfe3788dc7d7b5eb.jpg,26,732,639,0,0
train/0026/d4081e71a90c4ef79e1bfd768174591d.jpg,26,21,21,0,0
train/0026/f1c491248f48465f84936ad2f7a9d9e4.jpg,26,321,321,0,0
train/0026/f750edd66e814997b6652a184b5c1367.jpg,26,402,698,0,0
train/0027/1929c764086c453694bc22dd9fd7c225.jpg,27,27,27,0,0
train/0027/2b007e3c8cd94e68a8317ba38c35982f.jpg,27,27,27,0,0
train/0027/2b42c0b519e944a794c444f0ecb08893.jpg,27,27,27,0,0
train/0027/6332ceecf5a8454f9306e837b26f283f.jpg,27,27,27,0,0
train/0027/63ee21517d8340fa8368a586729618e3.jpg,27,27,27,0,0
train/0027/6cee6f3dac7a467591212b3946448ab6.jpg,27,27,27,0,0
train/0027/6dbdf03d727a48df9dbb14cfef23b04c.jpg,27,27,27,0,0
train/0027/75ee061ef6674547b0e9f97c716ae06d.jpg,27,27,27,0,0
train/0027/7a0b214252dc4332a680116c380bb686.jpg,27,27,27,0,0
train/0027/854beeafb78c41be8523f30ca454f402.jpg,27,27,27,0,0
train/0027/97d99c1b722d49c4a2e55b733eab171d.jpg,27,27,27,0,0
train/0027/9baab4c8a2a748038024fa2215de6344.jpg,27,27,27,0,0
train/0027/9c9ab7f424ef471d961bef491e07613b.jpg,27,27,27,0,0
train/0027/b468b6d7f2b4402e9d41d9aeee3e6ad0.jpg,27,27,27,0,0
train/0027/b681fa75a30b42ed989cc66a6df6c32b.jpg,27,27,27,0,0
train/0027/b9a3498b70504959a5ab25e50f81aded.jpg,27,27,27,0,0
train/0027/c520f6abbc244f7ba323594abe5c5734.jpg,27,27,27,0,0
train/0027/c648465a7efc488584e9c320d0d05d19.jpg,27,27,27,0,0
train/0027/cf6237cd9d8e48ea8d9d246f3a1ce5ab.jpg,27,27,27,0,0
train/0027/d43c6ac20409432286fdd16765169463.jpg,27,27,27,0,0
train/0027/db27a57f6f5241cd808e66c0af114a94.jpg,27,27,27,0,0
train/0027/dd5b20fb4cbb4c6eac1f9f6960359155.jpg,27,89,217,0,0
train/0027/f7ebdc4c17254888b58025d5e9a4f823.jpg,27,27,27,0,0
train/0028/00f4c30068b748248ef10d8585117561.jpg,28,103,103,0,0
train/0028/09374a3b5de849099e32cf7e85cf9d45.jpg,28,378,378,0,0
train/0028/10265cc18fca4f1d8733f71efe4f3cd6.jpg,28,203,28,1,0
train/0028/303f11832e1e4ee29f585fcb14b02c5e.jpg,28,28,28,0,0
train/0028/332137f8b6664e4785c58dd6acfcb711.jpg,28,725,725,0,0
train/0028/39f92905f0564c608d7e49f97822b882.jpg,28,203,578,0,0
train/0028/4acc4e0dc1dc47f0bcc00f998d358a64.jpg,28,203,262,0,0
train/0028/4f6dcc313ab0439e81962f165d7b2641.jpg,28,104,553,0,0
train/0028/5733c989954e4f70b36f94e9a0681f58.jpg,28,203,42,0,0
train/0028/5b3f6d044a954d86b648e95a310d72e6.jpg,28,662,662,0,0
train/0028/63aa535f0905412a9f65d4078ae13c84.jpg,28,203,203,0,0
train/0028/6f203f1b012f4d08ba1968ad704f559d.jpg,28,28,28,0,0
train/0028/74ba36a8596345748c9b33ef92d9c29c.jpg,28,18,405,0,0
train/0028/7dfc9c2e464e4949a5e7c19963ed4037.jpg,28,550,28,1,0
train/0028/842b740d706e4ecc81619fc75c44c46c.jpg,28,28,28,0,0
train/0028/8f18a3fc0b4344aa8f4441ad5d73d4fa.jpg,28,262,166,0,0
train/0028/98660c62319344f4ac921875b8300c36.jpg,28,18,672,0,0
train/0028/b9829250208243fa89597838dc111901.jpg,28,104,104,0,0
train/0028/c4125b4f91c140deb99aa0685c39c0e6.jpg,28,28,28,0,0
train/0028/cb5b3ba2a1a64dfa8dfd724dcee53374.jpg,28,534,67,0,0
train/0028/d8d7359df1c64e2290af21805f422a88.jpg,28,578,578,0,0
train/0028/fdb3d6c893fb423f89ca5c0842bf177b.jpg,28,203,578,0,0
train/0029/17c3ec3a4122464e9c068deaa2b96147.jpg,29,709,29,1,0
train/0029/2fceae037b0b4660a4738cf2d64abcb0.jpg,29,540,540,0,0
train/0029/7b7c48c862184734827b4008a82043d1.jpg,29,29,29,0,0
train/0029/7f4b29a00e5a4a4e966a328904b3f8fe.jpg,29,29,584,0,1
train/0029/7f5dedf66b544c55a676b342d6a20ae8.jpg,29,29,29,0,0
train/0029/7fab559e1e3c4cfa8903667600fec937.jpg,29,29,29,0,0
train/0029/8baba53bffa4430bb504c19cfe4a87f0.jpg,29,29,29,0,0
train/0029/8c0a21ed5f0647199933f5433508fbd5.jpg,29,29,29,0,0
train/0029/8f480d293ede4cae9726e3576f9804cd.jpg,29,420,175,0,0
train/0029/a2663fef97d3400f8df4e5bc1376ea52.jpg,29,29,29,0,0
train/0029/a5e2462597a347a78f906acaa464a8df.jpg,29,29,29,0,0
train/0029/a8626c7e6d284ba0b1e5507ef1a8b4fa.jpg,29,29,29,0,0
train/0029/ba7cad1610bc4d9998a6df50b6ff262f.jpg,29,29,29,0,0
train/0029/baa7c3b4787f4024b110581ce1d565d8.jpg,29,29,29,0,0
train/0029/bad2fe201c224afd90282b8d867e77ad.jpg,29,29,29,0,0
train/0029/c68b5825b58a47e0ab03ae2fdf054339.jpg,29,29,29,0,0
train/0029/ccc8b983a5eb4746bb7348d389f2fbc9.jpg,29,427,427,0,0
train/0029/cdf076ae8aa34e81a5c54ce28af8b982.jpg,29,127,127,0,0
train/0029/dc1b0a86b7714532ac2f9af4fc86f993.jpg,29,29,29,0,0
train/0029/ec419fcc7708401e8d0ca39330b102a9.jpg,29,425,295,0,0
train/0030/0b46d09604f34c0a8a411fedfdd202be.jpg,30,30,30,0,0
train/0030/0c2669fe1d4243dfa98d60a308784b28.jpg,30,30,401,0,1
train/0030/1c9de7605ba34b38994bb61909021bee.jpg,30,207,207,0,0
train/0030/2a720f2d26634f2596a9fc8b22a9694d.jpg,30,30,30,0,0
train/0030/39fc208a1d1c4fbbadc509260dc73f46.jpg,30,156,156,0,0
train/0030/3a2eb2a5924c4866846d610ac8868b69.jpg,30,207,207,0,0
train/0030/3da9bdfa714f432da1d34f515812285e.jpg,30,30,30,0,0
train/0030/4cf37a8c745847be89519d95142e6cdc.jpg,30,512,512,0,0
train/0030/4ec04d7fba324d5d9990e58f6030c3fb.jpg,30,30,30,0,0
train/0030/866839141e184056be58309a9bbe523b.jpg,30,30,30,0,0
train/0030/9f38ba808dfb429eb23610204feea851.jpg,30,207,207,0,0
train/0030/ad3e66ffa8b14f9aa502044bebbd177e.jpg,30,664,540,0,0
train/0030/b912aea05fed490b8c2cd404039c007f.jpg,30,401,461,0,0
train/0030/c493e69fb0764a398c831172ad68a3ad.jpg,30,156,156,0,0
train/0030/c9b4a5ad73a849a48b5995681381a666.jpg,30,30,30,0,0
train/0030/ccb9cc4963e14f9c9f7fbbe0aac0380c.jpg,30,30,30,0,0
train/0030/f0ed1c955d874c0d97424306493ec167.jpg,30,401,401,0,0
train/0030/f831d213c17b41279b210e95afa75ba3.jpg,30,156,156,0,0
train/0031/10d28a1dc866433b84cdf49ee49e1340.jpg,31,134,525,0,0
train/0031/1e82058111294951bdf3c610910bbe95.jpg,31,71,71,0,0
train/0031/5ab78f7ada5c4037bd200d7ac1bc1d3d.jpg,31,285,285,0,0
train/0031/6335d58a4b73408e8547fe14b02d5e4f.jpg,31,115,115,0,0
train/0031/640dc8bbec2a497d802968a36499aed4.jpg,31,462,710,0,0
train/0031/87a3ff67c0114c9893eb47f53f8a19f1.jpg,31,61,61,0,0
train/0031/8981ba6d0a904ac78167d48b4152c211.jpg,31,141,177,0,0
train/0031/8f00296dd1014fa98a6efb72a67eff3b.jpg,31,227,227,0,0
train/0031/8f9b37ddb02b40bbb8c5f783c62aff45.jpg,31,675,706,0,0
train/0031/9c93a20b6af247388fe7ffdc0108b19d.jpg,31,31,61,0,1
train/0031/a3e207f303d0404bbc9b14cbf9e31ee8.jpg,31,661,131,0,0
train/0031/a3efe75477e5418d91e46f359cf9ebda.jpg,31,731,347,0,0
train/0031/a5bf8f2b62294f91bc205271c50ebf75.jpg,31,71,61,0,0
train/0031/c201179fc94e40df9b16cb18a85e800c.jpg,31,417,417,0,0
train/0031/cd9092c3d9aa40419e94ae0d694ba195.jpg,31,463,465,0,0
train/0031/e356c25ae12b4b40a863eae39d87a9a5.jpg,31,417,417,0,0
train/0031/ed09041e477e4913b015804f83e90b8b.jpg,31,31,31,0,0
train/0031/fef62077c20d4c45ba86bd63f1817ead.jpg,31,89,89,0,0
train/0032/0637b452d95744bf99c5561f769003f1.jpg,32,32,32,0,0
train/0032/15fd12d9d0d0440f8df89a919064db7a.jpg,32,32,32,0,0
train/0032/1f8a8b36a3ad41d9a0a935ff8cd17c33.jpg,32,32,32,0,0
train/0032/223da1c6fd8a499996f4c95df8829fe8.jpg,32,32,32,0,0
train/0032/45a750f33cc94be3aefb3dd995720e1f.jpg,32,32,32,0,0
train/0032/5b14f69d81c34cbe824304936ab7ff88.jpg,32,32,32,0,0
train/0032/7f1d8fb2668f427bb17cf3d9ef266848.jpg,32,32,32,0,0
train/0032/879c29be148a460d8943784a8b77cc11.jpg,32,32,32,0,0
train/0032/8ecd63fdb86a42f0b2911f22e81d60eb.jpg,32,32,32,0,0
train/0032/99cfe20ca6384c80920ebab388467f0c.jpg,32,32,32,0,0
train/0032/a29db6a1f85c4ee29fc66a6b40e65c87.jpg,32,32,32,0,0
train/0032/a31487dc782142edac7c77b5d7c70bc0.jpg,32,32,32,0,0
train/0032/b104218f712c4a508897d9fdaf12e86f.jpg,32,32,32,0,0
train/0032/b88d7f4959a046d0af318421a4dacd8d.jpg,32,421,421,0,0
train/0032/cdeb74412e8c4da2942976fc665ead79.jpg,32,32,32,0,0
train/0032/dc4d30e3a4d3414bae3745d44143181d.jpg,32,32,32,0,0
train/0032/df4ef0088d704b1bb283cef1d3af600d.jpg,32,32,32,0,0
train/0032/e6f9404ac5ed45fd8d74fd3efdfd7d7d.jpg,32,32,32,0,0
train/0033/105be0f35af14786b3a9c1856460c885.jpg,33,33,33,0,0
train/0033/1e85064098534a7ab220f6ab65c6dff7.jpg,33,33,33,0,0
train/0033/24883e6bb9da443891143b37a9b6c0d9.jpg,33,33,33,0,0
train/0033/2f306ab3c9ea4da7ab5cc09851350adb.jpg,33,33,33,0,0
train/0033/3afa5ec1657d41889ca09a3af45b731e.jpg,33,33,33,0,0
train/0033/42b12d19e9054bd580a429a524252eda.jpg,33,33,33,0,0
train/0033/5249b55757c4483385c46e8e5d6f5e28.jpg,33,33,33,0,0
train/0033/5b4454c9ce1e433483d4df5f5d6112e6.jpg,33,33,33,0,0
train/0033/668ad33c9e51476888e55783c593101b.jpg,33,33,33,0,0
train/0033/6d4c01a14d2a440bb089b9ea6589de38.jpg,33,33,33,0,0
train/0033/7aa7b07e6a2f4321825cb21cb109eaf7.jpg,33,33,33,0,0
train/0033/88c204083424434fa2ccbea90fb350ac.jpg,33,33,33,0,0
train/0033/a7b740dbc7cd42c68215910f1fadff93.jpg,33,33,33,0,0
train/0033/aecbb7dd779841b29d5c4aaf75b6bcc9.jpg,33,518,369,0,0
train/0033/b2349ee9d30b47b2bd0cc9ba94d200fd.jpg,33,33,33,0,0
train/0033/b48759c56c914dea9634bafa5b8f72ac.jpg,33,33,33,0,0
train/0033/d0ea0d26fd074af1b56475cbd9e0bb1a.jpg,33,33,33,0,0
train/0033/d8d1454f6e6d44ce8aeb3520aa737eba.jpg,33,33,33,0,0
train/0033/dfd1a1eb7a4947c08ee6e51858b79eb2.jpg,33,33,33,0,0
train/0033/ed3733f809064ac2800f7d5af1a1442b.jpg,33,33,33,0,0
train/0033/fbb8e7e8df9d4bbbbe97fc52565ad759.jpg,33,33,33,0,0
train/0033/fee16ed41e254a63aa1a50cbd1238091.jpg,33,33,33,0,0
train/0034/1aeb4ecb68774147ae07fc685f6f1a81.jpg,34,34,95,0,1
train/0034/249987ab5df34d6fa8d73d17ee5cbf59.jpg,34,253,253,0,0
train/0034/2e620a002dc247e29dc4d2f3184ddc3e.jpg,34,52,52,0,0
train/0034/2efaa680cb8c446f8a0dd64701913ec3.jpg,34,34,34,0,0
train/0034/36b5a0a1de8b4a9abdb5d39e6487d2d8.jpg,34,34,95,0,1
train/0034/40583352b53e4c19bf6fd88d12b61b2d.jpg,34,8,95,0,0
train/0034/4351886e714b40558416d1034868455b.jpg,34,34,34,0,0
train/0034/4ff8a85a7b0342c09cc6f576686d8b27.jpg,34,95,95,0,0
train/0034/62736b14e4fc4b98bba675b2108fac82.jpg,34,458,458,0,0
train/0034/6f79c10716c749cdbc6d9c05e7286b4f.jpg,34,34,34,0,0
train/0034/7cd87daf24854b76baf7af57c195c485.jpg,34,640,95,0,0
train/0034/89f78a5775bd4c0bb06a21da8547b940.jpg,34,34,34,0,0
train/0034/948bc9e5faf94ee7a081cbf906c77397.jpg,34,34,95,0,1
train/0034/9585a58b970245ce9d08478ebfa70347.jpg,34,34,34,0,0
train/0034/b08e3753ebd540c6a6138321643589aa.jpg,34,34,34,0,0
train/0034/b2a981d192c747f085b9edcb860071ef.jpg,34,34,34,0,0
train/0034/b6cd52bebf834c1297c3d3ed7ad5cbbd.jpg,34,539,580,0,0
train/0034/b81b7a3619a341568700754b5fdb083d.jpg,34,34,95,0,1
train/0034/be193e32ed3b49b58559d25252c254aa.jpg,34,539,539,0,0
train/0034/d2cfef2d7f674876a8471ff7cf4e728e.jpg,34,95,95,0,0
train/0034/d50bb7581f874a47b2c252df5273993e.jpg,34,34,34,0,0
train/0034/f77ea1c59fbc4470a75360d937edf1b4.jpg,34,34,34,0,0
train/0034/fe48aa6c03294862b913bce503861e4f.jpg,34,34,95,0,1
train/0035/2acb85c0589c4135b0ffad082ba6b22e.jpg,35,203,693,0,0
train/0035/308b7cccb6a145efa0e429d11d0c45f9.jpg,35,35,35,0,0
train/0035/3702d13b1c1d4ab2b034dd06c243fe0c.jpg,35,35,35,0,0
train/0035/4a7da2ce234d49799b2bd82b03d3bc60.jpg,35,35,35,0,0
train/0035/505b4240883b49cfacfbb9d0f85b04cc.jpg,35,35,35,0,0
train/0035/59dfb046410d4120a850019c2707a7a8.jpg,35,35,35,0,0
train/0035/649955caea724de89252f7395c03d5b6.jpg,35,35,35,0,0
train/0035/85a57349bf724b2780177c8793eeeb12.jpg,35,35,35,0,0
train/0035/8a0e89dafe864805bf151eb26a91c9d9.jpg,35,35,35,0,0
train/0035/8acc10fb8fc244caa7db9355b53eaa83.jpg,35,35,35,0,0
train/0035/9984cccab136481fbe97796a7e522ed4.jpg,35,35,15,0,1
train/0035/9fef49ada262482585f58eab896f54d3.jpg,35,35,35,0,0
train/0035/a40599bd9005472a949bdce892f28f5c.jpg,35,35,35,0,0
train/0035/aa99229b7f64456485788835f9b9a292.jpg,35,35,35,0,0
train/0035/b69cbd9e72bd426690cde21132c6897d.jpg,35,35,35,0,0
train/0035/ba2450c21ffe4b279f4eb6aa517de1a5.jpg,35,35,35,0,0
train/0035/ba3a6c40c25a43599fb647d2f441ff89.jpg,35,35,35,0,0
train/0035/cce2791cb4b14374bbf66e20c6fa916b.jpg,35,35,35,0,0
train/0035/e1127027ebaf45a4abb0b81e178b7ca0.jpg,35,15,15,0,0
train/0035/e8079e54c0554889b92cadc11abb84f7.jpg,35,15,15,0,0
train/0035/e89d7457eca34c0bb262e3d6e00646b1.jpg,35,35,15,0,1
train/0035/ee26568877c748a98931c492bc4ad4a9.jpg,35,35,35,0,0
train/0035/f7c761a0d3d340429e3e9b6a9cda19d3.jpg,35,35,35,0,0
train/0036/037192816e484eeabaca95ba039665be.jpg,36,36,36,0,0
train/0036/03e5fac2ab4b4222a4c391d2f9a4edc6.jpg,36,36,36,0,0
train/0036/0cde848a9fc44f33962bc3c73916c87c.jpg,36,36,36,0,0
train/0036/2514f7d43d8847e6a952d192d89efce4.jpg,36,36,36,0,0
train/0036/34aa072010ec40cdb1c5c2ac151f9a24.jpg,36,18,36,1,0
train/0036/3ebf27a6f20248cb879f566a872fb204.jpg,36,36,36,0,0
train/0036/49cbf91e7ddd41488d27e3441925469f.jpg,36,36,36,0,0
train/0036/5bda9dece8f940c280a023a54886ab5d.jpg,36,98,98,0,0
train/0036/5cc4b37c03334f65a3bc65978fcc0f8f.jpg,36,36,36,0,0
train/0036/6113a09bd7c54f93af7a30700c1b3358.jpg,36,36,36,0,0
train/0036/69a1b2eb886d440e87eab47e04c74878.jpg,36,36,36,0,0
train/0036/6d426f00d7cb4bd3a037ccf9bbcda02a.jpg,36,36,36,0,0
train/0036/7d9046cf5dc64a5ca6bf0bc482e973e9.jpg,36,36,36,0,0
train/0036/932984f0754b400c91648ace86cde2fb.jpg,36,36,36,0,0
train/0036/adf8583223414667b2498671e7d2d6f4.jpg,36,36,36,0,0
train/0036/c2925f68249446538336c3665571a325.jpg,36,36,36,0,0
train/0036/e7856984a1154585a85c8d2f8a613bc6.jpg,36,36,36,0,0
train/0036/f32268fae39e44f8a1a8bace3cd30394.jpg,36,36,36,0,0
train/0037/0ba5abf2782b450e8e5ac28f7bb96cc9.jpg,37,37,37,0,0
train/0037/0e8b0eb3b7a24f629eb5bb3d5fb94567.jpg,37,184,184,0,0
train/0037/11e5a1f2f14b40ecb1fb0ccacdaebe33.jpg,37,360,360,0,0
train/0037/24bf4cb317d944a19be8d1588ba9ac16.jpg,37,37,37,0,0
train/0037/2f51c984112448c8b473c8aa2ab3a5e7.jpg,37,37,37,0,0
train/0037/3296598157f74bc79e986380449d10bf.jpg,37,43,43,0,0
train/0037/338ff77b67f249cea94341709f763491.jpg,37,306,306,0,0
train/0037/34a5399dfcb9485a9ea96c2a0059452b.jpg,37,509,509,0,0
train/0037/355bb2c9432d4e4383336d168371bfbb.jpg,37,462,64,0,0
train/0037/3b6a955559dd4518bf47832ff6e28744.jpg,37,503,503,0,0
train/0037/3df2cb3660214e21912d90ade3fab623.jpg,37,184,184,0,0
train/0037/44d9c83babb346ceaf6403f43cb9d992.jpg,37,37,37,0,0
train/0037/4f3d7bb2fd4d4e9cb64dbc488b88e7b8.jpg,37,168,748,0,0
train/0037/56184da7a21e4bf68c8b72722b6026ba.jpg,37,217,306,0,0
train/0037/7813ac2bad484f4fa59617f701cc5a8a.jpg,37,37,37,0,0
train/0037/d4034d57236e4cceb63eade4f9e914fe.jpg,37,37,37,0,0
train/0037/d6de42d945394baf851be54f45e11562.jpg,37,37,37,0,0
train/0037/e39a3bd367ed4439a7d49fde0c0ab44a.jpg,37,37,37,0,0
train/0037/ecc06b14cb5740b282e65f689df6359d.jpg,37,37,37,0,0
train/0038/0361b4ca68d945738eb520eee0fe5cd9.jpg,38,2,559,0,0
train/0038/22739af065b34497a194678884680ffb.jpg,38,577,577,0,0
train/0038/3992f424d57746fcab779e9c99da5e5f.jpg,38,38,38,0,0
train/0038/5429b3d29daf48db8c25ee69b6e205ca.jpg,38,38,38,0,0
train/0038/640971fd931c4801877d7536c537a74d.jpg,38,38,38,0,0
train/0038/7740545c72e842c5a21a13ed8b6815da.jpg,38,471,471,0,0
train/0038/7acc89198f964bf48da8b76cc77fc8e8.jpg,38,38,38,0,0
train/0038/7c32a1db432c4e7e8f72920b57b62e28.jpg,38,38,38,0,0
train/0038/89b2fa1aa8004855bfb3d85bc850d663.jpg,38,38,38,0,0
train/0038/a7f6eef9ff434a5598934f293257bd0f.jpg,38,661,576,0,0
train/0038/a958c5f2a36a4abf9673140c1477e96b.jpg,38,473,473,0,0
train/0038/b3043b4f4a9c4656af73dbf2e1e66690.jpg,38,38,38,0,0
train/0038/bbaebb0a5bbf421c90092989e0bb4889.jpg,38,38,38,0,0
train/0038/c97fcc152a5c43bfb9f8edd0e1ef1f6d.jpg,38,577,577,0,0
train/0038/cc4e420b4e7048a48686768a5603792e.jpg,38,38,148,0,1
train/0038/f0b48b80ae7146c28eddfb6d3129ac91.jpg,38,577,577,0,0
train/0038/f4cf446484ff4ff3a3276a67c84a88b6.jpg,38,217,217,0,0
train/0038/fe9dcf056c9e43fb97afc716218053a0.jpg,38,38,38,0,0
train/0039/02ea68cd7aec4d1fa2f05784b78c06e4.jpg,39,199,199,0,0
train/0039/11cce1cdfe1e4a47810421e441403293.jpg,39,166,166,0,0
train/0039/1d93b57287954c72861786b36b886291.jpg,39,378,378,0,0
train/0039/1f837c40886c48b59a3c3a1bfe344aa9.jpg,39,203,203,0,0
train/0039/2165447ff39b42dcbfd440e8d181c549.jpg,39,118,104,0,0
train/0039/24222662d41d467a8ce41d8d28708120.jpg,39,366,388,0,0
train/0039/27fd4ca7c2644efea2859ca05ca0a010.jpg,39,185,516,0,0
train/0039/2c830c8326b0420b9231aaa15b7a89da.jpg,39,39,295,0,1
train/0039/2eed1bc6b1954e5c8705b37ca523e380.jpg,39,203,203,0,0
train/0039/35e8a2bf440f488891c5eb4bd4b34cec.jpg,39,733,261,0,0
train/0039/37c60116dc0f42689d08664c5a3a88ef.jpg,39,25,67,0,0
train/0039/386d05355d5d43f3980c0b0484878d12.jpg,39,203,446,0,0
train/0039/483814cc6a3941e9b4b510b409cf44f2.jpg,39,232,232,0,0
train/0039/7df3ee3057d54cfa913685ffd8c4dcc3.jpg,39,199,199,0,0
train/0039/8bb3b45f56f4452e83ac672d4dfb4dec.jpg,39,203,715,0,0
train/0039/cd70b8c936da4c7aa6fc86ecc2b6cafa.jpg,39,199,199,0,0
train/0039/ce32a449ac7f4d4493bb089153ff830e.jpg,39,446,446,0,0
train/0039/dcfd7288a8b449b193386b846f8d0d97.jpg,39,247,247,0,0
train/0040/0871500f37054a22aeac5fb9b97e51f1.jpg,40,40,40,0,0
train/0040/2a6aee1ba3cf415b880730c4c114f8da.jpg,40,40,40,0,0
train/0040/43a3ecc1931f40deb15231532dc19384.jpg,40,40,40,0,0
train/0040/4fdea6df97524ced9b9853dcc4bd81f0.jpg,40,151,151,0,0
train/0040/528d6568ab1b4ab4b89cf1efd03aedec.jpg,40,28,28,0,0
train/0040/5c8eaa9515d64b2e869911cf6e19a857.jpg,40,40,40,0,0
train/0040/5ec099e995ce43c7a8e9e04acb88cc4c.jpg,40,40,40,0,0
train/0040/682ecebb86e344ee8e20a00b066f379f.jpg,40,40,40,0,0
train/0040/6c47a5c0356d4725bc143e2bc8de615f.jpg,40,40,40,0,0
train/0040/7427a3147583496c825f7b2143a2f9e6.jpg,40,40,40,0,0
train/0040/78160944ac6f473ca5e8d6b040b0b0dd.jpg,40,40,40,0,0
train/0040/8e10fb0abcaa4fa88e7a8bc27cd61a8e.jpg,40,564,40,1,0
train/0040/a8ff55881ab5452c9c43e4348bd2006e.jpg,40,40,40,0,0
train/0040/a98c42b2d85b498cb46fd02e4e1c85f2.jpg,40,564,40,1,0
train/0040/c71218fee5f3446bb232891513e79d30.jpg,40,40,40,0,0
train/0040/ca3b80c85c74434db472feb0607bf0ed.jpg,40,564,419,0,0
train/0040/caac8f3f4cfb4aeda82aadf0d47e0262.jpg,40,40,40,0,0
train/0040/d52a312bb1734c6d874e035fd09f7ace.jpg,40,40,40,0,0
train/0040/e096d71b4bff416f86dbaa140e965de0.jpg,40,40,40,0,0
train/0040/e10e1055ff3a496aade3a9bdb9694a65.jpg,40,40,40,0,0
train/0040/f9f4607315584831884fc59e64ce70a3.jpg,40,40,40,0,0
train/0041/0a2bc99e7508461189634e355a30841e.jpg,41,10,100,0,0
train/0041/3363db3b275d4994bf016362a9da3c7a.jpg,41,41,41,0,0
train/0041/384d931bcb9748c3907ce453a6567858.jpg,41,41,41,0,0
train/0041/419ec936c41f4c359427039ea1701193.jpg,41,41,41,0,0
train/0041/4bfafec931d14ecd94ef2918b495705d.jpg,41,41,41,0,0
train/0041/515cb6613e514d93a2e32a1a20160cea.jpg,41,41,41,0,0
train/0041/5b89a4912abe4965b83c8bd2d4e88309.jpg,41,41,41,0,0
train/0041/7ed2ed9a1f9947fca704ffe104465026.jpg,41,41,41,0,0
train/0041/8761514ea1cc4727aa44ce0355cff547.jpg,41,41,41,0,0
train/0041/8829e66328f04d768fb6b9740740d3f3.jpg,41,41,41,0,0
train/0041/987c25a657af4799bdb80099e2eda66e.jpg,41,41,41,0,0
train/0041/a140d48631dc423690ace68a2767b49b.jpg,41,41,41,0,0
train/0041/ac7a4d81765c4434bffee69e016e37d6.jpg,41,41,41,0,0
train/0041/b679a4bb35654559b513b82f21285a76.jpg,41,35,41,1,0
train/0041/e018cc45f1fd49a3a4feefe128ea5003.jpg,41,41,41,0,0
train/0041/e41f6e242e234acbb694a2721ee59963.jpg,41,41,41,0,0
train/0041/e759b1893fb14492aa5aafdc0a2bd559.jpg,41,41,41,0,0
train/0041/f5f8cd20bedb4c82a771dc3f894c7b51.jpg,41,41,41,0,0
train/0041/f6ff9001b9514495959921615559054d.jpg,41,41,41,0,0
train/0042/067f6e978e4b42c1b95c1a954e7c0045.jpg,42,484,578,0,0
train/0042/2a4b30f166304771b79b956aba8ecac6.jpg,42,689,689,0,0
train/0042/3b98f1799e5e47498a8954d97f00bf00.jpg,42,84,516,0,0
train/0042/41d7e2db17e848978410d859b2b1edb6.jpg,42,23,23,0,0
train/0042/579ae68ce9bc45aeba87ca7f1f6cdecf.jpg,42,103,103,0,0
train/0042/5c9dc317d52b4a0991ce26d773155316.jpg,42,42,42,0,0
train/0042/672fa9552d774ce18b0dfdd2b241ec96.jpg,42,103,103,0,0
train/0042/715ffa9848b24164a256d34ea17573f1.jpg,42,350,28,0,0
train/0042/77f86952447345b09fac9dbdcba235c8.jpg,42,517,517,0,0
train/0042/7fc1483032354b069403e861451d5992.jpg,42,517,517,0,0
train/0042/867d98e6bf1d42f7b08d030da16030f4.jpg,42,517,517,0,0
train/0042/8b7d3bc4a98545c9af9f57fcb3d0b8f5.jpg,42,103,103,0,0
train/0042/9068fdd183ee4a7fa3434125ae8304d1.jpg,42,203,470,0,0
train/0042/bde61bc893a3478d9f7816f0eb1d83bc.jpg,42,103,103,0,0
train/0042/c559ff88f4ab42d5a84969c6aeec3e36.jpg,42,578,578,0,0
train/0042/d72e34481b30441588c00bb3e98ad8e7.jpg,42,42,588,0,1
train/0042/ec29697314ca4532b9cd697ee49a500d.jpg,42,47,103,0,0
train/0042/f09dd0da06084e26890bdb3a2137cdc9.jpg,42,42,295,0,1
train/0043/06148415b1d3493ba9b862d392f2a08d.jpg,43,43,43,0,0
train/0043/080ba27a468448548fae856250db9a06.jpg,43,43,43,0,0
train/0043/09cbf25977cf4a07bc56799f343254d0.jpg,43,43,520,0,1
train/0043/0d4b731ca54a4586b499822462d0f6d7.jpg,43,43,43,0,0
train/0043/25883051d9064b1c8c93252ccfecc24c.jpg,43,43,43,0,0
train/0043/29529dce98c847949f81e2e76e30f0e9.jpg,43,43,43,0,0
train/0043/41000a8707e14132babe50e42c72aa64.jpg,43,43,43,0,0
train/0043/4dbeef8d3c1d4215834bfbd080027a0c.jpg,43,43,43,0,0
train/0043/53f2c97181f846828462cc34e9dd71b8.jpg,43,43,43,0,0
train/0043/5c92b2cbd30046428094dc2e0716d08e.jpg,43,339,339,0,0
train/0043/63e4cbb580da4ac5932e766bf3206add.jpg,43,43,43,0,0
train/0043/85c991012aef4c2eac9b55aad7d77c55.jpg,43,43,43,0,0
train/0043/88ea0ffbdf094261a19c6ba71cf77c5b.jpg,43,43,43,0,0
train/0043/a1c3ab78a52e4df19ae4269fe88ae20d.jpg,43,43,520,0,1
train/0043/b170c38587554b458a6f1f461a1f9333.jpg,43,43,43,0,0
train/0043/b56618540181452eab163705803cc7b8.jpg,43,43,43,0,0
train/0043/b9f91979938f4d87a1854e2e21e883af.jpg,43,43,43,0,0
train/0043/bbf4f4dc44bc4982bab32083dc6a0485.jpg,43,43,43,0,0
train/0043/cc35ba341610492bb52e837bbc42b894.jpg,43,520,520,0,0
train/0043/dd0fa7acd5f24e55950278a113524099.jpg,43,43,43,0,0
train/0043/fba8231327c24916b6812273a60ed813.jpg,43,43,43,0,0
train/0043/fde4edc94b114004b686228f9a0e6069.jpg,43,43,43,0,0
train/0043/fe6cb9725a214f6ca7c48415b4322376.jpg,43,43,43,0,0
train/0044/05dd9220ca7e4592b733acc2da7de901.jpg,44,44,44,0,0
train/0044/08dda8724d4c43c4bb1fe02824552c3b.jpg,44,44,44,0,0
train/0044/13527ac0d6ef4ded88f1a000a0b55b46.jpg,44,44,44,0,0
train/0044/14195298e867484a8032dc531040bf2b.jpg,44,44,44,0,0
train/0044/2dd00358d4a84c85b099ca0b0dfb9aa1.jpg,44,44,44,0,0
train/0044/317aace47225413188ef2021b19335fb.jpg,44,44,44,0,0
train/0044/33692e654e744ddf9745cf6fff13d4de.jpg,44,44,44,0,0
train/0044/456f76318cc04899a4351b36d7ae1f77.jpg,44,44,44,0,0
train/0044/47a1ff19db724df6b3a335641e1e13e3.jpg,44,481,481,0,0
train/0044/4c415de2642448f79544a1a74e8040b1.jpg,44,44,44,0,0
train/0044/529b20c3294d433c9ed47073b545b941.jpg,44,44,44,0,0
train/0044/532a77607b9a45cc8ea4b7b54083f50e.jpg,44,44,44,0,0
train/0044/553b691751df4c1c96230e7d8971bdd7.jpg,44,44,44,0,0
train/0044/66140be0c0454c1e9e414c0d249a87e1.jpg,44,44,44,0,0
train/0044/6eb4c436448545f3a2d0ed0f149a8fe5.jpg,44,44,44,0,0
train/0044/90ed8d33f65c493f8ba3cd828b821e32.jpg,44,44,44,0,0
train/0044/bdb9b218e9e648d182e8ed8e74596460.jpg,44,44,44,0,0
train/0044/ea02ff7a202143e19d5e044d4e012b3d.jpg,44,44,44,0,0
train/0044/ec73e94813ca41639582246ef212ddf7.jpg,44,44,44,0,0
train/0044/f0676b92a7474532b353392e05f8b5f3.jpg,44,44,44,0,0
train/0044/f7ea248086a64cdf97eebc9e5f9e0d5e.jpg,44,44,44,0,0
train/0044/f99538ac1725443ab377586d4f0c8137.jpg,44,44,44,0,0
train/0044/fb4d33e33cd24568a24870e3559df73c.jpg,44,44,44,0,0
train/0045/02006d6e75f946268f973d30d21fa111.jpg,45,303,303,0,0
train/0045/0f0311ba26a6490dac74ecddbd50fa0e.jpg,45,539,16,0,0
train/0045/1492cee0ab0440b7b36da482da4e28a2.jpg,45,303,16,0,0
train/0045/43c34cd05d5e4f038d5dae8ad1007557.jpg,45,303,45,1,0
train/0045/51e8c94c07984324b8bff11013e5a213.jpg,45,45,45,0,0
train/0045/567ca416c3a34ec092110cb1d63a64e1.jpg,45,162,16,0,0
train/0045/56f29466ce214d3197bbc0f7a9dba925.jpg,45,16,16,0,0
train/0045/5c9c1e004e5c48ba81a3565d22caa542.jpg,45,28,28,0,0
train/0045/60de92648e5f4f31b1c410e9fc8c5728.jpg,45,469,16,0,0
train/0045/68e8816467544db1bf2357b31dcc4bee.jpg,45,34,16,0,0
train/0045/7fb0fe706c34489ab4e39762596b243e.jpg,45,303,303,0,0
train/0045/982f035db5034abebd4f04be3547f1d3.jpg,45,16,16,0,0
train/0045/a61a2893690c473eaa10f3939aa38795.jpg,45,45,16,0,1
train/0045/b10db009fe4442b5a1e23854c78d946c.jpg,45,539,234,0,0
train/0045/b334d6c8b75c48d99c67311d8a60471b.jpg,45,243,99,0,0
train/0045/b416007ec5e245d3bd3ede2861fe294b.jpg,45,45,45,0,0
train/0045/b51f19b42dcd4f29af9a0f1171ad7f75.jpg,45,303,16,0,0
train/0045/bd389428fd0f4685b1e6d202b6506661.jpg,45,539,7,0,0
train/0045/c3ed260fe4024b788dfb3c2f4a1f2165.jpg,45,539,293,0,0
train/0045/c7a1dbc036624c959be79e797ec4b0a6.jpg,45,7,7,0,0
train/0045/c942f5ae282c47d7bd3bd88e28ef5185.jpg,45,253,253,0,0
train/0045/d540cd99fe084b94bfe427abb6c069bd.jpg,45,303,303,0,0
train/0045/db932811c887411899aece7a3d47ed12.jpg,45,45,7,0,1
train/0045/ef2b74476db14779ac47aedbe704e1c6.jpg,45,303,303,0,0
train/0045/ff92c90917f34054906dbe579765a7a8.jpg,45,303,303,0,0
train/0046/21f9da0743cc4ddea7f8a37b0df9ee55.jpg,46,320,320,0,0
train/0047/06478ed6c2eb4bfbbde3889237bf069e.jpg,47,47,47,0,0
train/0047/0e0d9d351b42427e9fba196d01ee5378.jpg,47,47,47,0,0
train/0047/1a81a9e647f248eea564af15d6fa31f0.jpg,47,18,262,0,0
train/0047/27d2257ed98240399e92d8b6d3fe2037.jpg,47,422,422,0,0
train/0047/382fa65d03ea4a80a0c7e7c1c611a6d5.jpg,47,422,422,0,0
train/0047/3dc25424fac745c3aa54957f71aff840.jpg,47,84,84,0,0
train/0047/4092175fbfcc4178b7715c9dc908a3f1.jpg,47,47,47,0,0
train/0047/40c69b8567be496b942cddaf77835313.jpg,47,47,47,0,0
train/0047/52753a482df548f5bb912adc3922d0da.jpg,47,422,422,0,0
train/0047/5352a1905d434f0eb84396b2f4a4f981.jpg,47,47,47,0,0
train/0047/7b0b98dcf8ea4307bcfb5d1248f04876.jpg,47,89,89,0,0
train/0047/7caa03d28a9e49dd95441bcc299ab6b8.jpg,47,47,47,0,0
train/0047/8872919745bd498099f54e4b59fdf5f5.jpg,47,47,47,0,0
train/0047/924ea01d817646ddb9f3c4bc672ecf69.jpg,47,588,588,0,0
train/0047/93e78eede8564a8ebaf3a01bd45ab8aa.jpg,47,47,47,0,0
train/0047/c00b3834ac164f86a8d753801e0e3f19.jpg,47,532,318,0,0
train/0047/c0fa176bf12a4cf09fa70c44f8df4bf2.jpg,47,47,47,0,0
train/0047/cc084a7c420e46f5aae577a524d5d264.jpg,47,84,84,0,0
train/0047/d38971dcc597400fa4db4fcbeae7c168.jpg,47,47,47,0,0
train/0047/e163a379384f4c89af854c618ee40dfe.jpg,47,47,47,0,0
train/0048/005113ff7f4546dbad289ddae6c24a46.jpg,48,230,523,0,0
train/0048/0d35bed1a12d415facc8b3e00e211ec8.jpg,48,236,509,0,0
train/0048/1288132271264b5980505eb82cdc99ae.jpg,48,151,151,0,0
train/0048/26a59aa4f3c0498b8d50d7b4394eba1d.jpg,48,165,165,0,0
train/0048/3c64879aa2d74c6dbf2f866cffe02dbe.jpg,48,347,347,0,0
train/0048/3f9e54abc151417dbd32279de2cbee94.jpg,48,345,441,0,0
train/0048/40f7f2764036466ea1846b4972f5c865.jpg,48,105,105,0,0
train/0048/42141b0de2d34e03bf760bf2beb1e328.jpg,48,165,165,0,0
train/0048/42861eeeb29e413babc562bb80b2da75.jpg,48,628,628,0,0
train/0048/489732af9306420ab1551bcde63cecd1.jpg,48,48,165,0,1
train/0048/52982d65f8f34dc198cefb74f5f52b57.jpg,48,281,703,0,0
train/0048/56ba0b11611547dc9f35113c971dd62a.jpg,48,246,557,0,0
train/0048/704cf38b40704c678efaff316c6e76a7.jpg,48,165,165,0,0
train/0048/7095468165a2415c963566436dcff7e1.jpg,48,48,125,0,1
train/0048/917fd933f5cb4ff2b12b39a521217352.jpg,48,412,412,0,0
train/0048/92fac2aedef84152a995460dcc58714e.jpg,48,246,597,0,0
train/0048/9f7e1c3f0676482284643f5dfeabb180.jpg,48,620,590,0,0
train/0048/a22a0b45cd6b4b3f91a5b0eaabb5c635.jpg,48,338,338,0,0
train/0048/bd37e20c8a70430abe6dd5e4880fe27c.jpg,48,281,281,0,0
train/0048/c877218bfeca4ca283c0d42bbd7a4a2f.jpg,48,331,28,0,0
train/0048/d43134d3755844b2acf6af4ec6f1de3e.jpg,48,232,232,0,0
train/0048/e2114024c6ac4a4cbb3aaf1fbe9291c2.jpg,48,703,703,0,0
train/0049/00094b9d509143c1bedbaa9290081411.jpg,49,300,49,1,0
train/0049/027634f09c4e49abb09dfea7ae3356e8.jpg,49,49,49,0,0
train/0049/080a21ce3b6d46519bd320b5f2499c27.jpg,49,259,259,0,0
train/0049/2283287978d94d8484c1e6c437ee6efb.jpg,49,574,574,0,0
train/0049/238d70691bec48bdbf15eeda92c6a59c.jpg,49,722,722,0,0
train/0049/3f982c84c3a04b1da70a12e8440441ec.jpg,49,49,49,0,0
train/0049/450ac6c1b44542e78de8e1e7cf780b9f.jpg,49,49,49,0,0
train/0049/5ebbc6689c94416380735b1c6c68cfb3.jpg,49,49,259,0,1
train/0049/5f7e9b5bc589411fb182c2a642b656c8.jpg,49,49,49,0,0
train/0049/6666f4500a0644079ff6383c16a1bca8.jpg,49,259,259,0,0
train/0049/69b4d0e54f294744807cd181dcff2a25.jpg,49,49,49,0,0
train/0049/72397e94a0274dec9776c727bffdd3b0.jpg,49,663,663,0,0
train/0049/7ad8bddd0e9a4fbf8a0a723b0ce10de5.jpg,49,49,49,0,0
train/0049/7d32f94143be4f8a8dce338929069a4c.jpg,49,695,695,0,0
train/0049/7e741a79ea2a495ba377f148cc451a50.jpg,49,49,49,0,0
train/0049/9d51dc65eaf244babe3efbc630499507.jpg,49,49,645,0,1
train/0049/bab8848347c448a29d8692222592b3fd.jpg,49,300,300,0,0
train/0049/c79e01846b914b49a9f691c9b9c2ba60.jpg,49,49,49,0,0
train/0049/c803d43973f446e4bcc2aa6c7f9c6129.jpg,49,523,259,0,0
train/0049/d9bacdb9304f4f3daa9fb342ad1274f4.jpg,49,49,49,0,0
train/0049/ebb751f0bc6341e28a9b627af27d54ea.jpg,49,259,259,0,0
train/0049/f91ee9f8b8d74b3988bbf294762c21cc.jpg,49,49,49,0,0
train/0050/2e99b98ea2fc4c70b6ded9c3898044ce.jpg,50,50,50,0,0
train/0050/40c7dc4b5db9494097d95761c1b35046.jpg,50,50,50,0,0
train/0050/458796b5225f497ab93b2ba655b7e3dc.jpg,50,50,50,0,0
train/0050/4f8f5d9df588488c93cce55fc74e562f.jpg,50,50,50,0,0
train/0050/4f998f2ae317439abf7065b84d06fc01.jpg,50,50,50,0,0
train/0050/596887ca3fa648769ae46d2143eb8940.jpg,50,50,50,0,0
train/0050/61619aa7a1e54bf09ed926b9bcb87d1f.jpg,50,50,50,0,0
train/0050/7fa21377990e4897a8cb92d957043b7c.jpg,50,50,50,0,0
train/0050/9c0a301e560b47dbbe7ef2a6071e4ba5.jpg,50,50,50,0,0
train/0050/a1cb2c2bf7084bbca7583cd9f62e5892.jpg,50,50,50,0,0
train/0050/a6df3c233ace46019fba6393af8b4b6a.jpg,50,50,50,0,0
train/0050/a7248d686e7341d2a623e59d3ee7a8a6.jpg,50,50,50,0,0
train/0050/aac8214b541f48f4809592476d522e38.jpg,50,50,50,0,0
train/0050/aaed917b63524eeb958f83799d660314.jpg,50,50,50,0,0
train/0050/c8dc1dee7a4d4befbf4fe9ebee418a74.jpg,50,50,50,0,0
train/0050/d431bea223aa41ea9e75d1ee4491572e.jpg,50,50,50,0,0
train/0051/05a075f8857f45719bbb5f7713886925.jpg,51,478,478,0,0
train/0051/150123fd20c24d7e813a394b2b04d20f.jpg,51,423,476,0,0
train/0051/1bc2ee9c557745eab7d09328bf0da5ea.jpg,51,423,476,0,0
train/0051/220cd52580604410910e6c3b65a264fd.jpg,51,681,447,0,0
train/0051/32c00f3762d347899085a9eada2ea044.jpg,51,476,476,0,0
train/0051/44fed42d17924d918d2a4a0caad81f90.jpg,51,51,51,0,0
train/0051/4773ac8750db47d1a327fc04061463d7.jpg,51,518,369,0,0
train/0051/68072ddc0932435b92cd485a445f74c9.jpg,51,51,51,0,0
train/0051/75d33b3cfd274b3eb47cbab997910fbb.jpg,51,423,476,0,0
train/0051/825b927e153447009970ba47ecaa966a.jpg,51,51,51,0,0
train/0051/82d8e1cee3244f0a8e3b6fcdf4bdd7e6.jpg,51,293,596,0,0
train/0051/8308b40dd0ce4441969f06e7fd534623.jpg,51,206,206,0,0
train/0051/8b6d05d7be634522ad876b353d1dd7c2.jpg,51,51,51,0,0
train/0051/926cc5ece1b44e5d9eee90055d46e69f.jpg,51,51,51,0,0
train/0051/a05e3f59a8cd4b1484c1cfc2354f17ca.jpg,51,51,51,0,0
train/0051/a154f23dcbdf45e5839ad5db77ae113c.jpg,51,123,123,0,0
train/0051/b24df5330dd245da9d936c9070ffe24d.jpg,51,309,309,0,0
train/0051/c14ffbd7a34b41809b48b071e8e9bee2.jpg,51,51,51,0,0
train/0051/f97826ae2b394e9f93495f2e4e04bbc0.jpg,51,123,123,0,0
train/0051/f985e2cad90c4894854470304e9c8cae.jpg,51,51,51,0,0
train/0052/1f39ad978e5c41e6a495300247bb2917.jpg,52,52,52,0,0
train/0052/413cc140e04340c483b5b95c44e24651.jpg,52,52,52,0,0
train/0052/434e1e9acdc247dc91f83fd65578eb9d.jpg,52,52,52,0,0
train/0052/46ac8be4de7249fea81d5267488eee89.jpg,52,52,52,0,0
train/0052/476e28d5da5a41c48643398443af6bf2.jpg,52,52,52,0,0
train/0052/47a32591b85d49d38cbc1d78d5e428a5.jpg,52,52,52,0,0
train/0052/544c88ea237644a9a4d8c5fa3bf03d10.jpg,52,52,52,0,0
train/0052/7af70a04328e4b6f8c026a7f8665ecf8.jpg,52,52,52,0,0
train/0052/7d7f08b075224b33b4e92a88d3047488.jpg,52,52,52,0,0
train/0052/97b83d71ce874b13a6dc8d618a2e66c6.jpg,52,462,462,0,0
train/0052/9afafa1e23504244866d06b4c062ed4c.jpg,52,416,52,1,0
train/0052/a207b3cb85e74751ac17eddc87dfc812.jpg,52,546,546,0,0
train/0052/a4d8c4e8c1584e90a4e5e826404e2591.jpg,52,52,52,0,0
train/0052/afad2acd7ac94a4c93feeef406b357e7.jpg,52,52,52,0,0
train/0052/b30bf384f74d40a78efe1a86309935a3.jpg,52,52,52,0,0
train/0052/c81e21292f944bb3a9975573eafd5b1f.jpg,52,52,52,0,0
train/0052/c89732241cd243f08c831add43d2b868.jpg,52,52,52,0,0
train/0052/d794c623e6da4dbd9f22546a59b79912.jpg,52,52,52,0,0
train/0052/d825b8023e3c495894dd848ec7192f35.jpg,52,52,52,0,0
train/0052/da04491a1f1c4ea09d1072ba32391531.jpg,52,503,704,0,0
train/0052/dacf8c2cb1594d189a4a221354433f64.jpg,52,52,52,0,0
train/0052/e2e733d9f67944c0a316f6cdb65909e9.jpg,52,52,52,0,0
train/0052/ef7e1c3c6de64e47aceff82b67ac6b4f.jpg,52,52,52,0,0
train/0053/093aea8b8b4e4e2094f518b86e2b1c6d.jpg,53,745,369,0,0
train/0053/0ff3d739f0df4c84b2157198ba7be5ef.jpg,53,307,643,0,0
train/0053/172663f1d78349248466e2928f066692.jpg,53,669,466,0,0
train/0053/1cd9e329fe70423aae562e94fa82d031.jpg,53,112,112,0,0
train/0053/4f3171c41d8f493ca5302af1f4fd4570.jpg,53,509,509,0,0
train/0053/5d3fb8c93d9e472dbba362878371c421.jpg,53,133,133,0,0
train/0053/6451b93de26c48f9bd14e02e927e8dbb.jpg,53,112,53,1,0
train/0053/667aa108ab234567ad5a019bc47b8979.jpg,53,449,449,0,0
train/0053/6bdf92dcbb9343d6b1d9f37a0f62d829.jpg,53,733,733,0,0
train/0053/71e86a2d94cb4f679e5b66cf859d7ce5.jpg,53,546,546,0,0
train/0053/79a66bc4271c4c3590a21f74bfd9170c.jpg,53,419,419,0,0
train/0053/aaf5bf0f8bcc40959a7d6a176ed3623c.jpg,53,509,509,0,0
train/0053/aef3fe9a6b974b19848ed757e4efffb8.jpg,53,112,369,0,0
train/0053/b4463cb241b646f8bff725273e06f20a.jpg,53,448,448,0,0
train/0053/b76548877ba04ff19262cc6e4622d51a.jpg,53,509,509,0,0
train/0053/cba7167e9d7843a7aea7bfbb19e2e449.jpg,53,53,464,0,1
train/0053/e764ceb262e34a1ea87aab7c1f27aa57.jpg,53,280,748,0,0
train/0053/ef6c3ead6dfa43a4874b78703705fd0b.jpg,53,10,10,0,0
train/0053/f297caa9e952415e8801976fcc6b5325.jpg,53,546,546,0,0
train/0053/f90ef9c2e23a49b287f4c594410da208.jpg,53,307,666,0,0
train/0053/fc4d8fd340564886b7c83313fda1f050.jpg,53,173,173,0,0
train/0054/0f1804d2361648d0b2b4b41facf3c022.jpg,54,54,54,0,0
train/0054/1929fd058f644b09b4970f15ec23f0d2.jpg,54,518,369,0,0
train/0054/1cf85197806c40db8e5bd9f960cdc949.jpg,54,54,54,0,0
train/0054/23f02e8ba2df4fc082032853312bef1b.jpg,54,387,387,0,0
train/0054/2b53116f3b0e48f695f09ce520a9c8b0.jpg,54,54,54,0,0
train/0054/2c082b84bb194363ba5e958d881cd20f.jpg,54,54,54,0,0
train/0054/52faf3ebca194fb6bd54b82fa71dd15b.jpg,54,54,54,0,0
train/0054/6665bdc5f7884a54a4a0530ed292008b.jpg,54,274,274,0,0
train/0054/688b300d73de4507a83f6d37a7f640cf.jpg,54,54,54,0,0
train/0054/73fdf6788a734477bb78ee63886502f2.jpg,54,54,54,0,0
train/0054/9b8c65fd9aed4639b89afa83478e9853.jpg,54,54,54,0,0
train/0054/ab350ddee3b244ba9e8c462ab489f96b.jpg,54,54,54,0,0
train/0054/add3ff68596b4318b4f86aa4a0e6855c.jpg,54,54,54,0,0
train/0054/afef52a308db4258ad9d47b526cd01d3.jpg,54,518,369,0,0
train/0054/c117cccde0fe49f1b366806b915bcd27.jpg,54,54,54,0,0
train/0054/d8705e9b395540aabcc528fe9c6e154a.jpg,54,54,54,0,0
train/0054/deba499456e44eada9852fc114ef17f8.jpg,54,54,54,0,0
train/0054/e0b0a210aeeb4b96842f11b17684486a.jpg,54,287,54,1,0
train/0054/ee569668125f4aee94fafa4b4a86ba19.jpg,54,550,369,0,0
train/0054/f04767beb1164f4c9cfc63d70b30b2d9.jpg,54,54,54,0,0
train/0054/f181bce84c7740e58987072980bb690c.jpg,54,54,54,0,0
train/0054/f52f3f2b7780453e9d09c5f83ad1ae32.jpg,54,287,287,0,0
train/0055/00465b922f874135bd06c9db0a575c66.jpg,55,678,678,0,0
train/0055/3655246b95c749e1a1f03edd27419326.jpg,55,55,55,0,0
train/0055/37a5c2526352446db0380ee877f35864.jpg,55,55,55,0,0
train/0055/56946c7f398b4bcc9e6fd1b6ba6e2afe.jpg,55,55,55,0,0
train/0055/9361a17ee1d64b63babb160f1a15ffb4.jpg,55,55,55,0,0
train/0055/9935c64be6734d3d9e8d5822a30a40b0.jpg,55,105,105,0,0
train/0055/a5f08a44b0e643a58e9bd8544e41dc32.jpg,55,55,55,0,0
train/0055/aefd1c2e30ef423181368ec01fb6bfdb.jpg,55,89,89,0,0
train/0055/bc1d4c29ffbc4618a863df85b75b4b8e.jpg,55,55,55,0,0
train/0055/c9e3837077b643ca95461c964ac671e9.jpg,55,55,55,0,0
train/0055/d4e4bd7c5ba94dadaca64461d7811f05.jpg,55,678,678,0,0
train/0055/ea943dd1c843492694910b1662ec6f95.jpg,55,290,290,0,0
train/0055/efd1d1b2e82f40dcbce28dda0e312df0.jpg,55,298,298,0,0
train/0055/f48f1990386a40efa3175c9be5b7a857.jpg,55,55,722,0,1
train/0055/fc10501e33f440f7b6575dfdc9e90e14.jpg,55,675,206,0,0
train/0055/ffa299bc14e0434cbc962263378e4481.jpg,55,55,55,0,0
train/0056/03fc29c6debf41dd9aa9ad3ee8a8efef.jpg,56,56,56,0,0
train/0056/22b7da15c2114ba8be0e03468df4acf1.jpg,56,56,56,0,0
train/0056/3e5c352c9bc7461ab380cc4eb6319515.jpg,56,350,168,0,0
train/0056/4b47d272d3d34ee59261e6b93ff14f8b.jpg,56,56,56,0,0
train/0056/6ce608ce22534fb6ade9c6b45589ab0a.jpg,56,56,56,0,0
train/0056/6ea58fc85f4f4c9986e236fb01b2c1ae.jpg,56,56,56,0,0
train/0056/7d400d19cffe4e649502983fcb2a1500.jpg,56,56,56,0,0
train/0056/83a896f37d5e4d9d85d91558d81d3921.jpg,56,251,251,0,0
train/0056/903eee1ce2fd479e9942aaf94bc439d7.jpg,56,56,56,0,0
train/0056/90e22ca504924960806bc017b4c517ee.jpg,56,56,56,0,0
train/0056/9b8daca4cb1c42a6ada64747100ba6eb.jpg,56,286,331,0,0
train/0056/aee00133182e453da56f7a2ba1ad7496.jpg,56,56,56,0,0
train/0056/b509e0f1211e4b3f8895b4f783b8fabc.jpg,56,56,56,0,0
train/0056/bcf37650672c4fd69e74d54b71356d05.jpg,56,289,289,0,0
train/0056/d2e8d6f1333c487192c4ac054f854aa6.jpg,56,56,56,0,0
train/0056/d95fa9b6381c4eddb252ac8407d63ae2.jpg,56,56,56,0,0
train/0056/e6d6647cd7df4348ad24f56e601a28b8.jpg,56,56,56,0,0
train/0056/f09466cb6bcd461286c397cab1a62b1f.jpg,56,56,56,0,0
train/0056/fe32de9dbbc64cccafca14c510905a81.jpg,56,56,56,0,0
train/0057/03abdbed70bd41039f3122380056f722.jpg,57,57,57,0,0
train/0057/05ffd6ad26ff43069045b918e8ae066b.jpg,57,57,57,0,0
train/0057/1585504ecbdf4778a6299f4ac9579648.jpg,57,57,519,0,1
train/0057/1c3f18704edc466f94bf28b5ebb50b53.jpg,57,57,57,0,0
train/0057/1d1dbd7ae15a4666bb81ee73cb410c35.jpg,57,57,519,0,1
train/0057/1fc4ca29667241e1876b3efcf186e9ff.jpg,57,57,57,0,0
train/0057/234c92b06bd24d9eadf84bc3e11aaac5.jpg,57,22,22,0,0
train/0057/25ff5a905d34480f854f5865b46422f8.jpg,57,519,697,0,0
train/0057/3040599062e04e4f83d6dce5bd717a1f.jpg,57,57,57,0,0
train/0057/3b2944ee6b83490199d878777dbd9635.jpg,57,57,57,0,0
train/0057/4da3647e129b4058959d4735b3e13c89.jpg,57,57,57,0,0
train/0057/50e5ffa8b2b743a8a4321243481b1f28.jpg,57,57,57,0,0
train/0057/551fb5cdeb504813a5bd97d094097380.jpg,57,57,57,0,0
train/0057/5bc1a256ce5f4050b9b3181ff08649e7.jpg,57,57,57,0,0
train/0057/66f020062bc74505972c6e8e8f74e251.jpg,57,57,57,0,0
train/0057/6add08626f8d4d94b1bf75853ec223eb.jpg,57,57,697,0,1
train/0057/6d89f7fe59804869806f86c16c08ecbb.jpg,57,57,57,0,0
train/0057/7aaab71166f14759aad6a8ec43456ed3.jpg,57,57,57,0,0
train/0057/8fe3c321649a403eaf5f84cb12bb4053.jpg,57,57,57,0,0
train/0057/9323fed447774537b91949a4f93408fa.jpg,57,519,519,0,0
train/0057/d22d4dc901a743eeae92fc9da1fa6586.jpg,57,57,57,0,0
train/0057/e08dcd1d8efa45718b5c210e8fdb46d9.jpg,57,519,519,0,0
train/0057/efeb02bb26d04257acdb8c32271b85f4.jpg,57,57,57,0,0
train/0057/fa5aa3506229463a8a0e812693bfbcdd.jpg,57,519,519,0,0
train/0058/2a50db450cac4174b112bae944393137.jpg,58,348,348,0,0
train/0058/32b5ffcfeaf14c6789a48e88f7154b06.jpg,58,58,58,0,0
train/0058/349ad9678b26463e8452ec154d18e4a7.jpg,58,617,617,0,0
train/0058/6bd50a17781b44d9b19664554e1078ef.jpg,58,312,244,0,0
train/0058/6d067d30c94b4c7eab81e407d87c9f8f.jpg,58,58,58,0,0
train/0058/82f2b242bc24476e939831e3cbef31c8.jpg,58,583,583,0,0
train/0058/83d72b6ff8e240649b10d32806e1c7f4.jpg,58,10,10,0,0
train/0058/8b66483d98654fa19192529e40648e1b.jpg,58,58,58,0,0
train/0058/a2d295eba921458188c2498ef23db20d.jpg,58,503,503,0,0
train/0058/ccbc99be8cb84c5a9fa877c8c6597a07.jpg,58,348,348,0,0
train/0058/d1867ced238f439e9afaee774e761afd.jpg,58,58,58,0,0
train/0058/e9a4a25aa29f4b6d872f47ded0662f0b.jpg,58,177,177,0,0
train/0059/15489d4dbe414358b00bbdd6e2917803.jpg,59,28,232,0,0
train/0059/4ac73748f5e14d4d8c0220ffb3169ae0.jpg,59,229,366,0,0
train/0059/52816571e0d443909941c8a41f874051.jpg,59,23,578,0,0
train/0059/559704f844cc4cf88d6eb6bcc168a949.jpg,59,59,59,0,0
train/0059/64ce696509f4419e9dddee044f3c5983.jpg,59,23,23,0,0
train/0059/675cd04105b346a18c37b638f4faa21d.jpg,59,59,59,0,0
train/0059/73976ca158f745eb95e5e37dcfa88ae7.jpg,59,331,28,0,0
train/0059/744ee8b73f784744b7dfeabfe041ffa4.jpg,59,224,224,0,0
train/0059/7920d1c6b48843a9aead1540ac6c184f.jpg,59,224,470,0,0
train/0059/81284832e6f349e78718e8829c13d8e8.jpg,59,662,662,0,0
train/0059/87f42de2c4c845e698f1fa014d86713d.jpg,59,42,470,0,0
train/0059/88239ebb6cdb4a96b83188e9bdfa7b7d.jpg,59,23,23,0,0
train/0059/987969450dd74aa2ad6210cbd35c6a4c.jpg,59,517,224,0,0
train/0059/9fba69be5200407783cbb3473c42351b.jpg,59,23,662,0,0
train/0059/a150d798f85947369a5a5506f895d57f.jpg,59,229,25,0,0
train/0059/a154e0b72f4a49689874847725ed5d88.jpg,59,534,546,0,0
train/0059/a2f72c3e23cc4517b5a418d170657b15.jpg,59,59,517,0,1
train/0059/b5b593b9fd584be2b22cd3fc13005c2c.jpg,59,224,224,0,0
train/0059/c576c33b16224cd8bf39b7d09572a4e0.jpg,59,23,23,0,0
train/0059/e03f70f5952d42468ea717d8d13fb6e0.jpg,59,224,224,0,0
train/0059/e0c51c0818a44be880382a43b6d80548.jpg,59,59,224,0,1
train/0059/f6c2278b4cae484e8ad506f9aea790b1.jpg,59,224,224,0,0
train/0059/f8100b2f4af44902947229e8e6c06d2c.jpg,59,59,59,0,0
train/0059/fc7c9bd431034cae900bfd7938a2c1ca.jpg,59,59,59,0,0
train/0060/1a563ce424514329b4db53d84ede06ce.jpg,60,60,60,0,0
train/0060/345f809e3c1741ac84022cd296a3d871.jpg,60,60,60,0,0
train/0060/4c1c1477f9754fd5bcdefaeb0961d69b.jpg,60,60,60,0,0
train/0060/5196fd1a3f5442a6b64090fe9c35f8b9.jpg,60,60,60,0,0
train/0060/51a028f8b90946af8d19d12061d4a110.jpg,60,60,60,0,0
train/0060/531eeb4400ed4401ac585a82fb858ba2.jpg,60,60,60,0,0
train/0060/676287c7cc73430eab3ea353562a23f9.jpg,60,387,387,0,0
train/0060/709486201f0342fdb20b8e2155779e78.jpg,60,152,369,0,0
train/0060/715060ab2b6a416a840ea87e8f6910a8.jpg,60,381,381,0,0
train/0060/72a2a6533cb7444899c238caad08391d.jpg,60,60,60,0,0
train/0060/790ca230e860400bb0aa1c1a7ecd923d.jpg,60,60,60,0,0
train/0060/9042de1265ce4f128e70196b15787c08.jpg,60,60,60,0,0
train/0060/a4a7dba4f65a4eef90bf7ff31dbdc27c.jpg,60,60,60,0,0
train/0060/c64e61726a6b48ad87dc21eddb14ded3.jpg,60,195,195,0,0
train/0060/cd7ad65c89fd4b1eb22d64f9889d6579.jpg,60,60,60,0,0
train/0060/ce50d95e8fdf4ca18070f78d7e0aee84.jpg,60,60,60,0,0
train/0060/d2de368b5c6f427583f6a43a4df0985d.jpg,60,56,56,0,0
train/0060/f52af78c6e3f434fba7e148acf85909f.jpg,60,60,60,0,0
train/0061/161c07f7fb304c7286b972786595a58f.jpg,61,97,97,0,0
train/0061/186cb0375bf3407ba124472860a9c582.jpg,61,61,61,0,0
train/0061/18a9291acd1247b492967bbfccc46220.jpg,61,350,350,0,0
train/0061/23fcb2760d2142ee9b8ce474b713a6fc.jpg,61,106,61,1,0
train/0061/2c6abb4f64e54e2e83bfb7a2a4e6c44b.jpg,61,221,61,1,0
train/0061/36d9c9eeb94247cdbe0db3f94cc384bf.jpg,61,592,503,0,0
train/0061/3e21009b07e54c5293d2c150a5bdf57f.jpg,61,61,61,0,0
train/0061/42d4a6a0d9e04af3b13a7d56b7ea9622.jpg,61,61,61,0,0
train/0061/4aa7a295492b44c7838ef1800b78fa8d.jpg,61,61,61,0,0
train/0061/4e3dc876628a4ab3b939c501977d3aa5.jpg,61,61,61,0,0
train/0061/5af8d29281e74d83850fa3710238fcd3.jpg,61,123,123,0,0
train/0061/7574f10a8be44407aa000bfe899c6081.jpg,61,232,232,0,0
train/0061/81cebce0c7f142f8a78da8bb197384bb.jpg,61,245,61,1,0
train/0061/84fa6ef145c8498f8a097248bf8691a7.jpg,61,438,347,0,0
train/0061/aa8a1fc8faf14f6fb4448b1ab1607c16.jpg,61,466,685,0,0
train/0061/ad3d9c04083c471d80c5d96e4c0df957.jpg,61,347,347,0,0
train/0061/b3bbbe08166b4846a88c4d1b3ab328c8.jpg,61,245,58,0,0
train/0061/bb996765c962403dac6cd7d53ce7b00f.jpg,61,61,61,0,0
train/0061/c4a633e8d2dc4d029248b486ac255cdf.jpg,61,61,61,0,0
train/0061/caae3a56319146f6b5d7c8886c8dbe58.jpg,61,71,71,0,0
train/0061/e4621a245ba54173900d65bd64885c2c.jpg,61,61,61,0,0
train/0061/f566564e9999470fa87dcc4585a2fc02.jpg,61,61,61,0,0
train/0062/1c4eca85e37940c78c1f700e0afb2e0b.jpg,62,38,62,1,0
train/0062/217c27b561e0476887491e5f2bd5b456.jpg,62,127,206,0,0
train/0062/3efc7de7924246b79ea239d335d971e2.jpg,62,62,62,0,0
train/0062/658156426e364abaaef5dce5d55aa11f.jpg,62,62,62,0,0
train/0062/66b211df809d47acacc6c9e66d19a9c0.jpg,62,523,523,0,0
train/0062/8d48aa298c1b4c93bf5d5367b77464a0.jpg,62,62,62,0,0
train/0062/990739d3bf5642f995a673336d68f299.jpg,62,191,127,0,0
train/0062/ac384d96b6df420a8c7e860ba7574a2e.jpg,62,62,62,0,0
train/0062/b3d757c7bf1f445397a8dbac3c1a4948.jpg,62,38,38,0,0
train/0062/c289f67da03f4394ad26429cb3b27cfc.jpg,62,62,62,0,0
train/0062/d36e1c64efe14cc39ac0f6e6389ccd6a.jpg,62,62,62,0,0
train/0062/d7a9669474e54c15be6842932894f1de.jpg,62,62,62,0,0
train/0062/dcc8c0a69b4d42fe9c207386d0be9cfc.jpg,62,62,62,0,0
train/0062/e2e13cef0ee341b4b192a1194eb3f11c.jpg,62,62,62,0,0
train/0062/f28b0abd612449a6ab9a214db301c6c4.jpg,62,62,62,0,0
train/0062/fc469c106f3646e2a769f992f218276b.jpg,62,532,12,0,0
train/0063/025b2b7c1e654dc4a72d33b986eb8216.jpg,63,274,369,0,0
train/0063/11c86ac9b340494ea3647bf9f00ca98c.jpg,63,63,63,0,0
train/0063/179c92e365d04460b5e60935c2345e5b.jpg,63,63,732,0,1
train/0063/24dc4948f70c423cb3e4429791eb9e05.jpg,63,123,123,0,0
train/0063/4b134944389e4c679615ad8d464b00ec.jpg,63,63,63,0,0
train/0063/4e54f5c5348247c58baa49c6a5dbd984.jpg,63,63,63,0,0
train/0063/51e1d01bd8614f6a86db3252e576b477.jpg,63,510,510,0,0
train/0063/570189da3b534aa4aa24070a4dbeaab3.jpg,63,63,63,0,0
train/0063/58fa3c173bb24095b1c8d3c1a73784ff.jpg,63,63,238,0,1
train/0063/5c48e3904d4b4a7482d16a1620ac6fa8.jpg,63,63,63,0,0
train/0063/5f7a7d687d8c4114b297badca62e8102.jpg,63,63,63,0,0
train/0063/75de7ccc99f74959af999330d4264846.jpg,63,28,28,0,0
train/0063/7b7ae6f78a464689af6ea51112d14a2a.jpg,63,63,63,0,0
train/0063/9375470431e44ca380f83db0bc8e234f.jpg,63,681,681,0,0
train/0063/9c3c7950f4404cf286afdb1dbb99a5fc.jpg,63,629,476,0,0
train/0063/9ea24e0effae4d499b352af9743b7243.jpg,63,63,63,0,0
train/0063/b567e72fdc214925b273e6f7a1a32ee4.jpg,63,63,63,0,0
train/0063/c82239e2570b4c5aac7d3cdb1aa39cc9.jpg,63,63,63,0,0
train/0063/e0aea8c94be44a10926083837df78d79.jpg,63,63,63,0,0
train/0063/e67298a1e2794e7a9b13e5e83fdd2147.jpg,63,172,476,0,0
train/0063/e83225eb955d46748baf5bae8d0e159b.jpg,63,149,63,1,0
train/0063/ec9fc4491c264875837b79612e5ad646.jpg,63,63,63,0,0
train/0063/f4ad01f4897f4d5fbea530cbba7024f6.jpg,63,63,51,0,1
train/0064/04d4e398b22a43df92d2ea602189f023.jpg,64,441,441,0,0
train/0064/2f0a3c0442564e92a7f26de1c775d426.jpg,64,64,64,0,0
train/0064/3a1cdbc7a00c4c7aaa31e86b4cbabbf7.jpg,64,64,64,0,0
train/0064/44932d12c7ae4d4794f065361c5e856f.jpg,64,64,64,0,0
train/0064/4e3991e0e48544e7b79fa6ee6e953bfe.jpg,64,617,691,0,0
train/0064/5bf993d4ae70474ab1e36516da046369.jpg,64,497,497,0,0
train/0064/853c1391dc774ac8af70a8d0e51a2c14.jpg,64,64,64,0,0
train/0064/9209844b30a348468d194ab2a6fc1d3a.jpg,64,64,64,0,0
train/0064/9e66b159378c491db6f0c9ef79db578d.jpg,64,316,161,0,0
train/0064/a6e24c3f4c9a4ce09ef717369e748db5.jpg,64,503,736,0,0
train/0064/b3a7e79603dc4100afe2958386302069.jpg,64,590,590,0,0
train/0064/b51ac75335b54c08b2cb55cb61ede634.jpg,64,64,64,0,0
train/0064/c860a529c2544ff7a07620a3dcecfe48.jpg,64,64,64,0,0
train/0064/c9e158f047e94ea59f2ad9e81bf17930.jpg,64,316,161,0,0
train/0064/cbeca900861b4d30adbce159a053e75c.jpg,64,64,64,0,0
train/0064/de3f21083e7f4615806f9dc27694b472.jpg,64,64,64,0,0
train/0064/ec6254de13cb4aa9a81508fec9e24330.jpg,64,64,105,0,1
train/0064/f3a68dc09a5d42cea9acee2973020bf6.jpg,64,64,64,0,0
train/0064/fbec395a99b940e891ff434b11788e38.jpg,64,64,64,0,0
train/0065/020e115f067f44f7962af29ca4212e2b.jpg,65,65,65,0,0
train/0065/0f1e4ba75a774d7db800a4b498ad8e2e.jpg,65,65,65,0,0
train/0065/23a6a5577525470095b3d8e167fdf3ed.jpg,65,274,274,0,0
train/0065/2ca380bdff3a420f84832542646a4fc4.jpg,65,65,65,0,0
train/0065/3a567fc4a9214f2186e030f73382b159.jpg,65,11,50,0,0
train/0065/55cad7b3884b478bbf89b935331ccb3f.jpg,65,433,201,0,0
train/0065/62d090afff964a7897827fb960d684a3.jpg,65,65,65,0,0
train/0065/78edfcc32c9d49fe8c2f2906e4d94b5b.jpg,65,65,65,0,0
train/0065/7a0859b6945a433cacc7861cb7ad6b11.jpg,65,65,65,0,0
train/0065/82600086eae0480b82e2446f97a5ae90.jpg,65,724,724,0,0
train/0065/8e8ac6605c314d1e911e2ff5f6502e26.jpg,65,65,65,0,0
train/0065/9eeac67aa48147e0b2ac2f72340cf3e6.jpg,65,65,65,0,0
train/0065/a7ef89270bfd4b238811d3c2342cb0a0.jpg,65,65,65,0,0
train/0065/a85f924657d0407d8c09542491ca9b5e.jpg,65,701,437,0,0
train/0065/a8cb698e036541d594bfd7493caea6d6.jpg,65,486,486,0,0
train/0065/b3a7229cfcd04430962ea2a4f0320264.jpg,65,65,65,0,0
train/0065/c67509ad55764d1e81fdb263c66d4799.jpg,65,65,65,0,0
train/0065/cf938982eef04f7dab7ad8c365095578.jpg,65,195,195,0,0
train/0065/d5bb0fc7a8354d0ab5d4db4b1a89251a.jpg,65,387,387,0,0
train/0065/e51c514591344f49b8b8ba9865dfd046.jpg,65,65,65,0,0
train/0065/eb80a3e4981946b9974784d2e51cc751.jpg,65,390,698,0,0
train/0065/f3680a3df5ae4325acebdbc02dee462e.jpg,65,65,65,0,0
train/0066/0766819d12b1479da310bb93eee997f2.jpg,66,146,146,0,0
train/0066/1bbc177bd2a041b28f3bfe06d8996010.jpg,66,66,66,0,0
train/0066/1de9b0d9b22e4260af9c7f1a9590066f.jpg,66,66,66,0,0
train/0066/2994243f3f004f8e9e3eeed9b6d37e24.jpg,66,718,718,0,0
train/0066/4882401ae0794403b1bfb82b1d231b18.jpg,66,66,66,0,0
train/0066/50ff6f0b98c94f04a1a1e9650640bb7e.jpg,66,66,66,0,0
train/0066/54853640337449f7b16c7e6ac3067d88.jpg,66,66,66,0,0
train/0066/6969a2c3b53349c3910fc5cfc6692151.jpg,66,146,146,0,0
train/0066/721c03fc6fe24a7aa2980e978032cc6c.jpg,66,66,66,0,0
train/0066/7ea4490307b74bbeab55111fd0535a6f.jpg,66,66,66,0,0
train/0066/acb329aaf9d64bce82912bd0a10c420c.jpg,66,146,146,0,0
train/0066/b0d823a8b6614d5db1ec898774be4535.jpg,66,66,66,0,0
train/0066/c44cec7dd9114f13b5dcd3e6c46c60f4.jpg,66,66,66,0,0
train/0066/ca91cf7b8b544749b1511f5741969288.jpg,66,66,66,0,0
train/0066/d2aa702e133d4975a8565a252b0b7259.jpg,66,66,66,0,0
train/0066/ef0555747595474b8b8eac8233ab2c26.jpg,66,66,66,0,0
train/0066/f37db16566aa4fa8be885ee22ea5aa76.jpg,66,66,66,0,0
train/0066/f5067774923f4355b7728e0e7b1cfc0b.jpg,66,727,66,1,0
train/0066/fc80d9813dc248e9b688d41f24bbe600.jpg,66,66,66,0,0
train/0067/08e08ec78b9a46c5a1bb0f41058588fd.jpg,67,67,67,0,0
train/0067/0d8eeb0b754b433db755e2565de3243c.jpg,67,67,67,0,0
train/0067/12c067517ec84983a092f489cf997e5b.jpg,67,67,67,0,0
train/0067/2a5526ef3f694e8ba48f04a25e3730aa.jpg,67,10,67,1,0
train/0067/39e4c1e6db8f4a07b28b6e731051049c.jpg,67,518,518,0,0
train/0067/3bd729ee1f6b44e2a60398830cc87aad.jpg,67,733,10,0,0
train/0067/46f03e7ad32347abacfd4f4aec017031.jpg,67,745,369,0,0
train/0067/61ca9878ad1f4a8f99dbc758f2cbcd79.jpg,67,10,10,0,0
train/0067/65349d38f4404ec4ad1f7a21f29277d1.jpg,67,67,67,0,0
train/0067/7d56682f8d3d443ea6bd48116a2ec68a.jpg,67,67,67,0,0
train/0067/7dac301b66234c94b04d98e12cd0b8bf.jpg,67,10,10,0,0
train/0067/86be39ba7b294badbc4acd46eb9a19d0.jpg,67,67,67,0,0
train/0067/8f0cdd487daf42c5895ad027cbf70887.jpg,67,67,67,0,0
train/0067/bb0e24259eb84db4851aca6bd996ea51.jpg,67,67,67,0,0
train/0067/c35001fa17754893849ec756808b5e8a.jpg,67,67,67,0,0
train/0067/d855bd68d23e4423be7830c9bf7723b3.jpg,67,67,67,0,0
train/0067/d90a208e22514f0691f765dff7775e42.jpg,67,10,10,0,0
train/0067/daa09daf5a374c51ba454074ddc44011.jpg,67,10,10,0,0
train/0067/e17b2c8bfce9495e90d9bf2cf5107d6d.jpg,67,67,67,0,0
train/0067/e695e9595a40492ea2ae996c2318ffae.jpg,67,67,67,0,0
train/0067/f4ad05a4eba7425f8809d5acd6ef537b.jpg,67,67,67,0,0
train/0067/fdbd7552d2344e11835ca4e1ad140791.jpg,67,67,67,0,0
train/0068/0fd862cb5d9a45e187dae603e85edbbd.jpg,68,521,302,0,0
train/0068/12c3b83867ae4d8b98098ddc0cf4f94e.jpg,68,68,68,0,0
train/0068/195e4c9b1b6d4d5db4c57785163a2f11.jpg,68,200,496,0,0
train/0068/1ae549e8797b4caba4fc236cf3a36c1b.jpg,68,232,232,0,0
train/0068/1bcb58aa43ab451eac55e02e0164272b.jpg,68,521,521,0,0
train/0068/360c8e99429944b7b6ddcd3533e4e285.jpg,68,472,472,0,0
train/0068/4388f2e4a30b409f936500ff0dd5befd.jpg,68,200,496,0,0
train/0068/4bca6c1a152d4b6796e9c1115b7f8886.jpg,68,472,496,0,0
train/0068/54a6dd9507564d5a8adadc423c964b4d.jpg,68,286,350,0,0
train/0068/5979dbf0774e46528fb2a85b6d97f533.jpg,68,486,651,0,0
train/0068/5bb146845cb44687a3a63261f59aa8e3.jpg,68,200,496,0,0
train/0068/5eb77630019c42c9a8c57b095d11b5e0.jpg,68,387,157,0,0
train/0068/695a04f5933f46c5b466c979fc576870.jpg,68,496,651,0,0
train/0068/7c17865741584920b9babbfa2dcae826.jpg,68,322,322,0,0
train/0068/8ba17b290fcc4a2c9242bf6b1ef1bdea.jpg,68,68,748,0,1
train/0068/8d033552b6a44486a119de97f2fb191a.jpg,68,68,68,0,0
train/0068/989df9772c7e4a7ba82da21d3b068d2b.jpg,68,68,68,0,0
train/0068/a72cd38369774c8c91a43c758506f454.jpg,68,68,68,0,0
train/0068/b2324801d3a447c98de5142f496ccc67.jpg,68,57,496,0,0
train/0068/bf9386267a76461899944b2b7686ff50.jpg,68,200,68,1,0
train/0068/db0231d7bf5349dd96b5522e89214e02.jpg,68,77,77,0,0
train/0068/e61667017fe543568b830fa3f1a2097b.jpg,68,472,472,0,0
train/0068/e7752799e47441568211b6a42a688278.jpg,68,489,489,0,0
train/0068/edbadd05b40047c888da91ff94609a6e.jpg,68,496,496,0,0
train/0068/fe568cebfa2d4c68a4264e34982e741b.jpg,68,472,521,0,0
train/0069/1a327df5920a429385834b7534ced141.jpg,69,141,126,0,0
train/0069/364ada177e43423db0c72f5fb6ea02c7.jpg,69,639,639,0,0
train/0069/40f75b758fa1478f8a9aaf4caf6cf03f.jpg,69,275,639,0,0
train/0069/470463aec7c54de1bc23cb1f0a3a8b33.jpg,69,703,703,0,0
train/0069/4c4518c1ec6a48bba58b2a9df7cd7b63.jpg,69,141,452,0,0
train/0069/51e5c0b1492a4134ae3c77c0ca2c3619.jpg,69,130,582,0,0
train/0069/5cf0561436cb49d1b71b50cb05c0db64.jpg,69,316,316,0,0
train/0069/699ba6438de1491b956f815506848707.jpg,69,13,13,0,0
train/0069/69fc3fd58b904106a2a021dd33b5ec88.jpg,69,524,524,0,0
train/0069/8271339bdb364d67bdc7f76e6692e3d2.jpg,69,585,546,0,0
train/0069/86f9242651ee46ae9bf46d6b809e3ab3.jpg,69,690,115,0,0
train/0069/876fd68394184619b2d274c8f40da42f.jpg,69,134,134,0,0
train/0069/91d5de3350a74301a6b8f0fa4379120d.jpg,69,317,317,0,0
train/0069/970e2936300547d092bb0e771933a7ae.jpg,69,585,585,0,0
train/0069/af2e723afb854b9d9d02e26620b03c33.jpg,69,690,690,0,0
train/0069/b03a00cd6925479db03c97f5a3041363.jpg,69,216,348,0,0
train/0069/be66accd8883496fad1fa03fe33da8ed.jpg,69,69,691,0,1
train/0069/d5f6e3aed0054024b65d8c1c938ab058.jpg,69,639,639,0,0
train/0069/e00c15e0761547658951a6625624563f.jpg,69,695,695,0,0
train/0069/eaf93cc5fb4540ac88631c27d56cd7dd.jpg,69,105,105,0,0
train/0069/f72d14c72f5b4b6fbe902ef1f831780b.jpg,69,154,154,0,0
train/0069/f871c06a135a40c38c7b84090f981689.jpg,69,101,61,0,0
train/0070/1623933d89bb41cfb97e003b28b9d6ed.jpg,70,617,617,0,0
train/0070/17353b0504d3437297c6e95ac5e8d451.jpg,70,70,70,0,0
train/0070/45deb0e176b94460ac5912bf3b5bc6f5.jpg,70,70,70,0,0
train/0070/8164446169b14e77832bce234b50d057.jpg,70,232,232,0,0
train/0070/874abefdeacd42deb50a44021fb09476.jpg,70,70,70,0,0
train/0070/87e6e129fb2c476baff2cd78d58e1492.jpg,70,70,70,0,0
train/0070/8a595c7576b64b66887aed9d50e23586.jpg,70,527,527,0,0
train/0070/90cff889cec24d14ac38195548ea2f1f.jpg,70,70,70,0,0
train/0070/933719fc1cf64afba9fe838267470ca0.jpg,70,70,70,0,0
train/0070/94f09485b3e44fd4a8004151b54d3a87.jpg,70,70,70,0,0
train/0070/9cda3e00fb2f43f5acfcba4fc8795d47.jpg,70,129,129,0,0
train/0070/9d783a016c2f4a8388926068de7064a0.jpg,70,527,527,0,0
train/0070/b1958f4347934cb4856e0649dc7f9684.jpg,70,158,462,0,0
train/0070/d49b21c50b974082acf2d65121c57368.jpg,70,70,70,0,0
train/0070/e169defb4ffb4a6fb0a2173ed27b7cf9.jpg,70,70,70,0,0
train/0070/ee9ba229221e4fe09032a1d7289ac051.jpg,70,70,70,0,0
train/0070/f5fd2abb97ba4a77927d3c0aeb57c2be.jpg,70,70,70,0,0
train/0070/f7046479c450455faba56fd5e1246287.jpg,70,70,70,0,0
train/0071/03d2e7accdd84997b058fb0aba75388a.jpg,71,71,71,0,0
train/0071/15d1d656b346493eb72c5d7aa3122ebc.jpg,71,362,362,0,0
train/0071/269d346a14ff433f97514fe85bf13109.jpg,71,679,679,0,0
train/0071/2a6381acefb44a599f754a23ccb89ffb.jpg,71,71,71,0,0
train/0071/32574ebb788943b0896f8a2ff62e6b66.jpg,71,240,240,0,0
train/0071/40d60fe368a54b2f8fdc94aa940df3eb.jpg,71,71,71,0,0
train/0071/45fa23d18dae4938a9dd6b8580428639.jpg,71,71,371,0,1
train/0071/46b908c2ed44449282e948a6fdde4010.jpg,71,71,71,0,0
train/0071/547678bd0f83474bb82fd5cdb81e6f2a.jpg,71,71,71,0,0
train/0071/6cacadf3fe464753a3404a593cb2a208.jpg,71,71,71,0,0
train/0071/81c9a4c977b94faf8baa6f5de95c5379.jpg,71,71,71,0,0
train/0071/8c54d8c4ffbc45cc8a27f65cf001b71e.jpg,71,216,501,0,0
train/0071/90086f4b529744b8ae13712fe31bc39c.jpg,71,71,71,0,0
train/0071/b01a9c5e013c4350847d80b8f6358b60.jpg,71,71,71,0,0
train/0071/bb228961ecc54d2b947a5094ce226634.jpg,71,645,362,0,0
train/0071/c2ab7d1ae5b54de4b4d47388b7b68a0a.jpg,71,71,71,0,0
train/0071/c30ad7b20686486ba51730be4fcb3a66.jpg,71,71,346,0,1
train/0071/c79ceb285aa248f59a61e8e8c519c737.jpg,71,71,71,0,0
train/0071/d7edb7bf2c684b2c806d358ab7669de7.jpg,71,71,71,0,0
train/0071/dc21e092bc444a8fbab28b53f323af80.jpg,71,71,71,0,0
train/0071/df2355dfdf2840ceade8939b490a7f09.jpg,71,71,71,0,0
train/0071/e3ab453b22e945cf8520e95f2900f3aa.jpg,71,71,71,0,0
train/0071/e9c3aa4fd9aa400aa4b29a74630dd5a5.jpg,71,559,499,0,0
train/0071/fa976b19031b4179b4d29a84007d0e10.jpg,71,71,71,0,0
train/0072/09dea9588a6d47ceab3d0a150dd75237.jpg,72,72,72,0,0
train/0072/136166d8bbc54c5cac373e14be580539.jpg,72,72,72,0,0
train/0072/3d226d16ea034e4f96b9cd3170b85cb2.jpg,72,534,534,0,0
train/0072/3ed935e369ef431fba079e4e133a8245.jpg,72,72,204,0,1
train/0072/53d1856256c542c5888b83e2b959c77b.jpg,72,124,261,0,0
train/0072/6e53275d115c421f8fd392b6d2587355.jpg,72,534,534,0,0
train/0072/7203cde0ee74411186aa6240107c18c9.jpg,72,400,400,0,0
train/0072/80130574b4fd4300b40c1e7088497812.jpg,72,72,439,0,1
train/0072/87328f77a16e43969f42f7728e30f77d.jpg,72,72,711,0,1
train/0072/8f2e5127cd354046b5dd91e3bb0a4151.jpg,72,72,72,0,0
train/0072/9d277b7e35784a748e105c4bb6b7e1fa.jpg,72,72,72,0,0
train/0072/bed54b348a5e463787467ea8035aaa43.jpg,72,439,439,0,0
train/0072/cdf7147bb8fd4582a57ba328acfa5122.jpg,72,72,72,0,0
train/0072/d23475668e734482b98aec8ab07944e6.jpg,72,534,534,0,0
train/0072/de71341be49b476faa01f810560c7a1f.jpg,72,534,534,0,0
train/0072/ee54216d523d4129835a12ce89b79fcf.jpg,72,72,72,0,0
train/0072/f4fe0a8ad3a247118a77a3afed4ba53c.jpg,72,72,654,0,1
train/0073/02cd9de9434e4a90ad73550f8e4a7304.jpg,73,731,731,0,0
train/0073/0ec3bc2455b74b2992de58b3397c4656.jpg,73,182,182,0,0
train/0073/2b25f77eaecb46709263789c51c64f67.jpg,73,430,430,0,0
train/0073/47550996335640e3bb14ee0e77aa96bc.jpg,73,742,742,0,0
train/0073/48cfd1a031064669ad7c1b8c1a0a8594.jpg,73,49,49,0,0
train/0073/515816df18c44542ade33fec572cc8f0.jpg,73,154,154,0,0
train/0073/51c58b4d9eab49a99e81d1482d3269f0.jpg,73,182,577,0,0
train/0073/52f0f6c489f24a3ba546197b1485910e.jpg,73,749,410,0,0
train/0073/691214058e774bdeace6c92961acb18b.jpg,73,298,430,0,0
train/0073/702cb9ef0f4f492b9697e9fde87e5ad6.jpg,73,182,182,0,0
train/0073/74b5d281943944e6be6252168b7fee4d.jpg,73,326,326,0,0
train/0073/82869b1ee33a4433849639a92911d57e.jpg,73,182,749,0,0
train/0073/8406abddecf34c84ad0a205e04f90122.jpg,73,653,653,0,0
train/0073/919c5cd94f1e42b48121b5fd9b61d9b1.jpg,73,290,290,0,0
train/0073/93627c1ca3654fce84b4770d993febff.jpg,73,154,154,0,0
train/0073/b4d4fe4cba4d45589f9fdc9b39920ec2.jpg,73,182,749,0,0
train/0073/b57d0a5f0648468fab9a6b0bbe6e0d16.jpg,73,73,73,0,0
train/0073/b9d551a75f1744288d975c280a81cf61.jpg,73,749,749,0,0
train/0073/c9404dd214c54040995b324796b8570d.jpg,73,749,749,0,0
train/0073/cd0e0e7d17b3409a9622647549d2c6c6.jpg,73,154,154,0,0
train/0073/e1fdea623a9a44f98e9c4928d064717a.jpg,73,749,749,0,0
train/0073/e60d9d529f1641fc926e5e2704b0ccc2.jpg,73,182,744,0,0
train/0073/efcb8d5bc3db4aca8c181623105e6b04.jpg,73,182,182,0,0
train/0073/f32653a1bebe4b1c87d00a7c28d7a143.jpg,73,73,290,0,1
train/0074/15b156846c4848f48e9936264c5983ea.jpg,74,74,74,0,0
train/0074/17c5ed82f701495697ce91f48ca29093.jpg,74,8,95,0,0
train/0074/349970e14a564b069dcb3394728c9876.jpg,74,8,8,0,0
train/0074/3522ebd2ae3d447ba2ec6e29008b077b.jpg,74,331,28,0,0
train/0074/4fb2787cf6694d86bf94ee62d01ab438.jpg,74,95,95,0,0
train/0074/564acb36956b42d39ab642ce9e6de527.jpg,74,329,99,0,0
train/0074/65978e3d172d4c1bb7f72cfff92b27b4.jpg,74,8,8,0,0
train/0074/749c646e05f4462b80dd4832a301b626.jpg,74,34,95,0,0
train/0074/7ffa71e8b0164c68b800b2a0c9a5c152.jpg,74,8,95,0,0
train/0074/81d14b5730834f7daa643e92756d4aa5.jpg,74,74,74,0,0
train/0074/8745832a904c4aef861444898b28131c.jpg,74,95,95,0,0
train/0074/9a4554f9358f408cadb8597fa38b7829.jpg,74,7,7,0,0
train/0074/bf3033b6fcdb4910875b80a4b36c5f33.jpg,74,34,95,0,0
train/0074/d06eb2352ac24ab09b344e72330e5860.jpg,74,34,34,0,0
train/0074/d4af66700f0e464d9eb6ef8b65966583.jpg,74,8,502,0,0
train/0074/d5b2eee2a3a0497e9033da49618b9abd.jpg,74,95,95,0,0
train/0074/e2bbf770a99143a182408cca6dfab26c.jpg,74,167,95,0,0
train/0074/e3b47d1e890746558a7210672bb24e77.jpg,74,8,8,0,0
train/0074/ecf08441b2b84c029c78e01b88d48dd5.jpg,74,34,34,0,0
train/0074/f19edec1b3f94495b4ac8d7ac52a2680.jpg,74,8,95,0,0
train/0074/f469d7f423f94fb3be85ce702ea6d81c.jpg,74,74,502,0,1
train/0074/f48296de980d4f35a1791178c35db114.jpg,74,34,34,0,0
train/0074/f9e96424d5684c2c88abcf240eb20025.jpg,74,74,502,0,1
train/0075/284a90fa19744e24b3b4bb9a577a1c6a.jpg,75,710,518,0,0
train/0075/29fc771d03754de697e335b19d60e95b.jpg,75,710,650,0,0
train/0075/330ff0496c8f41929e35499bafebdbb4.jpg,75,287,287,0,0
train/0075/424da026b1594d19be248583c495eaed.jpg,75,475,540,0,0
train/0075/49f72c80f32c40e6971afbb5fc6a7aaf.jpg,75,75,75,0,0
train/0075/5fb038baea0649e18622ec63b0564981.jpg,75,54,54,0,0
train/0075/662bd92de9324534b49e43cc3e537b93.jpg,75,650,650,0,0
train/0075/6efaee5f02b94e659bf50f14384d2b5d.jpg,75,710,54,0,0
train/0075/8a07e57652ff4c1eb244edb611a4e00a.jpg,75,112,112,0,0
train/0075/8a70562c07404cbb91f6ea9ccd4470c7.jpg,75,287,287,0,0
train/0075/8f84a779b7154fda9332d914840c353f.jpg,75,350,28,0,0
train/0075/af19e2301c92402685291afca5e3e986.jpg,75,75,54,0,1
train/0075/b124436bc94b493fb04980a636142d91.jpg,75,704,704,0,0
train/0075/c81c13173f064134b919a0408f87b988.jpg,75,745,350,0,0
train/0075/d5f19e244ca943bc9b1066bc158b3061.jpg,75,295,295,0,0
train/0075/f31637e9f2df4195a16f4b05b954d13d.jpg,75,175,175,0,0
train/0075/f326fb0328124accad44cbe70c8dbe8f.jpg,75,3,287,0,0
train/0076/0c54dd8aaf8a464599df4ab5026d28be.jpg,76,319,518,0,0
train/0076/19a6004e70d342c8b0e66bbb4d5e85c4.jpg,76,76,76,0,0
train/0076/1e212966918a47b4b278ee3933d44045.jpg,76,272,272,0,0
train/0076/202c1f7272d1447a8aacd04566cdabfc.jpg,76,76,76,0,0
train/0076/2931251769604676b529b5821d660d6e.jpg,76,76,76,0,0
train/0076/2b0dd3a4a45a40bab335efe45f3866f8.jpg,76,76,159,0,1
train/0076/2dff5f6afb174cd3a8ae41f1884e08dd.jpg,76,250,710,0,0
train/0076/37a13264ea5548ac9d3371e2b210050d.jpg,76,654,76,1,0
train/0076/4c4607f9f6a84b8c91146956ef50c1de.jpg,76,76,76,0,0
train/0076/61e8eb9c6b054d66b643f8b2d4fcf500.jpg,76,76,76,0,0
train/0076/65cb26a48e8f4cbda7a5598b90b08175.jpg,76,439,76,1,0
train/0076/69f802bc3130455381c3bfdf86d902e2.jpg,76,76,76,0,0
train/0076/8f9fba6e363a4a62b641df1eb64fb404.jpg,76,76,76,0,0
train/0076/b55b8b33dcf14f7f88ba4e2e934b485b.jpg,76,76,76,0,0
train/0076/b58fb50f301f47608ae3c4eb9fc68720.jpg,76,76,76,0,0
train/0076/b61b05a2b01549779e4002cf0f23b53a.jpg,76,76,76,0,0
train/0076/d3bf1144a9d645778f30895073bd398b.jpg,76,272,159,0,0
train/0076/dd66eb09cdfc4b5e885539faa58aa57b.jpg,76,76,76,0,0
train/0076/de101b3221d649eb9bc3e29c9650d5d6.jpg,76,272,272,0,0
train/0076/e79045b55fc34fc59d889b68aa450b84.jpg,76,654,654,0,0
train/0076/e86050440a8740ed82a99e305fa42538.jpg,76,581,76,1,0
train/0076/f66a7e3a3a354340b4717af9fb50fa3e.jpg,76,581,76,1,0
train/0077/0d1cae601f224cafb847239c6589009f.jpg,77,77,77,0,0
train/0077/139065fde417407e987b73085a6e7b37.jpg,77,439,439,0,0
train/0077/21c13a9f955b498f9509cee9a382b026.jpg,77,77,77,0,0
train/0077/3303e7ba2df6477ea6f2c72e4992382f.jpg,77,77,77,0,0
train/0077/35da1e4de7b54acfa838e7c9a57008a1.jpg,77,710,710,0,0
train/0077/42b45426caa1409390d255ee46628630.jpg,77,77,77,0,0
train/0077/445422616bc44c979c0f666d5e918493.jpg,77,77,77,0,0
train/0077/47919bea2984471a8dfa75ad419614fa.jpg,77,77,77,0,0
train/0077/53c71ab0fc94480fbf44a28027fc6b36.jpg,77,439,710,0,0
train/0077/610aa1dd8a274de0890eebe5ab31b7ba.jpg,77,439,439,0,0
train/0077/8f528ca7065541099bfc607dc126f50f.jpg,77,77,77,0,0
train/0077/96ad8e36b18a4c338bebc815bf94ed32.jpg,77,77,77,0,0
train/0077/9fd3a8ab4a4948ae8a4fd5899a853d86.jpg,77,77,77,0,0
train/0077/b2d0c9d17c2c46168d6789aba2b435fd.jpg,77,77,77,0,0
train/0077/b487900cd82248789b85dbf7013ffc62.jpg,77,77,77,0,0
train/0077/c0d2906b4e1047ac9a551ce61cc7e735.jpg,77,77,77,0,0
train/0077/c41953a94b3a411ba9ed8d0800950dd1.jpg,77,77,77,0,0
train/0077/d12e7f638a2247f7af42688ca3cc9ab8.jpg,77,77,77,0,0
train/0077/d182f4acba8246af877de17031e4ad01.jpg,77,439,439,0,0
train/0077/d32c39e20454455493fd962a302298fd.jpg,77,77,77,0,0
train/0077/d390d46d479c4dba849eb4c27d531d1f.jpg,77,710,710,0,0
train/0077/dc0cafdfa1464fcaa025f1b988e0b357.jpg,77,77,77,0,0
train/0077/ec08a5013cf64f789057bd8ed3db5e9b.jpg,77,77,77,0,0
train/0078/0330eda9a75f4b3384641073d3053527.jpg,78,149,149,0,0
train/0078/03c3a4a279ac475da6591bf0970303d1.jpg,78,426,698,0,0
train/0078/12ba891e658a456f9784c8f102525507.jpg,78,732,732,0,0
train/0078/13548699b92848d0997e4ed7910752eb.jpg,78,510,353,0,0
train/0078/200bba81f2da444cbaf53db734ab7b87.jpg,78,78,78,0,0
train/0078/26953b46ca0f4699b74f1b5a2a456f46.jpg,78,694,476,0,0
train/0078/2c431bcb5679497a8b9ad72a35e87211.jpg,78,476,476,0,0
train/0078/33c539edc9db4812bb3d782fc0d9746d.jpg,78,401,401,0,0
train/0078/39377441ffd4404ca947095bda44f795.jpg,78,518,133,0,0
train/0078/3dfd4228ce7245fba1456078f9561af5.jpg,78,596,596,0,0
train/0078/4d7c6ad9db564821a96233fb1d42e31f.jpg,78,233,569,0,0
train/0078/4fa59a8c1cba417d848a181c8bdb72ea.jpg,78,238,476,0,0
train/0078/64d6cbd91f57443db8a39c534a270dfc.jpg,78,139,569,0,0
train/0078/7bf468a27f3d4a628d64cf5e92acad55.jpg,78,123,123,0,0
train/0078/918cd385ad3f453084ed074e66aaea56.jpg,78,732,732,0,0
train/0078/9aa3d2c3398b444d9928681f2f893365.jpg,78,732,732,0,0
train/0078/9d90f67fc7354406b74a0fd54cc4a362.jpg,78,21,21,0,0
train/0078/9e68646490ca4e7e8e5cdbae23095713.jpg,78,149,476,0,0
train/0078/a1d2464dff184208aeffa598b7e11a8f.jpg,78,253,253,0,0
train/0078/aed4f42c570c43b2bb28e21745274ded.jpg,78,564,6,0,0
train/0078/c99a67035d034dabbba5464c2bdfa609.jpg,78,434,476,0,0
train/0078/cca9b3f18b8d4e1889347a131f341b48.jpg,78,152,152,0,0
train/0078/ec5f1d096dee4e6e9e6dbe3b6bc23bc3.jpg,78,252,252,0,0
train/0078/f03fbd01fdae48c9b1b0c2ed77b076ab.jpg,78,697,697,0,0
train/0078/f418058255934e1a89076dca1e221e27.jpg,78,732,732,0,0
train/0079/0e1ff58a2df2441f87a6a38222f98011.jpg,79,79,79,0,0
train/0079/234a6dd8db9b4d5e9695d53a5a808d99.jpg,79,79,79,0,0
train/0079/2f5007b5f749494787eb9eee43fd6c80.jpg,79,79,79,0,0
train/0079/31006deb79974af6ba6f1d343f325498.jpg,79,79,79,0,0
train/0079/4a48664080a041e7884471dc4e5fb493.jpg,79,79,79,0,0
train/0079/610c149550c04edaa9770ff75f67c7ed.jpg,79,79,79,0,0
train/0079/62ade608671a4e00a1126a4fa6486dc6.jpg,79,90,79,1,0
train/0079/62d482a4546f4c41a7aa96a4e3a760ef.jpg,79,421,79,1,0
train/0079/700c091a85154500ac3e726d9f864f9c.jpg,79,79,79,0,0
train/0079/706c5b4be17544d585e42ad1ca20c3f1.jpg,79,79,79,0,0
train/0079/73887b173b664a90a99cff78570192a6.jpg,79,79,79,0,0
train/0079/8145645bb19a405fa3dcc7cc51931864.jpg,79,79,79,0,0
train/0079/8d9c4929992d4727b524e03769c16f18.jpg,79,79,79,0,0
train/0079/a5ee3e4c2dc54a84b571bc694fe08736.jpg,79,79,79,0,0
train/0079/ade36d1ac1af41b8921c8c35fe536966.jpg,79,79,79,0,0
train/0079/b91f153941dd4729b0ec200c7d41da83.jpg,79,79,421,0,1
train/0079/c521f04fbc0a4a4ea2b403becd56c566.jpg,79,79,79,0,0
train/0079/c750807018eb4afdb0be26b84ce70994.jpg,79,79,79,0,0
train/0079/ce485fce1d5f4bea93a507fcd152c38c.jpg,79,79,79,0,0
train/0079/d9a92e7a6b814088b3ee9ed3b81252fb.jpg,79,79,94,0,1
train/0079/e8cd60b77c384e2f913a963d2d8d45d0.jpg,79,79,79,0,0
train/0079/ef91cb28a6f14e538c9a9c0b7e68fb35.jpg,79,79,79,0,0
train/0080/0224e8ced7da44b183af399f556e158c.jpg,80,373,373,0,0
train/0080/042086cd9c724c51bfe0f91a0f5139e6.jpg,80,698,698,0,0
train/0080/1166c4a88a4b4561af9622e33e241c32.jpg,80,434,434,0,0
train/0080/282c3700c0fa4d81b24802b5e4264a7e.jpg,80,694,476,0,0
train/0080/2cd5053570434423a032f54a5c767c8c.jpg,80,373,373,0,0
train/0080/32dbc35a722f40079a94a812be9bbcb0.jpg,80,551,732,0,0
train/0080/39045c530187485288659b54cf7bf91c.jpg,80,604,353,0,0
train/0080/4157efb19d674364be8baaee07adf598.jpg,80,91,387,0,0
train/0080/41651485424248c283af8c856f06bbd6.jpg,80,434,434,0,0
train/0080/5937ca74d4e74caaa9dd04de4aecfce6.jpg,80,604,21,0,0
train/0080/5ce3d772f12c4c59874e00581c87b63c.jpg,80,732,732,0,0
train/0080/5f685416f049443da57da5d86f128409.jpg,80,630,434,0,0
train/0080/61dc9c5e5483451aa2a6f0b5ff2491d4.jpg,80,373,373,0,0
train/0080/700b760a6e5f4e909af448e90b3e1955.jpg,80,80,630,0,1
train/0080/749960ee80c04e6bbfd93f3bc81f9c17.jpg,80,373,373,0,0
train/0080/7ba0d7990ce442088d37ac5e2f31049c.jpg,80,172,353,0,0
train/0080/7e45968b0b2245d6b81d3489351437ac.jpg,80,616,616,0,0
train/0080/8579061f82f34efd9a3190e292b0c330.jpg,80,373,353,0,0
train/0080/9e62154de09047a1b40cf11429bb7253.jpg,80,353,353,0,0
train/0080/a94e1f4cbac848278c98c58659698f5b.jpg,80,21,476,0,0
train/0080/bbfd5c68d6f84ff6804e004d8ae36860.jpg,80,373,373,0,0
train/0080/c0eebd0faaac4ce59ceaf41381346f60.jpg,80,423,403,0,0
train/0080/d4c1756f0fbf4108805e3718a9c54ebc.jpg,80,604,604,0,0
train/0080/da1fe56f23644c629369104b2498af92.jpg,80,139,434,0,0
train/0080/f61245e19e874e4ba95bd0cd3633f74e.jpg,80,718,718,0,0
train/0081/00a93d15b1d44ecaaa203900054d37fd.jpg,81,359,56,0,0
train/0081/0519613e88b64410b5b5a472366c52c9.jpg,81,79,79,0,0
train/0081/0a8af03a7b7f4c0e8726ac6d466db685.jpg,81,421,421,0,0
train/0081/304c7efec926485e8790c748c668b06d.jpg,81,231,231,0,0
train/0081/35038e7c0a8545608138b86c36fe8ebe.jpg,81,94,94,0,0
train/0081/4fb4f0d5504e4057ba7893d56bbde7cf.jpg,81,79,79,0,0
train/0081/5bacb4d157ad461fad632ff97fd8e9f8.jpg,81,351,351,0,0
train/0081/8032b7c315714173b65692cccd475933.jpg,81,421,421,0,0
train/0081/9699dfb2b14d4958b696ec1ac4e604fa.jpg,81,79,79,0,0
train/0081/ad8a30d1a0ab4f4fa5970c46f4ad4890.jpg,81,79,198,0,0
train/0081/af4b50bef1224e88a9eb345b2466c549.jpg,81,79,421,0,0
train/0081/b13734ea841446b8a651ea8ec6c449ad.jpg,81,94,94,0,0
train/0081/b6c29dec20754362965e7f6f2e77a376.jpg,81,79,79,0,0
train/0081/b877b4184a074ff98a21f7a99eb89195.jpg,81,251,251,0,0
train/0081/c3f9ae950c154620a813324fcef13ab8.jpg,81,79,137,0,0
train/0081/e84b3914324f452ca76ba9e7ab72cb52.jpg,81,435,435,0,0
train/0082/0458d1f6d1034949af7f00dbfa4719b7.jpg,82,123,123,0,0
train/0082/104806630b154ec483076a72f43c5485.jpg,82,63,51,0,0
train/0082/28df261bb6fc4b0f8ba0bf22f00cc7a1.jpg,82,10,10,0,0
train/0082/2c8585ffb86e4d8ea121867d4f8880ba.jpg,82,657,657,0,0
train/0082/37b59a2c004644259e222332203723c2.jpg,82,674,674,0,0
train/0082/3f6ca826a6c342a5bcd05e593e6f2e07.jpg,82,10,10,0,0
train/0082/421a2389d748452786eb3f2c74ce5fb0.jpg,82,732,732,0,0
train/0082/43da17acb48d49a3a669e9125a49bf37.jpg,82,63,63,0,0
train/0082/4553a73be8a14c69848364d0895beea9.jpg,82,235,276,0,0
train/0082/50db55508ff342cf98f00508fe7e1832.jpg,82,732,85,0,0
train/0082/7a8bd3e370654c88b468fbbd012a6d0c.jpg,82,477,477,0,0
train/0082/bd65af9cae64456b9ab9904d0168569f.jpg,82,107,107,0,0
train/0082/c63dd66a70ad4be19415e3920f9b7cf4.jpg,82,121,377,0,0
train/0082/d5163899c04c43c785f7edfb8331ec7e.jpg,82,477,477,0,0
train/0082/de2f90137e5943348f75c278d58e619a.jpg,82,123,123,0,0
train/0082/e0cfdc2a36424f1c878ecb2b90862270.jpg,82,600,600,0,0
train/0082/fa4efce52449479a93b6ba3453379a48.jpg,82,477,477,0,0
train/0082/fc9822270ecd432d952b744c51b9635b.jpg,82,477,477,0,0
train/0082/feaae856856c4a4da7ebfbe4485516bc.jpg,82,82,63,0,1
train/0083/2d4012ea49fb484b9eacab80c76e358d.jpg,83,63,63,0,0
train/0083/3e6cf7cd4b0a44e480856bde6d1f2bdf.jpg,83,471,464,0,0
train/0083/4d8853891b534effb78af32c0e741005.jpg,83,423,698,0,0
train/0083/509f5540786f4b8c8c1c4f9f81a7e46e.jpg,83,386,386,0,0
train/0083/5c890c2ac95a42a3877072e18993ad56.jpg,83,21,21,0,0
train/0083/6ff6b5d81fd14d8f97362f039f26b1db.jpg,83,172,386,0,0
train/0083/75e7dec4a50d47a1827efb6490d4d9e5.jpg,83,642,239,0,0
train/0083/8a050b0d7eeb46f2a730b28acc69f817.jpg,83,663,663,0,0
train/0083/8addcccf4f7341ff909c4094461d2d85.jpg,83,51,63,0,0
train/0083/b63350c3559641afa6de22af3915849b.jpg,83,123,123,0,0
train/0083/b88fefc407e94720bdd97b41ee97fceb.jpg,83,171,604,0,0
train/0083/cd0a0270197a4116b3786c9b0cc6e055.jpg,83,233,107,0,0
train/0083/cfdbf93e3f5a431c9f2df3f231598316.jpg,83,171,171,0,0
train/0083/d458c9658ada4c45943c660d2488a122.jpg,83,368,399,0,0
train/0083/dffe2dfe62c449c3878b088d70cb8909.jpg,83,112,53,0,0
train/0083/e5a1ab1d7a30418b90aa663b251c5216.jpg,83,77,41,0,0
train/0083/e940471736bb46b0bf8e4199e943dbc0.jpg,83,423,423,0,0
train/0083/f617877e008f4911adce153d66229eda.jpg,83,640,464,0,0
train/0083/fcf23c34048e4fbd8b5ffd80d2ae885d.jpg,83,732,732,0,0
train/0084/01cda393b8f04d22a0790c3ea2f85b87.jpg,84,261,261,0,0
train/0084/0846949242494b6cb20706c9e9a3d252.jpg,84,47,103,0,0
train/0084/0c9aeb70fe024ec5a18e978a61ea6187.jpg,84,103,103,0,0
train/0084/140a5b24400e40de97ecd1247524e299.jpg,84,128,128,0,0
train/0084/1cec4fe8d99248ab9689605f815a8604.jpg,84,464,476,0,0
train/0084/61d9143ee712447abd1d48697ded39b2.jpg,84,84,84,0,0
train/0084/64d401b2b5ef4063bd97d3adb7f8ccb9.jpg,84,25,25,0,0
train/0084/828410787b2a43c5905bebea78727266.jpg,84,314,28,0,0
train/0084/9142055d04c14104a31ac8f927901fd3.jpg,84,84,47,0,1
train/0084/93ad6cfb26184ad0981730033c5f7394.jpg,84,47,47,0,0
train/0084/95460b52f0724e6eb24dc7430c1ad34f.jpg,84,220,77,0,0
train/0084/9994bcc1d3d1424da2606efb776805e8.jpg,84,387,387,0,0
train/0084/a0c6fd2dc5be476aa55515adfc77ba16.jpg,84,84,47,0,1
train/0084/b0285ad29c5c4bb8b6c80b3e490d0f4f.jpg,84,84,422,0,1
train/0084/b13a9f2b5b8347aea9b40689b6f7cb1c.jpg,84,84,103,0,1
train/0084/c088f3b3e4a64b38b154b8a83d25a1bf.jpg,84,369,369,0,0
train/0084/c8f431f97a2440bab710ab2fd0809f00.jpg,84,220,100,0,0
train/0084/d996e882af864a91bd446c509e3eab13.jpg,84,84,47,0,1
train/0084/e412bf3faa9d4c3e93c6a5776f6d4aa6.jpg,84,100,100,0,0
train/0084/ff6dc38d765f40ab84cb652eb92c9698.jpg,84,84,84,0,0
train/0085/1b3eebbda66b4d73b6e5568ddc1d013b.jpg,85,85,85,0,0
train/0085/21bd0726b9374ef3ad5db4434c804527.jpg,85,233,353,0,0
train/0085/2657c11ee8e24ba2953d3792bb1fd06a.jpg,85,139,139,0,0
train/0085/37be45c2b3d4402abc4f17f3f5b5e09f.jpg,85,85,85,0,0
train/0085/460c285cfa7f4ab6b3280ac5ecc77055.jpg,85,85,85,0,0
train/0085/4f34df61d02c49489d8539375e74d135.jpg,85,85,85,0,0
train/0085/5515eae5b5134f598a43b7ab37f33a92.jpg,85,85,85,0,0
train/0085/5b6081c126854921b96552073f89baf1.jpg,85,85,85,0,0
train/0085/5bb49a644b30424fb7fe8498b65dd979.jpg,85,152,369,0,0
train/0085/6c6a8a91487b4e66b2851bdd25c2435b.jpg,85,85,85,0,0
train/0085/6cb26e78f26d46338bc88c22cf38edcd.jpg,85,85,85,0,0
train/0085/6e09c023d86a4ff5842bb50fb08a96e6.jpg,85,85,85,0,0
train/0085/701aa307c71d462e9dd799d65508c219.jpg,85,85,85,0,0
train/0085/71fc145a825b4c55bf4324dd8cb9c6c8.jpg,85,85,85,0,0
train/0085/78086d7942814093ae559d4f9e26b08a.jpg,85,85,85,0,0
train/0085/87a4ab3368e44947a07462b41dc1f8cc.jpg,85,85,85,0,0
train/0085/93b63f8e3e3548bfa227e97bcf6bf2e7.jpg,85,85,85,0,0
train/0085/b251f8c3be8240418f1f9a66fa123a37.jpg,85,85,85,0,0
train/0085/c6d60dbf12664495bf2795f2a13dc816.jpg,85,85,85,0,0
train/0085/ce0d31db29064a0aa85bca9ac8470bdd.jpg,85,85,85,0,0
train/0085/dc7850c030fd47f98bf397e3dd298538.jpg,85,85,85,0,0
train/0085/f503cbc8ad244f5f9079d131764bcca7.jpg,85,85,85,0,0
train/0086/0374e42bebda44cf898014095ab96eb7.jpg,86,387,100,0,0
train/0086/2911b79e9a51406b8fb24f2e8478c38d.jpg,86,725,725,0,0
train/0086/2ba69a9cc61d43499b7b39daec84f427.jpg,86,237,237,0,0
train/0086/2c0c40827b3a4c12a56fe965d043124c.jpg,86,249,249,0,0
train/0086/3649aa4c542b42a480fe84b74b99dca7.jpg,86,574,574,0,0
train/0086/4643c01455a746d6b06b0135f8597ffa.jpg,86,360,360,0,0
train/0086/494e6afe23ff4cfa800e5a9e7634ce7f.jpg,86,300,38,0,0
train/0086/50393da99df24d0695a5812b34c686bd.jpg,86,281,281,0,0
train/0086/83de45f4648646e68083e4799169ce71.jpg,86,725,358,0,0
train/0086/9338cecc588f457da9f00fd5f49ce9ef.jpg,86,499,499,0,0
train/0086/b362962e5de44a989c365f9b85986627.jpg,86,350,12,0,0
train/0086/c04d12a41fe54e1a85ba4cbd1c8b2f15.jpg,86,673,673,0,0
train/0086/c4d85fc0b5a94c13bcbd92ee896703df.jpg,86,300,300,0,0
train/0086/dae881e3b2a345949a951caafc3e05e1.jpg,86,127,206,0,0
train/0086/e88f83a53b7d4925aed8a54835f4885f.jpg,86,548,548,0,0
train/0086/efebcfa50c0e4096970d7f8b9e964e60.jpg,86,89,89,0,0
train/0086/fb02e17aaf1b4903a3ab603bb3e79f6f.jpg,86,127,127,0,0
train/0086/fdf81e0314554e05a766cffd816761eb.jpg,86,681,681,0,0
train/0087/0b5eb9d2231b42f8b7c2ab3a036dd6d4.jpg,87,87,87,0,0
train/0087/0fe2aa0a2daf41a3a636e82769fff6bb.jpg,87,87,87,0,0
train/0087/14460f3d57164d1caa1d005f0ac43c9b.jpg,87,87,87,0,0
train/0087/22f36b521b644f2793e1b1736068039e.jpg,87,87,87,0,0
train/0087/39cd26275470419dbf6731e5e8c07a5a.jpg,87,87,87,0,0
train/0087/3dc9f677851e409eb6fa12635a75d5ea.jpg,87,87,87,0,0
train/0087/40827e000ecc49c0940d75993bf3e634.jpg,87,87,87,0,0
train/0087/43b6dddfe5ce4fa49356a39b5556611d.jpg,87,87,87,0,0
train/0087/5cbab2a69fe14b78a91f3703fe4d1955.jpg,87,87,87,0,0
train/0087/735119ba016749ab8131df9f2679e63e.jpg,87,316,87,1,0
train/0087/8dcafa119f63479bb84952d722a39554.jpg,87,87,87,0,0
train/0087/9000cd083cf24194a327a5be5d57cc6d.jpg,87,87,87,0,0
train/0087/9a3a22ca77c34ebfae8d14e803099782.jpg,87,87,87,0,0
train/0087/a28fdb34a0ae4727a3e5b5eb2fe0f3d7.jpg,87,87,87,0,0
train/0087/aa8d61fde90142b7b241cff0ded311af.jpg,87,87,87,0,0
train/0087/c700d838cb534c87929476512890e051.jpg,87,87,87,0,0
train/0087/d408ecdd43ef4701839a97ffb45b483d.jpg,87,87,87,0,0
train/0087/d45448f0a1e94d26ba2f93d45e527866.jpg,87,87,87,0,0
train/0087/d8af8e06e3a2428aa816ee2b6eb2481e.jpg,87,87,87,0,0
train/0087/ddb051c7659546028c9658e508b30876.jpg,87,87,87,0,0
train/0088/0caf2e6982b24536884439efd09f9ecb.jpg,88,88,88,0,0
train/0088/0e4b02accf7a41e7bc4f964af840f6f1.jpg,88,71,71,0,0
train/0088/340fa02e95e3432f83d453f9c0d5ef05.jpg,88,88,88,0,0
train/0088/39780cb1f89e4c59a68ed483d251afc6.jpg,88,245,362,0,0
train/0088/3bf07362b7ad4658ab1d531a36791ec1.jpg,88,88,88,0,0
train/0088/3fa88a7e597e4e6484579aa8f47afac8.jpg,88,88,88,0,0
train/0088/45d3b162ceab4c99868e1c1743485cf7.jpg,88,88,88,0,0
train/0088/565bc3d5b7de4d539bc07df74dc02987.jpg,88,88,88,0,0
train/0088/58361942078f40ca9b7817b368173c33.jpg,88,88,88,0,0
train/0088/60a6383712164b2c89faa079d5e0eb85.jpg,88,88,88,0,0
train/0088/60f8aa83290e4cf8903093fa5a07d8f7.jpg,88,201,520,0,0
train/0088/68521bdf16b646f289c32f7a997fc8cb.jpg,88,88,88,0,0
train/0088/6eeb7fc9c7cf4932b994962f8b2de04d.jpg,88,88,88,0,0
train/0088/85f4c04aa27241c8b305f2354025ebd8.jpg,88,432,476,0,0
train/0088/93022d7b2b8c446c99923896379acc1b.jpg,88,88,88,0,0
train/0088/95cf91002c274952a8f00f85d6920b37.jpg,88,105,105,0,0
train/0088/9b8b82cd840b4366a0a910e462d2dbea.jpg,88,88,88,0,0
train/0088/ab262037cdf84239af3dcd27e7c5bd1b.jpg,88,452,452,0,0
train/0088/b3ff7ae80bbd42f09f58f93055d3f4b0.jpg,88,466,466,0,0
train/0088/b8c87a6dfdad4b37b80c4c8551f44ad0.jpg,88,88,88,0,0
train/0088/ba0ed086cc60416eb7d9a6864f47fde0.jpg,88,546,88,1,0
train/0088/eb6847a20e3a45259d5bfea604a637a7.jpg,88,88,88,0,0
train/0089/0234a615bb4048d59b539bffc2517c1e.jpg,89,89,89,0,0
train/0089/0b4a8202251b4217b13d545f0d166c7c.jpg,89,89,89,0,0
train/0089/62f866ebedcf44acb50f52282891128a.jpg,89,89,89,0,0
train/0089/6c22040559644d509ade023b426bf771.jpg,89,89,525,0,1
train/0089/6d4e364ba26a4c18b80b27734d6c8adb.jpg,89,583,476,0,0
train/0089/799462fb8022421a852884f98d207e9d.jpg,89,89,89,0,0
train/0089/a0ede7ddb9da43bc98043c2f3d22cb75.jpg,89,89,89,0,0
train/0089/a6c282bd621647c99f31956f98a051f4.jpg,89,316,316,0,0
train/0089/aa995d7174464fd48b680747b46a8d0b.jpg,89,89,89,0,0
train/0089/af1d43024f1b493da6c348686bcdd004.jpg,89,248,248,0,0
train/0089/b68e8101d29343c586a37c7abf41fa2f.jpg,89,89,89,0,0
train/0089/ba22f7c331994156ac9b32ea27930452.jpg,89,89,89,0,0
train/0089/c536229a7b134f398d1fb14e60d8e06d.jpg,89,89,89,0,0
train/0089/c5e0fd96b0d14c84a34e95598398e944.jpg,89,89,89,0,0
train/0089/d342e06444ad49f6a11717f1021be9e4.jpg,89,89,89,0,0
train/0089/db894eb5dd2a4dea831d11a99aa4f936.jpg,89,89,89,0,0
train/0090/05047a7add724d4d95dfb80ed64c58fd.jpg,90,90,90,0,0
train/0090/055af76b916a42bdb952ceca4c6f47ac.jpg,90,90,90,0,0
train/0090/0c7b21ba1ec24e63928e62d05236778d.jpg,90,90,90,0,0
train/0090/2d62844713fb4b77aa41d268c4e77892.jpg,90,90,90,0,0
train/0090/4299cf354a8d43e7aeb369018130d1d9.jpg,90,90,90,0,0
train/0090/505e002bf2f345409b031a62fe2f79dc.jpg,90,90,90,0,0
train/0090/51b48ad6e0b743f2a410f07a050532ba.jpg,90,90,90,0,0
train/0090/662d2ce0ffe94e4aaee3294300d401ff.jpg,90,28,28,0,0
train/0090/69e1667ea3bb41eb8ef6f13674fc97d1.jpg,90,90,90,0,0
train/0090/758a0fabf030434284974e14faf8b00f.jpg,90,90,90,0,0
train/0090/93b24b7b9c06444fb1469128f84d756e.jpg,90,90,90,0,0
train/0090/9b5437b27d0a4fecb31b48d8322f819d.jpg,90,90,90,0,0
train/0090/b203a233f76944669ec6211a2d38badb.jpg,90,90,90,0,0
train/0090/cb5f7fb672cf40e9b7e018a70e53e9d8.jpg,90,90,90,0,0
train/0090/d4810843d8c045efb3b66a004541fdd8.jpg,90,90,90,0,0
train/0090/d9ec9258991f481e83334d2b607e7997.jpg,90,90,90,0,0
train/0090/f176ec151f1a415f95d204679f8e5547.jpg,90,90,90,0,0
train/0090/fa30418a7aa44a56ac0d187c195a8648.jpg,90,90,90,0,0
train/0091/09e6f3804b244c79aa70c77272869bfe.jpg,91,78,732,0,0
train/0091/1b374befdfb449cd8c2e7e42547351ff.jpg,91,423,458,0,0
train/0091/1c88b14c6b0c4851aeef10727867946f.jpg,91,239,239,0,0
train/0091/21c3e75ef7b542a6a4333c358350359a.jpg,91,171,171,0,0
train/0091/2616686bcf1f4af5a99f5d3c264a3f60.jpg,91,21,476,0,0
train/0091/2692816d424247879906063b83ed424e.jpg,91,402,402,0,0
train/0091/35156aecc6fa4e8ea27cb5c428b2320f.jpg,91,604,171,0,0
train/0091/35f1e63e11d74587aa9b8c72b9bd5764.jpg,91,21,21,0,0
train/0091/40a54b4e980e4d52a504cd52ce5c015c.jpg,91,604,604,0,0
train/0091/43beb466d23d436bace6de93efc9c911.jpg,91,171,604,0,0
train/0091/6fb59004e43641a2b97b2e39a1fd533a.jpg,91,21,21,0,0
train/0091/9b461282ee9143e289edb0e3828a7da1.jpg,91,604,604,0,0
train/0091/c550a2bf0db34a92899af01f2c371c2e.jpg,91,604,604,0,0
train/0091/ca54a5c6d19a49b1a9c67874dfc31b01.jpg,91,91,91,0,0
train/0091/e3e0791d435846f4bf9d2f527392119c.jpg,91,130,403,0,0
train/0091/ee45d59e45124e1ba44864ba00798647.jpg,91,21,21,0,0
train/0091/fe0eb2ccb3ff4d2dbb8951f5d69e8581.jpg,91,603,629,0,0
train/0092/03be3318802642b0a7f8bab3e23b5fe2.jpg,92,316,316,0,0
train/0092/128e4f9b5b104ceab65c1d97f15d1da7.jpg,92,316,92,1,0
train/0092/19521de9b66a4982a716a49e097d368d.jpg,92,532,532,0,0
train/0092/624a19816b714294ab556a600a7be621.jpg,92,92,92,0,0
train/0092/666ea187e41244fb8febcb98c38634ea.jpg,92,744,744,0,0
train/0092/704a7b2370e141a2afef73ea872c1bf9.jpg,92,53,192,0,0
train/0092/8226d708ef5d45129d40294349da1f04.jpg,92,478,744,0,0
train/0092/93629eb6c04d4a74be25a46f58fc57de.jpg,92,92,92,0,0
train/0092/9f1c2c1f14f5416798f317d8b36323c2.jpg,92,92,92,0,0
train/0092/b73333499ada41ab95f882226c96f63f.jpg,92,92,92,0,0
train/0092/caf0272e6f19496596eff6eba665173e.jpg,92,92,92,0,0
train/0092/cd54997374d84d66a27de4f3182f4984.jpg,92,92,92,0,0
train/0092/d2809f4a8be44557ac5d4be6a2bf0767.jpg,92,248,92,1,0
train/0092/d6bd90ad41844ceca50c58b1f916e29b.jpg,92,316,92,1,0
train/0092/db0ccccfd7914664bd6d940fa516c3cd.jpg,92,92,92,0,0
train/0092/e30019dfb8ae447bad6dffadb2cf8e0d.jpg,92,248,248,0,0
train/0092/f611e11fd6be4e0782d689fa2bdbacfc.jpg,92,92,92,0,0
train/0092/f9de4facfaee46acabded20097d703fb.jpg,92,92,92,0,0
train/0093/0ea291957d01494c8f7826242db310f6.jpg,93,747,747,0,0
train/0093/1479ace8aa02472389f387a95c47344b.jpg,93,747,747,0,0
train/0093/1789e12ef5da46599e62a1410c93a394.jpg,93,350,727,0,0
train/0093/1a38d61487fe49ed84f74c06aa1db5f5.jpg,93,93,93,0,0
train/0093/2f6dcac923354c4ab43368493b525c95.jpg,93,717,717,0,0
train/0093/3095c79c71094cc78665b85ab2320590.jpg,93,93,747,0,1
train/0093/5bc65ae97fd647a8bbc57103f1fe1b7e.jpg,93,688,747,0,0
train/0093/5dfb64ea5e9b4234b178e7354c2b04e5.jpg,93,688,93,1,0
train/0093/6a77dd20f0ba45ad8754791189ab97e2.jpg,93,93,93,0,0
train/0093/7a011dbdd828426ba7cc92bb5eb0b928.jpg,93,747,146,0,0
train/0093/9d2760bfba2a4000ae939f70b94d8578.jpg,93,93,93,0,0
train/0093/a865faf285234f3d92a0459084f18322.jpg,93,93,93,0,0
train/0093/b78c35a22d054f1292b82b5f8adc9111.jpg,93,93,747,0,1
train/0093/b9caf4a740b54b00a30a1f3bff6c731b.jpg,93,93,93,0,0
train/0093/d759ae3b585d48a1a9349469e60c00a4.jpg,93,93,93,0,0
train/0093/dda384d10e9a4dbaac36d181e41413cc.jpg,93,688,652,0,0
train/0093/e6da5163fb014bfaa9e5895ea9595762.jpg,93,93,93,0,0
train/0093/f0d7ffa00f8a43a48b6eb8650c5cd40f.jpg,93,93,93,0,0
train/0094/04323355241d47a6a7fcb6239053023c.jpg,94,94,94,0,0
train/0094/15bb6fb1d9c14fc790e584c140201928.jpg,94,94,94,0,0
train/0094/1c059a371c21400a9ad2c84a978c46ce.jpg,94,94,94,0,0
train/0094/1d12589ccee749bfb7f06d9570d664af.jpg,94,94,94,0,0
train/0094/5f066bfdca0e4aaeabff127ac7364c87.jpg,94,94,94,0,0
train/0094/691434c3dc144a14a7e3e58798f8e775.jpg,94,643,94,1,0
train/0094/7093fc363b6c4f1184ae5e931d6917b2.jpg,94,94,94,0,0
train/0094/71de97f4e90e4a6084695df900ab9cdd.jpg,94,94,94,0,0
train/0094/7d52cd373ecb4b608c7912867221e80f.jpg,94,567,65,0,0
train/0094/7f630f2b2d26447c8d0cfc9942bf0aa4.jpg,94,94,94,0,0
train/0094/8dd7f70d48994c3fb96989dfd3553065.jpg,94,94,94,0,0
train/0094/a1ee7ea3b99246988d803c2c9e8bb846.jpg,94,94,94,0,0
train/0094/b2d6f8f0197d4510b364108c9fd0e256.jpg,94,94,94,0,0
train/0094/c4828f8d4e094a8994fee01c9794735f.jpg,94,135,94,1,0
train/0094/cbecfdb21b204ff89527eac8d651f901.jpg,94,94,94,0,0
train/0094/ccdd5eb14a3742ddb3e8c058cd50d58e.jpg,94,94,94,0,0
train/0094/cf7edb42373144d386a86b4175ec6110.jpg,94,94,94,0,0
train/0094/da70482ffef84160a168dd5fa7c3c0e7.jpg,94,94,94,0,0
train/0094/e42625f2ac5545ccbcc5e858b9712275.jpg,94,94,94,0,0
train/0094/eb405c6df07849f79ec5925ba1fca1de.jpg,94,94,94,0,0
train/0094/f74c3efdfef1458bbf281ee02ce2aa2d.jpg,94,94,94,0,0
train/0094/fd68ef436dc9402eb5aa04ba886b32cc.jpg,94,94,94,0,0
train/0095/0577481a8f514f7f89e1777f265c735a.jpg,95,95,95,0,0
train/0095/0a50be5bc6ff4a5fbd0de578e59c9fe7.jpg,95,167,95,1,0
train/0095/0c293650e2c343e9958e37e66607e724.jpg,95,532,532,0,0
train/0095/11d2170d93e94cb8bfdd11061060d5fa.jpg,95,167,95,1,0
train/0095/165b659f7fa9442088c29e31eacd6773.jpg,95,95,95,0,0
train/0095/250cd470a2c044e3a7f039b38f998d16.jpg,95,95,95,0,0
train/0095/2bab6dfa66db400c8d9725e25ae7f7cb.jpg,95,95,95,0,0
train/0095/4b4663ab8bf0430aa17bf3478f4f6eae.jpg,95,95,95,0,0
train/0095/4b6e79f62f71415b9e90a2dacd4b48c8.jpg,95,95,95,0,0
train/0095/58875e4fd5fe4afaaf0fedde1caafd53.jpg,95,34,95,1,0
train/0095/732abfb6856b40b2a0ddd03cab36e58b.jpg,95,133,133,0,0
train/0095/80666dc94fc64d1393232d8ee3414afa.jpg,95,469,95,1,0
train/0095/8777c91971994e3fa8b4fe893f8b2309.jpg,95,8,95,1,0
train/0095/8e6cfce0fcdd475bab3ffd54778e1bfb.jpg,95,167,8,0,0
train/0095/9f7869dd81dd48968a02f185a1fbb959.jpg,95,95,95,0,0
train/0095/a22d24c405894494b5c121f5bd3a3fae.jpg,95,167,95,1,0
train/0095/a58f2a9ab9544f31bdf413859afbfe19.jpg,95,95,95,0,0
train/0095/ae7bb62c37284cd9a260e84847cdd556.jpg,95,640,95,1,0
train/0095/b08d16e942194461a9e3d943ded0b7e1.jpg,95,95,95,0,0
train/0095/bd4925c84b1c4acbb1aae59a1f63eda7.jpg,95,95,95,0,0
train/0095/c064a8913c984533bdbc427077207a50.jpg,95,34,95,1,0
train/0095/c7587dc9fcab4c3eaee3da812b630978.jpg,95,95,95,0,0
train/0095/d8019b3f890441f2b6635d57d8dbdddc.jpg,95,95,95,0,0
train/0095/e0e48d5d48a64bdf8afdd48d7b631e42.jpg,95,167,95,1,0
train/0095/ec8d52713c8d4b7585d704427f22a6b3.jpg,95,243,596,0,0
train/0096/1cbeb5cf1c424ecfbd5508e29c81f349.jpg,96,96,96,0,0
train/0096/1f0cb89ae107472ba68e1c84ddefe296.jpg,96,96,96,0,0
train/0096/36ec541c67114d50aa8067154282f5c8.jpg,96,96,96,0,0
train/0096/41e62bc968834d98b73d61d0fe71e40d.jpg,96,96,96,0,0
train/0096/49fe9d1158e74e7a81cacb69db3f75ee.jpg,96,33,33,0,0
train/0096/51eee1ef2fe24cc69c057fa5a8aee159.jpg,96,79,96,1,0
train/0096/595cceb6866a48ef85c91cd27bff80e9.jpg,96,33,33,0,0
train/0096/6bccebda88984d7ba59f0803ba3a3cd8.jpg,96,96,96,0,0
train/0096/6ef3637897114a51865c14254e146c61.jpg,96,96,96,0,0
train/0096/70371721169f44ecb5900e6ac7bfee3c.jpg,96,96,96,0,0
train/0096/8c5ea646c20b4a46a11d0308c25e936b.jpg,96,96,96,0,0
train/0096/8fb4b531ff4c4f4fa0e84cfd72a93e2a.jpg,96,96,96,0,0
train/0096/985b0feb9dcb457c86a213eec4164cff.jpg,96,33,44,0,0
train/0096/a280f88ce0ac4d4480662c7a892b7203.jpg,96,96,96,0,0
train/0096/ac257963b7fd4784a2c30bf1cd509ada.jpg,96,666,198,0,0
train/0096/c96cdf96130b40129af6fc1abd3178d5.jpg,96,96,96,0,0
train/0096/d1efc2d6135e469d8852ccd442fd9eeb.jpg,96,96,96,0,0
train/0096/d63f2f0aea4240cebd3e8e6179cb7895.jpg,96,33,96,1,0
train/0096/e5cd2adeb7b548af89d114fffb83211f.jpg,96,33,33,0,0
train/0096/fb5a6e0db8b64597b327415a9be7dd53.jpg,96,96,96,0,0
train/0097/2125248f9c434ce2953a554d1262cc89.jpg,97,97,97,0,0
train/0097/5ad4991b29ef4147b47d7aa8e5939242.jpg,97,129,129,0,0
train/0097/5d4b29d1123b414484722481b9b4689a.jpg,97,97,97,0,0
train/0097/726af7c5cddd423bb6cee266e7cd8945.jpg,97,97,97,0,0
train/0097/7329238ce6604d5ab699ccaf7d093dc8.jpg,97,97,97,0,0
train/0097/7558e70d3478467fa3d96ee938d92e25.jpg,97,369,369,0,0
train/0097/81aaaed4c7f64962b49b747b5bf1ec13.jpg,97,269,269,0,0
train/0097/a08a17921a764c929b44d2509e281d45.jpg,97,97,161,0,1
train/0097/a5ea91acf5c24c9ebf9265dafadf7355.jpg,97,320,320,0,0
train/0097/ab990fd92dc74b9baf0fe62b692e828e.jpg,97,97,97,0,0
train/0097/b3c0362e0d9645b5b64e63f9cb0e5ff3.jpg,97,97,97,0,0
train/0097/c8afde19a7a8495280a2c687cadc1f42.jpg,97,97,269,0,1
train/0097/d28a2c6162a4462f9c5194dd787bbb93.jpg,97,97,97,0,0
train/0097/e39c0c626b684cc9bd28d72435c32a9c.jpg,97,320,320,0,0
train/0097/e67ac107c62747f1a826b2a2b5a1442f.jpg,97,52,52,0,0
train/0098/1e9f15020a404b379df0687737abab89.jpg,98,98,98,0,0
train/0098/24081315dc434e57aad858dbac9409c2.jpg,98,98,98,0,0
train/0098/2d3351e04cd14e4aa4f6c90a993a4704.jpg,98,98,98,0,0
train/0098/2dbeab320b684c29b0062e097d7e31c2.jpg,98,98,98,0,0
train/0098/62279183017441508c3e3d7e992b0c88.jpg,98,98,98,0,0
train/0098/787a45676590486ca5e9039a7795d33b.jpg,98,98,98,0,0
train/0098/847fcd6fc3424a53a93a292a2957970c.jpg,98,98,98,0,0
train/0098/8f8b1ab3943446c385fd2a31556334a8.jpg,98,98,98,0,0
train/0098/bda077d35b374b5e82eef779b809520a.jpg,98,98,133,0,1
train/0098/c3afd5ba5bb2436a8e223df006b7c8c4.jpg,98,98,98,0,0
train/0098/c6a6d226b74f43349906264e06f997a6.jpg,98,98,98,0,0
train/0098/c819b6d46e6445988bcfc1725b6eb93c.jpg,98,98,98,0,0
train/0098/d68369389cbd485e8f99ecc954ef57b3.jpg,98,98,98,0,0
train/0098/d8b27f74c1244247b86cad50285c853d.jpg,98,301,301,0,0
train/0098/df09e72bc7604a29ad454e234d08a6b3.jpg,98,98,98,0,0
train/0098/eec2c9a4825e427690c3674ddfd2be87.jpg,98,98,98,0,0
train/0098/f9adbdd4bf2d4bf39498f2ff6aeb254c.jpg,98,98,98,0,0
train/0099/007c08a8f0104ee5b796c44313d9330c.jpg,99,99,99,0,0
train/0099/00c6c5d910794f439a2fd3d0a2bb35fd.jpg,99,99,99,0,0
train/0099/038fd45acac645ad99719366f105e270.jpg,99,99,99,0,0
train/0099/0426a6aa4c49415eb9c69f4d204fcda2.jpg,99,99,99,0,0
train/0099/098d3038ec214e0f96ed8b0556959e96.jpg,99,99,99,0,0
train/0099/0b8cab33ccff4b1ea47c95d024e7e44c.jpg,99,243,253,0,0
train/0099/64fa61e3a570400bb3b33291cbcbc798.jpg,99,293,99,1,0
train/0099/73fb3dcead7a4757bd769ecfaf91936b.jpg,99,99,99,0,0
train/0099/7405e675fb4449a0b0d4de8c7091b53a.jpg,99,243,99,1,0
train/0099/812ddfd4e9f14f52a3d8c24710d78e46.jpg,99,99,99,0,0
train/0099/96f4eb9a8b354adc96e64e999efb1395.jpg,99,99,99,0,0
train/0099/9cd443881f574cff802bb8b6ddef58bc.jpg,99,99,99,0,0
train/0099/b558201374ee4671a991a5fd9f9ef2c4.jpg,99,99,99,0,0
train/0099/bb271f0cc018405a9a46abc957399ca1.jpg,99,99,99,0,0
train/0099/c76c31df02ab4284b3620d91f1e54c4e.jpg,99,99,99,0,0
train/0099/d1d6185a383b4d14962d13c822eac478.jpg,99,408,564,0,0
train/0099/d9ba31d466154513826fb17b00ff117c.jpg,99,99,7,0,1
train/0099/dbc470789294495c94900a0d5aed5769.jpg,99,99,99,0,0
train/0099/e45fa8ddd3214f8b944522b1197cd344.jpg,99,99,99,0,0
train/0099/f152f8e85e084982a3147c7c5904d58a.jpg,99,99,99,0,0
train/0100/205767e5f05e44deae636227b6ccf8ca.jpg,100,100,100,0,0
train/0100/22f1942d1f4b4b7f8f59370e7597a156.jpg,100,100,100,0,0
train/0100/2dd1612bd3d149b3877c37f98fc57031.jpg,100,100,100,0,0
train/0100/2e7224e640764856b8cde49debe962d6.jpg,100,100,100,0,0
train/0100/579452be5b5143bb9cfc535d7adb526d.jpg,100,100,100,0,0
train/0100/5a888d6204ab4678881976c3d1fcc615.jpg,100,10,67,0,0
train/0100/5e2db7609906401399ef9e4e4432ea11.jpg,100,241,67,0,0
train/0100/6555b26be3554769b10ec4d1df6d7409.jpg,100,241,241,0,0
train/0100/741f62e083514949ad262bb0d978114e.jpg,100,100,100,0,0
train/0100/85411a68885c4ec7bfa1d6792a4adaca.jpg,100,100,100,0,0
train/0100/96236344328445ec86010fac396e795e.jpg,100,100,100,0,0
train/0100/ac2ed542ed9843ab9c531f220825e886.jpg,100,241,241,0,0
train/0100/ad0e951ca1634ccb9fe80ece278baa98.jpg,100,241,241,0,0
train/0100/c230753f292544289f0888a525dca654.jpg,100,100,100,0,0
train/0100/c80f767fcd434ee79b6befa18bcacfed.jpg,100,100,100,0,0
train/0100/cb86ead188dd460ca223abb7cd58088f.jpg,100,0,0,0,0
train/0100/ce035c9487004a7491d08e5baf9324f9.jpg,100,100,100,0,0
train/0100/da6e38c476524cd9adf54d96e6f71ff9.jpg,100,100,100,0,0
train/0100/e3c8a153e5c943bb9b061b62e7232473.jpg,100,679,679,0,0
train/0101/117c3a59fa26495c889d87220cfa30ea.jpg,101,101,227,0,1
train/0101/1f901b266f184686bec36cffc807ac15.jpg,101,101,101,0,0
train/0101/22fa7414cf0a45d1b8181a26aea9e94c.jpg,101,583,583,0,0
train/0101/3287200a2a0147d5af1a2ac945ffaa8f.jpg,101,10,295,0,0
train/0101/3a2de9f51bd74b57bdf42723c2860eab.jpg,101,101,101,0,0
train/0101/3f4e997350f042f88ba270c6c9d5c5b0.jpg,101,206,525,0,0
train/0101/44182b5163084ba1b25a10efa5d3e2ca.jpg,101,571,680,0,0
train/0101/603a30e985444fa59a0e797174efd53c.jpg,101,101,101,0,0
train/0101/8ddfea66d1244d93b51285e7de174fc4.jpg,101,101,101,0,0
train/0101/a64c88bedc624e828d2a6adce110722d.jpg,101,101,546,0,1
train/0101/b1829223ed5649e2801864e63e32453a.jpg,101,101,101,0,0
train/0101/d0834fb566bf4fd3999a54d3d4b975ad.jpg,101,101,101,0,0
train/0101/dbce050547454de4969654cc3784e7b9.jpg,101,417,417,0,0
train/0101/e03390941ce04e908c2c1b87b2bd2974.jpg,101,678,678,0,0
train/0101/e6a62ee508af412fa695859593b768fa.jpg,101,744,645,0,0
train/0101/e97d76ad6cc84bb1bbefa91b9c00d7c9.jpg,101,228,228,0,0
train/0101/f770c685e1cf48cfa702c7480ea1c6b4.jpg,101,228,227,0,0
train/0101/fa739b08fbc84b5780467eab6f8aaca4.jpg,101,101,362,0,1
train/0101/ff5937ceebca43c3bf34ff843858eec4.jpg,101,525,525,0,0
train/0102/1e57227aa8b34870b5190f30b08ca43a.jpg,102,102,102,0,0
train/0102/20d1e28d8f874c6ba368cfd6e81c7fa6.jpg,102,102,102,0,0
train/0102/2a647abd07554e2c843d11e197210295.jpg,102,102,102,0,0
train/0102/2f8e0e24cde04ba1ba0b0c145509c1f1.jpg,102,102,102,0,0
train/0102/41d2ca91e34c4080ac7dd8136f31ded7.jpg,102,164,692,0,0
train/0102/49184e546a8847a988bc56d8c52e726c.jpg,102,102,102,0,0
train/0102/4d03af519c274152b25e1d793dcbc867.jpg,102,102,102,0,0
train/0102/5a652fd3f60a4cddaaa486bab2d25871.jpg,102,102,102,0,0
train/0102/7a257bc5dfc84c3580415c04b11c3bf2.jpg,102,102,102,0,0
train/0102/7f4d03432e07417fa43e987753fd4891.jpg,102,468,468,0,0
train/0102/9f79145cc2f14bb4bce3bc678aac5840.jpg,102,102,102,0,0
train/0102/a2d21f56ea094d10b46bf0d10f64bd2d.jpg,102,102,102,0,0
train/0102/a62073dc28474486a9998992a935868f.jpg,102,102,102,0,0
train/0102/b2c938ce005747dbb5a2a22b2259eeb5.jpg,102,267,267,0,0
train/0102/becda1d7e0c4438e80cb2146da62672a.jpg,102,102,102,0,0
train/0102/d05feb1148ba446db2920e3f2207e09c.jpg,102,102,102,0,0
train/0102/e8ed3fdcede74449a1220094e3394900.jpg,102,102,102,0,0
train/0103/0b7aeebb505d48c8a32fd129e016e065.jpg,103,103,103,0,0
train/0103/1e717588de38493abd1c89fbee363ebd.jpg,103,103,103,0,0
train/0103/2604803ea0f3451ca5426fa5992d23d5.jpg,103,103,103,0,0
train/0103/30cbb7c7507e48dca8be9dd49ad519bc.jpg,103,103,103,0,0
train/0103/47cd34647b1248b19d67b5c7c6073927.jpg,103,103,103,0,0
train/0103/4ae3cb5c501240eb91ef4960998038d0.jpg,103,103,103,0,0
train/0103/5e5d100e8a234dbe96a0542cf2a2a133.jpg,103,103,103,0,0
train/0103/81ae78c524e14b838c7890173abae116.jpg,103,103,103,0,0
train/0103/8e4ce3fe3eac4063a63ae6daf99867a3.jpg,103,103,103,0,0
train/0103/999d13c0af2f451bb23a8465b0e19668.jpg,103,224,103,1,0
train/0103/a063f2d94b094f6292a63069c425da35.jpg,103,103,103,0,0
train/0103/aac3b9a8dbfe43feb9e0f625033fd3b3.jpg,103,103,103,0,0
train/0103/b09fca6cb88147b19166a662b11d2c31.jpg,103,103,103,0,0
train/0103/b43ef53e2e1c41dd85688b0f56eb6f64.jpg,103,480,480,0,0
train/0103/bd9d26bf22324baaa99cf0616bb7b806.jpg,103,610,103,1,0
train/0103/c1d40040730d438f9663bed3dbb2f5cc.jpg,103,745,745,0,0
train/0103/c49d0e3c095d457cb75bae29d340c318.jpg,103,103,103,0,0
train/0103/c51517fab10a462082fef06fa649265a.jpg,103,103,103,0,0
train/0103/ca116e6414004d068fd609626d0f83da.jpg,103,103,103,0,0
train/0103/db15fc22e5fc47b5a67dbc76c769d2a1.jpg,103,103,103,0,0
train/0103/e4884ff06b7d46299a45e312d3b5bf0b.jpg,103,103,103,0,0
train/0103/ec5079ebe1e34be699c61f46b2b1bd11.jpg,103,103,103,0,0
train/0103/f350945a5f944ccfac86ff8c1102f19b.jpg,103,103,103,0,0
train/0104/1382e579a6f94ba19d6dba0c5aafb9a0.jpg,104,104,104,0,0
train/0104/37fb8bf790e7468ea1b21382fb338fb3.jpg,104,104,104,0,0
train/0104/3a36eeae60c642f0b1308b2d422eb65a.jpg,104,28,28,0,0
train/0104/4f2829ab1b1142cfb82e8f77db62d03e.jpg,104,104,553,0,1
train/0104/626969138e0249c9aa395d734290520d.jpg,104,166,166,0,0
train/0104/6e89f2ad91c34a54a27db1f2beccc147.jpg,104,104,104,0,0
train/0104/830409dc800f4f1bbef60d290ebc3378.jpg,104,104,104,0,0
train/0104/9325f21c0ff0413982e4d6377b387c8b.jpg,104,104,104,0,0
train/0104/a377a3412fda4c72b84da2c2d865d15a.jpg,104,166,578,0,0
train/0104/a3a6c0164da045fca3babc5b1901b91b.jpg,104,104,104,0,0
train/0104/a6ce15239968426f96c8d559ec286242.jpg,104,166,578,0,0
train/0104/aa8d3faeedc84fd0936b4ea833e89920.jpg,104,104,166,0,1
train/0104/aaadb5d5667d482a986da37eae745445.jpg,104,166,166,0,0
train/0104/ab543ba063aa4b4e864ffff38460db3c.jpg,104,104,104,0,0
train/0104/c275e7a16cd4453ab721ca5905ad5ed8.jpg,104,166,553,0,0
train/0104/c2d5a179e186416ca112ae64ce80d6bf.jpg,104,104,104,0,0
train/0104/dfba854296024ae3b0caa42bd48e0fa2.jpg,104,104,104,0,0
train/0104/f8871c2b9b6443b2925d8052f1986dc4.jpg,104,104,166,0,1
train/0105/0dab4226579b4a1c933728139e1dc3d5.jpg,105,206,206,0,0
train/0105/1d40034469cb4874b46aedc685ed61c0.jpg,105,105,105,0,0
train/0105/215ebedc4c1849099580cbc1fea9fc19.jpg,105,105,105,0,0
train/0105/30d495efe73c4290a266840eb9a0ca38.jpg,105,105,105,0,0
train/0105/334afe7b8bdb4889b4426a03a99da366.jpg,105,105,105,0,0
train/0105/37a75910f9884d51bf159d5af76da101.jpg,105,105,105,0,0
train/0105/489853d2d6bf4b7e9bdf229868ffec03.jpg,105,105,105,0,0
train/0105/4aff8a6b19ab40d49e0a4e8db2b2fb12.jpg,105,105,105,0,0
train/0105/4d3d702c7507477eb1ad48bf4ca170dc.jpg,105,105,105,0,0
train/0105/5b46ee7b890a4c10903d8d9ff073ac9a.jpg,105,92,414,0,0
train/0105/5f5d4795a5d949d180812103e7cc4ba3.jpg,105,105,105,0,0
train/0105/6dd2be25b0a54c2ab9117c7541ec3540.jpg,105,105,105,0,0
train/0105/82c4b2cdb00a45b192bbe0284549cf86.jpg,105,129,129,0,0
train/0105/8a8f6027547c421e85213106e5303797.jpg,105,105,105,0,0
train/0105/8e863891985346859c2fa2c267093012.jpg,105,105,105,0,0
train/0105/912eabbfec324ec3b1cd87876b96b9ba.jpg,105,105,105,0,0
train/0105/af0d84ff4c674daf92c842e39ec25064.jpg,105,105,105,0,0
train/0105/b53eee1b3d124d8eab8d217693b34c1e.jpg,105,105,105,0,0
train/0105/cdeb9ba62338484592418c1ae18307e7.jpg,105,105,105,0,0
train/0105/cee0d0b1c2864bbc9e90dfd3a6ca3878.jpg,105,105,105,0,0
train/0105/d2758c679e8c4ac593db7ff816fff3ef.jpg,105,105,105,0,0
train/0105/ea2e2e6643944b69a5f2b856294307ff.jpg,105,105,105,0,0
train/0105/efbc6c1714a940d5bb9956b25f69e70d.jpg,105,105,105,0,0
train/0105/f668e27ed6e8454fa49041acb03e8e38.jpg,105,105,105,0,0
train/0106/221acfc9d10c4610abf766de95fdf31f.jpg,106,300,663,0,0
train/0106/2921634a5546438793f436ab2373d166.jpg,106,117,117,0,0
train/0106/2b61a6e338354d49bc608b4df2147417.jpg,106,670,670,0,0
train/0106/30e80541a95244b19e3ad1ef4501c050.jpg,106,106,187,0,1
train/0106/38430fbc8c704da88ce6cb976bdd9ad3.jpg,106,675,675,0,0
train/0106/47efa2573fd644c2928ac13e0305f2ec.jpg,106,471,471,0,0
train/0106/4ec8ca4f2d2f4021be3a815310c59b91.jpg,106,476,476,0,0
train/0106/5e754dc31b664e6db65d40c52582ab25.jpg,106,106,182,0,1
train/0106/5f4dd510acc04a46928dbce98583f4e5.jpg,106,749,749,0,0
train/0106/63f093a224004eb9ad078f0a4615c6e3.jpg,106,106,106,0,0
train/0106/67e536ab9b5247bfbf7233dfb0b39673.jpg,106,731,731,0,0
train/0106/70709ab9a9574c4791de0aacd526b99e.jpg,106,2,695,0,0
train/0106/89b54c208c364621812d5b66a33ff18c.jpg,106,127,127,0,0
train/0106/8a5b132bd3824a8bad71054b681f2b13.jpg,106,134,499,0,0
train/0106/8fa355ed34184738ad3aea58ac27afa4.jpg,106,106,106,0,0
train/0106/9487443ce14e4697ad316b10aa04d67e.jpg,106,293,630,0,0
train/0106/b9477b48fef94a1ab25e476ff4b99c3d.jpg,106,338,663,0,0
train/0106/c448aa4212c2407f8ff0786d7eecc084.jpg,106,106,249,0,1
train/0106/c4a9435f1ac445999ac2ebc65b0972fa.jpg,106,577,577,0,0
train/0106/c6c5eadcba3a4de3b3fdf4f8092d824f.jpg,106,139,630,0,0
train/0106/d9107c48fb4a42ad8afcd07ab4ca51ce.jpg,106,432,525,0,0
train/0106/e0bdada9ea2f4076966b2d450e2b8e3f.jpg,106,456,61,0,0
train/0106/e56b4309bd3445ec8acae82efeeb9ba1.jpg,106,569,480,0,0
train/0106/e84adf185e914f29ad50efa6949582c9.jpg,106,577,230,0,0
train/0107/00a21909ceca40b9b4e98430b20f7390.jpg,107,107,510,0,1
train/0107/0adcb1737cac4032b14b929cc7180a98.jpg,107,107,107,0,0
train/0107/0ed288c789bd4b568110160bde8277a8.jpg,107,233,233,0,0
train/0107/2576e6a02e7c455db73e22b02c4fa236.jpg,107,107,107,0,0
train/0107/2a493a095f014097bd04a25b18af7f61.jpg,107,107,107,0,0
train/0107/2dacac74f6184e6381fc55408ea6c514.jpg,107,107,107,0,0
train/0107/369d51776489409f9315477d61a413bf.jpg,107,107,107,0,0
train/0107/4a00680a097748e59fa4d91f4116b9d2.jpg,107,107,107,0,0
train/0107/507677a5a66a45588e61fc3a546d5597.jpg,107,107,107,0,0
train/0107/52689db9884d4e1da1483bf2536397af.jpg,107,107,107,0,0
train/0107/6a61be58e78f4615bc859a92b5d22cf0.jpg,107,107,107,0,0
train/0107/6c972a0e232d417baf8a3f023b178a0a.jpg,107,107,107,0,0
train/0107/6da0f6947b1343fd822f5fc54e1facbe.jpg,107,107,107,0,0
train/0107/84457a360cac4b8487489f56df9f3b6b.jpg,107,107,510,0,1
train/0107/85d419bdba5c41c1b2b1875ed7e1cdf3.jpg,107,107,510,0,1
train/0107/8e1f33a658c44b50b318fec612c62244.jpg,107,107,107,0,0
train/0107/a61bd8f9e0e34ac4b7ad895227669eb0.jpg,107,107,276,0,1
train/0107/dd5f5e9875894b749259248839c4aa2d.jpg,107,616,616,0,0
train/0107/e261aeb4b5144a4b827f42990549a7dc.jpg,107,107,107,0,0
train/0107/e67b9c4dac2e4616ad809ac0dbaa5d82.jpg,107,107,107,0,0
train/0108/028c209e1b72426fa251cfa042a8d680.jpg,108,108,108,0,0
train/0108/08a877db0b824fba880da93ab0786123.jpg,108,108,108,0,0
train/0108/0c84b969fb3d464f8789fb12b4c9a2dd.jpg,108,566,566,0,0
train/0108/2046d890a50448ccab3a7da62534dfef.jpg,108,108,108,0,0
train/0108/3245cb6f5f174d71a20c80c117fe8d5f.jpg,108,108,108,0,0
train/0108/43abd88c70594742bb9d70e70152f2f0.jpg,108,695,695,0,0
train/0108/6200b27f951f45a2acbbb32a615d0266.jpg,108,108,108,0,0
train/0108/6bf2a07f4ada491486412bc1b21fe754.jpg,108,108,108,0,0
train/0108/6dfa40cfe909490bb686aa2a196b8683.jpg,108,108,108,0,0
train/0108/804f06b0ab9e4edf9f03cd64d4072797.jpg,108,108,108,0,0
train/0108/a4db5dca42bf48e2a92d5a30bb19cf7d.jpg,108,108,108,0,0
train/0108/a629ea3359c04e0daed525eb9a622f91.jpg,108,108,108,0,0
train/0108/a92e61af2bf947fa87fdb937a775c29d.jpg,108,703,703,0,0
train/0108/ad91a00e76bd4aa98c81233ff804856e.jpg,108,108,108,0,0
train/0108/be4868f8eada4df0ac5a8d47c59a7a0a.jpg,108,108,108,0,0
train/0108/c1111b44f0174f1d90d0d699d11d1621.jpg,108,108,108,0,0
train/0108/d194d49cbb174a868ee96ea67b386b51.jpg,108,108,108,0,0
train/0109/03038c4571dc432bb77cf682ffa5cf9f.jpg,109,109,109,0,0
train/0109/0bf103610b694791b286f6d4592b0fe3.jpg,109,109,109,0,0
train/0109/13fd9b4adac6472aa3b70a271609eb4c.jpg,109,443,283,0,0
train/0109/2ae20b9ff88c4ad7a25c75f4c3bf19f1.jpg,109,150,150,0,0
train/0109/2cc5fad34aa740c68637eb166d30ef6a.jpg,109,109,109,0,0
train/0109/3147925ff478487ba13084322e819a5b.jpg,109,113,109,1,0
train/0109/54b2ae2df9794df0a2b047606cb8f484.jpg,109,109,109,0,0
train/0109/5d513e864e744e04a790eb7950a473ac.jpg,109,113,113,0,0
train/0109/7ce9715806e34643a069f0f20ed49bd0.jpg,109,113,109,1,0
train/0109/837b82402d884f7f9f9fe6a85538066c.jpg,109,109,109,0,0
train/0109/8f50f4406315467f99cb9c32a7130285.jpg,109,109,109,0,0
train/0109/a71fddd09b48495d8b4fdb03b3da215c.jpg,109,109,109,0,0
train/0109/a95f572cb6f84e329e4ea6e7a508fb5e.jpg,109,109,109,0,0
train/0109/a99a2f4b57b74f20a5510d614f5bf3cc.jpg,109,109,109,0,0
train/0109/b341beebb06f4bbeac24a5de87a04cbb.jpg,109,109,109,0,0
train/0109/b5af7af3b930419eab11eb453eda519d.jpg,109,109,109,0,0
train/0109/bedab730c1b74fdd8a1c37d8dc8423d6.jpg,109,109,109,0,0
train/0109/c7e4b7a6e5eb43a9b26c29f0e54317f9.jpg,109,109,109,0,0
train/0109/cb59b5715d764e469a446579a1afa950.jpg,109,109,109,0,0
train/0109/cd6783dd5276493e909a36a3ebdb223b.jpg,109,109,109,0,0
train/0109/d57c295296734933b6957763595e5574.jpg,109,109,109,0,0
train/0109/d85b8bdc301b45f7b8ae3989ba470266.jpg,109,109,109,0,0
train/0109/fa1ad9d3cf024a11bb96f04ff0dfd655.jpg,109,443,443,0,0
train/0109/fd34d71fed3949bc854002239fa2f2d9.jpg,109,109,109,0,0
train/0110/061b784392f74baf8f4cba75f7de51db.jpg,110,110,110,0,0
train/0110/116dd6c0e36244689c7469bc8808e425.jpg,110,110,110,0,0
train/0110/1a1b23daf2024a499f877c4d019be9da.jpg,110,743,743,0,0
train/0110/236b3ecb85ae4ca996de57dfa91bf021.jpg,110,110,110,0,0
train/0110/2f8e9580cc6c4c968da6c9f0ee9d099d.jpg,110,90,110,1,0
train/0110/47be703bb1354cb980bf27f8f1986ec7.jpg,110,110,110,0,0
train/0110/5727547844a6406a9011f50202a4bb1a.jpg,110,110,110,0,0
train/0110/715db541e7c2422c90034d3f73cddd42.jpg,110,302,302,0,0
train/0110/963c9b47a7934632b373fcf37e910503.jpg,110,110,110,0,0
train/0110/983df05c7fe54c7e9fc06061161c126f.jpg,110,110,110,0,0
train/0110/a23327bfad174b96b45e31930662b5c9.jpg,110,381,381,0,0
train/0110/af4820d5837c4bffa4693b1f48253abd.jpg,110,110,110,0,0
train/0110/b7b560351c754c07ac13247684abfbd9.jpg,110,110,110,0,0
train/0110/bc244807955d40dc94ff3056998f2f7b.jpg,110,110,110,0,0
train/0110/c3b7bc05977e42448a3d8d90d5dea64a.jpg,110,110,110,0,0
train/0110/c523da8ecc894a4a9f02a5c4ca0bcc25.jpg,110,302,90,0,0
train/0110/c854068934694d5eb8d09b18aa7854cb.jpg,110,302,302,0,0
train/0110/cc3242b263fd401fa199344bd2def737.jpg,110,110,110,0,0
train/0110/cf267af09f66418c84f87890db630850.jpg,110,110,90,0,1
train/0110/d1e4f7504d0d45c0904bcba8523bf916.jpg,110,90,90,0,0
train/0110/e24e86ac6da64e83a548333eb9b0b991.jpg,110,110,110,0,0
train/0110/ffe7cde43914403e82073a8aa09469f2.jpg,110,90,110,1,0
train/0111/15ff36e6bb5141a7b286b23533ae37a4.jpg,111,468,468,0,0
train/0111/2655e5e2803d4c42ac1bc3119eda913d.jpg,111,195,195,0,0
train/0111/2a363c7d7d9f44429302124b88494d17.jpg,111,195,195,0,0
train/0111/2d0adca8de8a4d149b8e1561f91d354a.jpg,111,79,79,0,0
train/0111/445fe3b20ab74784855d882be733d2be.jpg,111,486,486,0,0
train/0111/66e8ba9ac1a142d08181aed2cd1ceebc.jpg,111,111,231,0,1
train/0111/698db8f7190b418d80bd43f1dc910ecf.jpg,111,666,666,0,0
train/0111/6bd1191eea62474585d8cabd9364745e.jpg,111,716,397,0,0
train/0111/70e80c59796f477fbf5401ca91c0b835.jpg,111,152,350,0,0
train/0111/855534856b1d4276a4d09134065b3c02.jpg,111,286,435,0,0
train/0111/8947ec8c29124599923545a9490074e8.jpg,111,79,421,0,0
train/0111/89f828fd5fc74ef687170fd6bf4f7baa.jpg,111,195,195,0,0
train/0111/8df1822912664f3ebf611f2777b62548.jpg,111,111,94,0,1
train/0111/9e1a32dd3dfa444d971225e213744a96.jpg,111,302,302,0,0
train/0111/b8345a9d824643b0948b2b73dba312f1.jpg,111,135,135,0,0
train/0111/be73def975374f7a959a790a7f09f6e3.jpg,111,258,258,0,0
train/0111/cfff7ebe0d004ff1b584351beceed7fc.jpg,111,79,79,0,0
train/0111/d980404643cb40d198df3e2c08a26855.jpg,111,111,547,0,1
train/0111/dbc503e963ea439ca8759f758366c4dd.jpg,111,716,397,0,0
train/0111/f526418b450d4943bbc931141f34eeb6.jpg,111,666,666,0,0
train/0111/f85257838ae54e4696c87297338b728e.jpg,111,547,547,0,0
train/0111/ffbed35dcbcc46b9bd544e2685a11b37.jpg,111,419,419,0,0
train/0112/0372ffc303c544b7b7e1a2ae46a6dd9f.jpg,112,425,112,1,0
train/0112/12c60e60eaaf4bb6a66adbc47983ce6f.jpg,112,112,112,0,0
train/0112/2efc7e71275340149f3bd24f763b08af.jpg,112,112,112,0,0
train/0112/30c22777cde64a7a9dd3b344b4fad509.jpg,112,67,67,0,0
train/0112/451440f55e464ad9a4f864bed26d9293.jpg,112,295,295,0,0
train/0112/46ef6c0aac3e420db1eddaaa212ae9ed.jpg,112,295,295,0,0
train/0112/5ceffc8160d446c19186a9a1c1b8d639.jpg,112,425,295,0,0
train/0112/5f95c3758f0b4835974aa99abd8738b4.jpg,112,112,112,0,0
train/0112/6d30c08f23fd416a82ada8544af57f4c.jpg,112,745,369,0,0
train/0112/824bb27aa3434d71a7ad2886c496506f.jpg,112,425,261,0,0
train/0112/9b6f6a599e0a484db45ceb052e08cd62.jpg,112,112,112,0,0
train/0112/9bf98ba642cb434589eed4b5c1fb48f4.jpg,112,112,112,0,0
train/0112/a0ec2df35ed04e44a2f948c103fbdada.jpg,112,112,710,0,1
train/0112/a55be88c328d4d87bbc64e99ee0bd0d7.jpg,112,427,427,0,0
train/0112/ac1c59e3c1f549269f14fba59584e065.jpg,112,445,427,0,0
train/0112/c24f8b12ee8d42639f43aa647c2ba874.jpg,112,112,112,0,0
train/0112/d62875f872e744b7b86d5752672cfb59.jpg,112,112,112,0,0
train/0112/e44130d447194f559a8f71fdb6d02a84.jpg,112,709,427,0,0
train/0112/e8ff2473f7c74e079f0736995932a5cf.jpg,112,112,112,0,0
train/0112/eee51a2761644934ae54c15cb670a128.jpg,112,112,650,0,1
train/0112/f08be616e51f45f4847a17dd18316a0b.jpg,112,112,112,0,0
train/0112/f5c8b3d8fcbe4c818cbb12001175cc92.jpg,112,112,112,0,0
train/0112/fe3dfa80aba446908e44d1079a09a03b.jpg,112,112,112,0,0
train/0113/00531ac1f84545d6bbaa708ad1ff9762.jpg,113,113,113,0,0
train/0113/087fd1b7bc9447c2b91a473486b27a23.jpg,113,113,113,0,0
train/0113/089144f9421144b494ad777ac8d4515f.jpg,113,113,113,0,0
train/0113/1178831712bf4bb8bc2c0c9b3579a399.jpg,113,113,113,0,0
train/0113/182f266c30ca45a596710508f163696c.jpg,113,113,109,0,1
train/0113/241cd9644ff341d7a0a8957109db63b7.jpg,113,113,113,0,0
train/0113/26e5219c82904670a3af47ccce1d4e88.jpg,113,113,113,0,0
train/0113/2866a3c987a14c8785a1c3006012a6ac.jpg,113,113,113,0,0
train/0113/45d6045b5556406ab7172e594d0f23fd.jpg,113,113,113,0,0
train/0113/637f6a60bcd045f7a8eafac7b5ab76da.jpg,113,113,113,0,0
train/0113/996a544e29f24b7e97f45b873a871752.jpg,113,113,113,0,0
train/0113/9d2302c1e9c54bfdb2557d3e75aeca53.jpg,113,113,113,0,0
train/0113/a2e6d993c1bd4362a75fb5db4a77bacf.jpg,113,113,113,0,0
train/0113/a7eddfcd98c64b17b876f42f46dbf2b2.jpg,113,113,113,0,0
train/0113/b7de69b61df0464d8b39dd642342e67f.jpg,113,113,113,0,0
train/0113/b9d3d1ecd7cd4e7097a714993edcaf02.jpg,113,113,113,0,0
train/0113/bdbd2700e734453ea0098b2a39d95754.jpg,113,113,109,0,1
train/0113/d394677b4c744e82bca126375166d294.jpg,113,113,113,0,0
train/0114/8491eb06758044d09d3a0e0836e19434.jpg,114,334,334,0,0
train/0114/a2ee6c9704124842a2f3723337d394f5.jpg,114,192,192,0,0
train/0114/b292b42140b445ec99a04a3557fab47c.jpg,114,334,334,0,0
train/0114/ce151cf211fb46fb8975df83ab84822d.jpg,114,192,595,0,0
train/0114/cea5dcf30ecd417cb08d3a30f4bfe534.jpg,114,339,339,0,0
train/0114/e7da5624202e428daff33a2f622e4b91.jpg,114,608,192,0,0
train/0115/040425e5562944bc81df6f8b90c57c3c.jpg,115,115,115,0,0
train/0115/0ae2306c037c4111bf0c4ab0b3a0ebe1.jpg,115,115,115,0,0
train/0115/27f3eae6d7484a03a6060dfa364fd8ed.jpg,115,115,115,0,0
train/0115/2a01343bccd44ee8bc8f905321afbdbe.jpg,115,115,115,0,0
train/0115/2c2c2f20e7d240acadc29b458b897edf.jpg,115,416,129,0,0
train/0115/30342912a5fb4143bc15d0fdbba1bb93.jpg,115,180,445,0,0
train/0115/466404f14c804d6798d1d963e05984bc.jpg,115,466,466,0,0
train/0115/4b4bbd99969549ae975d3b4d6832dde0.jpg,115,115,266,0,1
train/0115/67ee80cc6d04486ab2276f0c44e3d1dd.jpg,115,115,115,0,0
train/0115/70b55e64374f4de78bf53a39f3f0a013.jpg,115,115,115,0,0
train/0115/7ce84fae7d3f48c2bd09239978d8e89a.jpg,115,115,115,0,0
train/0115/836a4f4ea839444fa5e2c1a37e35bf1c.jpg,115,115,115,0,0
train/0115/8522e58608b24eacac2e844eabe414ba.jpg,115,115,115,0,0
train/0115/8adaaf3157bc404cbfb8989193c8d0a0.jpg,115,245,245,0,0
train/0115/b3a31fb679bc4945a126860fbd55c97a.jpg,115,115,115,0,0
train/0115/bc668ff42ecc485c8bf3f8e7abe3ad0f.jpg,115,115,115,0,0
train/0115/ca244ade1c3f4c858dc1a7e6bfc33d95.jpg,115,115,115,0,0
train/0115/e6be0572fb5945268e66cf7de6bb9b86.jpg,115,115,115,0,0
train/0115/f69e4cd8cef4456c81fac6c7a693d193.jpg,115,115,115,0,0
train/0115/fbd48681a1b14c7184bf2ab5078f5367.jpg,115,115,115,0,0
train/0116/0311534aee2a470a8d775950282b3924.jpg,116,25,25,0,0
train/0116/1dc02cfbba864c3480e94fb1d6bf529a.jpg,116,116,562,0,1
train/0116/22cdfed5cc0443228d3a18f8767715ef.jpg,116,116,388,0,1
train/0116/3562051a0d174d05939de15d122f8a32.jpg,116,116,116,0,0
train/0116/3679098ee5d5463ea6de986540138c98.jpg,116,370,370,0,0
train/0116/3fd4f9c0bfb343cba369bf6761565958.jpg,116,116,370,0,1
train/0116/502e23b90c7445c9b1fd18d876cdc54d.jpg,116,202,475,0,0
train/0116/5aa2f1545af44767a692ebdd769dc23a.jpg,116,116,562,0,1
train/0116/5dc1cb30919c4ac98f6609b7fa4d4215.jpg,116,370,136,0,0
train/0116/6d169863820743418ba544b0ac41eb1f.jpg,116,548,540,0,0
train/0116/75905e82be51413eb092946d8ed36afb.jpg,116,247,554,0,0
train/0116/a26d2ab2f2f64c0ea192c84911d4b0b6.jpg,116,166,166,0,0
train/0116/a71d506d42024b75910f4c8bfa9dabb7.jpg,116,116,370,0,1
train/0116/aa4b10a650f84402992bcd8142013f9e.jpg,116,559,559,0,0
train/0116/b41cddd339ba4bdeafebfa31496b45cf.jpg,116,247,136,0,0
train/0116/c291ba278656480aac562bdb039c9f29.jpg,116,116,612,0,1
train/0116/c4589a52d9524d5aade62f8a65c0db0a.jpg,116,517,422,0,0
train/0116/ecec3f8bbae4461289a8a6331dfc4e92.jpg,116,116,591,0,1
train/0116/fe689b9496994b708e6a415c88442f08.jpg,116,622,622,0,0
train/0117/047b8bb7d5b942a4a53b06f2642f786f.jpg,117,117,117,0,0
train/0117/06a19b08490e437cae37f2c806923814.jpg,117,85,85,0,0
train/0117/18b32d20155c4ff1971f93132c58d283.jpg,117,117,117,0,0
train/0117/3ac22bcb75b14a26b5bb583dbcbad5a3.jpg,117,117,85,0,1
train/0117/4e5c78fc7a234235ad36fa0585940cc7.jpg,117,121,321,0,0
train/0117/4f0c2ab499294cbbbeddd52f29321b70.jpg,117,117,117,0,0
train/0117/55f580e594a24e8ca7e0bc447eef1a0e.jpg,117,121,21,0,0
train/0117/5f6940a05dbd42f59f78e33297e8c964.jpg,117,732,732,0,0
train/0117/69da89e4a6e44e75900b2538a1692638.jpg,117,117,117,0,0
train/0117/73bbf1d3342e45af88fdec9aa0e55a63.jpg,117,139,630,0,0
train/0117/8f54d2ade9654ad6a31277f657d2f380.jpg,117,117,321,0,1
train/0117/9c9c796b25994176ba0446ed37a6e516.jpg,117,121,117,1,0
train/0117/9f8bf580533142639e2e682b7a6d1c76.jpg,117,117,117,0,0
train/0117/a8c1c01ba7384a09bc52e2c593b99e26.jpg,117,510,510,0,0
train/0117/ae6bc4ca0c874ffe99a9292d5e99c642.jpg,117,85,85,0,0
train/0117/b4a2ee4698bd4d9b8d3e3fefad7a33bf.jpg,117,117,117,0,0
train/0117/bd655dc9956848a1952306cb2e86b412.jpg,117,353,476,0,0
train/0117/c49bb7fe6fa448598ba009ec64a3dc88.jpg,117,717,538,0,0
train/0117/ca92f1a9e8044b78935e3e622c13a35a.jpg,117,85,85,0,0
train/0117/d20c13e51fe0472180628756c8a2ac9d.jpg,117,117,85,0,1
train/0117/d6615b4ad76444328e5a7b43e4fda523.jpg,117,732,732,0,0
train/0117/e6fcc0b49df74b4393e14eaaa1b01def.jpg,117,732,732,0,0
train/0117/fc4f89f0b3c34ef7bd22bdb34c9531f3.jpg,117,117,117,0,0
train/0118/11ab5d4f8afb4243adbc8c57f1e07acb.jpg,118,203,203,0,0
train/0118/1cc0f19312d640cebc39ccecbeb73d1c.jpg,118,166,166,0,0
train/0118/22ea883fcd7b4b2da66b27f5a8fa20de.jpg,118,203,203,0,0
train/0118/40c1f24b8aea47e3ac6f2c183054150b.jpg,118,203,203,0,0
train/0118/46d0bed7150645e9922c14dcb3641681.jpg,118,203,203,0,0
train/0118/49e36264e11945bba45f527e852e79c8.jpg,118,39,422,0,0
train/0118/4a830be4ce9741da9fb7184f15d41f86.jpg,118,166,166,0,0
train/0118/5caf967264ed41f98daa49369bc23b5e.jpg,118,203,203,0,0
train/0118/62588c8606e645039f82c1d2829f9576.jpg,118,18,388,0,0
train/0118/6a21b5ec6c144189b0c8c9c82c028393.jpg,118,118,553,0,1
train/0118/755655c54e1342b998334252ce679364.jpg,118,203,103,0,0
train/0118/941b3e7fb9e145fa93fd8ee30811179f.jpg,118,203,633,0,0
train/0118/9fa898d2a20f46a1b4d0ee15c632a722.jpg,118,484,484,0,0
train/0118/b229112b78524837b6d22ad92fbd6959.jpg,118,446,446,0,0
train/0118/b3949b4f9ef34f99bdea75c85c954cd8.jpg,118,34,34,0,0
train/0118/f1d60bc1fe22434ba0ab599ad06a470c.jpg,118,203,203,0,0
train/0118/f2651d2b40ff4db982b132b45791c789.jpg,118,203,203,0,0
train/0118/f84f5e77688f4d46a86590d50e5903e3.jpg,118,199,103,0,0
train/0119/04a3b2b53be346f7b32d35cc884cbfd7.jpg,119,119,119,0,0
train/0119/0ae775bc9d824c02b3de39ea150c2d73.jpg,119,119,119,0,0
train/0119/10fb19c51f84499fbbbfb681b8412f20.jpg,119,119,119,0,0
train/0119/1f49b23d127b46f5bc5b681090a52381.jpg,119,119,119,0,0
train/0119/2ea525172ce64343874e9a151a762ce4.jpg,119,119,119,0,0
train/0119/5b920fc3f4e54faf9620e4e6d851dd0e.jpg,119,119,119,0,0
train/0119/74dc21ef9f114a2ebbf4155bbe10115c.jpg,119,119,119,0,0
train/0119/800c3399ee304c5caff8d728eacf49bd.jpg,119,119,119,0,0
train/0119/907fc6b878cd41f18a1850a8bddb3d1d.jpg,119,119,119,0,0
train/0119/b545dea453914b61a777b92ed3f39604.jpg,119,119,119,0,0
train/0119/bbfc876123094c3daf6057300b0566d0.jpg,119,119,119,0,0
train/0119/bc63f67b4a4f4df6b02b907127dc64b2.jpg,119,119,119,0,0
train/0119/c3a8fcdfa5be4ffab0d6181f7fd72d78.jpg,119,119,119,0,0
train/0119/db966fc40e9f48488776a226dff9ec5d.jpg,119,119,119,0,0
train/0119/e21d16523e214423ba427ed80df7169f.jpg,119,119,119,0,0
train/0119/eceed2e8ccc54c4d864d708ed64cbfb6.jpg,119,119,119,0,0
train/0119/f6668f3bb8854d98a5455de4fc74f186.jpg,119,119,119,0,0
train/0120/0edd7def97854d3384f796a74dcf16d7.jpg,120,255,77,0,0
train/0120/128e585a34204fe2ab773753f12de20f.jpg,120,120,120,0,0
train/0120/1cef7917fe9047f1ba3e3cba7d779646.jpg,120,120,120,0,0
train/0120/229f85cc695a4ba0acebdddc213bcb26.jpg,120,120,120,0,0
train/0120/22f86ffc475b4e1281a6a50468f1f4b9.jpg,120,120,35,0,1
train/0120/40ed2d31c3e446fda61235864328a321.jpg,120,650,120,1,0
train/0120/448f7b66398745a3bda0bcaf94e7d1e5.jpg,120,120,120,0,0
train/0120/4748ca940c8041168459b1d0e62110c0.jpg,120,517,553,0,0
train/0120/6159eca520be47539028f30e95c1ae0b.jpg,120,120,120,0,0
train/0120/62ef8134b6524868b9b72970de26c641.jpg,120,120,120,0,0
train/0120/6a68dcb573b64feeb1362df9f072f99a.jpg,120,120,120,0,0
train/0120/778e251f5b6a42269fb61abef96e4ef4.jpg,120,120,615,0,1
train/0120/8d1ef5cd17dd41399ac91311a1b7dac0.jpg,120,120,120,0,0
train/0120/91e37f8f15934da984d2d9b076c314b0.jpg,120,120,120,0,0
train/0120/9593da52fb5547119ff60edf4627d486.jpg,120,120,120,0,0
train/0120/a3c81df83c4f45279ae438bb148f201e.jpg,120,120,120,0,0
train/0120/b286f75ac64742e090232e062c449f60.jpg,120,120,120,0,0
train/0120/ba5630cf8ab1406089d1a4130fc08531.jpg,120,120,120,0,0
train/0120/c7a3a468f23b4ffc90f0b5b3502a7de0.jpg,120,120,120,0,0
train/0120/da2d369883204d7cb80747800cc29728.jpg,120,615,120,1,0
train/0120/e20774091dad48f6b9e27d1a5eaaecc7.jpg,120,120,120,0,0
train/0120/e905ccbd7bc34c59b81f722c1420d5fb.jpg,120,387,387,0,0
train/0120/ea73804dfd224f6095d74082b35b4221.jpg,120,120,120,0,0
train/0120/f9ba93f94b7a4737a018bf3a67457d63.jpg,120,120,120,0,0
train/0121/1e4ac376daab4b668785677843fd25f4.jpg,121,139,376,0,0
train/0121/241689bfac474171aa329fcf024106ca.jpg,121,121,476,0,1
train/0121/2cc8db52db9c40c9935b30db506196cc.jpg,121,139,582,0,0
train/0121/41de463fd2aa416da3dc4a52177f67b6.jpg,121,121,476,0,1
train/0121/47ae66d303524d038e4ae4e7d0474c27.jpg,121,121,121,0,0
train/0121/47b42bfdedc044a896d881148fa977f7.jpg,121,372,117,0,0
train/0121/4b88ca1a9eb4442e8a198b3b393a2887.jpg,121,372,377,0,0
train/0121/5926d3d7ea0e402090b0dec34166305c.jpg,121,139,233,0,0
train/0121/593f1fe1ee254e46b5baad7b90a278dc.jpg,121,139,233,0,0
train/0121/63e7fb18fb434b74aade431071b9ba7d.jpg,121,306,376,0,0
train/0121/73e66f610de04e9bb4b724a458e31824.jpg,121,121,85,0,1
train/0121/98dc91212c4a48d6b844e5cc52aaee9a.jpg,121,121,121,0,0
train/0121/a90ec8c4c17b4ca9a9223c03dd4ad56f.jpg,121,121,121,0,0
train/0121/b6ac797cf8884b968af5104ccf5c1322.jpg,121,675,460,0,0
train/0121/bdddcaffd0fe40a889b620cbe2d7ebba.jpg,121,149,63,0,0
train/0121/d43ae57dca5a4fb6b335732df0fbef63.jpg,121,121,149,0,1
train/0121/ef207212acf146889a5176d030de47b9.jpg,121,121,372,0,1
train/0121/f97f11e6378f43d6bef5b72e7314d41d.jpg,121,121,63,0,1
train/0122/0a3913ac5e4e49a29506124cfd50fe63.jpg,122,122,122,0,0
train/0122/0c51adb205e44c769df542038044caf2.jpg,122,540,540,0,0
train/0122/0db82e6420d048548c87208e90b87cdb.jpg,122,245,245,0,0
train/0122/0fedcd38152248be9592e92e7ddd8bbd.jpg,122,593,122,1,0
train/0122/1fd00b936f434db39d5b5ec0e822c478.jpg,122,122,122,0,0
train/0122/43d7bdc8f3664346acc949e79d961b5c.jpg,122,122,122,0,0
train/0122/4caaea37485b4678bcd190ed7ba2b090.jpg,122,122,122,0,0
train/0122/619f0f8077174634867ccc11f47b3c3a.jpg,122,546,122,1,0
train/0122/6caea674c6ea473288710235fe2ee5ae.jpg,122,676,676,0,0
train/0122/6da2ad8d1546420fbdbc162180e3fe5f.jpg,122,290,290,0,0
train/0122/8863d0ef8b5149609963b10ec5682fc1.jpg,122,122,122,0,0
train/0122/8971b610826747639c50934bf64e3051.jpg,122,548,122,1,0
train/0122/89ef622d2e4f447a9b14ab1448e3a4dc.jpg,122,122,122,0,0
train/0122/8e3a5267c52a4cfd84bc3c016c342b89.jpg,122,599,599,0,0
train/0122/a11b21131a314f9789661e44683e30d6.jpg,122,122,122,0,0
train/0122/a7b2000635c941f69db6af51114b846f.jpg,122,122,122,0,0
train/0122/bf10f7bcc0a24871b17eb9d11dc7231c.jpg,122,499,466,0,0
train/0123/0221a3da5a6e48278d08a1cdceca6fc9.jpg,123,123,123,0,0
train/0123/0b0802d82dbc4b0896e09e4944a15982.jpg,123,123,123,0,0
train/0123/26f11ac70f9d424e8bf726782810060b.jpg,123,123,123,0,0
train/0123/2880655c695b4fa6b28c70af6c5b5171.jpg,123,123,123,0,0
train/0123/29fd15ce3893412e92cc07d4a21eee11.jpg,123,123,123,0,0
train/0123/2aa2becb225b4b698b979dc5e8ed5aa5.jpg,123,123,123,0,0
train/0123/2b43ce7fa375408faa6991e9767c4e1a.jpg,123,123,123,0,0
train/0123/3dbd47c0bb8f4aaf9f5c8685e1d856fa.jpg,123,123,123,0,0
train/0123/5c6d36a4059c412abfe2a0a7b53e01bd.jpg,123,123,123,0,0
train/0123/64573a0aa35e46a285418fb5ad6ae57b.jpg,123,123,123,0,0
train/0123/8ad26a87a36f42ada1bcd00eadf5f1a0.jpg,123,604,604,0,0
train/0123/91269e90dce84faf9f8888b11dff4800.jpg,123,123,123,0,0
train/0123/a5c1c841b7574a94841fca222abe50ac.jpg,123,123,123,0,0
train/0123/cc631a8d6f144a148d34d6f743eacad1.jpg,123,123,123,0,0
train/0123/d1a905404ace4f5893df03bf26d2e325.jpg,123,123,123,0,0
train/0123/e528495edad64e008e0df60752b66bed.jpg,123,286,648,0,0
train/0123/e61d437dbc194f9488b65a847c10f955.jpg,123,123,123,0,0
train/0123/ec79546ce18b42e7bc5695e6f8e8f6d7.jpg,123,123,123,0,0
train/0123/fbb909dc1146420e9c8fb0bd8cf42fc3.jpg,123,123,123,0,0
train/0124/01f5565bc6b945dc8011e299bffc3968.jpg,124,124,124,0,0
train/0124/067d93a6360d43d095c9a4b8fb9016e9.jpg,124,124,124,0,0
train/0124/18eaf41c2d7442219bf06755069fcff7.jpg,124,124,124,0,0
train/0124/1b172427a00d48f9a24fdb9db8ebeb52.jpg,124,124,124,0,0
train/0124/3d767760eb33479cb9789679a701a446.jpg,124,124,124,0,0
train/0124/400fecce42b84ef28abaef965c3476b4.jpg,124,124,124,0,0
train/0124/58bd81ee575b4d03aa30fef7f752e5eb.jpg,124,124,124,0,0
train/0124/5ccff78d74754276bc686af58e1d319a.jpg,124,214,399,0,0
train/0124/67434b00d610447ea483abad01622f4f.jpg,124,124,124,0,0
train/0124/6ba30bc6d1564a28a391d32499bc5fdf.jpg,124,124,124,0,0
train/0124/7020c1166b52451389430926b8db5595.jpg,124,124,124,0,0
train/0124/764cf5169767420ab302329e8edd2124.jpg,124,124,124,0,0
train/0124/7b902de0c92e4801b3406ec38800a082.jpg,124,124,124,0,0
train/0124/8bd140184df04b47a1f7fc85bfbf9f7d.jpg,124,124,124,0,0
train/0124/a99f0e38f7804905aae640783f5a0dff.jpg,124,124,124,0,0
train/0124/b8ecd930aba241bc9de8a07c3d8c7371.jpg,124,124,124,0,0
train/0124/bb150cdaae5343dc97ae3b39b9902566.jpg,124,124,124,0,0
train/0124/c13d19a1d2d94c838c2a9bb4e0ed6471.jpg,124,124,124,0,0
train/0124/cb4bcd8296f84963bc2064b3dece8cc4.jpg,124,124,124,0,0
train/0124/df85e69800b6436c8052a99bdf419ec1.jpg,124,124,124,0,0
train/0124/e2585d9b411144a99d4a931daed7feb1.jpg,124,124,124,0,0
train/0124/f52b2da1e523403c9c4075159175e7d4.jpg,124,124,124,0,0
train/0124/fe9b9988feec41ceba5f71f9b9789eef.jpg,124,124,124,0,0
train/0125/0f05ff9e2a1041b3928e82da3a254002.jpg,125,125,125,0,0
train/0125/130e9920eb4142cd8d5f36f32b0ec045.jpg,125,125,125,0,0
train/0125/13e9396f869e4f7a98f33607139cc3f2.jpg,125,125,125,0,0
train/0125/3cb11af952224032b386b660e3f96a74.jpg,125,125,125,0,0
train/0125/43fd082bc2be481f8aecb7e76ecb151c.jpg,125,125,125,0,0
train/0125/551836730f8d4320a6ae9818b32b4ac4.jpg,125,125,125,0,0
train/0125/5624dc8199474b2cb1ac6cc2aa5286b3.jpg,125,125,125,0,0
train/0125/592108e6816f40a6931dd8203a021aa3.jpg,125,125,125,0,0
train/0125/59c9902f69b54a50ad04e3c1b150b4d2.jpg,125,125,125,0,0
train/0125/5b6fb3566be94fadb57270c948c42afa.jpg,125,125,125,0,0
train/0125/661dd7ec19c44c07a187d8c9b7d47e99.jpg,125,125,125,0,0
train/0125/7c5333f07dd04f33a0d3d12b3d840956.jpg,125,663,97,0,0
train/0125/7e81df3584a941a288851bc8378dce95.jpg,125,125,125,0,0
train/0125/904bbaeece354903a808b2811a1bc2d2.jpg,125,125,125,0,0
train/0125/96e537a5f0c34a228feda66a5e4a6fdd.jpg,125,125,125,0,0
train/0125/bb1a3f4dd38c42f8800d1e6be954456b.jpg,125,125,125,0,0
train/0125/bd87cf35b0c74a38913ce219034712b2.jpg,125,125,125,0,0
train/0125/bed2ae0940714691a0d1d4257d969174.jpg,125,673,206,0,0
train/0125/d29475078eec433d981f61136794951a.jpg,125,125,125,0,0
train/0125/dce940f9b2f74a659be3e1fa81412d13.jpg,125,276,276,0,0
train/0125/e373059b944c4e3bb916b60136bf62c8.jpg,125,125,125,0,0
train/0125/f2bad840ca1746ca9a64713844a56fb7.jpg,125,125,125,0,0
train/0126/0aa6cd2ba87e4dcf82be3ae19e513192.jpg,126,131,131,0,0
train/0126/0dc8983fc94444579d9c0fdbd8ce7584.jpg,126,126,678,0,1
train/0126/20a83b4602d749faa045bbb896908e08.jpg,126,672,672,0,0
train/0126/2d6cc47fa0d548ad85d7bcdc52a88be8.jpg,126,126,565,0,1
train/0126/2d71e73ddace4deaa601e2690e472d02.jpg,126,577,577,0,0
train/0126/359f2c50e2e04745bc59bfc24910c50a.jpg,126,311,38,0,0
train/0126/37807a1ce80f40f78529a47092e73cfa.jpg,126,378,378,0,0
train/0126/3ea872927a104ec8a71ab1cddba0c30d.jpg,126,126,565,0,1
train/0126/49b757d9b4e7470a99b82012b2fc95be.jpg,126,108,306,0,0
train/0126/5627a6eee9364f8283efa6249d9a29eb.jpg,126,217,217,0,0
train/0126/5caf2861badf46af927fe48a6445fbb3.jpg,126,300,526,0,0
train/0126/6ae6bfa5f5154ddb8c58b58b82c08f67.jpg,126,126,126,0,0
train/0126/72c68b80a98a47a38bf7a34260822dc0.jpg,126,94,94,0,0
train/0126/7668d7400a4d4fc698ca1c1eb7089e9d.jpg,126,311,131,0,0
train/0126/79985017853742b19eafcedcb0d422d0.jpg,126,565,565,0,0
train/0126/8a0e6ed093d24e1eb4316507d5ad59c3.jpg,126,126,126,0,0
train/0126/9590b435e83844a982af09c106a2bd8b.jpg,126,432,518,0,0
train/0126/a49cdaf912bf471fa71e3e95975bc493.jpg,126,131,131,0,0
train/0126/a825fd9ec8f441d9b6d27d1429a1b99f.jpg,126,347,347,0,0
train/0126/af3ff93266a544e285402f4f157c0cc5.jpg,126,126,126,0,0
train/0126/cbd97390084e440e895d2a52a0c081ea.jpg,126,99,99,0,0
train/0126/d3502bdf42de479b93a55c6e2db35a42.jpg,126,126,691,0,1
train/0126/d461f5eff41e4ae097bd53b354456c48.jpg,126,577,577,0,0
train/0126/ec78b48917bc460ab7f6925195d2a6e6.jpg,126,280,280,0,0
train/0127/1223f05a4ef8496fbf23e490abfadd94.jpg,127,127,127,0,0
train/0127/2ad46f8523ce4730918813815ec15bd3.jpg,127,478,127,1,0
train/0127/2cbe8cd9a62340b2881ae950f3a6287e.jpg,127,127,127,0,0
train/0127/2dba33195b494506b7ba9fe2f5b594fe.jpg,127,127,58,0,1
train/0127/3d716a3199944fe88b57aa0abe6ab9e0.jpg,127,478,127,1,0
train/0127/453f840599834a95b885ee28b1c004bf.jpg,127,478,127,1,0
train/0127/5b86e89ad0fb40279d6ecdbd3711f0fe.jpg,127,695,206,0,0
train/0127/659ff3792605443994e493deee05a6a8.jpg,127,206,206,0,0
train/0127/796df39753574755a58dfe20270f3fe4.jpg,127,127,127,0,0
train/0127/855085fe84fc4cf9a55211d37f7337f0.jpg,127,141,559,0,0
train/0127/95ceff8894084912b292da46287b8efd.jpg,127,127,127,0,0
train/0127/98c3faa569534c3cbcef33e435edb96e.jpg,127,131,131,0,0
train/0127/a6b8f5cf1bf5497b9c1c89fefe8da678.jpg,127,127,127,0,0
train/0127/a86838f46f864d6693f61c81a3cd90ee.jpg,127,127,127,0,0
train/0127/adae13712dbb49c4853aa362035c4bd9.jpg,127,206,206,0,0
train/0127/b5f66a45c6224de69f0e326213e492bf.jpg,127,478,127,1,0
train/0127/cb1d73af02564dfcb8312bd996765495.jpg,127,127,127,0,0
train/0127/d57e2cc6d5c743358c257b925e26ed65.jpg,127,127,127,0,0
train/0127/d5e77b60c3254b7e91c85fc02e3adfcd.jpg,127,673,673,0,0
train/0127/e1c1e5a0e00a44c3a93d102dddbb64dc.jpg,127,127,127,0,0
train/0127/f116847c48834b17ad90fde8ac10dd1e.jpg,127,127,127,0,0
train/0127/fe02eb8fb1ea454a81f29427e0643ba9.jpg,127,127,127,0,0
train/0127/fefd39c9b5604785adc2216f6cca4886.jpg,127,536,536,0,0
train/0128/043fdc82812e45ccb7b7c4a28a547d08.jpg,128,422,422,0,0
train/0128/0a3a6c4c2e2849c2b375f264b66bf55c.jpg,128,128,422,0,1
train/0128/0c5adcd9bfb346aa88d31b293a15201d.jpg,128,128,128,0,0
train/0128/1b1927db176044b59e49521699d60fa2.jpg,128,128,20,0,1
train/0128/305ac65a812b4c1a8ac8ddf78bff0820.jpg,128,128,20,0,1
train/0128/3e1d0a0992104256b2401b0f7257fa67.jpg,128,128,128,0,0
train/0128/6fcacddec74b476b98c704bf5a2404c5.jpg,128,128,20,0,1
train/0128/7325985577064941892abb4b9ed5859c.jpg,128,128,295,0,1
train/0128/75dc2b40b8b24ff59df4eae584ccecb9.jpg,128,25,25,0,0
train/0128/a25bbd5908644b138ba65364f1495f74.jpg,128,128,20,0,1
train/0128/b6b23da5e5574594949c7e24b53b21fd.jpg,128,128,128,0,0
train/0128/bc71152c9f7f46dfb76a673b45db57ef.jpg,128,20,20,0,0
train/0128/e29c823ec36241299574dc54bd375ee8.jpg,128,84,588,0,0
train/0128/e5ffd2fb3e3f452eab1b677888d4fcb1.jpg,128,516,516,0,0
train/0128/ea143fdf28b14b3da5a724ff63609623.jpg,128,128,128,0,0
train/0128/fbcf00e7aaed40989b8b2ffa2f114a96.jpg,128,128,47,0,1
train/0128/fdf88720d2ea404587d4851984640094.jpg,128,128,128,0,0
train/0129/19607f9d38b64cadac2c08877875d69f.jpg,129,129,129,0,0
train/0129/22600e41c2c744f8a91cf1b28a7f9768.jpg,129,52,52,0,0
train/0129/314a7c3a88b24232a2ea3bcab60b7bd9.jpg,129,129,129,0,0
train/0129/341b715ce1bf4994bf1c0d12c9640705.jpg,129,129,129,0,0
train/0129/3d02179975e6467a82cd5d5dca2aacaf.jpg,129,673,61,0,0
train/0129/51d968aeabda4d7eb859b22b72fbb0ea.jpg,129,129,129,0,0
train/0129/5573e422e6264bbdb105dae2d7c89e43.jpg,129,129,52,0,1
train/0129/5baf82520b054a6ebb8c200fb1af2fb3.jpg,129,129,129,0,0
train/0129/7b8d7384925c4d20bddccb0584f660c1.jpg,129,52,52,0,0
train/0129/7c09f6b29cdd49de8d7022e371e716bf.jpg,129,52,52,0,0
train/0129/88e7732434e7426e9679eeb587a7acb3.jpg,129,129,129,0,0
train/0129/b58a6b3b0e264a098da4269249c66e1a.jpg,129,129,129,0,0
train/0129/e222733840c5438d85d426da1ec8347f.jpg,129,673,546,0,0
train/0129/eb82137441a84bb2a0d598d42b265820.jpg,129,416,458,0,0
train/0129/ec5130324c604bd1adf93fd9512fe384.jpg,129,129,129,0,0
train/0129/ecfc8f50613441e3a8f6252d46de3df5.jpg,129,48,48,0,0
train/0129/f776153e4a034a5d82e8d341735dfc2f.jpg,129,52,52,0,0
train/0130/017719de8d594e818d96487e00ce4b52.jpg,130,500,619,0,0
train/0130/065230d9076d4875b7db0fa932c9b894.jpg,130,218,218,0,0
train/0130/073245cb988445f0a4d3f772fcf5ce11.jpg,130,500,500,0,0
train/0130/0a162176a0ca41829ab2e002645a9fee.jpg,130,130,130,0,0
train/0130/236537c2e7334381886b20aa63d98491.jpg,130,218,218,0,0
train/0130/2570c9aee5434851b031ca5d9822bddb.jpg,130,334,334,0,0
train/0130/57f09a0b32094982b3442e5e1f617400.jpg,130,500,192,0,0
train/0130/8bc8201c48814b38b0f37a2ef0d27d55.jpg,130,500,619,0,0
train/0130/96a8b515aff449a4ae4d2b71dbf59145.jpg,130,619,619,0,0
train/0130/a04739488d8043a3b25095b3d1e84f6d.jpg,130,608,608,0,0
train/0130/a1a11c28717149a6a65526db44235ba9.jpg,130,334,334,0,0
train/0130/b40611a2f64d4da793c0e3b47a990d2b.jpg,130,582,582,0,0
train/0130/b92075e9f45a4093bb586de44d9b646b.jpg,130,218,619,0,0
train/0130/bdfe0dd59af64fceade00a0f05e20908.jpg,130,334,334,0,0
train/0130/c897981d77f04cf7a9bdfa224dab938a.jpg,130,499,608,0,0
train/0130/c8f522b893e84fbb97ce20387490ae5a.jpg,130,334,334,0,0
train/0130/cef577180e4943e68902917972e4990e.jpg,130,564,564,0,0
train/0130/de5c71303144433db604b04b40ffcaa0.jpg,130,334,334,0,0
train/0130/e06d06736f1d47a2b907ebb4c9192ac7.jpg,130,422,422,0,0
train/0130/e53c1648e4294dbf9f62d2f112e70db4.jpg,130,218,564,0,0
train/0130/e902504e678d49a98df5653b837dfac5.jpg,130,6,6,0,0
train/0130/f5386b87b78a45798c6e2634d1b04834.jpg,130,500,582,0,0
train/0130/f7b1f9c3b0f644a8be36cd5714b361fb.jpg,130,334,334,0,0
train/0130/fc2117408a1b4de08166bcc0f57ae316.jpg,130,500,582,0,0
train/0131/0f0daaf6149c44bdb88b6793c8f38154.jpg,131,131,131,0,0
train/0131/0fad812707504750aba93ae5f479f7ab.jpg,131,131,131,0,0
train/0131/22a8197e36f14776bf244287e94faa31.jpg,131,131,131,0,0
train/0131/392262ed5b1445788ca978a77df02e3f.jpg,131,131,131,0,0
train/0131/3ee5388446b24f21ad5e2bc70350dbd0.jpg,131,131,131,0,0
train/0131/417d5ad074304d42ba27622e6fb5c9be.jpg,131,525,525,0,0
train/0131/47e693c2061d4ce99874f71f021d698a.jpg,131,205,707,0,0
train/0131/5df732b9a80441f384eb3d259fe6d481.jpg,131,131,131,0,0
train/0131/634ea52c21c147248aa8743307965119.jpg,131,148,148,0,0
train/0131/86deb1d7b430434a87c3ef9c0b1ebf0a.jpg,131,131,131,0,0
train/0131/87c47df44a874fc187d6e9f200e9c497.jpg,131,131,131,0,0
train/0131/8968f998df9947dbb3eb90bf62d29e1c.jpg,131,131,131,0,0
train/0131/9bb5f138d767448db1bfb04bba722069.jpg,131,206,206,0,0
train/0131/9c9248609ecb4fac918baeb9efda6b05.jpg,131,131,131,0,0
train/0131/a529b911beac43239611835be3939e69.jpg,131,131,131,0,0
train/0131/acbe9912271a458cbd419aeea8732b67.jpg,131,131,131,0,0
train/0131/ae19e50733dc4416a7d4c897703a488d.jpg,131,131,131,0,0
train/0131/c5d6995641514cfc820ae3ecf21a10e8.jpg,131,131,131,0,0
train/0131/cdaed779bca144c59681fa358e7c49de.jpg,131,131,131,0,0
train/0131/d1239fd677bc4a0b9f8ccfe196eb1c4d.jpg,131,131,131,0,0
train/0131/f17e864c018149a28151ba6bc9b8867b.jpg,131,516,516,0,0
train/0131/f2a0a982f66f44598330e2cf64e40b02.jpg,131,131,131,0,0
train/0131/f5f27351d03e4777ba75987442189206.jpg,131,131,131,0,0
train/0131/fe1571034635461f92d593c996cfd025.jpg,131,131,131,0,0
train/0132/13df3bf2826840f8a98df7dfbc14b1a1.jpg,132,132,132,0,0
train/0132/19fa0c3a290248e0a414f4f2b466f6d0.jpg,132,471,695,0,0
train/0132/2a30978bf03a46a8927402bfa141506e.jpg,132,499,499,0,0
train/0132/4b891e2528764e59bb50180bdc37677f.jpg,132,695,695,0,0
train/0132/5ab7f8b6b6754d23997e028b9ed3636a.jpg,132,663,663,0,0
train/0132/5e9866df06cd451188d469b725362ac0.jpg,132,679,679,0,0
train/0132/61221f127ff34954bb3d756585e998f9.jpg,132,132,132,0,0
train/0132/85416292e7014d8ea394b0817ce24e6f.jpg,132,132,132,0,0
train/0132/b6a1e0e1f9e74ff8ba472d470aaf112d.jpg,132,132,101,0,1
train/0132/cb706a97eece49a8a9ea63d2efd10ecc.jpg,132,132,132,0,0
train/0132/cf25257a75c44b59bfb13bb9e3e6dbf3.jpg,132,132,287,0,1
train/0132/d31cfc59dd4f40f4bd8d40757c1df00a.jpg,132,132,565,0,1
train/0132/d87ab72a67194d94b023ad9838d12b08.jpg,132,2,287,0,0
train/0132/e23a77de991f4c9e9b0756c0a9af94b6.jpg,132,679,679,0,0
train/0132/e6d018ded7f7483ba15e50973c159684.jpg,132,663,499,0,0
train/0132/ed6df7b4cae54253b6eafce46d2ffe32.jpg,132,132,695,0,1
train/0132/f9ef1677f77642f296346175324861c3.jpg,132,101,206,0,0
train/0133/020bdd4f152247a5a0a0a60d70ce1c73.jpg,133,295,295,0,0
train/0133/13621a41aa2d480c9f94538f398ba694.jpg,133,133,133,0,0
train/0133/178ff614327d45b7a9dfb817fb0dcc48.jpg,133,133,133,0,0
train/0133/186ca95e1e6a445fad63a278b30083c0.jpg,133,133,133,0,0
train/0133/1ffc45e1079243ff83c00203e8b308ce.jpg,133,133,133,0,0
train/0133/2d2303a4a5d640edb4d00b7b73a5e41c.jpg,133,650,369,0,0
train/0133/498072e483f6456e90b090952f2a99ee.jpg,133,133,133,0,0
train/0133/49f070b8a2c54af8a8cf5473e3576dcf.jpg,133,133,133,0,0
train/0133/5f2e7b754cc84c3ba231ada268f408f7.jpg,133,133,133,0,0
train/0133/6833937259544ccc8754ba6ee3fcd30b.jpg,133,133,133,0,0
train/0133/7462db26bdf44f41aa435d28db0b1e9c.jpg,133,133,133,0,0
train/0133/7dc3129c6b0a459cb888b05ed665e275.jpg,133,133,133,0,0
train/0133/820f845825814ae49f266e0c851fc279.jpg,133,133,133,0,0
train/0133/82f438ef005a45cc8d3a58877389d67f.jpg,133,133,133,0,0
train/0133/881554b8db494b51aae7e66169e1b2b8.jpg,133,133,133,0,0
train/0133/93386ba1e55c47aba469fff2e18b75c8.jpg,133,133,133,0,0
train/0133/9815c5c3efa34903adb6c6c2ba906b4e.jpg,133,133,133,0,0
train/0133/997233e73da643119fbe43982cf0e0e4.jpg,133,560,560,0,0
train/0133/bcfd75713be84bccabb3d629b46ace68.jpg,133,133,133,0,0
train/0133/d166e2f178084cb082ee041d030b4d66.jpg,133,133,133,0,0
train/0133/e29f6daae2cb469f91e0906a2902482d.jpg,133,133,133,0,0
train/0133/e4f9a01e60434d8abb9a773a6dc4d1db.jpg,133,133,133,0,0
train/0133/f0bf1029e8df41508c003ce7b66079f8.jpg,133,133,133,0,0
train/0133/f655aa4106d941e9ad4e254b4a190c88.jpg,133,295,295,0,0
train/0134/020febfa72a34710a6916ebb7adf3af7.jpg,134,742,742,0,0
train/0134/0c09c193db9940b8a853c6b0e38ccab1.jpg,134,722,722,0,0
train/0134/3caef718521b4a98a0241d22ab863f02.jpg,134,69,69,0,0
train/0134/461019d22fa24595960d23150ab57f98.jpg,134,181,501,0,0
train/0134/59ce2c2e1bfb4779b2f1e9102ce443b9.jpg,134,300,49,0,0
train/0134/6372bf1f7d7d48b2bfb12dd39f3946af.jpg,134,226,348,0,0
train/0134/64174a685cf5485495319f6eb04df2a9.jpg,134,259,259,0,0
train/0134/6532a9408c4f457a82598393893d7a65.jpg,134,134,134,0,0
train/0134/6c7f1416275847769323712711c110a9.jpg,134,134,134,0,0
train/0134/6da9fb3b888244ad8857e352517e8f08.jpg,134,134,134,0,0
train/0134/804e3fb875454886be0298b72ea84c76.jpg,134,546,61,0,0
train/0134/9244398af43d41a98ba32e1055103188.jpg,134,362,362,0,0
train/0134/acfb0a96e7e7465da9ed515e3d27b7ff.jpg,134,338,338,0,0
train/0134/cb86231e98f346d5a46919bc0a72a58d.jpg,134,134,134,0,0
train/0134/d2be2f63d713493487591aea345e24c2.jpg,134,365,365,0,0
train/0134/d51a26a31c9341519d5fc6d3938e0537.jpg,134,300,300,0,0
train/0134/d76ef1219b1f4bddbd11b946c4b2756f.jpg,134,36,36,0,0
train/0134/e096d01a030041acbfdf9d77336ad737.jpg,134,365,230,0,0
train/0134/f2dfc5b92366457395952b5dff0c0db7.jpg,134,501,501,0,0
train/0135/12b62f6ec83b449eaf0b3471c322a66d.jpg,135,135,135,0,0
train/0135/1828ba77c26f4d87b7db387093151be1.jpg,135,135,135,0,0
train/0135/1bf11600905442859f05d2b8735cb394.jpg,135,746,390,0,0
train/0135/24d3069755bc4c3c9dac312a76beb5f4.jpg,135,351,507,0,0
train/0135/25817ee630fc4f13ab46fc7b3cd34b24.jpg,135,135,135,0,0
train/0135/27fe4acd979e4a188e7b476a447434c7.jpg,135,135,135,0,0
train/0135/2e4dceab2de34ed09c6ae6354bdcef38.jpg,135,135,94,0,1
train/0135/4c7748d1308641d987ccebb5efd1104d.jpg,135,724,468,0,0
train/0135/4cb63df1baf748a79af5f9cc304098b8.jpg,135,94,94,0,0
train/0135/4f05736db9134256990485129f4b2b8a.jpg,135,135,135,0,0
train/0135/5799e8c7f3394d1ab8cf6cb8af32901f.jpg,135,286,286,0,0
train/0135/611f9714db48439e9f81411ea829cc75.jpg,135,135,135,0,0
train/0135/7009384d39c94d02aaeb5666ffeb6aef.jpg,135,724,135,1,0
train/0135/9f70871da7ef4efea9ece9711bbab6e1.jpg,135,135,135,0,0
train/0135/a43887eb5c4d4359ae90473e0a77a344.jpg,135,135,135,0,0
train/0135/abe76af34e5944448f02aaa8b76c6918.jpg,135,135,390,0,1
train/0135/d28bfb4d232d4d2b9e58f58d1e5bc536.jpg,135,712,137,0,0
train/0135/e20f8abdd6ca40c3a61449ee2e2d05c7.jpg,135,135,135,0,0
train/0135/e73d49eca6a545faa43dad6ea4ef6d29.jpg,135,712,716,0,0
train/0135/e8fa64c3e2644ab3850cb8a0f10fcfca.jpg,135,135,94,0,1
train/0136/017d8dbec64e43ce84779299bc8b1064.jpg,136,25,422,0,0
train/0136/131300cfcfb44d8b91589fc6bd25104d.jpg,136,136,136,0,0
train/0136/393adaac15ec4f77915b5f7d8cb16f34.jpg,136,136,136,0,0
train/0136/59daa61708dc40dc8eb195d4c50d16e2.jpg,136,136,136,0,0
train/0136/60576cf7c4e24d598ccb0410afd78393.jpg,136,136,136,0,0
train/0136/68384b3c27d4464bbe6c0476104d5bf2.jpg,136,136,136,0,0
train/0136/75a1b39a15bc47eb9d3cb415e1597298.jpg,136,77,77,0,0
train/0136/7999df3e40b74b858be9952ad5f81559.jpg,136,422,136,1,0
train/0136/990bb9c0586f437faeebf90d3aa9268d.jpg,136,136,136,0,0
train/0136/a441d92e356d4051a6f56ceefba0e459.jpg,136,409,409,0,0
train/0136/a4b8808db4d44c32bf2c14a0d9530a4f.jpg,136,47,47,0,0
train/0136/a9e75d55fee14e80ad49de82db7f611f.jpg,136,247,554,0,0
train/0136/ac15a5bf2df24dc9925f3f1d5e09cd42.jpg,136,136,136,0,0
train/0136/bc287b841f704067a401d7cf622d3f3a.jpg,136,136,136,0,0
train/0136/c369bd5a7fd742a8b671e37c215f468c.jpg,136,136,136,0,0
train/0136/c62d5c47bdc046aa9fc5af5fb6c1254c.jpg,136,588,578,0,0
train/0136/c827b44f15334097906a0161173633ec.jpg,136,136,136,0,0
train/0136/d0a66728bd10431f8b39618367764156.jpg,136,136,136,0,0
train/0136/d2969bbd8c3f45dfa0f568480bd417c1.jpg,136,136,136,0,0
train/0136/e2505d26eb7c476889efea74c0cdca5a.jpg,136,136,136,0,0
train/0136/f1ae3dcf9bc8462e9d54e472d8d33f13.jpg,136,136,136,0,0
train/0136/f4d2df56a4034c469df4fda3b09ecd80.jpg,136,136,136,0,0
train/0136/f58f48a6d0eb40c0b33bb9cc559bc7bb.jpg,136,136,136,0,0
train/0137/01adf639a06b4f4da49623d1538a0931.jpg,137,137,137,0,0
train/0137/0bbe83b5ba284be58da3ea08e956f122.jpg,137,137,137,0,0
train/0137/30a5602cdc754318991bedc05463ac7d.jpg,137,137,137,0,0
train/0137/33dcfc272a984c7d8c8c4bffa967d38d.jpg,137,710,710,0,0
train/0137/524a43c49d1744f3870ff082dbc04e28.jpg,137,137,137,0,0
train/0137/542a16dd171443a18799cdaaf62a38a5.jpg,137,496,137,1,0
train/0137/63e5c2c87d2844eab5b4a73666ace490.jpg,137,137,137,0,0
train/0137/7625985618d24182b3912c23262ec5c5.jpg,137,137,137,0,0
train/0137/8421193c82464d0a8354d95cf3075a0f.jpg,137,137,137,0,0
train/0137/8c43b0ee582c44319866f261fd659d2b.jpg,137,137,137,0,0
train/0137/9c07d478426247bfa4aac2a7a0d9348c.jpg,137,137,137,0,0
train/0137/b2ab435096334b2295712c549663df21.jpg,137,137,137,0,0
train/0137/b870ae0007d142e8a2e9f695af24f5f2.jpg,137,137,137,0,0
train/0137/c04ce3bdd9eb490ca6e9c6ea62f1f650.jpg,137,137,137,0,0
train/0137/e5065614a50b4f978acef9436f636bc6.jpg,137,137,137,0,0
train/0137/f559a9b9b7744fec8450819dbe69b717.jpg,137,137,137,0,0
train/0138/02850ae3dd7e47b88461a38eeb47ec79.jpg,138,138,138,0,0
train/0138/2a417bbcb10847bd9d4bd3627c54187f.jpg,138,138,138,0,0
train/0138/358ecc9f0b904feb9bdb93cc3927f6a7.jpg,138,138,153,0,1
train/0138/4757b155183f4bb7a740c9548103f6ce.jpg,138,363,153,0,0
train/0138/54bca943619040deabefded9724ec944.jpg,138,363,363,0,0
train/0138/82268353831b4d68849b1d93f7483294.jpg,138,138,153,0,1
train/0138/844b3548e3334c5a96537c29605c306f.jpg,138,363,153,0,0
train/0138/909cdcde55f7486fb1ef0f4940efc0bb.jpg,138,363,363,0,0
train/0138/94b0195d99dd452aad4c78e7c69e682d.jpg,138,138,138,0,0
train/0138/a136c4bc40e14abdb62616a55462520d.jpg,138,439,439,0,0
train/0138/a4a53f6ff6874a8e93bfa33f50b5db10.jpg,138,447,447,0,0
train/0138/af86e70e8372424eb9a9987588a37144.jpg,138,138,138,0,0
train/0138/c2a50fafc158442a97a1fdf7a8ca6a50.jpg,138,153,153,0,0
train/0138/cd062b1e51064d0e854e5e1b280fcb4c.jpg,138,138,153,0,1
train/0138/d2eaa82400e44e3bb007cb2d66a46ca6.jpg,138,138,448,0,1
train/0138/d942df2fc27b473580173204024e39c8.jpg,138,138,138,0,0
train/0138/e3796c5aa2464f4e9c5b231979047c6d.jpg,138,138,138,0,0
train/0138/f07cc9ab8de1494aba6c4662e35c6a70.jpg,138,138,138,0,0
train/0139/01500173ac154ddeafead1449213824c.jpg,139,694,694,0,0
train/0139/0377222622be4cce8e4887d42f8ade38.jpg,139,694,694,0,0
train/0139/0e86b24e04e140c7b21586fbc5d29a19.jpg,139,172,476,0,0
train/0139/24dc1d0372a24006be74dbff22746de2.jpg,139,139,139,0,0
train/0139/2592b02aa4cf4f858910f479e03bf737.jpg,139,6,6,0,0
train/0139/31aa8c6db83047b182fbc85fcc303dd8.jpg,139,139,434,0,1
train/0139/3ed402da2f464bce89b5e17041c2c03a.jpg,139,149,476,0,0
train/0139/4bd1928c3f4c45aba31f9f2ae6dbdcdd.jpg,139,476,476,0,0
train/0139/5221de0ea6f34ae8a289f7cf29db6cc0.jpg,139,171,21,0,0
train/0139/565ba3cace9b480fab95f59f50792fdf.jpg,139,103,103,0,0
train/0139/6eadd04da01b4d54894c86acaa219502.jpg,139,139,139,0,0
train/0139/6f47ef564bd34701b5edb4d56a8d91fb.jpg,139,139,95,0,1
train/0139/71c3ee816da347f4981fc87aac50b3f6.jpg,139,171,21,0,0
train/0139/882fd3126b81408cb0ba3e582f19a120.jpg,139,139,434,0,1
train/0139/89ce93d7e5ef432f98fded1263605027.jpg,139,675,706,0,0
train/0139/8e6c4b8841a842e9a1c8726f81603ec3.jpg,139,171,171,0,0
train/0139/a459a7562d3c4da58b107d6117c6134d.jpg,139,139,36,0,1
train/0139/bf075b370e0f468698e34060078ca839.jpg,139,139,683,0,1
train/0139/dd1d84fd67fa4b87bae4c25a1b670857.jpg,139,450,36,0,0
train/0139/e7df91bef5104f74be63c53f46ef6b11.jpg,139,476,476,0,0
train/0139/ebd561ddf0c64a30a5862b68df2b27a5.jpg,139,278,219,0,0
train/0139/fe4f983ece614979bf5bc4fd38788f4f.jpg,139,139,139,0,0
train/0140/026387d980734ce389538689f2f6c6df.jpg,140,614,614,0,0
train/0140/0cd02af02a7443a692564eec18872b38.jpg,140,583,583,0,0
train/0140/10da4181720a442aa685b92c997f64bf.jpg,140,614,614,0,0
train/0140/1dd26799095443fbb75faaa4347a0007.jpg,140,614,542,0,0
train/0140/2124bc2bf2734c1b83d1f9c83a5c1ee5.jpg,140,675,742,0,0
train/0140/2a6c3dd451bf43f1ad63de88c7bdde07.jpg,140,725,725,0,0
train/0140/2d4efe6c2f534eba8cfb094923a19812.jpg,140,508,508,0,0
train/0140/3ec0ad82a08e40e4a1225996d028fcc0.jpg,140,493,493,0,0
train/0140/4d0d1c46bdd74cad81c4a2cf10b283c8.jpg,140,614,614,0,0
train/0140/6f5178aeae3b4fe593b17311505f4599.jpg,140,493,525,0,0
train/0140/72204f62dd7c4ea68056a7c57091c9d6.jpg,140,531,451,0,0
train/0140/869da52987dc48f09fde7ef6eca1e791.jpg,140,675,675,0,0
train/0140/894cc8d71db8435f8ac9ed11e0893842.jpg,140,140,508,0,1
train/0140/8a64ebd8f8354f9b9de04201e631a774.jpg,140,614,614,0,0
train/0140/98197229ef3a4aefbafce1df49295975.jpg,140,508,508,0,0
train/0140/98662003a22e404cb8b7a0748ca14940.jpg,140,614,614,0,0
train/0140/a0f074bb81a144fc91bc9b74d77fc2b8.jpg,140,614,614,0,0
train/0140/bbc6096f94d24017b1e54256982f2cad.jpg,140,140,614,0,1
train/0140/d7e47fddaf00427a8a6e81871562e778.jpg,140,614,614,0,0
train/0140/dbe4b5e92e2f46eab04d5c9d1befa879.jpg,140,306,306,0,0
train/0140/f301061e523c4c38aa29e28d07f78f3c.jpg,140,140,614,0,1
train/0140/f975919cffe8428e872888e792510485.jpg,140,140,614,0,1
train/0140/fc390b7eff21437599e757836706838b.jpg,140,614,614,0,0
train/0141/00e72b4ab37c49b4b7c148105f0f33ad.jpg,141,27,27,0,0
train/0141/075abdd9c3bc47038735012efd60e126.jpg,141,147,147,0,0
train/0141/0b56fe1c70bb4f2780a5620a8ccea26d.jpg,141,714,241,0,0
train/0141/11f118e856ff47efb458cb9f99c8fb9e.jpg,141,522,587,0,0
train/0141/1f3ffe898ab64f1c9d9fb2d8ee2b51d2.jpg,141,681,331,0,0
train/0141/2132ce3850bb447c923599de9d39c01d.jpg,141,141,249,0,1
train/0141/41dbbd4db5964992b5667b700620805f.jpg,141,123,123,0,0
train/0141/4444e46f3411470dbfe6c159e3a1c395.jpg,141,600,600,0,0
train/0141/7347348c686a449c92487dc4006b8e1f.jpg,141,706,706,0,0
train/0141/7fc34664c33247a0a075bcf38ad366d9.jpg,141,246,602,0,0
train/0141/819b179baa4444dfbd638c6a9d36b42a.jpg,141,645,645,0,0
train/0141/909446da44c14ea286ff06e07af1a0e8.jpg,141,345,165,0,0
train/0141/95619d9b2cd84b5bafbc0b6b241c528a.jpg,141,749,249,0,0
train/0141/a4ac9a8a2e7d4887949dec7bfe1ff960.jpg,141,97,97,0,0
train/0141/a73fde5258cd4914a87b019ef0f53f59.jpg,141,112,112,0,0
train/0141/ba0c095f933942ed8eca82a119c2bd32.jpg,141,531,531,0,0
train/0141/d3818f7f1cf44dc5a4c25cd5089bc54e.jpg,141,706,706,0,0
train/0141/d6b69dc7def04b5fb8e217a643a8582a.jpg,141,350,350,0,0
train/0141/f0a6308f35e849dfbb204cc949af168c.jpg,141,320,320,0,0
train/0142/04f2a21aeaac4ca5ad6bc231c75205cb.jpg,142,142,24,0,1
train/0142/0778bc81735d4c969e6ce4be305225ef.jpg,142,24,24,0,0
train/0142/0a434938a6cb451aa32488eb9e5af939.jpg,142,452,452,0,0
train/0142/23482c23e5354a0baa5f0d1ca834e5ba.jpg,142,362,362,0,0
train/0142/377e9e24a89d4c21a51e0f69156f2234.jpg,142,142,142,0,0
train/0142/39527383d60e44d299d7efabecc0769d.jpg,142,24,24,0,0
train/0142/3ecb7c4f4e9346b1b4c4c3dc04626a9c.jpg,142,142,142,0,0
train/0142/416cf76545f2433784455f2b37bc189e.jpg,142,24,24,0,0
train/0142/5744d81d91504806adf46d14d8233896.jpg,142,142,266,0,1
train/0142/5ad1831ba44f41f79c6a9596f7ab3b37.jpg,142,483,518,0,0
train/0142/5c6c813df1704e5987af37580df07fc6.jpg,142,186,465,0,0
train/0142/5ec2f776753240f8a115a5db6615831d.jpg,142,570,570,0,0
train/0142/6add67f6bcf744f19abcb46c5401f520.jpg,142,24,24,0,0
train/0142/6b7a24aee56e47abbc0837c6198b5ec7.jpg,142,331,28,0,0
train/0142/747df1258b7440ea87732529f88605c3.jpg,142,142,142,0,0
train/0142/764fe4b60b434d378551271e99f416a3.jpg,142,142,142,0,0
train/0142/9464637c86a748919a0f2503c95adb50.jpg,142,142,142,0,0
train/0142/9ee7b735556c4ff8860b5add87c682eb.jpg,142,142,24,0,1
train/0142/b0f64c71b1bf4f32a4df2a31280f3b7d.jpg,142,24,24,0,0
train/0142/bdec67147529429ea83872ea05a492e0.jpg,142,142,142,0,0
train/0142/e0f4897696b64262b8fde1f7c0fbc699.jpg,142,362,362,0,0
train/0142/e5be3f66f6f042ecb2f3a7d348b6983d.jpg,142,275,570,0,0
train/0142/e871849f774947af8258853f254ce182.jpg,142,497,497,0,0
train/0142/f5860ac3434e40b99ab3fb1abf6fed50.jpg,142,142,142,0,0
train/0143/042a99ebd9e84e5cb84da414cd753a59.jpg,143,143,143,0,0
train/0143/0b1ea4b1523641cf8f70540fa093c9cc.jpg,143,143,143,0,0
train/0143/1756c83baa6c4ac29a0d24776d75a0db.jpg,143,143,620,0,1
train/0143/19d536de89bd4e0ab0c406392f4248bc.jpg,143,143,143,0,0
train/0143/2206b2b47f5540108cbbc61e2e19aa50.jpg,143,677,452,0,0
train/0143/4b94eec64db047e2a094d180192dea2f.jpg,143,565,565,0,0
train/0143/4c16a67a3f304193ab1b6d4c7c921dee.jpg,143,620,620,0,0
train/0143/4f0ade6a905b45549352184d9a3ce730.jpg,143,143,143,0,0
train/0143/8c7c512c8bd2424dbe9cc37b92f52965.jpg,143,369,327,0,0
train/0143/8ccda4abd5e245c7bfe9c7ee5d959268.jpg,143,217,143,1,0
train/0143/9ef09044df5a498ea7e263077c919667.jpg,143,143,143,0,0
train/0143/a929317b9dc5419a8484c195288a0962.jpg,143,524,143,1,0
train/0143/a9be54a26e5143538b4a9a173af49d23.jpg,143,133,369,0,0
train/0143/a9ef4fa62fd64e588656312148ea02f8.jpg,143,143,143,0,0
train/0143/bd6edbe515b74bc39048cd99d3c061b6.jpg,143,369,369,0,0
train/0143/c2d4ba46bf624c7cb0ff41514c1c5f68.jpg,143,143,143,0,0
train/0143/cc676022a5a84c0b87e6869685df4eea.jpg,143,143,143,0,0
train/0143/e22f24f418f74a54bc80f0317cffc70b.jpg,143,565,565,0,0
train/0143/f20815fd73984ed28830f7635e31103c.jpg,143,143,143,0,0
train/0143/fbb0eedb8f4f4585b6a9ff08996b4cbc.jpg,143,143,143,0,0
train/0144/07b0b60dca51461fb7e39bc15e2dfd59.jpg,144,304,629,0,0
train/0144/1b3f3de95ba049b9ac33462d26f9ba99.jpg,144,144,239,0,1
train/0144/2e030d386e824c5cb3a3eb07c58a6834.jpg,144,144,21,0,1
train/0144/49de444870f44b4e80b56ad6b7dfd9d7.jpg,144,604,476,0,0
train/0144/5cd7343cd5104a9e8e3544ab169f3cc4.jpg,144,386,239,0,0
train/0144/5f6ff9292e9246c2bf3e3d2adc6ffc40.jpg,144,172,340,0,0
train/0144/6514b319bbf54a969b42b4b4d978d828.jpg,144,604,353,0,0
train/0144/83b2f211ac9640b6a61d36a0bfad99cb.jpg,144,21,21,0,0
train/0144/8ec69af3ce8b40b18c93572dd1d83a98.jpg,144,21,582,0,0
train/0144/9ff18d1b2b6b49c49fca7916632e4000.jpg,144,629,629,0,0
train/0144/a8a36f0df0224d1cb5e6bb045ac982fc.jpg,144,642,239,0,0
train/0144/b855078b610b4739b61cdb76c53138e9.jpg,144,480,10,0,0
train/0144/b8ae3cc703fe4bfd8511ca7aac360815.jpg,144,144,601,0,1
train/0144/e25c5867229d47b0bcb59b3450182ef2.jpg,144,172,340,0,0
train/0144/faf3499ea87f43f3b6de92e998493a2b.jpg,144,21,21,0,0
train/0144/fd6e1add47f4462ba94748472894c6af.jpg,144,172,476,0,0
train/0145/205f908e36b14448beb4cee28de27af5.jpg,145,62,62,0,0
train/0145/5097194d3a3c4fe8a564b95873a0f4fe.jpg,145,259,259,0,0
train/0145/854851d031ae428e89e34122ea1df18b.jpg,145,347,266,0,0
train/0145/85f0931d0ede4b22a77f726dcc355029.jpg,145,266,266,0,0
train/0145/86cd65a5cd424f64bca27ef51f8aba9e.jpg,145,58,58,0,0
train/0145/aa00085472bd4189b5ca379ba4fb1fba.jpg,145,249,680,0,0
train/0145/b39d3029ea02480ea94fb68fd852a873.jpg,145,478,478,0,0
train/0145/bc8d27867eb0459fad76665f8ad861c8.jpg,145,736,736,0,0
train/0145/d244d9fbfd114368aa50d6133352dfb8.jpg,145,97,97,0,0
train/0146/1df021ac27af47c4b0b874dc750a6b43.jpg,146,146,146,0,0
train/0146/1fe26ac5fe544966a9b7f93f86b9d383.jpg,146,146,146,0,0
train/0146/33356f7d3f054be6b2fbef96c45392d9.jpg,146,146,146,0,0
train/0146/4616de9f7a164bd1adc118bd7f5b67c9.jpg,146,146,146,0,0
train/0146/526e8a3f73e8402abd937167d373e6f4.jpg,146,146,146,0,0
train/0146/52739efe263940e08249296d726d1956.jpg,146,146,146,0,0
train/0146/5fe34ca79147410fae2738230a80eb70.jpg,146,152,152,0,0
train/0146/637250fd19dc4d05aebc71b60bc33fdc.jpg,146,146,146,0,0
train/0146/65bf4043cb014d83b420bf0723f843cb.jpg,146,146,146,0,0
train/0146/66f4448bbf6b4ea2a0f5bd335ff64679.jpg,146,146,146,0,0
train/0146/83914bbbae514acab6a07be9f10866f7.jpg,146,146,146,0,0
train/0146/87ee918eb60e4d74b5a534a1f47bdbad.jpg,146,152,350,0,0
train/0146/8ab333678432487c9f853319b969108a.jpg,146,146,146,0,0
train/0146/93f82fda7ec74821a7134fbc31902fa9.jpg,146,146,146,0,0
train/0146/99c19f05340f4f37ab006f3331ae2016.jpg,146,146,146,0,0
train/0146/a09d8d4ed2c348a79f10e15859ddb7bd.jpg,146,146,146,0,0
train/0146/a942b36155134ba2a28cb1831ddf68c8.jpg,146,146,146,0,0
train/0146/b5cc7d5e3a4a4462a287c70065a6215f.jpg,146,146,146,0,0
train/0146/c7720e57879a4f438f3a379cfacdc7bc.jpg,146,146,146,0,0
train/0146/c9118f29da154b11bf625ebaf5ad9d84.jpg,146,146,146,0,0
train/0146/ce2763f83e324f928826548ab1d6daf9.jpg,146,747,98,0,0
train/0146/eba1948f10cb41fb83d28d74cd198ee9.jpg,146,146,146,0,0
train/0147/1cb1c1216ec346b4aa7218a4bd1488dd.jpg,147,71,71,0,0
train/0147/24c9b0abaaa54ad7b29d4997a61bf655.jpg,147,147,147,0,0
train/0147/359669bbd68a47e5a1261174843bd777.jpg,147,105,418,0,0
train/0147/3621d8581c9846c9827acbaf162d5300.jpg,147,147,27,0,1
train/0147/4c374fd2ab294178a0e389f9d2a3b195.jpg,147,147,147,0,0
train/0147/6f1b1e55ddbf496db4b2bc22df58f37f.jpg,147,454,219,0,0
train/0147/7cd2cac6cee6497ca4dd6f1a7f92ba8c.jpg,147,744,744,0,0
train/0147/8bce82c115a5483f9b6dbc1aacfa0f40.jpg,147,147,147,0,0
train/0147/9bddcc379f694329bc8cf5f462466807.jpg,147,147,147,0,0
train/0147/af2bc1886cab4c669f9bf84d46adf6e2.jpg,147,349,349,0,0
train/0147/b58ce227c58747109e53ef3f1ef44468.jpg,147,147,147,0,0
train/0147/bc81f66bb4de4ae69adea420c9bea48e.jpg,147,147,147,0,0
train/0147/c1e42aa509ce4a39a0df88aa0447760f.jpg,147,595,595,0,0
train/0147/c6a6adfa6d7145e29d811331433c302f.jpg,147,147,147,0,0
train/0147/c9266c87bd2748de86b5288ecbe8ffab.jpg,147,177,509,0,0
train/0147/e982aa7e115242cca0f0b7a94267e922.jpg,147,27,27,0,0
train/0147/f5dda3309fed41d7bcc0f7ff99ded796.jpg,147,27,27,0,0
train/0147/f741e32b94e74397bd60717baeeba37f.jpg,147,147,147,0,0
train/0147/ff2221cdc05f4a5cafca1f146d23583d.jpg,147,147,147,0,0
train/0148/043c0f057df34b469a12b5ac6ea9c30f.jpg,148,673,673,0,0
train/0148/1240b608614a464aaa11c49a513ed234.jpg,148,148,148,0,0
train/0148/2bf47b3d7caf411baf8417c109123ce1.jpg,148,228,228,0,0
train/0148/2c99d42925354c58b87ab76ce97aa182.jpg,148,410,360,0,0
train/0148/33ac6792bfde43d6acc1692a35b9b186.jpg,148,228,228,0,0
train/0148/41472b8c4e424183b7a667d7a16f629e.jpg,148,148,148,0,0
train/0148/4e9cfa3cf5aa4d4c9cfcfa4a1fdbfbbe.jpg,148,148,148,0,0
train/0148/5310251ef5c04f338144d7f75525a278.jpg,148,148,148,0,0
train/0148/669127edaaf14dd99fd0001950fe89fa.jpg,148,574,599,0,0
train/0148/67a2fc2d8fee4ceaa30bf0b6e8978a97.jpg,148,266,266,0,0
train/0148/6b1633362e184881a03cba6ffca30ced.jpg,148,148,148,0,0
train/0148/80a9a29808854934be1d05093e52b726.jpg,148,416,503,0,0
train/0148/8365bbc15df7475ebc4e916d205afe0c.jpg,148,157,227,0,0
train/0148/b8082abebfe94aa7afc9cca28cb1289f.jpg,148,148,148,0,0
train/0148/bb0ebcafcf04495898028bcbaf327f53.jpg,148,148,148,0,0
train/0148/c5343dc6eee1429c8363822fc01ceee0.jpg,148,148,148,0,0
train/0148/df3b3d1dbdcd459d9a891ec0b7979ccd.jpg,148,148,148,0,0
train/0149/0a0e3e3dda564c229ef59112179009fb.jpg,149,149,149,0,0
train/0149/0b0d8d53482548aea1648c142059b2f4.jpg,149,431,133,0,0
train/0149/16c108d974954536b03a0038f1e5182a.jpg,149,149,149,0,0
train/0149/1bc8633505054fe1b948461c548a1827.jpg,149,117,117,0,0
train/0149/2048673b300946e2a90baf9c35ff8b34.jpg,149,149,149,0,0
train/0149/21dd64106d4e43d7ba086a7f143b0d44.jpg,149,149,149,0,0
train/0149/22a74e16b8d141b69b2a54bbcf7b31d0.jpg,149,583,725,0,0
train/0149/26eaa652c4954edf966aba60b936c05f.jpg,149,149,149,0,0
train/0149/27d4e80e6e9e452290baad23d8d760a1.jpg,149,233,233,0,0
train/0149/2e19c78476e241a28d2429364e8422c3.jpg,149,569,569,0,0
train/0149/37a2986010664f79b1b8a10e8b485457.jpg,149,121,694,0,0
train/0149/4c596078e6cd4df78279421dc1d17eb1.jpg,149,149,117,0,1
train/0149/6a1d4878d68d45289a08a3db2314bad7.jpg,149,63,63,0,0
train/0149/7ce72d6199c0413daf8f5a054b1a0a9d.jpg,149,149,149,0,0
train/0149/7e81edaf08684c6a99ea4c2c2ff17a00.jpg,149,274,369,0,0
train/0149/80ecce5a6390425ea693025d6f2b8558.jpg,149,149,149,0,0
train/0149/8a2dec400abf436298c820eeaa790187.jpg,149,372,117,0,0
train/0149/952c0ba5b90a4c379e0d6d8982b42a05.jpg,149,63,63,0,0
train/0149/97b56457c8394593b56717a98869ae75.jpg,149,149,476,0,1
train/0149/bd51e545d9fd42688752ff6c26c7468b.jpg,149,149,149,0,0
train/0149/dcee2d4110d945b7912e2772ec73dfd6.jpg,149,149,149,0,0
train/0149/dda4db2371a14cc7a9e840bec2294f31.jpg,149,149,149,0,0
train/0149/e7eb9b7cd373479ab2e30c77960c63b7.jpg,149,149,149,0,0
train/0149/f5c677098a7344d7ae708e93b35179ab.jpg,149,732,732,0,0
train/0150/02be81cc324646ca9ba7e5bc0e9a39ee.jpg,150,150,150,0,0
train/0150/0e5c44b60b4043bebbdf205634424e45.jpg,150,150,150,0,0
train/0150/174bd10348cf4fb28bf5d1dabee28ac3.jpg,150,150,150,0,0
train/0150/1d766acf53e94a6baaa7945e14d22415.jpg,150,150,150,0,0
train/0150/3e15f2b49031404c9c2d57fda08b15ab.jpg,150,150,150,0,0
train/0150/4882e4411f9e4376b8ea9a33b9188197.jpg,150,150,150,0,0
train/0150/5389a1ec0435455e8f1053ec4fd3a7ee.jpg,150,150,150,0,0
train/0150/57ee5aeb90d24f8593585d5e0798631a.jpg,150,150,150,0,0
train/0150/5894956c492e48e0b96de2cb716725e9.jpg,150,150,150,0,0
train/0150/6acfc977dcf54492ab4d4fc47e954623.jpg,150,150,150,0,0
train/0150/7a40b4d3da394d04a5512534e42a2501.jpg,150,150,150,0,0
train/0150/80ef66a5ffd24bdd8040d47a91132654.jpg,150,150,150,0,0
train/0150/89cec59eaf3043a98be3d1e61489a572.jpg,150,150,150,0,0
train/0150/9014261720e046d0955134d26a77fff5.jpg,150,150,150,0,0
train/0150/9ed5a49693284d18b6c2995e74fb64cd.jpg,150,150,150,0,0
train/0150/ab7eaf546a4145f1ab92f69ca1d89ab7.jpg,150,150,150,0,0
train/0150/afb7b8aead164116a9032b74eb864d7c.jpg,150,150,150,0,0
train/0150/bb53b9e150e0432ca5d2e818695e9a3a.jpg,150,150,150,0,0
train/0150/bf9eed0dbf9a4936bdf1f3e54bb9b87d.jpg,150,150,150,0,0
train/0150/ceafc47e37f84e15a08333972b14864c.jpg,150,532,168,0,0
train/0150/d0d8a38d49f14dd9bb11ae13abfb5da5.jpg,150,150,150,0,0
train/0150/ee93555862a341c7ab8a6f5dc664369b.jpg,150,150,150,0,0
train/0151/16c2fdef2a7047679162cbbd4eccc0d8.jpg,151,151,151,0,0
train/0151/1a9fdfcb84e145b4b57397578a4049d0.jpg,151,151,151,0,0
train/0151/36fd7f32bc4e490390fa3581f353c125.jpg,151,123,732,0,0
train/0151/3c54381d4a34495eafed3c3ec508e7f8.jpg,151,151,151,0,0
train/0151/3d9df9ab1fa8423b9444d969762cf835.jpg,151,293,293,0,0
train/0151/4dfe9c3c55f6480e935c9b3bd04c1721.jpg,151,151,151,0,0
train/0151/50277e43d30f4c82aa454cf8461bf0af.jpg,151,335,419,0,0
train/0151/51f85fbb9ab6424e9fbb5f5c1e9e3a87.jpg,151,339,339,0,0
train/0151/5b78550bd1724567b267141bb0b0c56b.jpg,151,151,151,0,0
train/0151/6fec3346ac8b4bbf8e3586f98bc50ff9.jpg,151,293,293,0,0
train/0151/8559de673aed49c7bd5f8f8cf48b215e.jpg,151,218,608,0,0
train/0151/8b6220eb4756430fa8d8f0c14e71b36a.jpg,151,77,77,0,0
train/0151/8c64c1259e554622914703bc531c8e3f.jpg,151,151,151,0,0
train/0151/979cbba7ca69480783a364b7048ff055.jpg,151,151,151,0,0
train/0151/9df99a9981d04eb988c3c3d28c1a1e8e.jpg,151,151,151,0,0
train/0151/b29a6ef950224ce291427c7f3c299533.jpg,151,151,151,0,0
train/0151/bb8ed46ad8a54f5a9a5fbc033e485ac5.jpg,151,151,373,0,1
train/0151/f9686f72b9a14e9888af481c23f9de81.jpg,151,151,151,0,0
train/0151/f98d7b6e4bcf4e72b4c62de0b74ea1ad.jpg,151,335,596,0,0
train/0151/fe09cd6e05fd4666b31aa7ae6fd9d797.jpg,151,151,151,0,0
train/0152/1c2c32fd2449412789c1d501ecb6b4db.jpg,152,210,210,0,0
train/0152/42c1d21dc6e548d8ab2513f0f7f032a1.jpg,152,454,454,0,0
train/0152/442732721c214be8abe555c5018daf25.jpg,152,152,152,0,0
train/0152/50b5026fccea486e87eec687ae95f410.jpg,152,583,358,0,0
train/0152/5edaa8de3ea44d5fac3d534f3220a792.jpg,152,369,369,0,0
train/0152/69ed13dc66c34b47a8e1737e1c86a4b5.jpg,152,210,210,0,0
train/0152/6fe36ed388134379946347b6fb3cfca8.jpg,152,152,152,0,0
train/0152/76eb2279cedd49f3a7993b887563a4f1.jpg,152,4,4,0,0
train/0152/965aed51b7f44932b3796ac1251f2fc0.jpg,152,152,152,0,0
train/0152/a96857aa762e4e67855c25a80eb453d3.jpg,152,210,210,0,0
train/0152/ac47d6632b914b479eb91f05da057818.jpg,152,210,210,0,0
train/0152/b50aa5a77b834371a58f1a9db99487bd.jpg,152,210,210,0,0
train/0152/b6c80d2baf8749949f1a6aad8010aad8.jpg,152,369,369,0,0
train/0152/b9b7addeac904544ab95e23def1b9521.jpg,152,210,210,0,0
train/0152/e9c22c3c1d074986b205c7199adc92c8.jpg,152,112,28,0,0
train/0152/effaa86ae8d940c5a9e1f52c03bf5be7.jpg,152,152,152,0,0
train/0153/2be1298ffaff4c3f9d72854cb7a8c950.jpg,153,153,153,0,0
train/0153/316edd9eae64469386e422f376dda3f3.jpg,153,466,466,0,0
train/0153/32b5140f22fe4409b3bfa4a92d044872.jpg,153,153,153,0,0
train/0153/51b06e8cee4642e08f62ff5e7fdca6f1.jpg,153,153,153,0,0
train/0153/5aa8a53b958f46d1b575cf0d9d8cb4b7.jpg,153,153,153,0,0
train/0153/62509521f23b4a21bdf871ea2bc7e06b.jpg,153,153,153,0,0
train/0153/77f794ec092c412a8e746b2a92ddbbc1.jpg,153,495,153,1,0
train/0153/917b4107a5fc4a8fa2875413640dcd86.jpg,153,363,153,1,0
train/0153/954bf4455ec9454c99a1ef27b3a1c05a.jpg,153,153,153,0,0
train/0153/986a34651bab4670b56f8eca416e8fa5.jpg,153,495,153,1,0
train/0153/ae0e6c060b734b78825e7e11ef922407.jpg,153,153,153,0,0
train/0153/b5f054cf86b34e7b8f0aa39c872eccd7.jpg,153,153,153,0,0
train/0153/beb5031e68c1492f804c4ebb6fd4f734.jpg,153,153,153,0,0
train/0153/c893b0f3945f4f5d898a3e31d93a6fcf.jpg,153,153,153,0,0
train/0153/d8146f9b32a344c89d373c810c2075b2.jpg,153,153,153,0,0
train/0153/ea4a38d5e90d422f8a60fb3f5b4e3191.jpg,153,153,153,0,0
train/0153/eafd934d56fb400aac0e5aac31fe2204.jpg,153,153,153,0,0
train/0153/fa909a5d804947b09418e3c6b4e4ba0e.jpg,153,153,153,0,0
train/0153/fc905f4da47547b7b4eaa66c32b7f9c0.jpg,153,621,153,1,0
train/0154/0bc5e4da737e401da1c64a4c4b431a19.jpg,154,154,154,0,0
train/0154/1514e39442aa4acda6dcc6a8cbb8279b.jpg,154,217,678,0,0
train/0154/156326bf21394f8c90ce728862c7bd73.jpg,154,154,154,0,0
train/0154/298cf7940d784bd0aad4587af692d410.jpg,154,154,154,0,0
train/0154/2fa68a46655242b6ab7b7fb393cc3a92.jpg,154,298,678,0,0
train/0154/3d8071b8125f4182ad15e061159b96b1.jpg,154,154,154,0,0
train/0154/54a7da96c40a4e2db13fedde24b08500.jpg,154,678,678,0,0
train/0154/7425273d49964a8da82dfd7ce4d42386.jpg,154,217,217,0,0
train/0154/bf570c0125f74196abd44b1bae311a0d.jpg,154,154,154,0,0
train/0154/c4d040bc0b864eeba836c82751b44740.jpg,154,154,154,0,0
train/0154/c7f9c0acf25842a38a3eb7d59e4c22af.jpg,154,678,678,0,0
train/0154/d9abf383c1874c9887e03570fec79e61.jpg,154,678,678,0,0
train/0154/dd0c298fdefb4fea91d263f5ebcb924b.jpg,154,154,154,0,0
train/0154/ddd6a798df004d69a1271caa493eeaaa.jpg,154,154,154,0,0
train/0154/ea0298b0a75f4a2d95a580a8ddd331ba.jpg,154,154,154,0,0
train/0154/f7a4a92454b849bab763e2a83a2980f4.jpg,154,154,577,0,1
train/0155/156bfd2ca31547bfaff55ccb97f0c078.jpg,155,58,58,0,0
train/0155/22f2bd92e0e947cc9931d0d85de8dc19.jpg,155,331,331,0,0
train/0155/24ab6b786686429b9773fc1a131e3944.jpg,155,155,155,0,0
train/0155/291f46dcc33b419ca4110412f13d1f1c.jpg,155,127,327,0,0
train/0155/2c6c8186816e4510aefecd78470d31ed.jpg,155,349,349,0,0
train/0155/3fe960dd963749a392010705904b4b9c.jpg,155,349,349,0,0
train/0155/4917df3bb62a4735956646260e2a0e80.jpg,155,592,592,0,0
train/0155/581bbddd6475437b9b66b828a07ad9d3.jpg,155,206,206,0,0
train/0155/5a633e6b900e40c89628cf0105ae582c.jpg,155,206,206,0,0
train/0155/613ae3517f92431fafdf9bc0fd336cda.jpg,155,105,105,0,0
train/0155/6945e40a59d94449b29fd955820ffc50.jpg,155,206,206,0,0
train/0155/7071c23494474b15922282a79a699b67.jpg,155,566,206,0,0
train/0155/7abe2f80bc274aa2b1a025244433ec44.jpg,155,514,201,0,0
train/0155/afe92c2a28be4d2982340feeaae3f250.jpg,155,532,748,0,0
train/0155/b1445126301e4432afb53b325901a893.jpg,155,349,349,0,0
train/0155/bc5f7b8500104e369b1a56825419a5a3.jpg,155,155,155,0,0
train/0155/ca6fb4e2fe0b44d89364e064c7274121.jpg,155,520,520,0,0
train/0155/dce95c5f9c944bf98e4b925180804fe4.jpg,155,236,349,0,0
train/0155/e072913d8e2f44c39f67afef017b45cf.jpg,155,180,180,0,0
train/0155/e0cd63f2c20f47008afc8e4adc84b8a0.jpg,155,155,155,0,0
train/0155/e7f9066f403d4976b8ff8af0f1a6420e.jpg,155,297,398,0,0
train/0155/ee33024e3a4e4650b4509a5e5d622834.jpg,155,349,349,0,0
train/0156/05308676c87b4a7695b24626c14ee5a1.jpg,156,207,156,1,0
train/0156/05d05db1d31642459a3b5f2899a69385.jpg,156,156,156,0,0
train/0156/0c2f45836d28473bb61c743822693475.jpg,156,156,156,0,0
train/0156/1aab9d797a674016a2204199f857e188.jpg,156,156,156,0,0
train/0156/1d28c6056093489d9475e5a02399587d.jpg,156,156,156,0,0
train/0156/2483a3c26ddc4bc1ab94a746ae064c0e.jpg,156,156,156,0,0
train/0156/27701eb693504084885433d75b50b49a.jpg,156,156,156,0,0
train/0156/2938d47793164e1991dce74f2862f98a.jpg,156,156,156,0,0
train/0156/46172025d74a4d1c887da14e38361996.jpg,156,156,156,0,0
train/0156/59a4387095a54562ace7e5f0f7d837e6.jpg,156,156,156,0,0
train/0156/5d9e16b6a5cd4b4d8badf06898519221.jpg,156,156,156,0,0
train/0156/7c74d673fa6441ee902790c095a3626f.jpg,156,156,156,0,0
train/0156/8ab89c9c2c9c4ea18767933a922ddfdc.jpg,156,156,156,0,0
train/0156/8ba5c2d9769e49e4a9c59a94a2b35444.jpg,156,156,156,0,0
train/0156/8c004778f72b4346a9b6187bffd8b63c.jpg,156,156,156,0,0
train/0156/997a7ff92bda42bfb9f3fa44443bbbfd.jpg,156,207,461,0,0
train/0156/9c0285c7f9ff459baefe7cd66dc4c729.jpg,156,156,156,0,0
train/0156/9e0a8b9a586f40d3b5ac5f4da02aba4b.jpg,156,207,207,0,0
train/0156/a529762bc93c4a579a9b75bdabdce86a.jpg,156,156,156,0,0
train/0156/c8e806e2d8614f18bf10ce7f8184ff78.jpg,156,156,156,0,0
train/0156/dec6a5ac850340f7a1a2d3bddc100bfb.jpg,156,156,156,0,0
train/0156/f7325523d7e84c7dad746178504a17cd.jpg,156,207,207,0,0
train/0157/0c3ad2aaaa544cb7a0ca63d67152deb0.jpg,157,157,157,0,0
train/0157/1188e005dcfa46cbb0397b0f79eda79f.jpg,157,157,157,0,0
train/0157/195cc35e747b492f99bfd4de6ce26f6a.jpg,157,157,157,0,0
train/0157/23f28ef6d4ce4d7da59465e054c6eb17.jpg,157,525,525,0,0
train/0157/2eb20a37aa474fa192da780c0db13ac2.jpg,157,101,227,0,0
train/0157/3279983d912841818482c1ec7cdba48f.jpg,157,157,157,0,0
train/0157/34e4ac9b84eb4b6f9c4bffaa77c7c033.jpg,157,157,157,0,0
train/0157/41a5c3f64f164c0c8b597b23805f2274.jpg,157,157,161,0,1
train/0157/4654b197f3d64dc3a2992f953b0138b9.jpg,157,228,157,1,0
train/0157/77760a9c9f1440e9a733ec08142a1ced.jpg,157,203,203,0,0
train/0157/7a358098bfcf4a2cac9c602e521671bd.jpg,157,157,157,0,0
train/0157/7b403fb414d04b9fa088c7e493b3fbd7.jpg,157,331,232,0,0
train/0157/8c19f0777e654ce49b0c5998acd56911.jpg,157,157,157,0,0
train/0157/8d2731ea78504aaf89efbad65e310bc1.jpg,157,157,157,0,0
train/0157/9186b14e39574c5f90168297b6f006b2.jpg,157,466,466,0,0
train/0157/9610d3a4e4504da98fae6434d2aff6c1.jpg,157,157,157,0,0
train/0157/a58e87adc57841b1b376b9c4d5ba2103.jpg,157,157,157,0,0
train/0157/aca7880a5eb24d3ba40e554b495c1414.jpg,157,157,157,0,0
train/0157/b11e308031834c968afc3a467cced96a.jpg,157,681,681,0,0
train/0157/b7c86dc7c7f744559fda71884a4606a4.jpg,157,466,466,0,0
train/0157/bc6a50e59760478ba8566bb0d0e7b7a0.jpg,157,157,157,0,0
train/0157/bf8b4e4902604ec39bf6cb010cc09dfb.jpg,157,483,58,0,0
train/0157/c0282f21ab3f46a48cc718774b2eeb1a.jpg,157,101,546,0,0
train/0157/f19ea4699fdc46b082e4d20fc05704b1.jpg,157,157,157,0,0
train/0158/1063beac35a84e1692a9c20932b502c0.jpg,158,236,236,0,0
train/0158/1d24a37c062a4ee2b040dc18d82a99a6.jpg,158,347,347,0,0
train/0158/2e7be2be749747d09d97cf3331e875f0.jpg,158,158,549,0,1
train/0158/3dbd94578341433c9cb233ace079f2e4.jpg,158,158,158,0,0
train/0158/54754db754134cdd9cb5cbcf05f402c3.jpg,158,158,158,0,0
train/0158/5d1d093671c644d8b498b53e56fc6d8b.jpg,158,158,158,0,0
train/0158/67d7be5e672f458faab3ca58adb508c9.jpg,158,360,201,0,0
train/0158/6b38141018db4c96b972991d22b27f11.jpg,158,206,206,0,0
train/0158/74c5b820180e4183a95ae08e1eacc472.jpg,158,690,197,0,0
train/0158/74ec431a3f6e4507b333860f3f5181ee.jpg,158,316,691,0,0
train/0158/7a3d855a9e7545f190217c9503c539c0.jpg,158,28,28,0,0
train/0158/7e7a94fc517540b88ec4f12cf50f633a.jpg,158,158,158,0,0
train/0158/89b0fe66dddb49ee9322a0640379a79b.jpg,158,717,717,0,0
train/0158/99c1752dd1004505bd2b8c39d1a4f874.jpg,158,411,206,0,0
train/0158/a0079ca934984fd5a54c77dc22bfafa2.jpg,158,158,158,0,0
train/0158/c05e0ef5c3754128855905f1380b5b20.jpg,158,703,703,0,0
train/0158/c384a108a11046bca7195b103c1df3c6.jpg,158,707,707,0,0
train/0158/df86cfb67b3f4aaca2a80a7348505826.jpg,158,105,105,0,0
train/0158/e97b3fd37c8949f0a4ca685eeb970966.jpg,158,650,369,0,0
train/0158/ee67abfb3c9645e597f09ade4d63bde1.jpg,158,158,158,0,0
train/0158/f537876231954e7183db747ebec05f57.jpg,158,158,703,0,1
train/0158/f5bbfaeac2a74aff8818224007241980.jpg,158,158,158,0,0
train/0159/01fdc6aad7094e028613c91a698963d7.jpg,159,159,159,0,0
train/0159/12784374a05d4367bb160919b5fced90.jpg,159,159,159,0,0
train/0159/22907e6799ab4535819b3cb476f248ab.jpg,159,439,159,1,0
train/0159/2fdd31ffee4c4f70b39f5bb1aa7b47f9.jpg,159,654,159,1,0
train/0159/32cbd88a29274a779ffa9bb0326345cf.jpg,159,72,358,0,0
train/0159/50ad2c40cfb14b0fbb26dbce9d006a3e.jpg,159,439,439,0,0
train/0159/536a20c14d224315ad8e0f9207c5227c.jpg,159,250,250,0,0
train/0159/8eaec62e898b40caa109a0b9bba54547.jpg,159,159,159,0,0
train/0159/908f08a79de54e3da96444e8dbc5b048.jpg,159,159,159,0,0
train/0159/9804a3d8fa5e467eb01223ed9376aed4.jpg,159,159,159,0,0
train/0159/a8cc0a3e6aaf4f2084fede73bb901855.jpg,159,439,439,0,0
train/0159/b6e781d7e8dc4e5c9a5f9de97bd4dc54.jpg,159,159,159,0,0
train/0159/bf436e62237647f38ca48a16c9076463.jpg,159,159,159,0,0
train/0159/d41776851921456488b72830a934d11a.jpg,159,439,439,0,0
train/0159/e51aa94487f741189af2d900e1c8913e.jpg,159,654,654,0,0
train/0159/f14ceefe348c4423ab793e035352e45d.jpg,159,159,159,0,0
train/0159/f83087135cd545168bbdb4026f2b3eec.jpg,159,581,159,1,0
train/0159/fd9c23b2fce44dabbf6c76e218a3f26e.jpg,159,159,159,0,0
train/0159/fef62d5c689d4a17b769946c460a03e6.jpg,159,159,159,0,0
train/0160/0889e9cc5cc944fc82f3999ce69db040.jpg,160,160,160,0,0
train/0160/387a78f2bece4f52b4cf3d6c07c97062.jpg,160,160,160,0,0
train/0160/46d8c9463fe24fa692e6d1c622e189e7.jpg,160,664,119,0,0
train/0160/63e445d3355a4569a4d65ed579d0d236.jpg,160,160,160,0,0
train/0160/6496756d4cdb4503969eded3fe8e7ef9.jpg,160,119,119,0,0
train/0160/661455b82c4d425cb127bde12742423f.jpg,160,160,160,0,0
train/0160/689674d6440e45528d4521a170408f0f.jpg,160,119,119,0,0
train/0160/6b3ac8ede5944e9e95bbeda80185c721.jpg,160,160,481,0,1
train/0160/6d2bf6dea7a44e09ba20c1118ee723b9.jpg,160,468,160,1,0
train/0160/77eaf099ef024b5cbd45fe23c86b25a8.jpg,160,160,160,0,0
train/0160/7daf5844c05b43de9032b8d23f45784c.jpg,160,160,160,0,0
train/0160/97a76a40ec92470a8032413b9472bb4d.jpg,160,160,160,0,0
train/0160/9ed853d44d274653ac11653e6459c529.jpg,160,160,160,0,0
train/0160/a79088db772e47c59a5503c0fe62f42a.jpg,160,160,160,0,0
train/0160/a8b4b8ca8132467eb309d88256a36aae.jpg,160,160,160,0,0
train/0160/ba9305f7088a48c48449a6c02fbf7fff.jpg,160,160,160,0,0
train/0160/c4d81b6cbe444196ac1a8682e1ff1e80.jpg,160,160,160,0,0
train/0160/c6c3ea30df994d6e87e70153cca030d4.jpg,160,160,160,0,0
train/0160/c8c430eb55254ae8ad2c82e18ae4fd03.jpg,160,160,160,0,0
train/0160/d0894d232c504b679cbe7eada4f3b134.jpg,160,168,168,0,0
train/0160/d5bf50b0a8df4e72b7828744f1c7a0ce.jpg,160,160,160,0,0
train/0160/d7df16b39bff4711a0768c5f90a0e881.jpg,160,160,160,0,0
train/0160/d8e174a0b19242839861c3a0810ce79b.jpg,160,160,160,0,0
train/0160/ef61747206ee4788b72b1e0ddfc554d3.jpg,160,160,160,0,0
train/0161/026aea45f8064207a2867dbd88e7d4d9.jpg,161,161,161,0,0
train/0161/02acf1b84e674f2f9820a7b7fe72d652.jpg,161,161,161,0,0
train/0161/0d07a134dbe041ea9976dceed51b66df.jpg,161,161,161,0,0
train/0161/184a9a51378b43b99c658b0ac2b95d22.jpg,161,161,161,0,0
train/0161/3270f5a64a86458192717aaa54e37004.jpg,161,161,161,0,0
train/0161/5ea452577a9d4df8a87997d06a30e85d.jpg,161,161,161,0,0
train/0161/7963bd304f76460589471b0d2e78d2b9.jpg,161,161,161,0,0
train/0161/7a3b4a009829414c926212f07b40de7b.jpg,161,363,363,0,0
train/0161/7c98fe46dddb4addb83d99534d9013d0.jpg,161,161,161,0,0
train/0161/7dd6e40557614d6b8999b89a4398cdd9.jpg,161,161,161,0,0
train/0161/8440221dff234e618d0dcb5e592f4a97.jpg,161,161,161,0,0
train/0161/9c3dc07bc6524bd1a33e26ac80fe4af4.jpg,161,161,161,0,0
train/0161/b07d82b84e8b48bcb3539360e5006361.jpg,161,161,161,0,0
train/0161/b3839acf064f49e1abee99c9bfe61174.jpg,161,161,161,0,0
train/0161/b669bddcbc8946fb83e87111743720f3.jpg,161,161,161,0,0
train/0161/bade4f73a035478eb1c0af951160117f.jpg,161,52,52,0,0
train/0161/bc2503b8ff2d49d4ae54b73aa9a62edb.jpg,161,161,161,0,0
train/0161/edc062729c3a4d7987f32fa2208ed828.jpg,161,161,161,0,0
train/0162/06a1e4e26bf949acb9f580d2dc90d4ee.jpg,162,253,253,0,0
train/0162/17ecd9ee4d9b41b0be80928d64085535.jpg,162,162,253,0,1
train/0162/1d879879982e4f3ab8da600951071c2b.jpg,162,45,99,0,0
train/0162/2e03a43129c2421c837dc952ad6d75d8.jpg,162,539,580,0,0
train/0162/2fe0d4035b5b416bb1a59d2719f4d310.jpg,162,243,380,0,0
train/0162/33003c7c29ee405f9982399286250288.jpg,162,162,162,0,0
train/0162/44253d7342e243558467af00e137d4ae.jpg,162,539,234,0,0
train/0162/5f22d0ebbecf4411bc941baf1b8a989b.jpg,162,253,253,0,0
train/0162/6122e5319dbc4baab79dbf6432cb9e53.jpg,162,253,253,0,0
train/0162/69e7d07311434711a86a2b3ef96dd529.jpg,162,162,253,0,1
train/0162/6ef9c1277c3d4fc89775e34ade3eb913.jpg,162,243,253,0,0
train/0162/70a82fe0be924256a7c9de83b7423fa5.jpg,162,253,253,0,0
train/0162/8a32c75a76774ee38f6dffb3ee3eb6c7.jpg,162,253,253,0,0
train/0162/8db9cc3ee8264f4ca945803a342afd2e.jpg,162,253,253,0,0
train/0162/c58c3073c0fd48118ede0040ef04ae8b.jpg,162,329,253,0,0
train/0162/cf303df5737b4e889967bfc539c5cfc9.jpg,162,51,51,0,0
train/0162/cf7c3b6c119440799b0428a9409592e4.jpg,162,162,700,0,1
train/0162/d2c246ef5b1045198251960f91d83aa1.jpg,162,458,458,0,0
train/0162/d70e108e117e4140a46ab462cf2ba3ff.jpg,162,253,253,0,0
train/0162/d927288dc84645679e9f55cda414f6bd.jpg,162,99,7,0,0
train/0162/f0ca89e7d3794b81a98977d61b56009f.jpg,162,43,43,0,0
train/0162/f4526e46c3b64a06b077e6b11ce12123.jpg,162,95,95,0,0
train/0162/fecf58e198c74638a299dca7ab15e525.jpg,162,253,569,0,0
train/0163/09d3a901e92e4add81f1535be134b828.jpg,163,105,105,0,0
train/0163/09f7a09ee40241e3bef70370fef62c38.jpg,163,163,163,0,0
train/0163/167034c60647453b92e69d57ed401c51.jpg,163,658,658,0,0
train/0163/2e4b18997138430d8202d4a045f78d07.jpg,163,105,105,0,0
train/0163/3bc2d698f4a94448bf57ac7a1ec46f1d.jpg,163,163,163,0,0
train/0163/4d073b0082304b56afc22e56bdb030b6.jpg,163,558,520,0,0
train/0163/542e2cdba1314810a34902b6a6d93fcd.jpg,163,105,105,0,0
train/0163/7ec895a7468a4d64bc76c8f7be5d2cc1.jpg,163,163,105,0,1
train/0163/9342b9eae1de412787b7df8e300a269c.jpg,163,163,163,0,0
train/0163/bfd47359a5ae4531905a2d07f43b7f02.jpg,163,414,414,0,0
train/0163/c52604eb87c04c7498c971d7332c4cda.jpg,163,414,549,0,0
train/0163/ce4b146418f54b99910c15f6e2249e24.jpg,163,546,129,0,0
train/0163/dfcf90e222ee49b69f2a4d38c7bc1ffa.jpg,163,658,658,0,0
train/0163/e3a84270da0a43d8a1e827fc376fe2f8.jpg,163,658,105,0,0
train/0163/f6981073f00c4400ad8e37f502c47024.jpg,163,703,703,0,0
train/0164/09f6a64ad1a748e7b35ef858624479c8.jpg,164,164,164,0,0
train/0164/12afda4ac41c47dc90ec272832223f9b.jpg,164,164,164,0,0
train/0164/3420479f8fa8442c947f10b84447ba8c.jpg,164,164,164,0,0
train/0164/3edf527da8c04012b452a8398bf3392e.jpg,164,164,164,0,0
train/0164/44ed9c337ce0457092008899a75274a5.jpg,164,164,164,0,0
train/0164/548613b28e0141328fcfcfb0db785b20.jpg,164,164,164,0,0
train/0164/87694c1521dd47d487ef4cee8651506e.jpg,164,137,137,0,0
train/0164/8b483956ccf5467d80cb72d8e62be6bf.jpg,164,325,325,0,0
train/0164/8e4d01ecfa7444419d080c68cec59837.jpg,164,164,164,0,0
train/0164/8f64a49346b04650b2d1ef289b1b48fd.jpg,164,164,164,0,0
train/0164/902def0f32994ad7a299f61363758aee.jpg,164,164,164,0,0
train/0164/9ad4ae10004e4f72a4bd6c26fa69d7c5.jpg,164,164,164,0,0
train/0164/a6fdd8bfb8e54092a022d135c61699b5.jpg,164,137,137,0,0
train/0164/b281edffcca44265bdcf36bf0247a079.jpg,164,164,164,0,0
train/0164/b5e9f020c6b8427dbc55dfde6db90136.jpg,164,164,164,0,0
train/0164/b76d48d78d864662a65b615bdb510355.jpg,164,164,164,0,0
train/0164/bd00eba08bcb4d6a872be25928e7cb89.jpg,164,10,10,0,0
train/0164/d40d6c880b9a40cdb733871bed1c8e63.jpg,164,164,164,0,0
train/0164/d881732b7e0945b7ab1f4b505b51d89e.jpg,164,164,164,0,0
train/0164/ee740b3f9f684334ac3e8f9c1c987768.jpg,164,164,164,0,0
train/0164/f4c2b452e0084c1dad0deb8f75af1776.jpg,164,164,164,0,0
train/0164/fbe3266432924b52a0a5690dc0282fcc.jpg,164,164,164,0,0
train/0164/fc7bb0966e9447e492954cd05a74f7d1.jpg,164,164,164,0,0
train/0165/0f3ada282f1b4a85b3e1592906cf77cf.jpg,165,165,165,0,0
train/0165/2fd9490552b44432be1fc9a585dadb06.jpg,165,165,165,0,0
train/0165/374289007a5e480093ff3007e4129c7b.jpg,165,165,165,0,0
train/0165/3acb6d931655400fb4e579e515a6005f.jpg,165,165,165,0,0
train/0165/3b563261ff6a4f0d8119031b3dc9940e.jpg,165,165,165,0,0
train/0165/3e22ef89aede446097dfcde6948fe403.jpg,165,165,165,0,0
train/0165/5337a3aa59f54b9c9b0edb89e3d877d7.jpg,165,165,165,0,0
train/0165/5b8bfbf1b0dc4a4ea2e096df629fd7ee.jpg,165,165,165,0,0
train/0165/5c5c074b2a394a7e863fd6c9c783c03d.jpg,165,165,165,0,0
train/0165/6614bb82f26647ba8aa96c60d8f785ef.jpg,165,165,165,0,0
train/0165/8fad8441a17a4b4cbeda67bc7cdb1fd7.jpg,165,165,165,0,0
train/0165/9e39da1d353a4dcbbcae42da0cfdafd3.jpg,165,165,165,0,0
train/0165/9fd07542a40446f087621586e080536c.jpg,165,165,165,0,0
train/0165/b61d80b94140454a867f25738013c51c.jpg,165,165,165,0,0
train/0165/bb6a0cb0d6e54e868e56ba01e6aef08c.jpg,165,165,165,0,0
train/0165/bfcc91f4475c4d9c817be8ef59fe89be.jpg,165,165,165,0,0
train/0165/c1c1e7d07831464384d06d581c7eb2e6.jpg,165,165,165,0,0
train/0165/c78f4d5060544ad4bc7f91402e461ff3.jpg,165,165,165,0,0
train/0165/d37d1381a1f8462d8a5d5393df03e917.jpg,165,165,165,0,0
train/0165/e0acf765a65d43b2b24f1eb9fd73273c.jpg,165,165,165,0,0
train/0165/ea380ed801bd43d59ce0a80a95b1c8ea.jpg,165,165,165,0,0
train/0165/eee9c629073f4820b30956d0f969f163.jpg,165,165,165,0,0
train/0166/1706e689958442dd8a8972509213c84f.jpg,166,631,631,0,0
train/0166/178813233d424d859c07501748fea477.jpg,166,166,262,0,1
train/0166/325ac9a618ec47f18ac33366440516fc.jpg,166,166,166,0,0
train/0166/32cf29fb888c45329281ffc0143338bf.jpg,166,517,588,0,0
train/0166/3ca6466344014480b7cf1f7ab1d821f5.jpg,166,166,166,0,0
train/0166/4c73176712ff45e793b7cf718eb7882f.jpg,166,166,166,0,0
train/0166/72d9647add934ebc952d863d2cbdd827.jpg,166,166,166,0,0
train/0166/75ec2f19902949459b80ea6ec45484a7.jpg,166,295,295,0,0
train/0166/7c6b89d377e1494293364ec22fb9b26c.jpg,166,166,166,0,0
train/0166/7ccf1ee25a084d07a62b03279d0ec47e.jpg,166,104,166,1,0
train/0166/824e00eea70f4705b711e1a37ceb791b.jpg,166,166,166,0,0
train/0166/839d604f1f39458a962330049293b408.jpg,166,262,166,1,0
train/0166/964420c1751843949bc72688e22a0e03.jpg,166,422,422,0,0
train/0166/a71c8ec8429645889a5c1a170a645969.jpg,166,166,166,0,0
train/0166/c205d27d00cf4b5bb2d8b4a6c9419d3d.jpg,166,166,166,0,0
train/0166/c63f535b86fb47e1bdb5d7a590abde17.jpg,166,203,446,0,0
train/0166/d35c4f11ec6b4f94a40c885811f65674.jpg,166,166,166,0,0
train/0166/e3b929003fd34c23a1c9a5f7e765cf9d.jpg,166,20,20,0,0
train/0166/edb4a07b77e849ea94410918fd456120.jpg,166,166,166,0,0
train/0166/ffeae782b15d4ca5943038a7fd40d341.jpg,166,166,166,0,0
train/0167/11a5b63b38a24af29ed99ab02e22cfa7.jpg,167,95,95,0,0
train/0167/1ab758fd6e934b4ab1928085816e1443.jpg,167,74,74,0,0
train/0167/1b2168dab05348d2940de2ed110bad86.jpg,167,532,232,0,0
train/0167/2ac4922558094baaba599fe645fda058.jpg,167,167,167,0,0
train/0167/329ec82c14e7436aabd5d68ca246cc2c.jpg,167,34,167,1,0
train/0167/486973df7c614498af45a5eed8f29768.jpg,167,167,167,0,0
train/0167/590d065064c54e6d8d8064f990d09e78.jpg,167,700,700,0,0
train/0167/5f55896eb3ad4e27b9f1b9861b096de8.jpg,167,167,95,0,1
train/0167/75bd026404a14ca6b24e7af98f753483.jpg,167,714,274,0,0
train/0167/8d1c8b38dcab431a9c66be06689ffb9a.jpg,167,34,34,0,0
train/0167/908cb1e7e7e849bf8160274bf9ec56ee.jpg,167,167,167,0,0
train/0167/90afd633a7be4d429986feb1f84fb220.jpg,167,95,95,0,0
train/0167/96bf0f60acd146da867db6f1352cb1d8.jpg,167,8,95,0,0
train/0167/9a1bb8038f824ca4af312d441e9abe29.jpg,167,167,95,0,1
train/0167/9b0bf71e86f84e5d9c6cf03fa3e12c79.jpg,167,95,95,0,0
train/0167/aea64106c2304d8da34187992afd8bd5.jpg,167,167,167,0,0
train/0167/b15e76ae0c6a41f4a50161d6aa200fdd.jpg,167,100,274,0,0
train/0167/b387660b4da04880bdc1fd4c270c1e96.jpg,167,469,16,0,0
train/0167/bee99364cf744493b489c5708ac28782.jpg,167,8,167,1,0
train/0167/c464404d5a67442192caa9dbca0dd3d1.jpg,167,167,95,0,1
train/0167/ccb59b0a2abf466e873ddfff976985c7.jpg,167,95,95,0,0
train/0167/dfe02577d32e4ad29e74cf2ee0ec2571.jpg,167,167,95,0,1
train/0167/ea0e68eacf9f453a98e9971b523c79c4.jpg,167,95,95,0,0
train/0168/018e5d70374f4a659e9fcb9781533078.jpg,168,288,168,1,0
train/0168/1698ea11a69e48f095f5705f0cc9de3a.jpg,168,194,194,0,0
train/0168/186092739814421faa2d69f7df7643eb.jpg,168,168,168,0,0
train/0168/1a316dc98af247eb899301baccae4397.jpg,168,168,168,0,0
train/0168/2697701b9a8b40fb8066ad02511a2072.jpg,168,168,168,0,0
train/0168/44f70522b455455ca63f900ac32db535.jpg,168,319,378,0,0
train/0168/46d73986a5c24b10835097a78846bcc7.jpg,168,168,168,0,0
train/0168/53bad65d0abd42189c1e9a75213766bb.jpg,168,168,168,0,0
train/0168/613abfae9d4f417d845c397ce1424fca.jpg,168,168,168,0,0
train/0168/6390d453648b45b58e779bdce989f905.jpg,168,168,168,0,0
train/0168/6bdf3da14a954146a8653680e76bc8f5.jpg,168,195,195,0,0
train/0168/772861cf855a4f31875ef9ae73185e08.jpg,168,666,666,0,0
train/0168/8ac74a275c3c41a48a9ab69c5a9b2d55.jpg,168,486,486,0,0
train/0168/908840232f7f4d4c90043f29ee2117d2.jpg,168,102,102,0,0
train/0168/9e018985e46a40e1bdc11238e50a886e.jpg,168,168,168,0,0
train/0168/b9abd2ddc6a64c40b98e256814714346.jpg,168,28,28,0,0
train/0168/bb08e8aea35c48c9b394078de0cadda0.jpg,168,168,168,0,0
train/0168/dbcee234ceef4a90a3c6e92d8f958555.jpg,168,22,22,0,0
train/0168/def4f679d18e4dc39b4746588485b8e2.jpg,168,277,277,0,0
train/0168/dfce1cc3660247208862141d5bfe852d.jpg,168,22,22,0,0
train/0168/edbc60e27626461bb009b98dd5515ef5.jpg,168,168,168,0,0
train/0168/f3a71757a5a040508580dfff42ff97fb.jpg,168,22,22,0,0
train/0168/f5a421b2f5eb4e13bc39644f1455ed84.jpg,168,168,168,0,0
train/0168/fb95cb4067c344cfb4982bb18f57d520.jpg,168,168,168,0,0
train/0169/0d41b52f0129435f80a3e8c4b33080be.jpg,169,169,169,0,0
train/0169/103ca4149b78415a8dd2b15492e7229c.jpg,169,169,169,0,0
train/0169/1bf291257c9646229c9fbac3ab3e25f1.jpg,169,277,277,0,0
train/0169/25513a439605492b9ec4d2abad71476d.jpg,169,169,169,0,0
train/0169/27ba1196590a4360bc524ad1d56b2696.jpg,169,169,169,0,0
train/0169/27ce168f7fee46b7a872659a07d2230a.jpg,169,169,169,0,0
train/0169/361472c0d577482087361939d2ff2efc.jpg,169,169,169,0,0
train/0169/51895efbab91468785ceed72003f25f4.jpg,169,169,169,0,0
train/0169/6242842013c2467f81670a036b810144.jpg,169,169,169,0,0
train/0169/68d5eb17f710473a8a4e3dabae9f3b3f.jpg,169,169,169,0,0
train/0169/7e5618adbda84cd5a0e2fe65ef582061.jpg,169,169,169,0,0
train/0169/835b0ead35a743a88b108e31509bd2f0.jpg,169,169,169,0,0
train/0169/87bb4484b5c44bf2a741742648527321.jpg,169,169,169,0,0
train/0169/91f3bcc8fec54d96bd0741f0b01fb451.jpg,169,169,169,0,0
train/0169/a3fd832c50ac4971b6e98364165955cd.jpg,169,169,169,0,0
train/0169/a7086725408b435b9e29000d8f967538.jpg,169,169,169,0,0
train/0169/be5e46df63574304a81956126a1fad23.jpg,169,169,169,0,0
train/0169/cb9dc475491d42d99e1e4116f9b57e6f.jpg,169,169,169,0,0
train/0169/ce3539632f2949a795bc2a861c521159.jpg,169,169,169,0,0
train/0169/d61d7e6e49cd47bc9b76b981a8c435be.jpg,169,169,169,0,0
train/0169/e724624461704b64886ebbe46cde3d84.jpg,169,169,169,0,0
train/0169/ea73031167d14bca9ece4b79ffd1265c.jpg,169,169,169,0,0
train/0169/f48de9b3e5824a1cb6912f8ecdbd6202.jpg,169,169,169,0,0
train/0170/1dbfae36ea8b4f07a025e97177ddfe35.jpg,170,170,170,0,0
train/0170/2240e31d01a14cff9b7b212c1aa22d47.jpg,170,170,170,0,0
train/0170/2e4bde477073498cbcbfdc6ecc467be3.jpg,170,170,170,0,0
train/0170/2e6db1cb2fc24bbaa14e3f5251420542.jpg,170,33,33,0,0
train/0170/3730106dbacc4c0faf2d4af4229904dd.jpg,170,170,170,0,0
train/0170/479902a3122c466a8a1599f7654d4709.jpg,170,170,170,0,0
train/0170/5acd5ba71a4d49f9b2e4b101f3c62aeb.jpg,170,170,170,0,0
train/0170/74467c24d4b54b339dfa6fac0719ca08.jpg,170,170,170,0,0
train/0170/92c9b822c09e4cf5a08900b4c298baf2.jpg,170,170,170,0,0
train/0170/a684d0bfe5cb4b2e944a97feaa72dfbe.jpg,170,170,170,0,0
train/0170/b2372e9f58ce4efeababdda8ab1a0d29.jpg,170,170,170,0,0
train/0170/c9b58e7444da4e1d8c8ced31f611fddf.jpg,170,468,468,0,0
train/0170/cb97c4d66a9f4dc89244b79559494f29.jpg,170,170,170,0,0
train/0170/d3856ee667154b2caffb58ef10aa3045.jpg,170,170,170,0,0
train/0170/dd6348e3c54246b1b7cdca7c0a7f5471.jpg,170,170,170,0,0
train/0170/df15fdcc2cf04a90a9ea053645ad6079.jpg,170,170,170,0,0
train/0170/e1570bc5b5e1486f8a689dea29e418e8.jpg,170,170,170,0,0
train/0170/f206c49dc813485e882d25e5f20c197e.jpg,170,170,170,0,0
train/0170/fc918771181d4d16a4988f3756097e7a.jpg,170,170,170,0,0
train/0171/01ec76c0b1fe4c5aa0083f1fbb7b6509.jpg,171,21,21,0,0
train/0171/075df14eabbe4e6181da1c451f7cd65b.jpg,171,171,604,0,1
train/0171/24cc87d06c874e1c9cf32e491d39341a.jpg,171,431,10,0,0
train/0171/25a7345bd6a54de994fd2d1af1bbfaff.jpg,171,171,21,0,1
train/0171/2bc45ab4ff734c0ba462620958b821b1.jpg,171,732,732,0,0
train/0171/309ee379b85e4416ab2a44f410e37677.jpg,171,78,732,0,0
train/0171/3225199153d843f9a731e11ef6b7015a.jpg,171,171,309,0,1
train/0171/33413eaec8fd4eec853b27c86fb96853.jpg,171,604,604,0,0
train/0171/39f53f3948b443b1bbe1547b959e41b2.jpg,171,386,340,0,0
train/0171/3cb0261f712a4285bfed18ade67d7efe.jpg,171,171,171,0,0
train/0171/42a7ebc79fba4940bc5824dc43198072.jpg,171,171,171,0,0
train/0171/50b6880c49f54689bc3cca58f370938f.jpg,171,171,21,0,1
train/0171/53245d0e8c1f4a26a52a415468d8496c.jpg,171,128,458,0,0
train/0171/561bf8c5584243659f1e7bb9776d8506.jpg,171,171,171,0,0
train/0171/5998a0dc7f014dcf8a4f4d5ad2d4ce21.jpg,171,21,21,0,0
train/0171/5ac9dfdd6f1c4ee08ffab4b5a38b0d2d.jpg,171,171,171,0,0
train/0171/6638723539a049c89d87698cfe4db9c9.jpg,171,239,239,0,0
train/0171/663a902ff8de41a39ead4e1a8d824f1a.jpg,171,304,340,0,0
train/0171/6cd70a1fc95b4a54bd2a2dffc474a8d3.jpg,171,171,21,0,1
train/0171/9d6a44a13016449cb0e31cbe387f1df1.jpg,171,386,21,0,0
train/0171/c8bb489ef6fc437da1cb97ec1898c39d.jpg,171,171,171,0,0
train/0171/cb7a31f1aef448458ee5b0d0e3a111c1.jpg,171,172,386,0,0
train/0171/d70b6963aef44039bc2c865f5626fac2.jpg,171,171,171,0,0
train/0171/e3bdb32b0ac3421b80d885203ef2d4b4.jpg,171,21,21,0,0
train/0171/fc097878a32841099194c52d6da2a5ba.jpg,171,21,21,0,0
train/0172/022c87f0af9042fc9e6af4fd23b708c2.jpg,172,386,386,0,0
train/0172/062ab6be01b545f3bd9bb64d328bc2bc.jpg,172,386,386,0,0
train/0172/0b5283724d9348f6a09210ce44d47df8.jpg,172,386,386,0,0
train/0172/264da5e937f74317bed9f1934874357d.jpg,172,386,476,0,0
train/0172/2ccc873567684715812d0c002d125fe1.jpg,172,373,373,0,0
train/0172/3e2d2ef7fa0f4c34baf5246fa9a5d41b.jpg,172,423,423,0,0
train/0172/411d237d194147a99a6eeec2514d9916.jpg,172,172,321,0,1
train/0172/45725397c8c84b0d9c2c6c609c3b555a.jpg,172,172,321,0,1
train/0172/47568bd0ef1c43d1b25595fd04953b58.jpg,172,139,458,0,0
train/0172/5c5d9b87adcb4800b07818350fdd8225.jpg,172,358,358,0,0
train/0172/662089b355004a3ba557e937b4e66b93.jpg,172,172,476,0,1
train/0172/6e794bfec7c64284951cef87b3201f24.jpg,172,172,386,0,1
train/0172/74004b655e61420cb6d40f15eec10687.jpg,172,172,476,0,1
train/0172/79b64a7686914e5bb1ee363c2c9c43bf.jpg,172,171,171,0,0
train/0172/89c8ffe0f38847b481d03c9ac27fead1.jpg,172,171,149,0,0
train/0172/9ebc88d6e58e454b98393580330d18da.jpg,172,604,21,0,0
train/0172/a07716c8ea414c5ca135eda84b2fb932.jpg,172,21,171,0,0
train/0172/b4bf88ebec15468495242886b2184714.jpg,172,386,386,0,0
train/0172/c22b0da7c1f44ab6a45a6e637368ccad.jpg,172,386,386,0,0
train/0172/ce087444d843423fb43476eb3b141eae.jpg,172,386,386,0,0
train/0172/d7499a722fa04b73b1246d02d9401344.jpg,172,172,476,0,1
train/0172/e69b6ffd8db3495183a2939bfe2d4a98.jpg,172,21,21,0,0
train/0172/e8f730ababec4ee2b109a09c1c96e030.jpg,172,184,87,0,0
train/0172/fcbe15fa07094b7388d97f3f6a0c7e82.jpg,172,316,295,0,0
train/0172/fea65931199f485aa4e2cd6091c286d8.jpg,172,21,476,0,0
train/0173/033dd98ef9084ce7842d1d292ffc0b45.jpg,173,173,173,0,0
train/0173/0abfb1fb893c43e289a3fd4bd2a2ac29.jpg,173,173,173,0,0
train/0173/193c738d29694948b035a589d91f751b.jpg,173,173,173,0,0
train/0173/19bfa0445ea844f5b2eada8c9687d73c.jpg,173,173,173,0,0
train/0173/1ec6e869dae14ae6a87eedf95f208c1f.jpg,173,173,173,0,0
train/0173/33d16dcf67914b07afc7fa489dc3e1f8.jpg,173,173,173,0,0
train/0173/3ce2ac54f0424ff49a83e8bedcb60629.jpg,173,173,173,0,0
train/0173/3e5aa4926f04416fa5d7ac94c8948457.jpg,173,173,173,0,0
train/0173/51263e3e4bab484aa6faa3695563cb5e.jpg,173,173,173,0,0
train/0173/5c2f67233df34356887f635e0fc38e71.jpg,173,173,173,0,0
train/0173/67eb9ac97e884291b0bab65d75e71fc1.jpg,173,173,173,0,0
train/0173/7e4f610fb2eb4fbba3b71e65efef18a2.jpg,173,173,173,0,0
train/0173/85d59bcf3e0b4fd7aa4e880519cc75f0.jpg,173,173,173,0,0
train/0173/8f7767f121c649008ae9f1a73351503e.jpg,173,173,173,0,0
train/0173/ac1695b0f55e48318a21f84cbf056864.jpg,173,173,173,0,0
train/0173/cc207c0d367c4b3fbca92b3d7b4f3876.jpg,173,173,173,0,0
train/0173/d68a51ee7aef4fd89b61740ceaf5cfb7.jpg,173,173,173,0,0
train/0173/e4665ab041c442e6a50949a39bea046c.jpg,173,173,173,0,0
train/0173/edf3a7f0038a4097b6ad1821a7a7ecb7.jpg,173,173,173,0,0
train/0173/f1ba3f83dc114a57a58013b3fe1a307b.jpg,173,173,173,0,0
train/0173/f65b1d3527bc40d39265736e3a7040b1.jpg,173,173,173,0,0
train/0173/fe01e6ddff424725b6ba9351abaa5325.jpg,173,173,173,0,0
train/0174/1c31a23215a54acf8bf1f19c53752f7b.jpg,174,457,717,0,0
train/0174/2636ecb4f98f4ef4a8b374785417afc9.jpg,174,457,457,0,0
train/0174/316a9b92e2494bfbb5fed963eba4a115.jpg,174,471,471,0,0
train/0174/3dbdc2be9fce40f5b7aa609b3e4daae4.jpg,174,457,457,0,0
train/0174/487c8f7136a542dbbfb6935062a735c8.jpg,174,457,457,0,0
train/0174/4bf81b316b184b8facac06c8c3b53962.jpg,174,717,457,0,0
train/0174/5bfe61c607294bc181eee649df41475a.jpg,174,471,471,0,0
train/0174/6b7b8d7d17b4457791f71e4e65f9ea9a.jpg,174,300,300,0,0
train/0174/87500ec248b040958e8cfc5db4a86fb3.jpg,174,471,471,0,0
train/0174/904965351d8d4a75867fb820deb796de.jpg,174,725,471,0,0
train/0174/aa5c4fff3dc34c8fa335b0602fc2cdad.jpg,174,717,225,0,0
train/0174/adb21e6b6c314bcba7b9f69e8bd0d59a.jpg,174,457,457,0,0
train/0174/b2238dcb00224fd38140b9f47f51de0d.jpg,174,725,725,0,0
train/0174/dee78be2b2d74ab4bb707911c97292c3.jpg,174,451,174,1,0
train/0174/df90a1c80e9d45c48ef1cfa24e2eb8ae.jpg,174,290,290,0,0
train/0174/e057f5b7636749b3b479d619a3db4a1d.jpg,174,457,457,0,0
train/0174/e8735cff00524f988f79fcd2dc928303.jpg,174,533,707,0,0
train/0174/f53dc2f5ce8b4a91aa30695d0d40b76c.jpg,174,742,471,0,0
train/0174/fef9b3776f1f487e96d3f7a86688bd15.jpg,174,457,457,0,0
train/0175/0054db3f1e2d45d58c30d698441ffc6e.jpg,175,710,710,0,0
train/0175/081b93ef983d446084b52080b9485890.jpg,175,175,175,0,0
train/0175/0f1ce18765fc409ebcef90d83a25d273.jpg,175,175,175,0,0
train/0175/1712fa875c59472685bf8623c7a0f186.jpg,175,67,67,0,0
train/0175/24221666f56c4e9e9871a9977b7aa7ed.jpg,175,175,175,0,0
train/0175/24ed01fbc0e944868e4d61d89c25bf32.jpg,175,175,175,0,0
train/0175/3e411796d1c4414fa1a8bf446381a9e6.jpg,175,175,175,0,0
train/0175/44dabcf0cae5470eb43f3aa7f152d679.jpg,175,175,175,0,0
train/0175/54a746f2c5f641f0841655da49e1c066.jpg,175,175,175,0,0
train/0175/550ec1f40d734d54985b9e150a3cd892.jpg,175,175,175,0,0
train/0175/554493217e214c929a04832b82e150b8.jpg,175,445,445,0,0
train/0175/6c56cda9d4914796a116c55fce9aefc9.jpg,175,175,175,0,0
train/0175/762ef85dcdad434fb0bb649f08efac4c.jpg,175,175,175,0,0
train/0175/8559632d47654439ad88f68bb83074c8.jpg,175,175,175,0,0
train/0175/8ea7b8285c9e43efa805708a19d5481b.jpg,175,175,175,0,0
train/0175/cbff731e3a984401af961ac45fcdbae4.jpg,175,175,175,0,0
train/0175/d91fe1b8dc724778a728c6a3bc287150.jpg,175,175,175,0,0
train/0175/dca1e9c4395e4956b6b5ad1c3043d4e1.jpg,175,175,175,0,0
train/0175/de5eae19faf04971821c92b97493cb98.jpg,175,175,175,0,0
train/0175/f6fe8b0822cd452eb8046a78e0a8acb7.jpg,175,175,175,0,0
train/0175/f8eb6535fdeb4e10adc28c9e7d7a3a4c.jpg,175,175,175,0,0
train/0176/01a6f4070e5945aa81a2f549d1732e52.jpg,176,727,727,0,0
train/0176/09708bd149114a9b832b7249e93a16d2.jpg,176,176,176,0,0
train/0176/16d1580b0e63483cb0e34401dc5eb055.jpg,176,176,176,0,0
train/0176/2a0b2f9a476e4937af8175510cdee9ab.jpg,176,176,176,0,0
train/0176/2dcad12a35cf4c4dac8d791f9474a420.jpg,176,176,176,0,0
train/0176/65680004f984413993136ff267984cf1.jpg,176,176,176,0,0
train/0176/6ec05c7ea1a044a99ad2ee1e2995aa06.jpg,176,176,176,0,0
train/0176/6ef8125cd85d45c88d23ffbe8eb00152.jpg,176,176,176,0,0
train/0176/6f603d86e3bc4f2ca96e1b91676cafdb.jpg,176,98,98,0,0
train/0176/95055f94628546afa3214103ea277b4f.jpg,176,176,176,0,0
train/0176/95b5ec3b89cd451881ea890efe0c5f7b.jpg,176,176,176,0,0
train/0176/cdad585f4d06458685bc936b88dc1e70.jpg,176,176,176,0,0
train/0176/d10c5b82e96a4f33950a915702a77416.jpg,176,176,176,0,0
train/0176/d13fc50e1e98470abd3f224a5d35639f.jpg,176,176,176,0,0
train/0176/d4494a4f89d14883beb61d7349f509b8.jpg,176,176,176,0,0
train/0176/da118d32b15e4bc387183090039ca9bf.jpg,176,176,176,0,0
train/0177/039a0514140c40be87e67256ad5f2483.jpg,177,177,177,0,0
train/0177/2c52d2dc0caa4059949dc0cd9ae70f38.jpg,177,177,177,0,0
train/0177/2f97cc0aa9a14be39ff47bb3c382eed1.jpg,177,141,559,0,0
train/0177/3f6f0955b1e644809b8faeb6ef184db8.jpg,177,587,587,0,0
train/0177/457c8810758e4900887d070599a16de5.jpg,177,632,749,0,0
train/0177/57c3da37086a47cab0a5b7f5160a085b.jpg,177,565,565,0,0
train/0177/6ca0bc9d9bd54c06a6bfad9f2dcacbc1.jpg,177,177,177,0,0
train/0177/6d38a21028f647d8a6b0d75afcc2eb09.jpg,177,177,177,0,0
train/0177/826dfaede62b41b09bd48cbd1b73cce4.jpg,177,532,532,0,0
train/0177/96874d3a3c734bb08b3b6ec61845b78f.jpg,177,141,62,0,0
train/0177/9b6e479b7789454a845db118161b34ee.jpg,177,177,452,0,1
train/0177/9d07a9f380204706b86f54df65fa337d.jpg,177,187,187,0,0
train/0177/aeea87634d2c4ff98cadc38b816f7e87.jpg,177,177,177,0,0
train/0177/b51a3ffb126142c4b64000d4e298b733.jpg,177,447,447,0,0
train/0177/b7aab7fef88d41baa0f68699f03ec97b.jpg,177,177,177,0,0
train/0177/cdb9ee9f116d48f0967c4b5a03de2d65.jpg,177,177,177,0,0
train/0177/ce829291a8f64277918b3da2523502fd.jpg,177,546,546,0,0
train/0177/cf93872be578462da2af41cdca81323f.jpg,177,177,177,0,0
train/0177/eafd91986f0a4edd8f6299a10d3d60a8.jpg,177,607,607,0,0
train/0177/eb291f9d8f85421e80ffc472a8ba9084.jpg,177,546,71,0,0
train/0177/f827825053ee40efa501048f11a66e5b.jpg,177,177,177,0,0
train/0177/fea5a608d9eb49398a9e39da9715567c.jpg,177,177,177,0,0
train/0178/22857ee32f4c457cb2e9322f423ecffe.jpg,178,178,178,0,0
train/0178/30e5907fcc8848d79978480e923b8a82.jpg,178,328,328,0,0
train/0178/4b4ad55ba121416eaf7218e15c1aa2a3.jpg,178,449,328,0,0
train/0178/514507a0bc724cc09cc7001811cce4a1.jpg,178,40,40,0,0
train/0178/551d9f57c20c49ad9aca60e85c293c69.jpg,178,449,449,0,0
train/0178/6b0d25ddcec742a2bea5d25956a549f3.jpg,178,178,178,0,0
train/0178/87699ff52312417492a520570b602098.jpg,178,553,553,0,0
train/0178/8bc436050b8d447dbc35aafa1ef5b74b.jpg,178,123,123,0,0
train/0178/8d9ca45d88f646be8ac7a4f5e0fb5d5f.jpg,178,178,178,0,0
train/0178/9dec9e4595c04151ade84ae3ab9206f5.jpg,178,178,178,0,0
train/0178/b02aa84f4cf7408fa01710bdeb8a233a.jpg,178,328,328,0,0
train/0178/b2306f2e4d2f4c46bbd105f306c3651f.jpg,178,178,178,0,0
train/0178/bac4da6d50284746b869b20400884aa5.jpg,178,328,328,0,0
train/0178/c9b43c3989204bb3b7b629d5aac36819.jpg,178,564,328,0,0
train/0178/d296a46cf5d241938d1ca846f7644944.jpg,178,178,178,0,0
train/0178/f117e1a363dd4123ab730c79d8490bc9.jpg,178,608,178,1,0
train/0178/ffdad1760d4b461f8feab7e50771aadf.jpg,178,178,328,0,1
train/0179/05947ac80ba34fb0860d10f2f5046eb6.jpg,179,388,103,0,0
train/0179/10e7ce81915f424fb0358a9b3153122c.jpg,179,247,554,0,0
train/0179/1929988709164f2099ee6b40d1808a64.jpg,179,247,247,0,0
train/0179/1e7b3ca8009a40b68b01bee5c9defb8b.jpg,179,247,247,0,0
train/0179/21609f1bbedc4253b223519c711907b9.jpg,179,116,409,0,0
train/0179/2281460307844a73aae357a0ae619e6a.jpg,179,388,388,0,0
train/0179/43009d18003844f4ade50bba6c1d5eeb.jpg,179,247,247,0,0
train/0179/4b838b0905654198b774eb33864ef55a.jpg,179,247,247,0,0
train/0179/54f8eb0dcbb34ff8bd9faf34871d90a3.jpg,179,388,388,0,0
train/0179/7649e24332d744b8ba0deb285d6c7634.jpg,179,247,554,0,0
train/0179/97f398abcded42de85ed3400b9fd2452.jpg,179,247,247,0,0
train/0179/9964735e718c480eae5293792153b192.jpg,179,247,247,0,0
train/0179/9a77b7374c9b45b881eb72676d0774db.jpg,179,247,247,0,0
train/0179/9d06efdcef984da1a0e54b36b68d39e3.jpg,179,247,247,0,0
train/0179/c9083e7143dc4b0e94738493a8a36683.jpg,179,370,224,0,0
train/0179/cd4f494b13bf4b19b1c2ca58e7b063bc.jpg,179,247,554,0,0
train/0179/cdfdacf9fce244cbb4698751bc609438.jpg,179,116,388,0,0
train/0179/d63cae743166440f91b955786ff74cd9.jpg,179,255,25,0,0
train/0179/e384204d784b4404b6c262f41cfbb7d6.jpg,179,116,388,0,0
train/0179/ec91fb1bc1924329b635c4138ebba285.jpg,179,260,12,0,0
train/0179/ece84577b76941c4bbb5b7aa842ed92c.jpg,179,247,247,0,0
train/0179/fa30951653474a71bcd1740e35e031a9.jpg,179,247,25,0,0
train/0180/261756f9a2a7461397cf0585e64a26ac.jpg,180,180,180,0,0
train/0180/39ace16f57fd4844a9e8f84da7c2946d.jpg,180,184,670,0,0
train/0180/4206b64a90474c0eba2199c6354af595.jpg,180,180,180,0,0
train/0180/56145399bb0940e086031d835809d06e.jpg,180,180,180,0,0
train/0180/5a730ccf80524eaf8bc35d808bc2f949.jpg,180,180,180,0,0
train/0180/69151ea6aef345a5a4c69323ed2bc05b.jpg,180,180,180,0,0
train/0180/6d6c40f8d99e4b3a908cdc74eaab216a.jpg,180,180,180,0,0
train/0180/74fb232d675b43c4a766b6cbfd5133b4.jpg,180,180,180,0,0
train/0180/856ccad2dc6940229cd79a9047d0f956.jpg,180,180,180,0,0
train/0180/915b0c625e68462eacb4025ee564e042.jpg,180,180,180,0,0
train/0180/9863a42bc6054526abb0bbece207b26e.jpg,180,180,71,0,1
train/0180/a9b72ac3f3bb4c3dad2e1cef0a7e208f.jpg,180,180,180,0,0
train/0180/bc2314d3e2ac44c2a85e8bf42ce897e4.jpg,180,69,348,0,0
train/0180/bd0088a2d0ef4d4d99a423f096897cff.jpg,180,180,180,0,0
train/0180/cf5d1f5e00eb4f82a227cdce108fbf1c.jpg,180,180,180,0,0
train/0180/d32ff7f9b70142c0a49ed4b0c7c03442.jpg,180,180,180,0,0
train/0180/df42b2a18988417483c37690a8b9a8a6.jpg,180,180,180,0,0
train/0180/e304c7013d094a59adf37479aa4b9ffb.jpg,180,180,180,0,0
train/0180/e38c7fd926fb47f6a3bc7ebf0f295101.jpg,180,180,180,0,0
train/0180/e804a20a2f2644eb83272aa47f2e82e0.jpg,180,180,180,0,0
train/0180/f09c3773fa5b41eba65bf1501313616b.jpg,180,180,180,0,0
train/0180/f19fd5c0a00e47cc9d06a777b448d43e.jpg,180,180,180,0,0
train/0180/ff3de738247345ea96beb8c96df1e094.jpg,180,180,180,0,0
train/0181/04c146e111e7417784154314fe4064f0.jpg,181,181,181,0,0
train/0181/1eb2a707519246ba84842534190d4fb4.jpg,181,583,181,1,0
train/0181/2316c4d0422b49829f3e181f3ceb92fe.jpg,181,181,181,0,0
train/0181/262682706f004451b8a3451fb0231bb8.jpg,181,707,707,0,0
train/0181/43d5120097f740b687f3dfff220da8f5.jpg,181,471,471,0,0
train/0181/528866968b074eb89a50061f6ca9c36c.jpg,181,225,225,0,0
train/0181/5598243a909e4d4ab46248c29d5b3bd2.jpg,181,61,61,0,0
train/0181/60228576ce544707a4cd0bbe27c088f3.jpg,181,675,675,0,0
train/0181/71b96a5ad1b14901884b1c338d9ef1b9.jpg,181,181,181,0,0
train/0181/78950e620b744192b623cbb741bd220c.jpg,181,232,232,0,0
train/0181/7aacf815263c4b6d8422887bdcae1f69.jpg,181,552,28,0,0
train/0181/81e7760d810a49919a63d0a596103285.jpg,181,181,181,0,0
train/0181/8500c25fb531406baded2795d27b770c.jpg,181,192,192,0,0
train/0181/860ec4ac661b47e885565fdcf4b7f43b.jpg,181,53,10,0,0
train/0181/9bbb17e71b884de2963b4bfe2cb6ae24.jpg,181,181,583,0,1
train/0181/9f11b256b95e4be083ed4891a6ec777e.jpg,181,725,599,0,0
train/0181/ab5dbe363de742deaf5df4e95e31dab4.jpg,181,300,181,1,0
train/0181/b4179bb408b4465fb313bf0040d07345.jpg,181,181,205,0,1
train/0181/b7ab505c8eaf4101a7f1e266c052107b.jpg,181,583,722,0,0
train/0181/badef28fb24f44d8a47309e70d0d2ab9.jpg,181,134,134,0,0
train/0181/df5fd70134a24509ba873b00bc503904.jpg,181,181,181,0,0
train/0181/ea8d50f01bdb47edb71847f859bf4679.jpg,181,181,660,0,1
train/0181/eb90bb9d1103469d9fbd19995be6c1d1.jpg,181,493,493,0,0
train/0182/0789cbb2b2ce49fc893f7dfed35298f0.jpg,182,749,749,0,0
train/0182/0e9b2753cbb64875a7e8b34574bfef8b.jpg,182,182,749,0,1
train/0182/131fe76c215c4c799970e5feb0d371f9.jpg,182,182,749,0,1
train/0182/2c0ebfb0d8d44ed3bd6009f8387c4fc0.jpg,182,182,749,0,1
train/0182/3d9bc3c54dc1494991ddf7889c87fdba.jpg,182,182,182,0,0
train/0182/4af05d4b536243809a5464e3e68d85a4.jpg,182,452,347,0,0
train/0182/4d4f65e591054590b3215b8567888081.jpg,182,749,749,0,0
train/0182/569113e54cbd4e4ca84eaf16964f8881.jpg,182,182,182,0,0
train/0182/5b2616ef97724c89bcaafb442dcf23d8.jpg,182,182,749,0,1
train/0182/6049b122209d49a2b413c9492530a6cd.jpg,182,182,182,0,0
train/0182/788f844f6958407abb5bbd552e6c55ab.jpg,182,182,182,0,0
train/0182/7d88b0f191d84b1cb375994be79067d5.jpg,182,182,182,0,0
train/0182/91accbdcae5d4b9eaff705c5ac89b234.jpg,182,182,749,0,1
train/0182/94462a1cc64c4129bca55ee13272d7d1.jpg,182,749,749,0,0
train/0182/a7cd736c98144f8ea4810e85666af26a.jpg,182,182,182,0,0
train/0182/b9934426c3b143018ad1b3b9cbb7d676.jpg,182,182,182,0,0
train/0182/bf5131e0bb1848a490d00b7348a5ab0d.jpg,182,731,182,1,0
train/0182/c57a79ae75894eaabae2d4bee06d4484.jpg,182,675,706,0,0
train/0182/c90cceafdefd467bbeaac14c0708cbb3.jpg,182,182,417,0,1
train/0182/d34d053f3dd44701ae1972761e8f78ba.jpg,182,182,182,0,0
train/0182/e00944ca8d9c47d7a4c87573c61d2564.jpg,182,315,315,0,0
train/0182/e3831aeed906438190a89f860c2a4900.jpg,182,675,706,0,0
train/0182/f1cc7498529d42ad8822bb0c22072981.jpg,182,182,182,0,0
train/0182/f3550dc52b7f48eaabf66e553c8182e1.jpg,182,182,182,0,0
train/0182/f744dbf961de46dfb8d4472f67384007.jpg,182,182,182,0,0
train/0183/dafd430a88434221889b759da153fe9e.jpg,183,619,334,0,0
train/0184/046b24a8f3114ecc803cf9ad6e4e42f0.jpg,184,184,184,0,0
train/0184/1194cb8d8efd4821ae0f5c988f85198d.jpg,184,184,184,0,0
train/0184/29a8787e3dd14d5aaf45cd5664263be4.jpg,184,184,184,0,0
train/0184/2b417816dec2410d8915bfb6324792a4.jpg,184,681,681,0,0
train/0184/3596645217974f2eb14e51c4c1d48de1.jpg,184,184,184,0,0
train/0184/36ca3f4514ea4b1a992e3c443be165bb.jpg,184,62,62,0,0
train/0184/3bc521d0e91140ae97193cefb8cbe3e0.jpg,184,184,184,0,0
train/0184/447b27abf4624cd590c7f7d4fbc2434a.jpg,184,184,184,0,0
train/0184/50b6c7cc5ff94152a805ad111353a4c2.jpg,184,184,184,0,0
train/0184/5df01a97b9444b4ca66cd3458427b62e.jpg,184,184,488,0,1
train/0184/5e80696cbf4b408893dc5e77fbbfe216.jpg,184,184,184,0,0
train/0184/7cb2fe2624cc47f3bf9bc3335a22f261.jpg,184,184,184,0,0
train/0184/854fbc49a8464deebebb3e25929cd2d9.jpg,184,184,184,0,0
train/0184/8d449bdb41394a6492519b565c6fa27f.jpg,184,184,184,0,0
train/0184/aaf4b1ed1d5e4af283ec057930532954.jpg,184,184,184,0,0
train/0184/b1aba878a817473bbf09f20c0f2cda4a.jpg,184,184,184,0,0
train/0184/b24f82c4850d4047bc8aff4afb31290a.jpg,184,184,184,0,0
train/0184/c1dc9a5e05804afa9b7e4cce385706fc.jpg,184,184,184,0,0
train/0184/c2017280cfa54ed091e5e116cbf781db.jpg,184,184,184,0,0
train/0184/dd75e2ad3bd1424cb122937a8bb5f7bb.jpg,184,184,184,0,0
train/0184/df52921cd985406f9fcd81d9eb62e258.jpg,184,275,447,0,0
train/0184/e290b45afe6744b693b2f9bfbe821d00.jpg,184,184,184,0,0
train/0184/ed0e93a445b246b2bfdff3cb6ffaddcc.jpg,184,184,184,0,0
train/0184/ee655df4cdae4434a6608626e6c36684.jpg,184,184,184,0,0
train/0185/13c994b518db4c7581a7fdd220383056.jpg,185,185,185,0,0
train/0185/2022ed7833074affbbd5963caa08a243.jpg,185,714,369,0,0
train/0185/2edd25cb874a446ebe727941a9826738.jpg,185,185,715,0,1
train/0185/5f2587c1ecce45d0bf0b2a511a0c1795.jpg,185,185,578,0,1
train/0185/713230a956f54b34a0a76cd611425e99.jpg,185,185,715,0,1
train/0185/836af1ad3e94450ab208149aea3dfee2.jpg,185,295,715,0,0
train/0185/a7d61331174a47fb87a9bc9f5d8abe69.jpg,185,185,516,0,1
train/0185/ab1b14f1d3824873a1b74f004cd1128c.jpg,185,185,185,0,0
train/0185/b2ba517a081f4b7e9e160ebd8bd27b77.jpg,185,516,516,0,0
train/0185/b3d2cbac173646fe84626b680a58e62b.jpg,185,560,636,0,0
train/0185/b4cfda510987499baaf9ea5d328862be.jpg,185,18,672,0,0
train/0185/c708b56620034ffca31c3ee5afbb3202.jpg,185,185,636,0,1
train/0185/cf63b28182894800bce3425bc8b0a0bb.jpg,185,516,516,0,0
train/0185/e06f82b2f47148e9a84d5503b03584c1.jpg,185,185,185,0,0
train/0185/e2961b69c1984c5587bf5cff40d352d1.jpg,185,130,328,0,0
train/0185/f1c002f0dcc24be1bfe3d862c6b2f366.jpg,185,560,560,0,0
train/0185/f94a5aeb163e4fdb8f2eecbc91d96637.jpg,185,185,672,0,1
train/0186/03731bf36bc24d0d827cd1a790eea976.jpg,186,186,186,0,0
train/0186/04e2275037c747c8a8025def06036d29.jpg,186,233,233,0,0
train/0186/1cd5ca5e1378422fb434fa0009efaa6f.jpg,186,186,186,0,0
train/0186/1e6cea3a542247e3bfefafaab0b499b9.jpg,186,362,695,0,0
train/0186/29e6813f821b4d258122ab0dcf6c2374.jpg,186,452,452,0,0
train/0186/2ac67854178846b39a6c62db360f7dd7.jpg,186,186,186,0,0
train/0186/2b804e3c0982432eb65f0e988a1a1e65.jpg,186,362,362,0,0
train/0186/3caa3f68e47e4964afe31e8544513fc3.jpg,186,186,186,0,0
train/0186/49705f51ed7c4384b5064c11956bea53.jpg,186,186,186,0,0
train/0186/59829c2d29024f3eb1b52b5e0f32b692.jpg,186,186,186,0,0
train/0186/5aeb1e775d244c69a70cceac7090f7c9.jpg,186,186,197,0,1
train/0186/710a900cb0204aa49535bf727e5762e7.jpg,186,259,134,0,0
train/0186/7142d86355f848afa24a366743e4110b.jpg,186,186,186,0,0
train/0186/9450ca17cf34447a9fdddc6cffd462bd.jpg,186,186,186,0,0
train/0186/994497e6a6c546f5b0620be9a6610d83.jpg,186,673,259,0,0
train/0186/a2e73d4692b54bcba90290c4cc36926d.jpg,186,158,158,0,0
train/0186/d667571497a0438289780c80e9e44da8.jpg,186,186,186,0,0
train/0186/e233f5b3c8764b569acf1172b4f867ce.jpg,186,186,186,0,0
train/0187/114d20c83c9f4d8f9fa24728b72c619c.jpg,187,524,524,0,0
train/0187/1163d81087ae4806b6ff8c44c65135c2.jpg,187,577,577,0,0
train/0187/2038c90e17a34a01aa8e22e174367e93.jpg,187,187,187,0,0
train/0187/2a450e2c1965484089d2f01dda0fd630.jpg,187,559,61,0,0
train/0187/39f4330ecae54f3d97c6d43a5e3bf4c4.jpg,187,376,704,0,0
train/0187/3a0ab11ae0c9416382c0e655e382cb4c.jpg,187,249,249,0,0
train/0187/48e587d43ba640488b261171d1826b90.jpg,187,465,465,0,0
train/0187/5cd5405707fa472889fe105866ddfc11.jpg,187,232,28,0,0
train/0187/6e5ad4b515dc454bb19ed5e94e6a8ab6.jpg,187,187,27,0,1
train/0187/7519221bd2764ed392c074e42163a42b.jpg,187,187,187,0,0
train/0187/8cc316dfbb75405b9b2803f5ad93723b.jpg,187,722,722,0,0
train/0187/8f308a3d09e44cf08f25ea8c128db1a2.jpg,187,18,219,0,0
train/0187/9e8f65c11f5c4a558723ce0c731c2e24.jpg,187,105,549,0,0
train/0187/aa8871001c664bdbb9e48da7e96a94ce.jpg,187,187,187,0,0
train/0187/b7628a662391493b84c7b7292acf4808.jpg,187,187,187,0,0
train/0187/d30bd3fef05a4516a0635d432338e17a.jpg,187,187,187,0,0
train/0187/e398b27e55ff4fd8830c22b4913c7e28.jpg,187,291,92,0,0
train/0187/e7ead81a0f1f4ad7825ec5de3f1912f2.jpg,187,678,55,0,0
train/0187/e888892fcdf44ffbb1e75ea2a5d3f041.jpg,187,187,187,0,0
train/0188/043337f661f74858b888287c05b366ec.jpg,188,53,100,0,0
train/0188/056c3d39592c49d7b416a21b73ea2342.jpg,188,218,218,0,0
train/0188/3a67a970172b47a88cca585905e115cc.jpg,188,334,334,0,0
train/0188/3f3a234393c148bdba1a17ba893326b9.jpg,188,130,619,0,0
train/0188/48025bd8e67f458c9deb7f8bd10d838e.jpg,188,500,334,0,0
train/0188/765aea7d69de4d60bfedbf5af3e5879e.jpg,188,500,582,0,0
train/0188/7d7d80e0efe048baa024ac9abdcf4f12.jpg,188,500,334,0,0
train/0188/7dde0c80f1444eaeb588924c0adff596.jpg,188,460,334,0,0
train/0188/867cea8dead94e7a9af4d95b59416231.jpg,188,218,218,0,0
train/0188/8d918821083742cab5bc900d5165df02.jpg,188,564,40,0,0
train/0188/930473e55118459c89f93bb8ebca7683.jpg,188,40,40,0,0
train/0188/a704712119a54ca38bdff7b8d8a6401c.jpg,188,564,564,0,0
train/0188/b4d4fa61c5b1432e9f4c7fb88233eddb.jpg,188,499,608,0,0
train/0188/c1e6fdfd98d54595be49914aaf4dbbfa.jpg,188,218,218,0,0
train/0188/d72f64fe607a4ad484d1cd5ed75908e9.jpg,188,619,619,0,0
train/0188/e319bd6ff9904ce2a1b9d77c1750247f.jpg,188,334,334,0,0
train/0188/e6da849a894b42f58ef042939de74e05.jpg,188,218,564,0,0
train/0188/ffb6a6bbf13649439040ec0ff6c9cd42.jpg,188,334,334,0,0
train/0189/0884ef0b256f4054b6b6f05291196d5f.jpg,189,644,272,0,0
train/0189/1c373154111e4414b3da4e873f3f0fe5.jpg,189,189,204,0,1
train/0189/21201669e7ea49cba764965a15cdee57.jpg,189,72,534,0,0
train/0189/25103b4ffe964c769ec836da347b27a7.jpg,189,189,10,0,1
train/0189/29b334ef415549f59431da13d5b8d018.jpg,189,72,272,0,0
train/0189/347b0dd2bc2d48fabf8f9086c5b7797d.jpg,189,654,204,0,0
train/0189/40918f7498ce469d8933b9852ea0ef3b.jpg,189,72,72,0,0
train/0189/6217bd789fb1464196ef0dbf99e173b5.jpg,189,654,204,0,0
train/0189/7e7544f2c14b4522b3a329913bf38db5.jpg,189,272,272,0,0
train/0189/80f63104570643ba885191158a28afcd.jpg,189,272,272,0,0
train/0189/9021051d63bc4083afed12da64fb7a0e.jpg,189,654,272,0,0
train/0189/96b8bcf9aae44598ac5574596241b895.jpg,189,439,204,0,0
train/0189/bf9235312db6417fb5b6f3ba5e2c3d5b.jpg,189,189,189,0,0
train/0189/cbd3cd87f19b44cca82e28cb7d44b8e3.jpg,189,654,204,0,0
train/0189/ccf5c176dd8e42eda6af8e394e02cd7e.jpg,189,133,133,0,0
train/0189/cfcc07011bc242f9b3adb3196e77c907.jpg,189,133,133,0,0
train/0189/d59190c8d8624fb7ac402d64d6dd9941.jpg,189,204,204,0,0
train/0189/ddc0352ce92b4a74848cc1e7eff4b2fa.jpg,189,295,295,0,0
train/0189/e47b797a8961416880b9144f86840c56.jpg,189,72,204,0,0
train/0190/0761af45dfc0452487b33f4ff97315bc.jpg,190,190,190,0,0
train/0190/0b0df7a67fd24706ac83702917671919.jpg,190,190,190,0,0
train/0190/1eb0d21a333b457397b7a1ae8a28c2e9.jpg,190,190,190,0,0
train/0190/1feed9d8d2094fd1b650136ea28f9ae8.jpg,190,190,190,0,0
train/0190/262e37b3e45f4ecd9a008e6fe03b672b.jpg,190,190,190,0,0
train/0190/3058329d58534fb3b8c33d2d9b54455d.jpg,190,190,190,0,0
train/0190/372034a44dfc428aac74f6228875fd70.jpg,190,190,190,0,0
train/0190/4c863e3dc0ef44e5b286a22d670206bb.jpg,190,190,190,0,0
train/0190/503669a214ea4314a20856b7883498d0.jpg,190,98,133,0,0
train/0190/5f269d3110f04f43b88b901d22d03270.jpg,190,190,190,0,0
train/0190/61629de50be64e6ebd06f26c6b0784c0.jpg,190,190,190,0,0
train/0190/6d485cb637a44a72bb307c935caa4674.jpg,190,190,190,0,0
train/0190/705431a960ae485191751162b85efca7.jpg,190,190,190,0,0
train/0190/71e9b2e4f50245dc807543d27bdf8bec.jpg,190,190,190,0,0
train/0190/73c387aeb4394c4385fea4e45a26765e.jpg,190,190,190,0,0
train/0190/7975854452fc42b6b36c8586775c330e.jpg,190,190,190,0,0
train/0190/7f613113e2db46b58e6c20952e7de143.jpg,190,190,190,0,0
train/0190/814b2edb348f4218999bdd7bfb0e6fce.jpg,190,190,190,0,0
train/0190/924153c72ca44b2c98f96780ff5a5b3c.jpg,190,190,190,0,0
train/0190/b6c58da121574665aa8e0f9e3963ff27.jpg,190,190,190,0,0
train/0190/c8c942af24a747b0bb4f3382b340e7c6.jpg,190,190,190,0,0
train/0190/cc4a700a138a4c11a7fe17d595c3e406.jpg,190,190,190,0,0
train/0190/db37e8795cd246e19d085c5e24ad564e.jpg,190,190,190,0,0
train/0190/facd86d0ad5f4ebcbd94ff2ceea6d895.jpg,190,190,190,0,0
train/0191/0130d9a8872d4c12b08069d4e2bf30ec.jpg,191,675,675,0,0
train/0191/070a25155d6445139a66fc42ff0c5f94.jpg,191,493,2,0,0
train/0191/071e488296704d79bd6859a53ed2b0ad.jpg,191,675,476,0,0
train/0191/1215bbf626164b35a8c3b14a2a0266ea.jpg,191,191,191,0,0
train/0191/25356853ce2e4a398f0561f8bf5d60a6.jpg,191,577,577,0,0
train/0191/2aee802ba9554dd9b95d78db8c963c9f.jpg,191,191,191,0,0
train/0191/3170cde0a26f4e1898224ffe09707881.jpg,191,38,497,0,0
train/0191/3324d4ea72fc47709a5328e7fa4d7e7a.jpg,191,577,577,0,0
train/0191/374ff6cc53c94d1593825329d5d9c29b.jpg,191,450,499,0,0
train/0191/3e98e85e730e4017bd3e61861be67ff3.jpg,191,191,191,0,0
train/0191/47a5b693f7d64ed39dfba5d749ed3450.jpg,191,249,237,0,0
train/0191/49ed8caacb8d4c098058cac46c5eca1b.jpg,191,191,675,0,1
train/0191/5bd63154b1ad46bab800462a17e91d86.jpg,191,230,230,0,0
train/0191/7a340c94ee0b44f4ada169df17dd1f6f.jpg,191,2,2,0,0
train/0191/7ec4476f9531430ca8a0e19cb113f522.jpg,191,191,191,0,0
train/0191/81a59eb1f3fc47f987fe8a9799d8e57f.jpg,191,287,287,0,0
train/0191/918a9fd95d8f4bcc89b93a1d7e587c62.jpg,191,725,725,0,0
train/0191/93cc1cf0678b4cfcac2a9d92dc384a24.jpg,191,191,191,0,0
train/0191/a299bea534d141cf9a3e9e850762c1aa.jpg,191,476,476,0,0
train/0191/b905951776e649a48dd1e78ce3e34994.jpg,191,2,206,0,0
train/0191/c5605136661042e6b79cb5233babe58e.jpg,191,725,725,0,0
train/0191/cc8883c72f3d49168eb27bc50d09b63c.jpg,191,577,577,0,0
train/0191/d8eb2108c6d04f35bce46362f8ac1b2a.jpg,191,62,62,0,0
train/0191/eed536b15f5a496d92152d415d1b2ce7.jpg,191,2,471,0,0
train/0191/f99c1151f9d6422c9c9d18536836f22b.jpg,191,191,237,0,1
train/0192/223aca9375954562a0185b03da382ccc.jpg,192,192,192,0,0
train/0192/251935b616614a81a0b1814670207d96.jpg,192,178,192,1,0
train/0192/47eda85abf3945a7a58a415d45f037e8.jpg,192,192,192,0,0
train/0192/48018aab5cba4b9b87dc3fca8cd2cf89.jpg,192,630,419,0,0
train/0192/4a049709867547b59af19dc475c12e3d.jpg,192,192,192,0,0
train/0192/4ff07aa09d5544ddadfc014b7f68cbd0.jpg,192,192,192,0,0
train/0192/5a1237ff47c840a39c0168eaa1b127a1.jpg,192,564,328,0,0
train/0192/5b69a74696d2494ab7fac84dcb44f25c.jpg,192,192,192,0,0
train/0192/678cc1643cad4d0e9ea042b728ddf85e.jpg,192,192,192,0,0
train/0192/70cc85788cb2493bba866fc75248776d.jpg,192,201,201,0,0
train/0192/71c59c8b97e94185b47830d8735be1bd.jpg,192,192,192,0,0
train/0192/7cc85fbccf5349dba9af7446c79039cf.jpg,192,192,192,0,0
train/0192/85138fc905544230a6d34281969d875b.jpg,192,192,192,0,0
train/0192/901672b7aaba468cbed68fb16a5ee8a9.jpg,192,192,192,0,0
train/0192/a4b50322cf5f4e44b3b6fcbd93b8f4f4.jpg,192,192,192,0,0
train/0192/cd8aa146aa3c4e41b4b13438793ca3f2.jpg,192,192,192,0,0
train/0192/d188c325b968445da870556bcdf4f6b6.jpg,192,192,192,0,0
train/0192/d1bb6acffa0a41458e3864aa90c5b0c4.jpg,192,419,419,0,0
train/0192/df761f547aad4d33bf9056c504322edc.jpg,192,595,595,0,0
train/0192/ec2e659983c34bc4aee7def6abf1af27.jpg,192,192,192,0,0
train/0192/ee7ed91896e3478ea786fc387194ab51.jpg,192,564,564,0,0
train/0192/f999abcced4a40c9bff42827b34ac276.jpg,192,564,6,0,0
train/0192/fa34916664284d189602bacfb742c908.jpg,192,192,192,0,0
train/0193/086459a50d584d199d54711c73c4e757.jpg,193,699,699,0,0
train/0193/238c9f6f34af4e27845831542e914dd6.jpg,193,536,427,0,0
train/0193/368ae56493be406d8a18fa6ad46c686e.jpg,193,699,193,1,0
train/0193/3f452c9a7b3145b59a66c415eb72f860.jpg,193,699,699,0,0
train/0193/5539ff55709240c9a2dc8aa64e6c8fb6.jpg,193,699,193,1,0
train/0193/5825ff118bf94af68951882c55dda4d5.jpg,193,699,354,0,0
train/0193/6454f3de314f4c2293c10aef2bea0018.jpg,193,193,193,0,0
train/0193/88e4ee6994f344a08768ff1dfd70af6b.jpg,193,193,193,0,0
train/0193/b1e902b86b55412d9c79dffaf61d5c20.jpg,193,699,699,0,0
train/0193/b2a72773fe2a47b484e0a70833ee169d.jpg,193,699,699,0,0
train/0193/b43445b2b8984ce7b4d947d655e8c71a.jpg,193,699,699,0,0
train/0193/bc076fea1f5b4c83adca78767af0f21b.jpg,193,193,427,0,1
train/0193/d45b4615abfe4ff99be431aa8e11943d.jpg,193,699,699,0,0
train/0193/db3dbbf1d12444dda89f01b8a9971ae5.jpg,193,699,699,0,0
train/0193/e442ec5616144c18a1201b96018ec34e.jpg,193,699,209,0,0
train/0193/f2d601b528924cd3a0bf9261d7d1453c.jpg,193,330,540,0,0
train/0193/f7db19226b3c49f096b177fa90b3760e.jpg,193,193,193,0,0
train/0194/120bf7a2853e42c1b2997c784d66d037.jpg,194,194,194,0,0
train/0194/206de0d6fb28425aa1062ebd38e63fd1.jpg,194,333,333,0,0
train/0194/28b232ede1b34573871059824890693b.jpg,194,333,169,0,0
train/0194/57abb88bc1384822830b7718a409b4f0.jpg,194,194,194,0,0
train/0194/5b304bb8844f41e5a2feedd3a5cf236c.jpg,194,391,391,0,0
train/0194/5faabb6a5c65462498bdac555521c578.jpg,194,223,223,0,0
train/0194/6ceb74b28f574e2994b2a7148fe14542.jpg,194,223,743,0,0
train/0194/719d1ad39e5b4a8da42034ecf735340b.jpg,194,194,194,0,0
train/0194/75035ca9b8b34051a6b333b1074c9308.jpg,194,169,169,0,0
train/0194/7a523c766c7743ea9e80873a105afca5.jpg,194,168,168,0,0
train/0194/7d340016a48a4ce78df0b05848196652.jpg,194,168,168,0,0
train/0194/899445735290480a9a8ac3ea6e245595.jpg,194,194,146,0,1
train/0194/95829ee46a884b989cbf182bf5954a18.jpg,194,194,194,0,0
train/0194/9f630a1f94ed46eabcb844af7d188f9a.jpg,194,194,194,0,0
train/0194/a40b3d596b614e0ea38717077e00965f.jpg,194,333,169,0,0
train/0194/ae446f8da7224a229f9acca08d7252a4.jpg,194,333,333,0,0
train/0194/c92351f89b5d4a0dacce6f40c0c3830a.jpg,194,333,333,0,0
train/0194/cba4e82d6abf418b890058fae7ba79e5.jpg,194,169,169,0,0
train/0194/de1f51bc28394378899258b75c969a04.jpg,194,194,194,0,0
train/0194/e697339606fc447e826e288c0e757001.jpg,194,223,223,0,0
train/0194/f35b663b69ec4c0293d5061973948752.jpg,194,532,168,0,0
train/0194/fbd8507b85c5492f82230b71cea2ca1f.jpg,194,333,169,0,0
train/0195/1dcf9abe4afb42a984c211de2fadeb08.jpg,195,195,195,0,0
train/0195/23197ca73fba40f2930411eaa3347e5c.jpg,195,195,195,0,0
train/0195/283e564e3f754babbf0d257d8ae43218.jpg,195,195,195,0,0
train/0195/35dc9f61d6394847ac14c58ded434ee9.jpg,195,195,195,0,0
train/0195/37ec4b382ea846c094bb131d2abf17cf.jpg,195,195,195,0,0
train/0195/4dbfbe8c6e56467ba4b0fcffbd82a167.jpg,195,195,195,0,0
train/0195/567126507c964d2892b5f08d13a2941b.jpg,195,195,195,0,0
train/0195/688a368d8e7e409ea3fd82b6644bfc79.jpg,195,195,195,0,0
train/0195/81405006f1ca4ec48fcc673afdc22b09.jpg,195,195,195,0,0
train/0195/88444261ba7e48c7ad6e37949408c4ec.jpg,195,195,195,0,0
train/0195/9d05d4a8e16a4c88a2574065c31bd3ed.jpg,195,724,0,0,0
train/0195/9e13d3ecd0b84b5c9739dabfff0fda10.jpg,195,195,195,0,0
train/0195/a2878bd587694664b4bd9282fac8af86.jpg,195,195,195,0,0
train/0195/a8fb978529554b819d550be31b75d59a.jpg,195,195,195,0,0
train/0195/ad345c17c410447083b3cad1d64c34c0.jpg,195,195,195,0,0
train/0195/c1f1583109da4b119fab2bf7a7b90957.jpg,195,195,195,0,0
train/0195/df474239a39e43539c1f1c3d0a374be7.jpg,195,195,195,0,0
train/0195/f126d1c228d64ef8814e15126c85fc11.jpg,195,195,195,0,0
train/0195/fd02e87720b4460885b120c204c1c30f.jpg,195,666,666,0,0
train/0195/ff5f1d09f2f44b2cbd9d8fa51b104a80.jpg,195,195,195,0,0
train/0196/03f233ec1a6c4e1c842b78e93872caa3.jpg,196,347,142,0,0
train/0196/06fcbcbef3d8410fa348a7e13c541c57.jpg,196,196,703,0,1
train/0196/0b1c2d8ba1e248498c46dfff7d2c41db.jpg,196,592,58,0,0
train/0196/110006156c4e42cf81911dffca7281d9.jpg,196,447,52,0,0
train/0196/13cd7af08f094630b565186588a2a700.jpg,196,246,441,0,0
train/0196/4089fccd2bb24e6ea857cbe02e602c53.jpg,196,637,278,0,0
train/0196/44e8a5b1481a40a99e762c23a485e463.jpg,196,369,369,0,0
train/0196/451f30e2e1c44d69b7819ff29fac2b1c.jpg,196,474,520,0,0
train/0196/52e58a6e731f4af4a7b428711b39c26f.jpg,196,131,131,0,0
train/0196/5988e47f59454ae4b7e93854d0dedcf8.jpg,196,273,105,0,0
train/0196/5fc238d470c54167b81d56d18a07f1c8.jpg,196,497,497,0,0
train/0196/680553481b02441896c58f7a5b6142b7.jpg,196,24,24,0,0
train/0196/6ab9358e491346ae8e9c009081bc3e87.jpg,196,192,192,0,0
train/0196/7b4253fe08094dceaad0f45e75157ebb.jpg,196,184,184,0,0
train/0196/93ac5f831e57473b805d7785328fb7cb.jpg,196,345,441,0,0
train/0196/9ef9f8e0f6f84247a5e33131fd1a3c18.jpg,196,95,596,0,0
train/0196/a51a8625b2a34c4b99963895f442d1e5.jpg,196,531,577,0,0
train/0196/b1f7160f3cc8457b85abc36b25c13b2c.jpg,196,661,661,0,0
train/0196/c58aef115d1549aa9180413eb8dacfbb.jpg,196,62,62,0,0
train/0196/c99438492cd84f8abf5ce39af096ca0b.jpg,196,602,602,0,0
train/0196/d53afdb665314f0ba88fc7d03636b63a.jpg,196,331,331,0,0
train/0196/dcdf1537acdd47b09418e7931e4f650b.jpg,196,587,125,0,0
train/0196/f9c3176966c04176a18fc8b1c873e2ce.jpg,196,182,182,0,0
train/0196/faf54b762abe48479706018eed9ad67f.jpg,196,538,206,0,0
train/0197/0b5a6a2fb49a486d9c615913225f64d0.jpg,197,206,206,0,0
train/0197/205351eb6aa74682914cc2cebedf6dbe.jpg,197,602,206,0,0
train/0197/3336b85b219f4f51b476ffdd96d78aa1.jpg,197,197,197,0,0
train/0197/3908258350d24f67841001d655cbb66f.jpg,197,197,197,0,0
train/0197/3c870ab866bb4ee7a9f00fb97943b0ed.jpg,197,197,197,0,0
train/0197/41c938bf96ec495395eab13f102e750d.jpg,197,695,430,0,0
train/0197/512705f615334a97bfff1a34c1958b0a.jpg,197,621,249,0,0
train/0197/51944b529fca45548082c5767281a63d.jpg,197,10,10,0,0
train/0197/7a970e3beeda41919c8149b095c08621.jpg,197,670,670,0,0
train/0197/7b69b1dc191943d49af49f48b04952fe.jpg,197,186,348,0,0
train/0197/9458363395ad4b95b014ac9df17116bf.jpg,197,197,197,0,0
train/0197/a36f6dfb01e0470cb66b06ca698f2362.jpg,197,677,339,0,0
train/0197/c962401eae254d6eab9bd0d5fc62bd04.jpg,197,197,197,0,0
train/0197/e158ee1ec4524862a92cbf7b04b66a29.jpg,197,197,131,0,1
train/0197/f67eff60933e424286a1e24c11cf7e6b.jpg,197,197,197,0,0
train/0197/f6a69dc5f1254d1988b21864974b0098.jpg,197,197,197,0,0
train/0197/fa232cdde44e4e8fb660316898430a32.jpg,197,197,197,0,0
train/0198/004bd2251b4d4401bf65239035cf18bb.jpg,198,198,198,0,0
train/0198/00b82a7a620f44978f3520c847789000.jpg,198,198,198,0,0
train/0198/02aa735e4fc6413e978a9dcaed10df6c.jpg,198,198,198,0,0
train/0198/0a63d209e8a44611bca40cfc8985ec00.jpg,198,198,198,0,0
train/0198/0dd26bf2607e4d7fa4dc582e1478b54e.jpg,198,198,198,0,0
train/0198/167d9264bbd646c6b018e554458ff5b7.jpg,198,198,198,0,0
train/0198/2777ae8325cc40b29370e84038e42066.jpg,198,198,198,0,0
train/0198/28e58345ec9e48848755ce73678dcee8.jpg,198,198,198,0,0
train/0198/2f48b2fbeebf4547aa54df1d81eddc76.jpg,198,198,198,0,0
train/0198/2ff7a55ce1774ba68c429c6c1cd76996.jpg,198,198,198,0,0
train/0198/430447ff6a46442aadb16a372c83c612.jpg,198,198,198,0,0
train/0198/59d71ef2c08f460f9c1bdfea73a75c86.jpg,198,288,288,0,0
train/0198/5a444e08cd7d4a07accbb5a534ac654b.jpg,198,198,198,0,0
train/0198/68543ee150d14b52bb94472b7c18fbb1.jpg,198,198,198,0,0
train/0198/6eae4a393125421db1dfe559c3e0ce6c.jpg,198,198,198,0,0
train/0198/85382e8e852f48549cde1b070d96016f.jpg,198,198,198,0,0
train/0198/9487c99ccdb0424d8c872a339dccb848.jpg,198,198,198,0,0
train/0198/97195ac4fb544bc3957169c4442d4050.jpg,198,198,198,0,0
train/0198/a06aa334439843eebb44ec31525f4b17.jpg,198,198,198,0,0
train/0198/b71223a392284748a4c96c6a38443389.jpg,198,198,198,0,0
train/0198/bc0f856aec8547729fe3eee849b0fdbb.jpg,198,198,198,0,0
train/0198/c9561f81c5c84e45946e3d4b935d5815.jpg,198,198,198,0,0
train/0198/e653d4eb9f744f43b024f6fcde578995.jpg,198,198,198,0,0
train/0198/eaa6f91ba01c48a9a7bb2064bf85d645.jpg,198,198,198,0,0
train/0199/1eb669a0d547431cb06bef3e16f627da.jpg,199,199,199,0,0
train/0199/3420966fa50f439f986e4070e6058560.jpg,199,199,199,0,0
train/0199/35dda410d9434d6a8c1008a8d5ae35ef.jpg,199,203,104,0,0
train/0199/40b544edf43b42738ef3046fd700f3e9.jpg,199,199,199,0,0
train/0199/40f3add19f4c423fb5af2a6cf10451f9.jpg,199,199,104,0,1
train/0199/534d6cb0bc7b40f4a2bdc6aaab2ed19e.jpg,199,199,199,0,0
train/0199/6ac13e8da4d3465f980c4e3de6a7d133.jpg,199,199,199,0,0
train/0199/837fc4c3acb64339af12d9e9f6e20c8f.jpg,199,199,578,0,1
train/0199/890db43ee89f446883fed629feaa269d.jpg,199,199,199,0,0
train/0199/8d0cecd9417648918dfd4bf238747939.jpg,199,203,199,1,0
train/0199/9cc754ab4c2b44fb8ddfba56aa70dc77.jpg,199,560,584,0,0
train/0199/a57bd6f2011d40adbadf1b6519d6067e.jpg,199,199,199,0,0
train/0199/ac09829be18f40f69a09c2dcef83e7c0.jpg,199,199,199,0,0
train/0199/b51c235a551944a992fb177de9e10b33.jpg,199,199,199,0,0
train/0199/bcf0cc561dee4fea98be6127e06c1af2.jpg,199,103,103,0,0
train/0199/be9a27bcd59949218977361c9cf574c7.jpg,199,203,203,0,0
train/0199/c5c0b9ccf70e4292b38df818ceda6a94.jpg,199,199,199,0,0
train/0199/c5f08f7044b549819f3886465f961b79.jpg,199,540,540,0,0
train/0199/dde60544607b4741bd8d253d5c96eb48.jpg,199,199,199,0,0
train/0199/ebfac8e8fd21451fa555b0aa7792f116.jpg,199,262,262,0,0
train/0199/f147c1af10804b8d95dfe5ae638c421d.jpg,199,199,136,0,1
train/0199/f576128493344df98b85a3616ffbe03e.jpg,199,203,203,0,0
train/0199/f6f33e09cfcb4ca59c9b248bca8a9d4d.jpg,199,199,199,0,0
train/0200/0bacd93df52c4e11b04a01bd309135e8.jpg,200,200,521,0,1
train/0200/0c14b551bbc7434490dba5a11f6a90c1.jpg,200,200,496,0,1
train/0200/2a299cb8d9d24cc4ad657a761ba784eb.jpg,200,200,496,0,1
train/0200/2b2fb412e046427699c0d13f686348d5.jpg,200,496,496,0,0
train/0200/35420787fe094d57a7c649a42b1020bd.jpg,200,496,496,0,0
train/0200/360857897159473a93b7c48d5b1bf818.jpg,200,200,496,0,1
train/0200/3ffc11fbc25a43cf846c6a90cf1472e3.jpg,200,200,496,0,1
train/0200/498281111b8444ac882195ccc72ea14f.jpg,200,496,496,0,0
train/0200/4c3ab380af8e46299a3414ff3b32dcda.jpg,200,651,651,0,0
train/0200/76af1c619c084927918e1c2317353811.jpg,200,496,496,0,0
train/0200/7aed4658ec09458fa76bec5d341e11f0.jpg,200,200,496,0,1
train/0200/7cd1ac315aa54e1896dd3b72b5d5a6d7.jpg,200,496,496,0,0
train/0200/81f36a3164834f6ca3f59823198e3dd8.jpg,200,200,496,0,1
train/0200/b33ba5fedafb4e75bee92a0bae895826.jpg,200,200,496,0,1
train/0200/b7ad7f734448475cba6426bfa144d096.jpg,200,496,496,0,0
train/0200/cf28790e27e346dc8c90ef3ccb7c724a.jpg,200,200,496,0,1
train/0200/cf7bf09ea397497e9f82bb3ffff7896d.jpg,200,200,496,0,1
train/0200/e44bf7dd3d2f44e995d4fcef73165fd4.jpg,200,496,496,0,0
train/0200/f6f9a905c731453b97e11caa2af840a8.jpg,200,496,496,0,0
train/0201/0498468e8b6849c78ede34042fc9813b.jpg,201,201,201,0,0
train/0201/13ac2f5654324b43903e844088d678a3.jpg,201,201,201,0,0
train/0201/261fb8863cec40199f6bf0eff0dfc8c3.jpg,201,201,201,0,0
train/0201/301e3f2a30c34749829b3fdc0e8fc554.jpg,201,201,201,0,0
train/0201/3313628fde7f46b9945adde87b6d8d29.jpg,201,201,201,0,0
train/0201/351bc090d6104fef93704578cdc85ce6.jpg,201,201,201,0,0
train/0201/40d2d4f6abe3464bb8db74ef8b748f4d.jpg,201,542,614,0,0
train/0201/5ad45a52b30e42af99be6c093f009dff.jpg,201,201,201,0,0
train/0201/5cc04be146a94b8a8ccadc7b96887753.jpg,201,201,201,0,0
train/0201/5d747888b2bf451c9a25656d8c0cfa46.jpg,201,201,201,0,0
train/0201/6540119ffe864824b6523fb1c49cf950.jpg,201,201,201,0,0
train/0201/6abf19c0718743a183fee3f2d8bd5b4d.jpg,201,201,201,0,0
train/0201/73a360e7bdef47a0ac6df65cfaf072e3.jpg,201,201,201,0,0
train/0201/79814bdd93894a73a306e7c8adb76afe.jpg,201,201,201,0,0
train/0201/8f7520aa0096482991ef3c4711099bb4.jpg,201,201,201,0,0
train/0201/a126a1f2cfdc4c198a05a8a15a715cc7.jpg,201,201,201,0,0
train/0201/aff60b146398441894b4d8cfb806a6c9.jpg,201,201,201,0,0
train/0201/c2989a9f01874699a45c00422f2701fc.jpg,201,201,201,0,0
train/0201/c39a76dfe2f545d58f2aed99d8f4ef83.jpg,201,201,201,0,0
train/0201/e042415f0afe4ba98d242a89661e79b9.jpg,201,201,201,0,0
train/0201/e0d99d82483f4960ae76131c2268b75a.jpg,201,201,201,0,0
train/0201/e2eeef2fd7554853824e4b61e820f4e6.jpg,201,191,675,0,0
train/0201/e444405228444bd59e9b69b40a244804.jpg,201,201,201,0,0
train/0201/ea6d5ff767aa44c4a42aa9bb525ca4a9.jpg,201,201,201,0,0
train/0202/0ab16027796946abbc62374a4fdc5b9a.jpg,202,25,440,0,0
train/0202/384fb7c0873c4d9a8724a354e467580a.jpg,202,270,610,0,0
train/0202/4dc06c3446444c9c8e0874b1c70b1adc.jpg,202,591,591,0,0
train/0202/52be1c1b49a943ddb334669eae875e80.jpg,202,202,554,0,1
train/0202/56eaa0b4edc7463e8685af6e9033930d.jpg,202,25,25,0,0
train/0202/69b42a03c17642c4af799e1ea6243fbd.jpg,202,255,25,0,0
train/0202/71009146b28144e785d036e72a5d8a4c.jpg,202,202,554,0,1
train/0202/734888db646c4994be643a0559d5856c.jpg,202,25,25,0,0
train/0202/777b2d904a8a425da908b22fe752dfbc.jpg,202,25,25,0,0
train/0202/7a36120c1a7344188904a83ee929c610.jpg,202,25,25,0,0
train/0202/8410d2706581448d8fc6045fdf1946bf.jpg,202,202,25,0,1
train/0202/8e536b0bbda042b597623d1ace85343c.jpg,202,255,25,0,0
train/0202/93f96d6a90b14ea698d4d4e3edf56c14.jpg,202,25,25,0,0
train/0202/98dc6b2ee9e54c63b18441359e1051b2.jpg,202,202,554,0,1
train/0202/9db1b33a693b47129bdaa39d8c0d2b00.jpg,202,25,25,0,0
train/0202/a378a5e01b4740939288a1220c71b186.jpg,202,255,25,0,0
train/0202/abcbebdfa6784b69ab1cefc5cbd8078f.jpg,202,366,366,0,0
train/0202/aeda18be8d1c47ab9714a7af341256f6.jpg,202,453,67,0,0
train/0202/c2327ccf06494f2a9c64ccdd1ba684da.jpg,202,554,554,0,0
train/0202/c41a5ea1a81d421fada31b87ec333c36.jpg,202,255,440,0,0
train/0202/d070e84afe1742d0aca9ac25bf754b9c.jpg,202,370,612,0,0
train/0202/d905f3c6e6f445c9914491646dad7f0f.jpg,202,202,202,0,0
train/0202/e405a1c91c1f4af391bc793071fe3e86.jpg,202,220,25,0,0
train/0203/0c4fb6f1171f47f2acc63d521ea978c0.jpg,203,232,28,0,0
train/0203/2299aff7b36346dcb3a9df80814dc855.jpg,203,517,517,0,0
train/0203/3089fcf4419b487da3986dfcae9d52f6.jpg,203,232,232,0,0
train/0203/38726c862d764f4598f10a150bd85c27.jpg,203,203,103,0,1
train/0203/46077385a73a490c9e24cd67b59ca139.jpg,203,203,203,0,0
train/0203/62aead36ab2441bdb3a134b054d549d0.jpg,203,203,203,0,0
train/0203/679ba20b1ed54e259f34028ac33b01a1.jpg,203,203,203,0,0
train/0203/74bc0f717998487d809d1d7f7bde900e.jpg,203,203,203,0,0
train/0203/814e3d6b735440a6a9953b9c7b6196bb.jpg,203,18,18,0,0
train/0203/8a008e73cabb4e61bee1f45a922e7c2a.jpg,203,203,203,0,0
train/0203/91d0d6e5352c4117a4db1a5390271a4f.jpg,203,440,25,0,0
train/0203/9376dcb9d5224eb1b6775e27c6556152.jpg,203,203,203,0,0
train/0203/a33e5e05a35545fda82f925e2e7d372d.jpg,203,560,650,0,0
train/0203/a5c74e72954d4e9a9361f7510af435fc.jpg,203,292,295,0,0
train/0203/a73680fbf5524fdf92891066209b168c.jpg,203,59,659,0,0
train/0203/ab7d1e5070474af0a7c304615bca446e.jpg,203,203,203,0,0
train/0203/af734851d5cd488a9d21a3a2a8f09c38.jpg,203,203,203,0,0
train/0203/bfa57e8b12ff45b088c6cddd4f5da8f8.jpg,203,203,203,0,0
train/0203/c1cf0716db994cb1ad6297c8e7dee753.jpg,203,203,203,0,0
train/0203/c71fdef9ccf8401d824eaddeabfe3a9b.jpg,203,203,203,0,0
train/0203/debf5e377dd74d67b7d673267331787c.jpg,203,203,203,0,0
train/0203/dfec02c87ca0457abed9fb7c2e20918f.jpg,203,203,748,0,1
train/0203/e69f81e536ed4466a63ad70a10ac1744.jpg,203,203,203,0,0
train/0203/ee2d2064e57847d6a663ef6efedcd4e7.jpg,203,718,718,0,0
train/0204/008b7db736ca4dbc824cd3665e588752.jpg,204,189,204,1,0
train/0204/0930947a78e2408ea0574948ed8e2f3e.jpg,204,534,534,0,0
train/0204/3b457da4f8cc4fdb9b85a84d47ee3033.jpg,204,204,204,0,0
train/0204/4a17bd3a46bc4f788aafa77f76138c7f.jpg,204,204,204,0,0
train/0204/4b0ec299b1204c1cb95a84c0d9b34011.jpg,204,204,204,0,0
train/0204/51183383277148febd3554bc7773b757.jpg,204,204,204,0,0
train/0204/595249d4e98b413db5aea98282ea3634.jpg,204,654,654,0,0
train/0204/59bf62461b044b0e8b41e2ab6c7dbc0b.jpg,204,204,204,0,0
train/0204/5c02228f43c84618bca474dc342a3352.jpg,204,204,204,0,0
train/0204/5fb2369df8d5480c8d67d92dd41df191.jpg,204,72,534,0,0
train/0204/648f94d0059044c780823ed7c93a0b8c.jpg,204,204,204,0,0
train/0204/6e3dc5ba93b543969bbb2b06fc9e1146.jpg,204,204,204,0,0
train/0204/8ce83942ef3049008cc896392bbfee1e.jpg,204,204,204,0,0
train/0204/91e4b5d7b6a74544a39c4bfb56cfed15.jpg,204,189,204,1,0
train/0204/92444ffbf428492bb0370616cfc054b8.jpg,204,204,204,0,0
train/0204/945f85f3d9174e839206ad3fdf014c7c.jpg,204,369,369,0,0
train/0204/afd40b7c40574e4f8417f42b1942eb3c.jpg,204,204,204,0,0
train/0204/b9eb931b0ee84a25a72352106d590ffa.jpg,204,204,204,0,0
train/0204/bb06a5fd1156426cac4dfa68f40e8c01.jpg,204,204,204,0,0
train/0204/cdac5d2c2506472093ca4e8d298d6224.jpg,204,654,654,0,0
train/0204/e1d9990b95ae4f299dcf86a81b232af4.jpg,204,204,204,0,0
train/0204/ebf7cecf6d024334a918aa91378c2684.jpg,204,254,152,0,0
train/0205/245c90323884446784ed4b748237a7c3.jpg,205,122,499,0,0
train/0205/258a83586786471bbfab4139c9bb0514.jpg,205,205,660,0,1
train/0205/2853f05c3c994a649f8eb845f54281d4.jpg,205,122,454,0,0
train/0205/2aba92e835784188b79769ef52ce6e3a.jpg,205,706,706,0,0
train/0205/36916ef5dd21496c84259ed4e83ec567.jpg,205,89,540,0,0
train/0205/3af0bd095c254dd6840d762c735287bf.jpg,205,660,181,0,0
train/0205/3b1e240a89834b7186c57f9d6bbe44ab.jpg,205,525,525,0,0
train/0205/3e2dabc25b564371ae854f7c3e95f7e0.jpg,205,205,722,0,1
train/0205/3f74d94b9d0848bb86399b09c6331f07.jpg,205,531,725,0,0
train/0205/48fe99916bb74d02a4f5415fdbbfe67e.jpg,205,358,358,0,0
train/0205/511be7dbeb0e42f7936128dca52dca6d.jpg,205,228,228,0,0
train/0205/65418a5939e841bcb1154e9667ee3503.jpg,205,663,663,0,0
train/0205/ae8d86ed8fef460f9db811ce6dd49873.jpg,205,722,722,0,0
train/0205/b978e093e3e941749805bc2660cb2b0a.jpg,205,181,181,0,0
train/0205/d15662efe2a44713b804607cf7dea85d.jpg,205,205,205,0,0
train/0205/d305a2e694134edeb84510eb6a7b8332.jpg,205,97,97,0,0
train/0206/04a9f927d65a493bb57398ccf9f476af.jpg,206,206,58,0,1
train/0206/13d1e66f6fb8464e9c6c297e40d09c9d.jpg,206,206,206,0,0
train/0206/1f08b79b07104d5c86943db601255512.jpg,206,206,206,0,0
train/0206/201944e2ed4f4029aca54ed1541fee0f.jpg,206,206,703,0,1
train/0206/2198b3ab09ba4043a20f93f74edf993f.jpg,206,206,206,0,0
train/0206/2a6bdc609d754c4aabb2e1fc1e387057.jpg,206,206,206,0,0
train/0206/2cc0164bbd784f5f8e632d380046e3a2.jpg,206,206,206,0,0
train/0206/304594da8598408aa6d948ab86c8e111.jpg,206,206,206,0,0
train/0206/32ece77538084440aaae3b8101aaa45f.jpg,206,349,349,0,0
train/0206/4283828ef1204384bb988595d0975efb.jpg,206,127,127,0,0
train/0206/50a49b30a4aa4d35b1cdb89e6b9056c8.jpg,206,206,206,0,0
train/0206/5a635e93f0934802aa77d9a0791ef388.jpg,206,206,206,0,0
train/0206/5c694cb1c51e4bbd92f194cbf46689ca.jpg,206,206,206,0,0
train/0206/5f55268518d54944a5061294bdaec020.jpg,206,206,206,0,0
train/0206/6f7c258aba8d4257b754a1287506bfe1.jpg,206,206,206,0,0
train/0206/73e12693528945a7bcc3ba06dea63098.jpg,206,206,206,0,0
train/0206/7c5c81ff4df14fa7bbf5ecf13d6b32c5.jpg,206,206,206,0,0
train/0206/7def4fd343ca4055a196bd3d5881c798.jpg,206,217,206,1,0
train/0206/8a9ab5f10d6e4c28a19caffef3a166f9.jpg,206,206,206,0,0
train/0206/b7a21b16d7514dd58fe71e87e424c223.jpg,206,206,206,0,0
train/0206/c0b4ba43622a4fa792d0ec8c340fdf76.jpg,206,493,493,0,0
train/0206/c7fd4d4fac9247dabd6dcb1761081d8a.jpg,206,493,206,1,0
train/0206/d9fe891cc4334631a2ccd50df1fe148f.jpg,206,514,514,0,0
train/0206/e36ff2884ed5480d909e2228b1e59c93.jpg,206,206,206,0,0
train/0206/f874ca58d7e1495cbf89438ba8c67a29.jpg,206,206,206,0,0
train/0207/0668711bf6dc4356bc68ef9a61d62183.jpg,207,207,207,0,0
train/0207/126ea528c83b4e4998cdf13f2acca57f.jpg,207,207,207,0,0
train/0207/1b5ded29709342029aaf7cadf2cb26ad.jpg,207,207,207,0,0
train/0207/256e56ddfc8a4ef9bae91f0197fd78f4.jpg,207,156,156,0,0
train/0207/2722bdb112bd43948d4cec0fe45a8571.jpg,207,207,207,0,0
train/0207/2ba09b241d084109b2125a2d4b2ba0eb.jpg,207,207,207,0,0
train/0207/2e7912c1a78d461a8c0eb72a21ad1433.jpg,207,207,207,0,0
train/0207/4d58fc67fc5643e5b49a9c34beaea787.jpg,207,207,207,0,0
train/0207/5997b3e173e1408481c3e31c995e61de.jpg,207,207,207,0,0
train/0207/6d4b2970268140c1965b55cd30a9fab1.jpg,207,207,207,0,0
train/0207/73212413b99c4c3b8cd26a4abdb512c9.jpg,207,207,207,0,0
train/0207/7d89b2cd0b814942ad308b8910f6cd49.jpg,207,207,207,0,0
train/0207/8d605233e51844d185acf5d4a0621e0f.jpg,207,207,207,0,0
train/0207/9ca2706a489b42618f18856e555829aa.jpg,207,207,207,0,0
train/0207/9f9acb00ca994683b4bdee3ff01f4d0a.jpg,207,207,156,0,1
train/0207/b3a003922b72417c9fd6d31c70c5370f.jpg,207,404,156,0,0
train/0207/ba21713453954002b6f21c2a5d445c87.jpg,207,302,33,0,0
train/0207/c6d49e14070e4f8fb3732ba77244b755.jpg,207,207,156,0,1
train/0207/ccfcc2da414e4f0fb5627fb845b8bd9c.jpg,207,207,156,0,1
train/0207/d9e2bfee9e63499ca6917fb2eb2a6626.jpg,207,207,207,0,0
train/0207/f422a821250f4848920b9c19e603c768.jpg,207,207,532,0,1
train/0207/f81403329a474025b13da03bde05c1a2.jpg,207,207,207,0,0
train/0207/f81d635821574755b4dc599c76175088.jpg,207,207,207,0,0
train/0207/fe93705071924ee1977e72d450f5c4a9.jpg,207,207,156,0,1
train/0208/1e94dc14bb3a4d418033850f91009d5b.jpg,208,208,208,0,0
train/0208/28296f1ee5e142e0822f818b42ef0b6a.jpg,208,208,208,0,0
train/0208/2bc878ca807f41d784bb927bf58b6ad8.jpg,208,208,208,0,0
train/0208/386e76d45c994305b7aea7611fd545b6.jpg,208,208,208,0,0
train/0208/39b5bc65e9d7435b89dae39923b15142.jpg,208,428,428,0,0
train/0208/3b55f3d810034ec4ba3dd2a040fa1a0f.jpg,208,208,208,0,0
train/0208/5328e1a22a3b4cce8fdcf01604d7b71a.jpg,208,208,208,0,0
train/0208/547ce27808bc49a6a27dbf52c4fd609a.jpg,208,208,208,0,0
train/0208/5e716bc506bf4d44a8a1ef6ba651ef2e.jpg,208,208,208,0,0
train/0208/668aae6d01d2490f853e06a4d8b5bf77.jpg,208,208,208,0,0
train/0208/72b4e4dadea249e28508108b3e5abfe3.jpg,208,208,208,0,0
train/0208/822442072b644c78a34b013414583e96.jpg,208,208,208,0,0
train/0208/8da04d9e81dd43efb0edf523afe3d0a3.jpg,208,505,505,0,0
train/0208/99d58d79e12c48ae892cbd02f95fe46b.jpg,208,208,208,0,0
train/0208/ac6d7f0031c941f5b78aea289ffe8fce.jpg,208,208,208,0,0
train/0208/cae265a68dce4b0ca24f37467460029b.jpg,208,152,152,0,0
train/0208/cbe961c79dcd4b939ab604129df8f33d.jpg,208,208,208,0,0
train/0209/003a37d8b3144556bff173c0e81bb7eb.jpg,209,354,88,0,0
train/0209/1bc5e6681fae4809be39ffca4cfb877a.jpg,209,209,209,0,0
train/0209/3aba16e17dfd45d1a93e3a04c5a5bedd.jpg,209,209,209,0,0
train/0209/403b5d07fc564ac28ba02d01bb0a6210.jpg,209,659,659,0,0
train/0209/452df4828ed5423483510359b12dbb75.jpg,209,209,209,0,0
train/0209/69100bf2df434b0184674fcfe1d982de.jpg,209,354,354,0,0
train/0209/6ab56273af7a4fdb816a983418686f32.jpg,209,354,354,0,0
train/0209/6d291b03928246d3a115c7a2547610e9.jpg,209,209,209,0,0
train/0209/89011cb7be3942ea97c82bc2c06f65dc.jpg,209,209,209,0,0
train/0209/8ed1f116fa2a4c6e93dfb5a6a3b9f6ce.jpg,209,209,209,0,0
train/0209/adacc3193c354122971c964ea6b7831f.jpg,209,209,209,0,0
train/0209/b3c80d1a80ba4a63b2d5d8de0277e014.jpg,209,354,354,0,0
train/0209/c9789cf7192947d584596c1eaf4c185d.jpg,209,659,659,0,0
train/0209/ca1077e1fd824542a5595162a61e1dda.jpg,209,699,209,1,0
train/0209/d28c0fb5a1a54e539f519a8d9e4824b2.jpg,209,209,209,0,0
train/0209/fc2dd6711ddc4a569901f160c5ba6ac3.jpg,209,209,209,0,0
train/0209/fca36918fa13447f9467f23313864227.jpg,209,209,209,0,0
train/0209/fd7799bdd74a4028aaf942a5e951588e.jpg,209,209,209,0,0
train/0209/ff45fb2edbbd4176809df510478e009f.jpg,209,193,193,0,0
train/0210/2c531dc3788749a99d7ec67b537d9394.jpg,210,60,60,0,0
train/0210/3a301c1c111d473d9c4f7dd76f18d2ea.jpg,210,210,210,0,0
train/0210/4715dfd276bc434b9fd572ec6e505f3a.jpg,210,210,210,0,0
train/0210/6eb8a932ea6f428dbb0b947839cb8864.jpg,210,350,350,0,0
train/0210/744796b1768446348a0c709fb8694b5a.jpg,210,152,617,0,0
train/0210/82c586b0edc141fcbf1909dc5f511272.jpg,210,210,210,0,0
train/0210/856fa7a4a68a470a93aba19aac23dccd.jpg,210,210,397,0,1
train/0210/8b58440c73eb41ecb7424d93848279b7.jpg,210,210,210,0,0
train/0210/8dfe33ed3d464b14863a3f1f07e82636.jpg,210,210,397,0,1
train/0210/c125742319844c5881bd9b0534d913b8.jpg,210,210,397,0,1
train/0210/c38df45e1b8e438d98a407039e6e8015.jpg,210,168,168,0,0
train/0210/cb5386f10dfe4286bc3442a39fc33389.jpg,210,210,210,0,0
train/0210/e3dc4919c1e3493eade177a71c00d1fa.jpg,210,210,210,0,0
train/0210/e980256a11014ebd81eb425823472b1f.jpg,210,210,210,0,0
train/0210/f4ccc6ca6e0741fd9e2f8fd6945539f5.jpg,210,210,210,0,0
train/0210/f863c114015849b6bd868fee814fa268.jpg,210,251,251,0,0
train/0210/fb934126754c44f1a5685ddf470953fe.jpg,210,560,560,0,0
train/0210/ff988934e13d4c75ba7ef049b9ff39ea.jpg,210,210,44,0,1
train/0211/0e82fd2f86d7444dba2ca787bbe9bde2.jpg,211,362,362,0,0
train/0211/1230e141a4674b2b9b8ff9a8480fcfee.jpg,211,211,211,0,0
train/0211/13497a5b8027431195981b651a41efa0.jpg,211,58,58,0,0
train/0211/3d86407ec7a54ad887b810a334292b05.jpg,211,690,690,0,0
train/0211/51c5e96b531c4725a4bcef990d45d778.jpg,211,211,211,0,0
train/0211/63779acd38764d7b93c26828617c61a9.jpg,211,211,252,0,1
train/0211/6d07ddcf85b845f28238ff33321454d3.jpg,211,58,327,0,0
train/0211/9f2935bb117c44409190f00ada49d38a.jpg,211,557,557,0,0
train/0211/c5681b0f774f4eb4af2db755cc76269c.jpg,211,211,165,0,1
train/0211/c5c1f762337642548be41ffed4963758.jpg,211,411,411,0,0
train/0211/c7838af067644d3883a00f6481c35546.jpg,211,165,165,0,0
train/0211/c82a8ffe94a54bdaa192f0b87d7ac764.jpg,211,165,165,0,0
train/0211/d3800fc0fa774f53ae263b4092c1d060.jpg,211,211,557,0,1
train/0211/e150553c7b0941aca8cad6a51a1f9493.jpg,211,331,206,0,0
train/0211/eb1f3e68a9534b04999510ebb825c2a3.jpg,211,389,389,0,0
train/0211/ee597ab6c58b4b16b70c3458ea73c136.jpg,211,244,165,0,0
train/0211/f2404d9158694c9d861e72fd4c356f3d.jpg,211,454,454,0,0
train/0211/f58ee300b3fb4182975b667330e97e35.jpg,211,211,165,0,1
train/0212/06d3b16ea5d144fcba0f680e9b5e54d8.jpg,212,602,212,1,0
train/0212/16778b0802244f68836c43d15ebebcce.jpg,212,212,212,0,0
train/0212/21ec10adc90a4fcb88b96362bb50854a.jpg,212,667,667,0,0
train/0212/31c394edaee345d98b9e6c5824eb139b.jpg,212,212,212,0,0
train/0212/3ed31cf734c74039bf830b4e6d448f6f.jpg,212,244,212,1,0
train/0212/46e54a640e314058b87151eee391c690.jpg,212,212,212,0,0
train/0212/6be22f4b448447c8be67365b94777483.jpg,212,212,212,0,0
train/0212/821fe524aef7483ebcf7bed72e3400cb.jpg,212,212,212,0,0
train/0212/84f81a7b2aa44194bbeac6bb193d95c7.jpg,212,669,465,0,0
train/0212/a0605021dedc4261b168dbfc963b17cc.jpg,212,212,212,0,0
train/0212/a176a1bc81c7488f89f066a726f4b8b0.jpg,212,212,212,0,0
train/0212/b344483749a64def8da9221e0f9d16c8.jpg,212,212,212,0,0
train/0212/b4e048792f884815a540d0089d5a3ceb.jpg,212,679,212,1,0
train/0212/c15aea76d68c466e8c0d62d308829b90.jpg,212,565,565,0,0
train/0212/cd7847031f9b47a5881a762ca7bd4b6c.jpg,212,602,212,1,0
train/0212/dcedd54aa39f4aa5a5e3a15bad179d37.jpg,212,212,212,0,0
train/0213/0375700a04e248059456ae57ce0b907c.jpg,213,598,571,0,0
train/0213/03b04bcd37024563bbe623b966f88994.jpg,213,571,571,0,0
train/0213/0d8224af7dab49768a73c1ec9ccb38ff.jpg,213,69,570,0,0
train/0213/289edbacfa864a25a5d24ebfba7ca011.jpg,213,69,677,0,0
train/0213/2df7b1c0dbad4316b0aa4b8c7d5fb682.jpg,213,196,180,0,0
train/0213/4a28170e7eac4a158641097ec2660a71.jpg,213,571,565,0,0
train/0213/5036324eadf34be6a1675335e5df50dc.jpg,213,213,213,0,0
train/0213/662434b43b754d839737f9452ecbb76e.jpg,213,374,132,0,0
train/0213/7c0bd95a4686472480ac41f71e5d71af.jpg,213,598,556,0,0
train/0213/8069097b05644a7ca561bedea669b5ba.jpg,213,598,556,0,0
train/0213/971dab8139b44a148e2cc41c7e2e44f7.jpg,213,598,556,0,0
train/0213/a765a1f9e11943aaa7750c20c89cf478.jpg,213,598,598,0,0
train/0213/b9d6a8aa62884dc8a3775376e6f43611.jpg,213,571,3,0,0
train/0213/ce1d2aa66c4c475598a4388205d2cc5d.jpg,213,374,613,0,0
train/0213/d5ed95d36fc84c27ae746f833a6554b1.jpg,213,213,213,0,0
train/0213/e840d5b083bb47f080a13c6db274d10a.jpg,213,213,213,0,0
train/0213/e9963a7ae008484cb66a24032c3584f7.jpg,213,371,371,0,0
train/0213/ffe424cfa7d64547879aaf9767fe03a0.jpg,213,598,556,0,0
train/0214/03762fd7616b44aba9ec3e652f6a5f25.jpg,214,214,214,0,0
train/0214/120d70c5faed4a62954f3f4e37b4bb8b.jpg,214,214,214,0,0
train/0214/18b483232d524f538dc0eddaa9743e6a.jpg,214,214,214,0,0
train/0214/1d19853f27574bf0809a4999a16ddbdf.jpg,214,214,214,0,0
train/0214/26ffbb8b6bae4f6ca46b61cfba01248f.jpg,214,214,214,0,0
train/0214/50adb19a8d53424b94bade9615e88165.jpg,214,214,214,0,0
train/0214/551db8cf53ab4fbcabf531c85c3c5c53.jpg,214,214,214,0,0
train/0214/69e1bdd18a9244c9ad649e86915e5a34.jpg,214,214,214,0,0
train/0214/92910ffdba48427f9813c1fc8f477bad.jpg,214,476,476,0,0
train/0214/9be4dcff7e5e4c95b37abd7daa811602.jpg,214,214,214,0,0
train/0214/a8f7838bb0184101b114809f5b551f67.jpg,214,214,214,0,0
train/0214/abeaa0cd28174cb8a7bab2b7e6879ac6.jpg,214,214,214,0,0
train/0214/c1b1420eb7584583a9a48228737127e4.jpg,214,214,214,0,0
train/0214/c538b8f4117547d2b7c05e1771615322.jpg,214,214,214,0,0
train/0214/c705c12cb94e426f930d8bd355e8bee5.jpg,214,214,214,0,0
train/0214/dc05b35480764a24afd266b8dad16524.jpg,214,214,214,0,0
train/0214/dc3204b2661041f9aeee0bacc827ee7a.jpg,214,518,358,0,0
train/0214/e823c63407774eb3804b022f89960295.jpg,214,704,214,1,0
train/0214/ed80d7ada4c649cb927f0fe18e506279.jpg,214,518,369,0,0
train/0214/f174b9aa1acc417c93d963c64b8ff8bd.jpg,214,319,427,0,0
train/0215/10011bae987247afb4b2ca610ae4d5e1.jpg,215,399,399,0,0
train/0215/13b70d6d7761424c8f9c43d80ede1ab4.jpg,215,215,215,0,0
train/0215/29d979a6e7a5454d856191267dd24658.jpg,215,215,215,0,0
train/0215/2fe1f3e4bbd94393bcc4de1262fd68f5.jpg,215,215,215,0,0
train/0215/4b5eb2d843984450963be3faec01e3e0.jpg,215,215,215,0,0
train/0215/51ac8afd0484428d9dfb170b9348b100.jpg,215,215,215,0,0
train/0215/621cc62f4efc4308bfe3854a4a6ff32e.jpg,215,215,215,0,0
train/0215/66bc058b781b4c5aaa165c6d1b5a0d83.jpg,215,215,215,0,0
train/0215/8c5f43bbd1114cf28d8cfdd2e94f326e.jpg,215,215,215,0,0
train/0215/8fb8cffeb1a14e7793433df7eef33bbc.jpg,215,215,215,0,0
train/0215/95862fd955d24b85abff2f3ebb404d9a.jpg,215,215,215,0,0
train/0215/9bf678a235794f94b3297de07e4e36d0.jpg,215,215,215,0,0
train/0215/9ec759619d554629ae6de7ee690f5885.jpg,215,215,215,0,0
train/0215/a1b060d6a60547ad87bffb7b702656a4.jpg,215,215,29,0,1
train/0215/a3e2899ca852486881fa4651961ad611.jpg,215,215,215,0,0
train/0215/d07d2cfe99cc4c7e99900630ce6b1dd7.jpg,215,215,215,0,0
train/0215/d1dc7055c7034b118bf48f5a4ac8a6ed.jpg,215,215,425,0,1
train/0215/d9846da12aa74520851ddcb8ef5c8363.jpg,215,399,399,0,0
train/0215/e38b2d71e3ad46c38719fe6497d30a8a.jpg,215,399,215,1,0
train/0215/e7e83b9ce42743af8e896ca299555ad7.jpg,215,215,215,0,0
train/0215/f14b8dd8561b4a978040a2b267c8d000.jpg,215,215,215,0,0
train/0215/f7fdfc17f53240018d6ed0845ef6d27c.jpg,215,215,215,0,0
train/0216/02c77105194e4257983982be26e370e7.jpg,216,216,216,0,0
train/0216/03aa755506fd4caf96966a87b0d5b7e8.jpg,216,216,379,0,1
train/0216/0d0b474b26d84cd3b98b0b583cb69ace.jpg,216,92,92,0,0
train/0216/1a11dd2d11c4420da8abe9c4da558a45.jpg,216,92,92,0,0
train/0216/1d05b835c9a14788bd90b91669f8be74.jpg,216,338,182,0,0
train/0216/1e1cf1050fff4c7dbc2f7ccdbece74fe.jpg,216,681,681,0,0
train/0216/308da40860294360b5719c4277bc44ca.jpg,216,227,227,0,0
train/0216/68be7cd8ada34aefa53add90605a1cd3.jpg,216,660,660,0,0
train/0216/6d644307141d4452990a8865c3e4dcf8.jpg,216,557,557,0,0
train/0216/77c2ffbc7b384902bd112d267510b175.jpg,216,248,248,0,0
train/0216/86b8057e490049e4b383d0af98587adb.jpg,216,216,248,0,1
train/0216/8b9b470bb5544db5a12fcb925831f8b3.jpg,216,216,379,0,1
train/0216/9757e3387e454c9db4c3ee3d89312f4f.jpg,216,105,549,0,0
train/0216/a190f607ec2240949fe7dfd3f88c7b73.jpg,216,127,206,0,0
train/0216/ca05faf00a6a4ce0ae2b3abf49cd12b2.jpg,216,438,465,0,0
train/0216/cc94fe20e9f1409c88d758b2d9faa81b.jpg,216,216,379,0,1
train/0216/d103234fd9844474a011b09c0df8305c.jpg,216,216,740,0,1
train/0216/f74726b4694443abb61657a0ac1e3581.jpg,216,216,216,0,0
train/0217/1edd54585fdb4d53803f14d109903704.jpg,217,217,217,0,0
train/0217/28b510cfbff043ca97ee8d7efb49aba9.jpg,217,217,217,0,0
train/0217/36c2d32bfe1f487ab6c5e07fd36d87e1.jpg,217,217,217,0,0
train/0217/3911321cca9a4cf2b65e5204ae39fda3.jpg,217,132,89,0,0
train/0217/3c0a9fa9af1547cd82b917ebc2c0617b.jpg,217,217,217,0,0
train/0217/3c416c518a624314975a8dfde152ad05.jpg,217,217,217,0,0
train/0217/473ee3c738cc492ca1f2d3d9fac8c49f.jpg,217,566,566,0,0
train/0217/5705b3fdd24e40b6bfa526e21a6b3e13.jpg,217,733,161,0,0
train/0217/580521e78f5b4382b8f118c0166383d3.jpg,217,675,675,0,0
train/0217/622b9cedceca490a9790d1d9b9180001.jpg,217,217,217,0,0
train/0217/714c4b0f5e824ed6a75538d4d34bb4fc.jpg,217,217,217,0,0
train/0217/7a7bfa3d054e4513b93dd3f940442104.jpg,217,217,217,0,0
train/0217/92cc82cb47bb4561a5a8626e221c710b.jpg,217,217,217,0,0
train/0217/940789cb9ad74c489d08aeb705c07604.jpg,217,108,108,0,0
train/0217/9728bc78b839485385c5396db0430f37.jpg,217,217,348,0,1
train/0217/97e2f707bc7348caa6f6aa6a96f4051b.jpg,217,290,290,0,0
train/0217/a344a8e2f1034955a49bc4848087cc88.jpg,217,89,525,0,0
train/0217/ac95b02413b24a82be921fdd6961f1f8.jpg,217,217,217,0,0
train/0217/b32ae7cb29c74b0899d0ef54c6696738.jpg,217,217,217,0,0
train/0217/dcbef7164811409795b08df72799522c.jpg,217,157,161,0,0
train/0217/dfacdb06b13e404794d6f0c20973d8e3.jpg,217,217,217,0,0
train/0217/e207bc66981c4310907b8c66be03f0b2.jpg,217,217,217,0,0
train/0217/e4e7b070c3fd48eb828fdc4f19eec30e.jpg,217,217,217,0,0
train/0217/f3995d17357a459ea7e4a7472195db92.jpg,217,217,217,0,0
train/0218/0332e001aa654e4694022c4d975d6812.jpg,218,130,582,0,0
train/0218/09bca408b4ff4310a3e7e518a16c9a30.jpg,218,218,218,0,0
train/0218/10df5c7f6ba4420194627c328f0e6de7.jpg,218,218,328,0,1
train/0218/1dad16caf0164ba395ead42012b984dd.jpg,218,500,218,1,0
train/0218/32a14cd18830456d8604a25ebd100f1c.jpg,218,669,669,0,0
train/0218/4204a39d21ec40c9b715f3276f2854cb.jpg,218,218,582,0,1
train/0218/4e08079a7b504934bc7dff7a0e54fd85.jpg,218,218,218,0,0
train/0218/5e36d53b2a624a7484e4f99f62a60fba.jpg,218,218,582,0,1
train/0218/6a19a9bbd1764394b2fb777df49d98ba.jpg,218,564,564,0,0
train/0218/7115f208363a45449fd14a8cc765aec4.jpg,218,500,218,1,0
train/0218/7892846c444c474b8aae3b2486c172bd.jpg,218,218,582,0,1
train/0218/7d2307558edb4cd7a4cd584c1db4a2bb.jpg,218,218,218,0,0
train/0218/84877cc96ba04c8e9662de4f0ad9badb.jpg,218,218,218,0,0
train/0218/9087edf2a81b41e18e4964d55a78c025.jpg,218,218,328,0,1
train/0218/9f9388d6307c4aeea4e56422ec58e914.jpg,218,218,218,0,0
train/0218/b01950d6b3f046f29157569dafa17c48.jpg,218,669,669,0,0
train/0218/befd4b8b14bf45c29812c4a0e5e0ab07.jpg,218,218,328,0,1
train/0218/c8b416c31055468c8079582108ea4f8b.jpg,218,500,500,0,0
train/0218/d97d3a554e8843eab285909137553ad2.jpg,218,218,218,0,0
train/0218/ea3d4f15e23f493e91ebed8151e17a8f.jpg,218,500,328,0,0
train/0218/eb75b3b4707e40b2beb004afcf031996.jpg,218,218,218,0,0
train/0218/fe0dbc63de24406b8cd98c2b294a8b1c.jpg,218,500,218,1,0
train/0219/08250f6313cf4e73a7391ca1541b058b.jpg,219,602,602,0,0
train/0219/0c32f181e4cd4c6a9d88e23d2f6584e7.jpg,219,219,219,0,0
train/0219/213c12190ffe4d4aadb345574e64cf24.jpg,219,219,219,0,0
train/0219/274af0e7c3c54b389297356a29487b97.jpg,219,219,520,0,1
train/0219/3176aea9bf564e90818808be70d18718.jpg,219,219,219,0,0
train/0219/4ea48f4f53d64635aa34ed70e47130b0.jpg,219,219,219,0,0
train/0219/5470c18fa3a54491b11292a3cbb04c33.jpg,219,635,520,0,0
train/0219/5f5aeaec092e49a9bcab5ddeaed06954.jpg,219,219,219,0,0
train/0219/7fdafa3adf97474b9dfcde5611f767f3.jpg,219,219,219,0,0
train/0219/8c93065cc4724979b62ab7c82867ab17.jpg,219,219,219,0,0
train/0219/8f8bf6e8d4774991bf01bde77d8f02b6.jpg,219,219,219,0,0
train/0219/935fe9eac7814a6fabe2ec5b5121027c.jpg,219,219,219,0,0
train/0219/94eca2fb46774e17b03c9267bb26277d.jpg,219,219,219,0,0
train/0219/a5841eae8d5d4554b13ebb733de4952e.jpg,219,368,368,0,0
train/0219/aed9a6854ff8437fb997964665dbf79f.jpg,219,474,349,0,0
train/0219/b68f04c9f7f64e8fb9c742d08d235fce.jpg,219,219,219,0,0
train/0219/be93169bd8d14ef4b2b6926a3063eff9.jpg,219,141,61,0,0
train/0219/e82858631642414f8e4f0ae327ad363f.jpg,219,219,219,0,0
train/0219/f11369d6a31648248a408b96bef4fbfe.jpg,219,27,27,0,0
train/0220/09a8d2eb4e664ceb9ac0bffc82bdad5b.jpg,220,116,554,0,0
train/0220/152cd50471754862bcf5a46240f2753a.jpg,220,25,25,0,0
train/0220/2080bec5ac6b4c1ebc26576c6a58eb11.jpg,220,440,440,0,0
train/0220/20eed8cdefb840e19ee0806664195d5b.jpg,220,229,25,0,0
train/0220/32f95339c4374c4593b1690c4372a362.jpg,220,440,25,0,0
train/0220/3c6770b2df294a3c8dd6cf6372e3f85a.jpg,220,25,25,0,0
train/0220/48c428f82a94499f90ea0cbeda249dcc.jpg,220,25,25,0,0
train/0220/4fd85f9fd70c48fc9702e9a4ba2a7a88.jpg,220,25,25,0,0
train/0220/510b3c4ada2b484c9685dde53fe4b980.jpg,220,440,25,0,0
train/0220/53f45409934640b3b881233745bf2cac.jpg,220,25,25,0,0
train/0220/66fb66080eb247d9a7d5ba5c6a3faa2b.jpg,220,517,553,0,0
train/0220/7b54d9cd6a06444ba8689ff0d7ea67aa.jpg,220,25,25,0,0
train/0220/98fcbfd219b74a7dbf97c7a3d4189822.jpg,220,25,25,0,0
train/0220/bb88c9eda6974bc8a1e5154feaec1a34.jpg,220,25,25,0,0
train/0220/c7309991014a4a268650e418b24087b0.jpg,220,28,28,0,0
train/0220/d21ea62c6d9941719f9ba65702148c28.jpg,220,470,470,0,0
train/0220/d6088fb056054df082d03e701b52874e.jpg,220,554,554,0,0
train/0220/e22e580c63964fedbf26b0a33a1ce669.jpg,220,25,25,0,0
train/0220/e46bb3c485aa4f8897d0960e7dce3004.jpg,220,25,25,0,0
train/0220/f8efd690fc8340e1beb574264764f452.jpg,220,440,25,0,0
train/0220/fc61015ff1f14da29407834f81f49b84.jpg,220,25,25,0,0
train/0221/0af35dc898ac41c0a8a742a6f1c66b7c.jpg,221,245,362,0,0
train/0221/2cfda8d76766443b8116b4667ea72d8a.jpg,221,221,61,0,1
train/0221/2cfe7ba3a65f4b698e897ad7f5162192.jpg,221,221,61,0,1
train/0221/30c4b3bacb954857a2013161defc00c8.jpg,221,327,327,0,0
train/0221/36d7807cc16c4606b47208098c487ec3.jpg,221,177,338,0,0
train/0221/494b93c18853414e82009b6aa4cb6c5b.jpg,221,221,744,0,1
train/0221/5d221843b71f40e4aafb770bb2c2a02d.jpg,221,310,310,0,0
train/0221/650ee026a7114513b21f577c4f64e1f2.jpg,221,71,71,0,0
train/0221/68565c998d774badbae9c08aaf1d2f96.jpg,221,645,645,0,0
train/0221/7b2864001e1d4475b7af1e9d92fbeb17.jpg,221,579,347,0,0
train/0221/8857626c9cd34a0e81823c6388cb64c6.jpg,221,577,347,0,0
train/0221/9057ead56d39419e97fc718a86f56afd.jpg,221,61,61,0,0
train/0221/99a11d26034b469181101afb99d8cca3.jpg,221,61,61,0,0
train/0221/9e7c096a1ea749b39d8d1a4d616b13d6.jpg,221,221,252,0,1
train/0221/a77f631dbeba4bfaa6797af666431e39.jpg,221,221,221,0,0
train/0221/af9880d784624030989ceeb5ea508837.jpg,221,245,245,0,0
train/0221/c6a1aca23a0f44f6b8b45548895ee7ad.jpg,221,338,338,0,0
train/0221/de7fa2deace14228862180dd9c378c82.jpg,221,141,670,0,0
train/0221/f89e12f11fdc4f21a4c618c7c29383cb.jpg,221,362,362,0,0
train/0222/176b29ebb3ec4f889cfbd6117badbc24.jpg,222,222,222,0,0
train/0222/29acf16c33b74929b0b8e0ad5f73f8e4.jpg,222,222,222,0,0
train/0222/2f230d85a6a44feab71fd94c6f20d76f.jpg,222,300,222,1,0
train/0222/3a892f507d4b4ca99e88bbdd8774a91c.jpg,222,222,222,0,0
train/0222/410e9ab70a0f49308b713aa9ad53e3bc.jpg,222,222,222,0,0
train/0222/60c69f9fa51d4b059450f09c046dd21f.jpg,222,222,222,0,0
train/0222/6b9b2e98e6de4ad28a6ecd6c53fc94f4.jpg,222,222,222,0,0
train/0222/6e24ca9e920342babef544ace6625e1e.jpg,222,310,744,0,0
train/0222/7c04d9fa3e8e4afe812690009eab65d6.jpg,222,222,222,0,0
train/0222/7f1ddd2545b64b34a86203d1e1827024.jpg,222,222,222,0,0
train/0222/9c73ed7729914055a1b5ad96cbe91ba4.jpg,222,222,222,0,0
train/0222/a031d4109e70406e8506e5e3fa0ae95d.jpg,222,222,222,0,0
train/0222/a5e1f3f0c8ea43b7bbd0efec2be5b12b.jpg,222,501,501,0,0
train/0222/a8c6ee13c2cf47e2939f893f98d58928.jpg,222,182,749,0,0
train/0222/b92bfc754e034b5e98d0e8b4d4060de9.jpg,222,222,222,0,0
train/0222/fda98c6f22fd42c0a056f599e1f317d4.jpg,222,222,222,0,0
train/0223/09fbae36388747009d8e074c65fc5c22.jpg,223,223,223,0,0
train/0223/0bd9f123f8d846aba86918de629b6ad8.jpg,223,223,223,0,0
train/0223/11af0b5e6d8a44579999f416a45acc27.jpg,223,223,223,0,0
train/0223/190eebd187334c69a5b515526522a626.jpg,223,223,223,0,0
train/0223/1dd64e7f19fd4bd69e39f20e4610a768.jpg,223,223,223,0,0
train/0223/24d88fc564fa48f7a52e4b2315091b4b.jpg,223,223,223,0,0
train/0223/3ecef0f1a98a4d96be92ecffeaf227b8.jpg,223,223,223,0,0
train/0223/570bad774d9845a294a081543eb0ae58.jpg,223,223,223,0,0
train/0223/5f30a9ee4ca8408ab6fd5206e79e90eb.jpg,223,223,223,0,0
train/0223/6257eecdee714a4ea7d7aca041d6edde.jpg,223,223,223,0,0
train/0223/6348b791fc80402b99dfdf56b912497a.jpg,223,223,223,0,0
train/0223/64dba6e675d44df99e64073363d0a695.jpg,223,223,223,0,0
train/0223/835c7210b0d544a092e722366eaffc2e.jpg,223,223,223,0,0
train/0223/beb7590a13b94361a04d3415a0a20cc3.jpg,223,223,223,0,0
train/0223/bf138833d2d44b709dcec066d3dcfd63.jpg,223,223,223,0,0
train/0223/c6ccfadeb34249cc921e2cbc57fea972.jpg,223,223,223,0,0
train/0223/c938c398e72d494fb6b8b63b67c1b321.jpg,223,223,223,0,0
train/0223/d3bf031d8ee74bb69dbce5a6238cef9c.jpg,223,223,223,0,0
train/0223/d821dd027f6b416ba1ede01bb5f1f9a0.jpg,223,223,223,0,0
train/0223/db5e3e4d7061446f9a83abeaf8e7c36e.jpg,223,223,223,0,0
train/0223/e763912e85944ac5be509e669a7d30ac.jpg,223,223,223,0,0
train/0223/eba0fe67f67d400488b844b09a3a450a.jpg,223,223,223,0,0
train/0224/1245fc7233354cf5919f38d190767b8a.jpg,224,59,224,1,0
train/0224/141b6220ba654c3883f335c23b80d10e.jpg,224,229,261,0,0
train/0224/1d6ced24dccc41be82cc014046939993.jpg,224,224,224,0,0
train/0224/2e3c60742a7e497cae34ec47f01d3706.jpg,224,224,224,0,0
train/0224/4e1679d640bd4823b4e9ebefc3716132.jpg,224,203,42,0,0
train/0224/52d48db2dbf646838b00550e56c44af7.jpg,224,224,103,0,1
train/0224/5779f55ca6794eeaae2e160653004558.jpg,224,224,224,0,0
train/0224/64fcdd42ecab45178effa98d3f86db6d.jpg,224,224,224,0,0
train/0224/75e12694d8574a5c92d1bda3d7740ebf.jpg,224,224,224,0,0
train/0224/8bbe5167f8814fda91c30fd869479495.jpg,224,224,224,0,0
train/0224/8c2efdbaae31466ab089a5a81a4d51e5.jpg,224,219,219,0,0
train/0224/90fc77c0c45149c897107b7af591816a.jpg,224,224,224,0,0
train/0224/94782b7733d84ce785b5f5e9f953dc79.jpg,224,224,224,0,0
train/0224/af0770871784422495d1e2f7bdf402d4.jpg,224,224,224,0,0
train/0224/b6c969ea4b74460eae85c2d8998344a8.jpg,224,224,224,0,0
train/0224/be0cae25de78402d88ad73c2407630f0.jpg,224,224,224,0,0
train/0224/cf578609b9ef4654a3ac5ba332053229.jpg,224,517,517,0,0
train/0224/d98b90397fe344d897698eed56606b26.jpg,224,23,23,0,0
train/0224/de607163ee9c4fe0ab4b91502aac5cd0.jpg,224,47,103,0,0
train/0224/ead71c47e1c44f34a9da98269ff331dc.jpg,224,224,224,0,0
train/0224/f4b89e163f89411588dd5a8b35326140.jpg,224,47,47,0,0
train/0224/fa9da890e7b7428e91f74abd862c6872.jpg,224,517,47,0,0
train/0225/1b9b3e40f3c54182be848db94ca0e37b.jpg,225,457,457,0,0
train/0225/32103e97556c4aadb43fbee2f58bf941.jpg,225,225,225,0,0
train/0225/4df24060a2ee4c9a98914d1dc25d0a8a.jpg,225,533,717,0,0
train/0225/5948db92ff3742ba8b7efb34670b9b06.jpg,225,225,225,0,0
train/0225/9e410d6011664589a96b72cfa1e108d9.jpg,225,225,225,0,0
train/0225/aeb204f4a8a94052afebb1a2d83c5bef.jpg,225,725,583,0,0
train/0225/b0e6fbe1336448bca0c19e9598af1b81.jpg,225,225,225,0,0
train/0225/b85e8be00cfb4fa090cd5aba997bc6c6.jpg,225,225,225,0,0
train/0225/c4c9ccfd98d64292b18f4cce0d1065d7.jpg,225,225,225,0,0
train/0225/ca6a705297364a55a7414c0390e6ef43.jpg,225,225,225,0,0
train/0225/cbd18e132ebc43c5b8502c35494bd4aa.jpg,225,225,225,0,0
train/0225/cdd177c2691e4ac4b61d3354e18e2bf7.jpg,225,225,225,0,0
train/0225/dd6e14063f444e6b9abaa0d37a18b5fa.jpg,225,225,225,0,0
train/0225/e0d408b2a6a24edb96ce01fadcb83672.jpg,225,77,77,0,0
train/0225/f9acb415c3474c7885352ab78b520da3.jpg,225,225,225,0,0
train/0225/fe6457841bec49a88e9f21d4531de21d.jpg,225,491,704,0,0
train/0226/0546e38b4d924b0f8930c52782fc16a2.jpg,226,226,226,0,0
train/0226/0c85f9c75cc44da5926e95657577f517.jpg,226,181,205,0,0
train/0226/0d1d5447200d43319671c4f4fc96d344.jpg,226,226,226,0,0
train/0226/15c4d1033ab444369eacfacc0b74c423.jpg,226,226,226,0,0
train/0226/2360658fc87142b196bf4f555c72c81e.jpg,226,599,725,0,0
train/0226/285168947b624e49bf44ddb6778d8027.jpg,226,259,259,0,0
train/0226/3b5a3bfe036d49628f76974d422ca4ca.jpg,226,226,226,0,0
train/0226/5548d404177041aaaeb0af7b6eeedf02.jpg,226,226,226,0,0
train/0226/6b378392ac1846ac9bc346d9ec28ae66.jpg,226,226,226,0,0
train/0226/6c1e998f3df240c9bf2b8354de671608.jpg,226,226,259,0,1
train/0226/6c7b751904c848c68bf0f5c9f06e23e7.jpg,226,226,226,0,0
train/0226/7a02e453a0ad4d008e8580e275fcfd65.jpg,226,389,389,0,0
train/0226/7d93b79c66cf4b5689e3b6bff42f261b.jpg,226,599,599,0,0
train/0226/83ee0f82c7cf49e78dacd6204ea04cb3.jpg,226,226,226,0,0
train/0226/8d013fb212fe4490967816076ab39be1.jpg,226,226,226,0,0
train/0226/91ab19f814074f5abcdf0b223dcff80c.jpg,226,226,226,0,0
train/0226/9950531fab4047b1b3e010b9691334d3.jpg,226,311,226,1,0
train/0226/b19ded91d3da4987bf2ca27b5cc06448.jpg,226,226,259,0,1
train/0226/d4d1e91cdccf4d829c347b6e5a995a18.jpg,226,599,599,0,0
train/0226/e91c757a36a749ebae82045843a48257.jpg,226,226,226,0,0
train/0226/f875e293871a4ca2907462cd0b5687c2.jpg,226,226,226,0,0
train/0226/fc77985fed4e4de58da63bb3439842cc.jpg,226,226,226,0,0
train/0227/00bbd471b2154ab0afd62c299b08f973.jpg,227,227,227,0,0
train/0227/16301299836843989bb7dbbd66d982e4.jpg,227,227,227,0,0
train/0227/16c3267a05f34e7980bf6a41d121abfd.jpg,227,227,227,0,0
train/0227/224161788514469397c892d76aa61274.jpg,227,227,227,0,0
train/0227/270133096b04448db9bd46ae94a01705.jpg,227,227,227,0,0
train/0227/33a9091b56dd41e5bf23345fbceadb02.jpg,227,227,227,0,0
train/0227/392dabfb25864ae6aad3d3afde62e139.jpg,227,227,227,0,0
train/0227/41e50879529444f89690d85b58d91221.jpg,227,227,227,0,0
train/0227/5c4a8e56d4704adc81853ceed13b41b7.jpg,227,227,227,0,0
train/0227/7f2318c154874f81ab8068690405c1b8.jpg,227,227,227,0,0
train/0227/8093550f68ff4f3698e511b7501a1b33.jpg,227,227,227,0,0
train/0227/a63f15f158c14811b200b8cf53e16d3a.jpg,227,227,227,0,0
train/0227/aa83574e959648fbad8f57ad85d98da5.jpg,227,227,227,0,0
train/0227/b54231e61e934e858cd2b89b96556a85.jpg,227,227,227,0,0
train/0227/b63e611feb974015852ae4ddb1e29f25.jpg,227,227,227,0,0
train/0227/c5c431ab0db14585b32dee6bc9509aef.jpg,227,227,227,0,0
train/0227/cdcc0a56d30541c4ba232d81dc5e5d97.jpg,227,227,227,0,0
train/0227/d8bd81281fef40dcb8e70b0f5366cf8f.jpg,227,227,227,0,0
train/0227/d91ff26acef94a368f56f982cd0cf439.jpg,227,227,227,0,0
train/0227/e0ba20468dd34a658667d7c8859d9fa4.jpg,227,227,227,0,0
train/0227/e2d89d37bd724df696d6ce95e40558b1.jpg,227,227,227,0,0
train/0227/e4cc601e3e1b411994bcc7cfcc5598e0.jpg,227,227,227,0,0
train/0227/edff0cb8bf3844d3bba80b45368a58fb.jpg,227,227,227,0,0
train/0228/0104a42c903c431ab1aa180c7e44145c.jpg,228,673,673,0,0
train/0228/0980e1cbf0c1459681f158ac12c0c932.jpg,228,129,129,0,0
train/0228/0dd9f2a40e13486e8d2dc1150508cb5c.jpg,228,173,173,0,0
train/0228/30de701c3ca64189ba12b4b0dd157829.jpg,228,228,599,0,1
train/0228/45ad1eb4efa84bc0b53f9020678de589.jpg,228,87,87,0,0
train/0228/57000aced0c849bf9aef10311159045c.jpg,228,228,546,0,1
train/0228/636c6c73c0e54d178c4738414797345d.jpg,228,226,722,0,0
train/0228/6aa5d8c88ab64b419373ac8128e9882e.jpg,228,331,58,0,0
train/0228/780bbe03a7bb411a968eeb511d7d2c83.jpg,228,228,228,0,0
train/0228/9fd98cb13c514074918de774dfbe7544.jpg,228,228,681,0,1
train/0228/a2518d04adbc465eb6ed54c1a03af7f8.jpg,228,228,599,0,1
train/0228/a934d89c6b6e4d008c7a9278f3cd87db.jpg,228,228,173,0,1
train/0228/abda95865b524caf8b65bd858ee4bc68.jpg,228,228,466,0,1
train/0228/ad4d97b72efb4a57aafb37d7175824e1.jpg,228,466,466,0,0
train/0228/b31f5338deca4289875f8c1aec97ba11.jpg,228,673,58,0,0
train/0228/bb3c671c70d94c56acce129115166a44.jpg,228,112,369,0,0
train/0228/bef2a178714846b48a3bc8139932e6a3.jpg,228,514,514,0,0
train/0228/d1fd1c05be2844f0a7425fbb13a0186a.jpg,228,228,228,0,0
train/0228/d49844264af34591bd5f8eb12ca317fc.jpg,228,173,173,0,0
train/0228/e3a8cd89f4154708bbb9b34f490cfcbc.jpg,228,173,173,0,0
train/0228/e73e21061a4d4a7c9ad84fd1ef80207e.jpg,228,228,228,0,0
train/0228/e89c5473652846609d49a3a081d43b96.jpg,228,583,181,0,0
train/0228/f15f3b88fa24474881a00b5faeeb0a5e.jpg,228,228,228,0,0
train/0229/1b57b60641114d4b94371b0111ad470d.jpg,229,591,672,0,0
train/0229/2dfc1154fdcb4c43bd278a385e1d3c05.jpg,229,229,229,0,0
train/0229/2fae8ff5f1754809b8f388884c01816b.jpg,229,366,366,0,0
train/0229/3109d5c66ed14f28aa95497229e422d3.jpg,229,229,229,0,0
train/0229/4dade94a00fe48b993dd45398cf85630.jpg,229,662,517,0,0
train/0229/59bd79b08106432c967946e60c10c5d1.jpg,229,517,517,0,0
train/0229/7f42797db6cb49f99091efc2050a40b4.jpg,229,229,229,0,0
train/0229/88a52e2fc20d4ff29489ba89c8aa3108.jpg,229,662,662,0,0
train/0229/8d05054369ae4f818ac6ae27a0474f29.jpg,229,662,662,0,0
train/0229/a586205e1dd74d6fa8438f8c212ee342.jpg,229,662,229,1,0
train/0229/cba3550de86a4df2b0d93794a7425553.jpg,229,440,25,0,0
train/0229/e16cae78f15649d9b3586a1a864555c1.jpg,229,662,662,0,0
train/0229/e73ad050c3a3487693f2638582a8fbb5.jpg,229,662,662,0,0
train/0229/f950e6dba0bf4c79912dbf0c79eec70b.jpg,229,229,229,0,0
train/0229/fcf136c636014d968e5bd6ccc962d3ae.jpg,229,229,229,0,0
train/0229/ff9137683a724027bd1cb33dafc8033a.jpg,229,662,662,0,0
train/0230/116e7f0d9a8a46f1bda2452cb833d992.jpg,230,230,577,0,1
train/0230/14678bb4d788445d9cb529c603b7cfd5.jpg,230,230,230,0,0
train/0230/17fc7de978e0436baa9c1c1e6001bb3d.jpg,230,230,230,0,0
train/0230/1e9f095875424d10bba94ca59fa978bb.jpg,230,230,230,0,0
train/0230/5356895447aa4c629a1ef611d8c071b0.jpg,230,230,230,0,0
train/0230/5b4c3e56e2ec449b90c0b399cab41253.jpg,230,230,230,0,0
train/0230/62e82c88121b4b3988998a8677861839.jpg,230,230,230,0,0
train/0230/6fce3f39410b4f9998c4d4d7b2817126.jpg,230,230,230,0,0
train/0230/71dd8f3812864da7b361359ed3172de7.jpg,230,230,230,0,0
train/0230/7b49cb86947941d0b48d7f008c180dfc.jpg,230,230,230,0,0
train/0230/855e19c83e9d417eb3c14c191563122e.jpg,230,221,230,1,0
train/0230/8a90de1f2ea04d05929c3044e19ac6b7.jpg,230,577,577,0,0
train/0230/906c4b15c3aa48518ccc29b27a67ce39.jpg,230,230,230,0,0
train/0230/9a37dd1986a24efb83c70a498bb96434.jpg,230,230,230,0,0
train/0230/9ae2121f118c4210a5cfbc193aafbd49.jpg,230,230,230,0,0
train/0230/a1a6a575061e47bca6725b0976f61a13.jpg,230,230,230,0,0
train/0230/a6eaab9b21d74fc9824d73e7649b1b26.jpg,230,230,230,0,0
train/0230/ad5789c9727d45d1b25da14bc0d6f62e.jpg,230,230,230,0,0
train/0230/b3a6064d52584939ad9c3da3908d3bf5.jpg,230,230,230,0,0
train/0230/de3b44b760784584b3e1c14e7f6d857a.jpg,230,577,347,0,0
train/0230/e050398f052245b099ab3f2830d5c8fd.jpg,230,230,230,0,0
train/0230/f508d68a48244294a0502b13af997731.jpg,230,230,230,0,0
train/0231/2be6ed7ac3c3416a90afb8784f48490f.jpg,231,231,231,0,0
train/0231/2c0c421f20be4cac9bb2cd9e61ac0d45.jpg,231,231,231,0,0
train/0231/31a67fc3c9584d0693bf833b32d88589.jpg,231,231,231,0,0
train/0231/51d7036c418d4eccb8b947c85eaf0ae7.jpg,231,231,231,0,0
train/0231/8f7238b0e86848e4b9a52f055c5db16f.jpg,231,231,231,0,0
train/0231/a182238642964c968aa3b07e946dcd90.jpg,231,231,231,0,0
train/0231/aac53a4b85234292bc1a505424ad1036.jpg,231,231,231,0,0
train/0231/b6f1627039604fa89d8d0e7187f3c919.jpg,231,231,231,0,0
train/0231/be66972967904a2096f5c03f6dc91336.jpg,231,231,231,0,0
train/0231/c4fb683807fa4742bd612b97e032772b.jpg,231,277,277,0,0
train/0231/c93b89738ccc4e6ea0dcd3deded80d7e.jpg,231,65,65,0,0
train/0231/ce28aa5268f64f6ca7ba61be58380361.jpg,231,90,90,0,0
train/0231/d83f6c4d1aa7479396e3c0c775113b98.jpg,231,231,231,0,0
train/0231/f074454243df4e0ab2ef24fa9ec05594.jpg,231,391,391,0,0
train/0231/f176f98f52a542edb0b8b1bc9f41d60a.jpg,231,231,231,0,0
train/0231/f44f16ec98ad413588e992a35bc4b50f.jpg,231,231,231,0,0
train/0231/fff1dac970f3481880fb327d96bbea54.jpg,231,231,231,0,0
train/0232/073cf67ff5ad4252be98354e0d92b59a.jpg,232,310,142,0,0
train/0232/1c95c65e7547488c919fa27f313a7f2d.jpg,232,58,58,0,0
train/0232/2c17c50cdfd34a32a856f82ad3cc0328.jpg,232,97,52,0,0
train/0232/37d2daf89fdd46e7b0cfe8cdbaa75860.jpg,232,206,703,0,0
train/0232/40dc0794bcac4b17b00ed846f2a99d37.jpg,232,63,63,0,0
train/0232/4b5347f44f104955adaabf2a6e46d35b.jpg,232,108,108,0,0
train/0232/5b0da5847fa14568acd7bb51e966a89a.jpg,232,245,7,0,0
train/0232/6779f3befd2e461881dead58fa04909a.jpg,232,197,197,0,0
train/0232/70425bae05ae46118d40279bb426ed8c.jpg,232,48,246,0,0
train/0232/823f5446b87341d489db0c58f2ef183a.jpg,232,52,52,0,0
train/0232/84ffa28ff8ae43c88b2ce2fcc236d782.jpg,232,165,165,0,0
train/0232/8b8002590dbf44a782d2473a0921c407.jpg,232,565,565,0,0
train/0232/9b6d94215a0f4743822d90b133d6d897.jpg,232,232,232,0,0
train/0232/ad1543f158e74aaf8d56c32b68b16821.jpg,232,98,98,0,0
train/0232/b680d41d2d5a427d955b292c4fec1b50.jpg,232,37,447,0,0
train/0232/b7d380dc344f4b2691984590a59c9277.jpg,232,566,320,0,0
train/0232/c35bc0891c184070bd03240fb3a6c856.jpg,232,311,38,0,0
train/0232/e0baafc3a0324f35b93c8cddc6431439.jpg,232,595,595,0,0
train/0232/fa6dbaccf8314ea5b7467dfc3624966b.jpg,232,383,383,0,0
train/0232/fbb5f3b13a8c4a71a26331aa5eda654a.jpg,232,577,577,0,0
train/0233/07ceef2c208a44fd87a3d70c9fa894ee.jpg,233,233,233,0,0
train/0233/30ee5d5cb52b41c7a5c783a9dbadeb81.jpg,233,233,233,0,0
train/0233/31570c81b5c24e7f9126c34c0efbec4e.jpg,233,551,551,0,0
train/0233/35b7d26e7a904ec5bbdf9d1ff9a831e7.jpg,233,233,233,0,0
train/0233/3c2e6fab60c44a958d32f9d194d44dca.jpg,233,233,233,0,0
train/0233/3de068f3112540ac8534dbd10cadbbbe.jpg,233,714,274,0,0
train/0233/595cfb1fff01441a8c89c81173a91804.jpg,233,233,233,0,0
train/0233/5c55eb1ce82747a19799f812b018174f.jpg,233,466,466,0,0
train/0233/729ed958ab9e44f492ee2043aa475c9e.jpg,233,233,233,0,0
train/0233/7b5b2314dff54cf5b5011767252ec7d8.jpg,233,233,233,0,0
train/0233/81848573dd37475a83734ee1a9741271.jpg,233,171,233,1,0
train/0233/89acdce3f90a44f0920162e2ecf420ae.jpg,233,233,233,0,0
train/0233/94aadcfa8c05425da68ee6c13a421af5.jpg,233,276,276,0,0
train/0233/94db373422df412a953ccf8fa90f69b9.jpg,233,233,233,0,0
train/0233/9cc4c426f30b44519d9cf251b75289ed.jpg,233,233,233,0,0
train/0233/afc1d99d688940ad939193363b5f7a0d.jpg,233,233,233,0,0
train/0233/b06083c0cec749b7bfa8ff57fa4163e2.jpg,233,107,107,0,0
train/0233/b39e74f749284e548fc011dc4dc5dae8.jpg,233,139,233,1,0
train/0233/c459e84c326d4973a426241e422c411a.jpg,233,676,173,0,0
train/0233/c7466acc1ee5405fa87bc6d2d24aa767.jpg,233,233,233,0,0
train/0233/cb0dfc9559824759835712f0059c22ff.jpg,233,80,233,1,0
train/0233/dda25fc215c84e9086f204990eba7e36.jpg,233,630,334,0,0
train/0233/eef9920a020a4c1a8f5c44938120a5be.jpg,233,233,233,0,0
train/0234/0be12b27069040fba29e2086767154c5.jpg,234,380,16,0,0
train/0234/0e6a61aae21d407583ac2dad21700786.jpg,234,539,234,1,0
train/0234/21fbc75726274a1a846e85e735f2b814.jpg,234,539,234,1,0
train/0234/247d888a1c5a4393925f74800f5ec835.jpg,234,539,234,1,0
train/0234/2a4d70ec97094152bc46a87a37132d89.jpg,234,580,234,1,0
train/0234/32d7950a41924537a638da5856f2ca8a.jpg,234,303,580,0,0
train/0234/427ddefebb1c484b9b2d9d7f42f5cd9b.jpg,234,580,234,1,0
train/0234/4401de205897487ca5d9bc902a783716.jpg,234,380,580,0,0
train/0234/4b1a5a47b598442681d9a2ce86eac40b.jpg,234,234,234,0,0
train/0234/5e49f29fdd0744a68ec5ed585a21a6ee.jpg,234,380,580,0,0
train/0234/6172adf2070d433aa9dca58569b1a781.jpg,234,580,234,1,0
train/0234/79ec1d48e9574159a2db9e4ff96d646c.jpg,234,580,580,0,0
train/0234/83fae9b22cf64a5d836010bb13a0f26b.jpg,234,539,580,0,0
train/0234/8686cfd715f34e068596d8534c8a3ad7.jpg,234,16,234,1,0
train/0234/940c40a6caf1480194d7d9bc5439a440.jpg,234,532,12,0,0
train/0234/9737a28dbefa41dd8241b1906ff889f8.jpg,234,580,234,1,0
train/0234/a28827f492834c0ab0ac529cd3b798aa.jpg,234,580,234,1,0
train/0234/b6987a5055be42bdb136e831f14cb8d5.jpg,234,580,234,1,0
train/0234/bf55fe88226d4d2a994c0cf48d109f9c.jpg,234,580,234,1,0
train/0234/cb8f176fd9f54ceab211420d617bb10a.jpg,234,16,234,1,0
train/0234/d180d2bdbcf54394b52ea6137eea1953.jpg,234,580,580,0,0
train/0234/f068ecd85b7148148b0e2e55dbbe4332.jpg,234,16,16,0,0
train/0234/f8ed944cf3b54841a9c366dd17125e6f.jpg,234,234,234,0,0
train/0235/06ad8bc88a3e4776b1d2f1380ca9d1b4.jpg,235,235,276,0,1
train/0235/0ca317cef9d847ae9c82a6200d8f91a2.jpg,235,722,722,0,0
train/0235/1b35bf821f6e4481aafd848b62a80e90.jpg,235,235,235,0,0
train/0235/202142ce778c48a6b83f2bca009755e8.jpg,235,235,235,0,0
train/0235/28e8ebecef3c4320ac750577c9187dba.jpg,235,235,510,0,1
train/0235/2ea2133d77da4ba59c0e6ed4e96c20e8.jpg,235,235,276,0,1
train/0235/2fa5ce7f4b2d47e185f22aab4e5333c0.jpg,235,235,235,0,0
train/0235/41cc703367cd4f5fb6f1c8f94db96b0c.jpg,235,235,276,0,1
train/0235/481a43d5ea4e401392548314c607e1bc.jpg,235,235,276,0,1
train/0235/491a15cd3af2410dbfc94eab3b45d88e.jpg,235,510,510,0,0
train/0235/549e50ca2451461ba5ed95faac04584e.jpg,235,608,9,0,0
train/0235/55145d70d1974e11b897d536b4575590.jpg,235,235,510,0,1
train/0235/5af3b3d39869444b87e1ac556aa481a0.jpg,235,423,569,0,0
train/0235/7e41dbc3746c4d3ca456ff6695a24bbe.jpg,235,235,276,0,1
train/0235/8b5c48d8481545bfb68f6a880e48005f.jpg,235,98,152,0,0
train/0235/9208d47bb6a04ee280a13c8d24941e83.jpg,235,235,510,0,1
train/0235/9d4ad5a31243486286d1f37e3d770751.jpg,235,181,464,0,0
train/0235/b23aac3a4f214447b59121e3032f18c7.jpg,235,107,510,0,0
train/0235/cc5175f8e8b14e81bbb6678b6dfe0f0f.jpg,235,510,510,0,0
train/0235/e8c6cf416cef4c17ac0ff579edecc0f8.jpg,235,63,63,0,0
train/0235/eb075f02fae1486b8c399fe70c5777d4.jpg,235,553,553,0,0
train/0235/f92d3a9c1e5a42b1bbfa42e28cedca86.jpg,235,732,732,0,0
train/0236/2282f5b2df6742b79189af98d2ebcd97.jpg,236,695,695,0,0
train/0236/2d9e11816b814cd981e2ba8907a1f404.jpg,236,696,587,0,0
train/0236/4643e6482a7c4b0e95389b55e287765c.jpg,236,740,212,0,0
train/0236/4e5f7282eaf04eaea8040d6720fcef33.jpg,236,236,236,0,0
train/0236/513877df4c75454790e5a5a5da83d010.jpg,236,635,576,0,0
train/0236/542f1712327c446fb53aa1fc1c887d1a.jpg,236,127,127,0,0
train/0236/64c0d00b2ecc49c99e101a83b5a13686.jpg,236,216,216,0,0
train/0236/96628490958d4989b5cc0291a2f2e253.jpg,236,635,520,0,0
train/0236/96a4dafe151c4e64951b5a5a9bd11783.jpg,236,219,441,0,0
train/0236/a86214cb1b774b0db20a1b8f0c01624e.jpg,236,232,232,0,0
train/0236/ac98c3d815c94159a25469f10d7b2f04.jpg,236,43,43,0,0
train/0236/b25a3d4371374e46b10d4c56eab9f220.jpg,236,232,232,0,0
train/0236/b80de6ec20464a86bb3dbc68397858d0.jpg,236,232,28,0,0
train/0236/b95a8224c8ae4d6782a4040af8b09ff4.jpg,236,592,592,0,0
train/0236/c0c0e32bbb494b49b3f45dd234fb408b.jpg,236,206,206,0,0
train/0236/c340c09c4da141c0bf2610226925ff6f.jpg,236,217,217,0,0
train/0236/cf2cc21f3d9e4f859bbd62b111c8017c.jpg,236,211,212,0,0
train/0236/d65c53a9e1624629aae68c2123e3ae18.jpg,236,232,232,0,0
train/0236/dd646362c86b4166a7d6429aa3686333.jpg,236,216,236,1,0
train/0236/e076068c431f495aa735742c340a0447.jpg,236,514,514,0,0
train/0236/e216b8d0235a47208f402abc3dacaa34.jpg,236,349,349,0,0
train/0236/e9798fbe13294214b1da85c51bfb7be6.jpg,236,661,661,0,0
train/0237/2154cd2ae28549f7b22c88dea1594d7d.jpg,237,499,722,0,0
train/0237/3166e25d5d8c4cfea131127caf7d7f8f.jpg,237,599,134,0,0
train/0237/4587422f9f7745c38f3d3216407641c3.jpg,237,465,680,0,0
train/0237/5d8a6399493440b792c58c1e82b501d9.jpg,237,237,237,0,0
train/0237/6e29431ddfd246b598135934a2cffd07.jpg,237,237,237,0,0
train/0237/894cb53df00e44cf8f6989197da6a76c.jpg,237,237,237,0,0
train/0237/8e67b024fb7c4fd8ba19bd686914ba91.jpg,237,237,237,0,0
train/0237/a2668c446cf44ff3a2ba981bd7631d17.jpg,237,237,237,0,0
train/0237/aeaeae169b9c4dbb8a47d3e4105a575d.jpg,237,226,237,1,0
train/0237/bb569d1001704e44b72d5346f29595df.jpg,237,237,237,0,0
train/0237/bd104a4bbc7c47978543269933e15be6.jpg,237,722,722,0,0
train/0237/bf1f7d1ffe5a49f4ba08a3e62edd3fa6.jpg,237,237,237,0,0
train/0237/c6ed7882a7604db8875eeea20dca42af.jpg,237,237,237,0,0
train/0237/ec16f4b484424ff88f2209708a704c23.jpg,237,226,226,0,0
train/0237/eda11e7225ee42a298c6fab98a972f65.jpg,237,259,259,0,0
train/0238/03142c99a39c40a8b8f4d0f6c180c077.jpg,238,63,63,0,0
train/0238/0575e9266d16448aa07d0f71e18fe5bf.jpg,238,238,123,0,1
train/0238/1fd8501906da4778821b543877dee2da.jpg,238,726,726,0,0
train/0238/3a08e59e23b44f5c940b8a5d49ae40d4.jpg,238,238,238,0,0
train/0238/4a106201d51a411997699f74c1d24a18.jpg,238,63,63,0,0
train/0238/602519c031a54d98928ab9423190b552.jpg,238,372,372,0,0
train/0238/7682fdeb9f744cc19903d8855fa89777.jpg,238,63,63,0,0
train/0238/7e14b175f9a542bfa635b666ad5e8177.jpg,238,51,51,0,0
train/0238/8c79d719870b463a90dea43a349c49ae.jpg,238,63,51,0,0
train/0238/a25070ad44f54131b50d07ce6589ff71.jpg,238,63,63,0,0
train/0238/a7aee55cb7944839a9cb8c4be0d3339c.jpg,238,63,51,0,0
train/0238/af6259cc15f143eb98e54813efbd3534.jpg,238,509,509,0,0
train/0238/c6927054696744e6a13557462e491ce5.jpg,238,69,691,0,0
train/0238/c7ecc029fdde41809ad68d9fa706c8c5.jpg,238,732,123,0,0
train/0238/d017c71553b94664991f3a7534e98fbe.jpg,238,63,63,0,0
train/0238/d890ab4e8dce40f886b5269f4c082634.jpg,238,238,476,0,1
train/0238/e24ab64503aa40dab08fbb54b8c6db17.jpg,238,63,63,0,0
train/0238/efbaac7684d742a9a1cd48d24d07fbdc.jpg,238,121,377,0,0
train/0239/0df277d0d9f644f4a2eff9ef2c0db1bb.jpg,239,10,10,0,0
train/0239/0e74952a911e42388e76f12d3de10f3c.jpg,239,171,171,0,0
train/0239/28484c438cfd497584415e31bcd45e72.jpg,239,172,402,0,0
train/0239/2a460f98aace4527b6f51fe663a099d0.jpg,239,733,733,0,0
train/0239/32a3892c6b5348ed94b40bedad594fa3.jpg,239,239,321,0,1
train/0239/394601acd75646fbbc11e3e12830ef68.jpg,239,629,629,0,0
train/0239/3b7125d6e11e4b00a3b7714eb9c2c10b.jpg,239,239,239,0,0
train/0239/3d5ccd18a7864af7a925af8f7c665bcc.jpg,239,171,171,0,0
train/0239/40211ebd168f44e887ff1b8c7e4b3cf8.jpg,239,423,423,0,0
train/0239/419448c7e7ec4f93b16f628833ca70dc.jpg,239,171,171,0,0
train/0239/47ea5f04e9bd44c8963525cee6f41302.jpg,239,151,151,0,0
train/0239/4cfa3df0dccc440c8bdb48f9ac299f25.jpg,239,239,239,0,0
train/0239/7066039c779443b78cbfdd13713965aa.jpg,239,171,171,0,0
train/0239/8a4c278624b848ff81f0cd4a9f7408b5.jpg,239,482,239,1,0
train/0239/95d38b05c2584190852098da39f65da5.jpg,239,423,423,0,0
train/0239/c4d227d922d743afbea066c473d5bf7d.jpg,239,402,402,0,0
train/0239/c85dfbada2634dd980cdc1fc423b14dc.jpg,239,239,239,0,0
train/0239/d0bede0a711448eeb7a7498d392ebe9c.jpg,239,239,423,0,1
train/0239/d449928b9baf4b08b03ecbe49242201e.jpg,239,21,21,0,0
train/0239/d9f88f2a2a67459c8115994c62008dad.jpg,239,21,21,0,0
train/0239/dbafad42ad3b4b528434e388c0bbcf71.jpg,239,629,604,0,0
train/0239/f1edb140cad94bec95d95aff2aff4a37.jpg,239,239,239,0,0
train/0240/1d102efe8f08445ebb9fdddf3dd72028.jpg,240,240,240,0,0
train/0240/23e78dc827434218a7ccaebec08ae2af.jpg,240,240,240,0,0
train/0240/2ae55407b7124c4e9b85f5e8dd3451d5.jpg,240,659,659,0,0
train/0240/346983f1dba746779dafae9ca1f36512.jpg,240,240,240,0,0
train/0240/356a13c0d20142dfb46f5c692e362d89.jpg,240,240,240,0,0
train/0240/474273d49c0e4f2cb5c95f73fb23544b.jpg,240,240,240,0,0
train/0240/4af28fac18bb4d9cbeaff8f83517ce60.jpg,240,240,240,0,0
train/0240/4ca4217d81f94776a127b9ade347b6b3.jpg,240,240,240,0,0
train/0240/5313679a60d94d2f8946a27ef11e2b6a.jpg,240,240,240,0,0
train/0240/5db3da6579154788850f53679a9ca911.jpg,240,240,240,0,0
train/0240/901170a0015048ee8190adb59b6bb72e.jpg,240,240,240,0,0
train/0240/909a63ad54d841de9e37d35a9e6e7155.jpg,240,240,240,0,0
train/0240/911d542c07324d1dae37eb3700194e70.jpg,240,240,240,0,0
train/0240/9bfb51b1c30f4e4aaa8a27cc45f74e38.jpg,240,240,240,0,0
train/0240/b1ce286ddf9d41d982f664a81e61f3c2.jpg,240,240,240,0,0
train/0240/c45b1a64471a4ec397025347f615a1f9.jpg,240,240,240,0,0
train/0240/c5eec3c150de4d0dbbb102478ec4fcaa.jpg,240,240,240,0,0
train/0240/d586b9562bbd4e78aaf69e84a8a25d44.jpg,240,240,240,0,0
train/0240/d8981a7d6a6141e6a5b745ec02dcfb16.jpg,240,240,240,0,0
train/0240/df91f05fa01d413e85b88ac0d6046807.jpg,240,240,659,0,1
train/0240/e5b011b6d73740218aee553756996bbb.jpg,240,240,240,0,0
train/0240/f2aaea652081406d813aa2c5ef0c7f55.jpg,240,536,536,0,0
train/0240/f7755989f0f54c59bd84a0823883504b.jpg,240,240,240,0,0
train/0241/04830e6ff669411d886fec572102d956.jpg,241,241,241,0,0
train/0241/08fb99463ca14e918b1e2645fee896c3.jpg,241,241,241,0,0
train/0241/19e811a9c4c640e3b30a17bcda5ee8c1.jpg,241,241,241,0,0
train/0241/396d6423b0d64f3e9f80f2c9ec9aafee.jpg,241,241,241,0,0
train/0241/51dbbccf700044a0bc3ea027ad44f172.jpg,241,241,241,0,0
train/0241/5ee54b50decf4b55b69397ed8dcae05e.jpg,241,241,241,0,0
train/0241/6639aaf1e64e4914a1af4c002f4b5f65.jpg,241,241,241,0,0
train/0241/6d82a5fc7abf4cb5aefd18248ed8d105.jpg,241,67,67,0,0
train/0241/6da4d2c8c0ec41f38b6e600b701859c6.jpg,241,152,369,0,0
train/0241/7542962be8c649ffb55dc00fbc8d0dba.jpg,241,241,241,0,0
train/0241/7b069f9d6be24cd8a5f5dbbc177391aa.jpg,241,241,241,0,0
train/0241/7f8f82f981464d538944902a9cb1b0ac.jpg,241,241,241,0,0
train/0241/894ae4bfe6a34c4d952a3937956ff80f.jpg,241,241,241,0,0
train/0241/8b5264af89014d65952366598a2d0fc6.jpg,241,689,10,0,0
train/0241/8ff432d98a754d208a6339689924a191.jpg,241,518,518,0,0
train/0241/d42a0e1c2c1645b5995db0b7645039fa.jpg,241,241,241,0,0
train/0241/dbc9da6aacce42998463fa5ae23cf935.jpg,241,241,241,0,0
train/0241/ee5bd9f12d7640729059404144ce24c6.jpg,241,241,241,0,0
train/0242/0563ad1fc9b34c4281c906e40d5b31d2.jpg,242,22,22,0,0
train/0242/07280579b0964a47ac462876079741e5.jpg,242,242,242,0,0
train/0242/076285b6a37c4edca4073de6cecc624a.jpg,242,22,22,0,0
train/0242/1ab51bc528444abd8ce583add6603afa.jpg,242,22,22,0,0
train/0242/5c2ffa345b9e43a2b88eefde324b6338.jpg,242,643,643,0,0
train/0242/5c56b812cc1e4f2681f1219041198805.jpg,242,22,22,0,0
train/0242/5d8e1c08691c48988bc365da4321afa1.jpg,242,22,22,0,0
train/0242/634428c6ae474204a5e6abf10e03c66f.jpg,242,22,22,0,0
train/0242/6d1f584f2dd048318ad9478b703bedf1.jpg,242,22,22,0,0
train/0242/6e0df436ff79419cae8b339d1014fcf2.jpg,242,22,22,0,0
train/0242/73cfce2546f94ce38e9c71732196b08c.jpg,242,643,643,0,0
train/0242/809f979b01ed4d34824293695fc595bd.jpg,242,22,22,0,0
train/0242/82488eac15b04435addeb4ac75c94663.jpg,242,22,22,0,0
train/0242/85722640bb0b486db06356b704ddfed1.jpg,242,22,22,0,0
train/0242/97acba27a2b1491facb8e213ef9c5dad.jpg,242,22,22,0,0
train/0242/a14060dad4fc4b8f88f66ae5e7879daa.jpg,242,22,22,0,0
train/0242/c806976008284ccfa6f03abe8540797b.jpg,242,22,22,0,0
train/0242/d3fe256e8ae241cdabdc38db5073d88a.jpg,242,22,22,0,0
train/0242/eb784e8295c74450b9ac158ba3cae3f3.jpg,242,22,22,0,0
train/0243/053e78e233364c87a58f89924e5dd8ff.jpg,243,99,99,0,0
train/0243/14a38f0797d945768ce871aa5e0033c1.jpg,243,580,580,0,0
train/0243/15701163699f400e960f089ef8f7d6b8.jpg,243,303,16,0,0
train/0243/169029016f4e4f9f9180ff88d312bd81.jpg,243,243,243,0,0
train/0243/28a5360a398a4f13820d24f6689e6a37.jpg,243,539,16,0,0
train/0243/2a19b1fea6914aacb573d6f71775a8bc.jpg,243,167,95,0,0
train/0243/2e2f1946c2c54c9c9f7c05a5f9df0eff.jpg,243,95,95,0,0
train/0243/47d4609e677847b398008b7fad3b3a12.jpg,243,329,253,0,0
train/0243/536592140f80452788d8e3ecb61aa885.jpg,243,278,278,0,0
train/0243/5c505a4bd3074b128a920e817f9512f8.jpg,243,580,580,0,0
train/0243/5c543aaa187a44d59874f973f2a5d15b.jpg,243,16,16,0,0
train/0243/6a948ce812d641d684b91ecdfe0f7d47.jpg,243,8,95,0,0
train/0243/6e75013f4e6e4823ac6cf56272e0ae8d.jpg,243,243,243,0,0
train/0243/75c97a67f64c47e7b727255a1576c8f8.jpg,243,34,95,0,0
train/0243/7a6ec316b1fc4427ad86ad4ec3d76968.jpg,243,303,243,1,0
train/0243/8c98769455a7477faaaae7a829e3fe4f.jpg,243,243,243,0,0
train/0243/92912a3ba3184b08adddc15e855dcf0c.jpg,243,243,243,0,0
train/0243/9443965cda7442bc8ce1b5626110d58f.jpg,243,303,243,1,0
train/0243/97f8ef411bec40bfba8578b3bb187877.jpg,243,243,303,0,1
train/0243/b08d904cd6554762a957884b33061fd2.jpg,243,34,34,0,0
train/0243/c78befcc964744098b8abb35fc17c522.jpg,243,243,243,0,0
train/0243/d4f0f38084014fa2b2bdca550a9e92fb.jpg,243,303,16,0,0
train/0243/d76e2ca685ad481c9754f301e2f6e9cd.jpg,243,539,539,0,0
train/0243/f2dfe44779a4464ca2d281008b36182b.jpg,243,243,99,0,1
train/0244/0ba0e300991d4362b794eccf561b0aef.jpg,244,244,165,0,1
train/0244/0bdfd484228c4331816c9e83a9e7c2e0.jpg,244,244,244,0,0
train/0244/1fe979bba75d4de99a3d664243ad420f.jpg,244,244,244,0,0
train/0244/1ff2806c792a48189585884c7775ab06.jpg,244,244,244,0,0
train/0244/2fc2073803194a228aad7e00f95187f4.jpg,244,244,244,0,0
train/0244/41e91b45152241ab885779903877cd6a.jpg,244,339,339,0,0
train/0244/59338d3a42cb4fdf87c057abebeedf6d.jpg,244,244,244,0,0
train/0244/6c171d34576943dd9eb7e4511cd6d7af.jpg,244,246,246,0,0
train/0244/86e7edfbace542edbdf19adb32f12116.jpg,244,246,331,0,0
train/0244/9657f6e1c25445b3a34877304d280fd7.jpg,244,279,244,1,0
train/0244/a16b9bfccae44a3b8b6cd892ddfc1d4a.jpg,244,244,244,0,0
train/0244/b323e1ceda0d46f58eb107e1ecd738cd.jpg,244,244,244,0,0
train/0244/b5c809a5eeba432b8366055670d84539.jpg,244,244,244,0,0
train/0244/b7738a0be1044a3d9f58cf29fd571acc.jpg,244,244,244,0,0
train/0244/cd6aa7136fef4466a135245c7284f586.jpg,244,244,244,0,0
train/0244/ddc45e026159455cb69ea929bce96bee.jpg,244,244,244,0,0
train/0244/f0f2f58764fb41d38c782e7829109c69.jpg,244,244,244,0,0
train/0245/097cca60d98d4be88fb0107664e4ffd6.jpg,245,362,362,0,0
train/0245/285734b3a6c84772a563d65c3b502e62.jpg,245,245,245,0,0
train/0245/2e77344a5b6b46f5bce70ae82f81c2d1.jpg,245,245,129,0,1
train/0245/341b054d54364f93b0836367524dc46d.jpg,245,245,245,0,0
train/0245/37087e6c62d949768acfc7bdc59c5a90.jpg,245,673,673,0,0
train/0245/53db9b982acd4179a1d64ef262df0578.jpg,245,245,245,0,0
train/0245/6c5cd975e06c41e69ec13ea311fdc71f.jpg,245,546,679,0,0
train/0245/6dae0036fe254beca1c13a99df7a351a.jpg,245,58,58,0,0
train/0245/8333b9798fed42f4b7ea408108d81a43.jpg,245,362,362,0,0
train/0245/89ba23ab84fd42ceabd389e936f3a23f.jpg,245,362,362,0,0
train/0245/8cd1f9ba0f584f1394ee4e78df89b85e.jpg,245,673,347,0,0
train/0245/9b12e232268943dab523f53995e2a17f.jpg,245,245,245,0,0
train/0245/a3a7d92cd3ed452c8d0036531e8a9829.jpg,245,679,245,1,0
train/0245/c72ff9adffa34407866b6f75c47d8d51.jpg,245,245,245,0,0
train/0245/c9aac1fb58894507aabd13b7ad2aaf0d.jpg,245,61,61,0,0
train/0245/cd8d20f7a7424e7684edb0edb8cc34d0.jpg,245,394,61,0,0
train/0245/df3516b8c96d428ab5ca64003eee9bc8.jpg,245,362,362,0,0
train/0245/e12e897471924f2c9a1ac6624f523aab.jpg,245,245,245,0,0
train/0245/ea6761c930cc490391f0c9ac703a8f11.jpg,245,245,245,0,0
train/0246/12d035cb229e4741bd2419d0ed66c20f.jpg,246,246,216,0,1
train/0246/1a659080d8b14d8e85641ca174a4f48e.jpg,246,3,3,0,0
train/0246/1e94136052d1467f80261b3af210eba1.jpg,246,628,628,0,0
train/0246/23c859c0c9584dd0a56f735718019f28.jpg,246,141,249,0,0
train/0246/2e787d855c73400884cb5d6a4f80a5c0.jpg,246,246,55,0,1
train/0246/3431f3e74bc74cc1bf92dc455923a76b.jpg,246,55,565,0,0
train/0246/42adf16f536c4e51851339844ccb8b5d.jpg,246,246,246,0,0
train/0246/4607ea69c487429eb63b8d0ab4dd6f20.jpg,246,165,165,0,0
train/0246/51e530a146e54b50be244fc41fa81ae3.jpg,246,311,177,0,0
train/0246/6e7a6016f0434bf3a6839c95cbb0287e.jpg,246,690,690,0,0
train/0246/6ed789fd3fff48c986c1883b15562eed.jpg,246,165,165,0,0
train/0246/76aa05cd93434346a69310ac45776d37.jpg,246,211,509,0,0
train/0246/784d903ca9034e7083469147b38bc579.jpg,246,691,577,0,0
train/0246/87c95c94545d4a108d9a805611136b68.jpg,246,246,216,0,1
train/0246/a060d7d96bc646779ddcaaccde2a1d97.jpg,246,546,546,0,0
train/0246/a622e3930a2348558e730c15ea3f4298.jpg,246,731,731,0,0
train/0246/b3971ec6f87341028ce57114baf22c73.jpg,246,201,201,0,0
train/0246/c07b085b61b74d339ae46b2127d1e497.jpg,246,246,331,0,1
train/0246/c13cf3ebd9fe4c85ba026a89d5af14bb.jpg,246,216,105,0,0
train/0246/c6611cb6fc64425cbe5a5d0515050b3b.jpg,246,246,206,0,1
train/0246/d3cb4f1961a5416d8e279255146a32bf.jpg,246,246,441,0,1
train/0246/f1aaabbd873d4cc096a8b731362f714b.jpg,246,349,27,0,0
train/0246/f561c6c4579448ca9c3f3972f07bd3c1.jpg,246,576,557,0,0
train/0246/fd962f19d0174c1c88fa79fc839e3c1b.jpg,246,52,52,0,0
train/0247/003457c548a749998402d2bb8fe9a3ab.jpg,247,247,247,0,0
train/0247/055618d43c644c68957dc472b9d25f67.jpg,247,247,247,0,0
train/0247/26f6062d44784d42acebe3da269c283a.jpg,247,554,554,0,0
train/0247/2c1cf902b63c403c9e453632ec4f6af8.jpg,247,270,103,0,0
train/0247/2ca70f31dab146429ac1a167a258c8b8.jpg,247,247,247,0,0
train/0247/34d1735286e4489599ae3955aa917932.jpg,247,554,554,0,0
train/0247/43c5b7b5ea1b4c62baea3ef932bf898c.jpg,247,116,388,0,0
train/0247/452974e0eefb4b2d9f760a583c61096c.jpg,247,591,591,0,0
train/0247/728ee499afa547a39680dc88bc224193.jpg,247,388,388,0,0
train/0247/74daba55e4454a20afe57c1a78d0be82.jpg,247,247,247,0,0
train/0247/7990ad131570441b8cf12f69d95eaf16.jpg,247,247,247,0,0
train/0247/86ff9b63797b475e98088cda951f8a8a.jpg,247,247,554,0,1
train/0247/94e515e94db641d8a9416252c3df0e22.jpg,247,247,554,0,1
train/0247/9f2f648ed99c4c1e96fe2960614565f6.jpg,247,247,554,0,1
train/0247/a684956f54d24a12807040bdab23f21e.jpg,247,247,247,0,0
train/0247/ab375a1165714a208047945b0ac61247.jpg,247,260,554,0,0
train/0247/b323717610dd47ffb56d21995f8b9480.jpg,247,247,247,0,0
train/0247/c3b8b3bafa924308b95ff5f2dea73a41.jpg,247,116,554,0,0
train/0247/c5a0d5b8c82248cd83eab9ec63336d1e.jpg,247,247,25,0,1
train/0247/c7b346ca9ce84f2c8ab93758d470b71a.jpg,247,255,25,0,0
train/0247/dc9d6d9c9e3e4597aa6161843833aaf6.jpg,247,247,554,0,1
train/0247/ef5f0b4287514707a86b3dcc48d3d7de.jpg,247,247,247,0,0
train/0248/018c5a76e4d94aacaa04b174198ed927.jpg,248,248,248,0,0
train/0248/0b1f3cdccc894c18969d2766c0d46264.jpg,248,248,248,0,0
train/0248/0bc2a63d16e140f0a71a0a45b117d58d.jpg,248,248,248,0,0
train/0248/0dd0b70ff82b4964b3d83b6420e389fb.jpg,248,248,248,0,0
train/0248/108535b213f546cea7ebd4681238709f.jpg,248,248,248,0,0
train/0248/21f887e8e0dd4ddfacf9e5568ae4dd02.jpg,248,248,248,0,0
train/0248/2344b24364a94b39b16f49dcbde6bc07.jpg,248,248,248,0,0
train/0248/28f5a9f797bb4129a0535b16d695f104.jpg,248,92,92,0,0
train/0248/297a6024fdf54ce4be7e6e8ebeea25fc.jpg,248,248,248,0,0
train/0248/43ddf747318a4edbb088998ebbab1c85.jpg,248,248,248,0,0
train/0248/4727359467c34ac18498324ce6f96a4f.jpg,248,248,414,0,1
train/0248/564a61ef9bfd41a1a882707488106b11.jpg,248,248,248,0,0
train/0248/63dcf7e02ec74f46a6cf9aa015393bbf.jpg,248,248,248,0,0
train/0248/6a10cc3f120748e8a672d26a09b93308.jpg,248,248,248,0,0
train/0248/6bfd1598373f4eb78ad85481bd6740f5.jpg,248,248,248,0,0
train/0248/79abf9e74c344fbfa82c4e3432650342.jpg,248,248,248,0,0
train/0248/9ccda306c76444a49aa43f1caa3e483a.jpg,248,248,248,0,0
train/0248/abf7995611c64fd4b87128db06a07e25.jpg,248,248,248,0,0
train/0248/b0b1498f57074c1cbe96e669db6a2968.jpg,248,248,248,0,0
train/0248/b85100e2518d482992aa71aebefc44a5.jpg,248,248,248,0,0
train/0248/d1d722ff85bd4b89956a1103ce5433e8.jpg,248,37,92,0,0
train/0248/db352de9d83a4fc9b1a7385c273d96c2.jpg,248,248,248,0,0
train/0248/e102dd5858684eac96b33962ab621015.jpg,248,248,248,0,0
train/0248/e2b10268ac5146779375d22f36aa52e1.jpg,248,248,248,0,0
train/0249/026129f7f42e49698828467e925aa866.jpg,249,49,49,0,0
train/0249/06259cdb169846b6b520d4f272e36ba1.jpg,249,249,249,0,0
train/0249/1328419f9a8e4a19b4623be3b461e8fd.jpg,249,249,249,0,0
train/0249/147ebc95922242019654ef5155ff5aef.jpg,249,249,249,0,0
train/0249/14dfb02beba94992994ece963772229d.jpg,249,249,249,0,0
train/0249/26066f3767544301a80e7ccdd7467e32.jpg,249,625,641,0,0
train/0249/2e2d8f409aab46abbca57c718615f1c3.jpg,249,525,722,0,0
train/0249/35a0c27e05324604a8c61cbcf80f0421.jpg,249,625,259,0,0
train/0249/3c02dc5a783e44839bfbbf2efb1d1af9.jpg,249,249,249,0,0
train/0249/45330590ac44411a987aff4be5849fdc.jpg,249,249,249,0,0
train/0249/577c9e04a9374c1b9817251bbfab43e5.jpg,249,249,249,0,0
train/0249/659e863af3b4441b82afd71c8a46041f.jpg,249,249,249,0,0
train/0249/6e9def75b65147c5957b1ea070b62983.jpg,249,729,471,0,0
train/0249/74ef0e9709a14a55994d701b6af9ca5a.jpg,249,249,187,0,1
train/0249/cd16fb040c0d47f6ade3983bc42e9687.jpg,249,339,339,0,0
train/0249/cec5c7497fae4eb18c8a2185f07431c9.jpg,249,249,249,0,0
train/0249/e482eee50a4b44b681ed87dc3136951b.jpg,249,249,197,0,1
train/0249/f6b1525a3d1e410f851298f216faa665.jpg,249,249,249,0,0
train/0249/fda367e60cce4e75979d08ecd00318a7.jpg,249,249,249,0,0
train/0250/62f86b9c731b4ba48946527069d78078.jpg,250,250,250,0,0
train/0250/64f23beb7e3c461695c551a903cf90bf.jpg,250,76,76,0,0
train/0250/6fe781cb738042399ac68a67c839b865.jpg,250,250,250,0,0
train/0250/7d7d92d4e84148e1853aa0c608dd8352.jpg,250,439,76,0,0
train/0250/87aa0dea2b774a0aa36d5b98aec3f05c.jpg,250,250,250,0,0
train/0250/953403b4a4414178a14bf5de3c4504a7.jpg,250,439,76,0,0
train/0250/9ef131ecedcb4b2b8440d367f0500b66.jpg,250,704,704,0,0
train/0250/a8395d584a7d42f2ae27c57558f3d857.jpg,250,439,439,0,0
train/0250/ae302e31ba4f4deeb664a6e61c7107a0.jpg,250,250,159,0,1
train/0250/b281e6a213964ba6b93635e1df42a91d.jpg,250,710,250,1,0
train/0250/bbcd9191648443f6a0cf5895c95e0324.jpg,250,76,159,0,0
train/0250/c13c6e87e54e4d1ab957a2114b5da9ed.jpg,250,250,76,0,1
train/0250/d2b02ec5fab84584ad01235118b265b0.jpg,250,76,76,0,0
train/0250/e2674f8131744a19b5e53bdbcb764ae2.jpg,250,250,250,0,0
train/0250/e4670756c2014af383e15f41ec53961e.jpg,250,250,250,0,0
train/0250/ec915df12f1f450fa1ced020c42d542f.jpg,250,250,250,0,0
train/0250/f80ca49586a144ec8380d47e1d4052ec.jpg,250,76,76,0,0
train/0250/fa3bab33519642b3bedf83ffce4a5335.jpg,250,76,76,0,0
train/0250/ff71f3068f2d4a87b2fbd639fc59f7b3.jpg,250,250,250,0,0
train/0251/10813444f25b49859ce876f0d511e4ce.jpg,251,251,251,0,0
train/0251/18ab0f3f7c504e79a7d24ac1dbcfc273.jpg,251,251,251,0,0
train/0251/2bf3d01530504e0e987f2a2d98328171.jpg,251,251,251,0,0
train/0251/650c5324ba7f4c67b72e204fce3958e2.jpg,251,251,397,0,1
train/0251/704ec394a0d94171ae2f5e2efe19564f.jpg,251,251,251,0,0
train/0251/7ad3d2e2018c4c19a47a11d055e93738.jpg,251,251,251,0,0
train/0251/7d817460bf22490590e437050b649d32.jpg,251,251,397,0,1
train/0251/80bb641c5a024d5398405699e55d6147.jpg,251,251,251,0,0
train/0251/9674e2d3a42b49f0bf2421a171e683f1.jpg,251,251,251,0,0
train/0251/98230e6761b844c9ac43692508c0a035.jpg,251,251,251,0,0
train/0251/ad4fed543dc340d08385172769a94006.jpg,251,251,251,0,0
train/0251/cac44d40fee840c18241469a7cb3dd25.jpg,251,251,251,0,0
train/0251/dcf18622924541e0a4e41ee2e03c3b8d.jpg,251,251,251,0,0
train/0251/de9eda1067f245c5a7bff42d70b731e0.jpg,251,251,251,0,0
train/0251/e2e0fa7e46ad4b70a2dbd212a33812b6.jpg,251,251,251,0,0
train/0251/e8c686a2b7f84756bf18393128c7bab1.jpg,251,251,251,0,0
train/0252/012e8512968843f8b89dfd4679e46ee2.jpg,252,252,252,0,0
train/0252/1110a4431fe543b29249e72474946481.jpg,252,252,252,0,0
train/0252/1745b9f8166c4635bb3e60beee0008a6.jpg,252,252,252,0,0
train/0252/1a7e66d0ab304c639e54aa22deb8bec2.jpg,252,252,252,0,0
train/0252/295609bbf48e4083989e2e15c6daa7b1.jpg,252,566,566,0,0
train/0252/2a7795aec008444da3cda5e0ba327216.jpg,252,252,252,0,0
train/0252/37e078fe94d34da08347d8835593083b.jpg,252,95,92,0,0
train/0252/39117b98d4e147f2953f8405f1d27492.jpg,252,105,105,0,0
train/0252/4bd262a148e64834abd2baf88edf419c.jpg,252,252,252,0,0
train/0252/4e35180d3c9149b3b2f1199bbbe06df4.jpg,252,252,252,0,0
train/0252/5809e55d6b284d458c36c63c7b8f3df5.jpg,252,566,566,0,0
train/0252/64724f40ec7344cba7807d9c04a7232a.jpg,252,108,252,1,0
train/0252/677d2f3fda5141aca25458f445f53c03.jpg,252,105,252,1,0
train/0252/98cc3e44074e42da85ed0a314efb962b.jpg,252,209,240,0,0
train/0252/9af855338bde409ab6599cf5fe84bb88.jpg,252,252,252,0,0
train/0252/9c70d2608d1c4c70b49b8545a319b8e9.jpg,252,252,252,0,0
train/0252/ad98618c7626422695ec4fa943e944de.jpg,252,252,252,0,0
train/0252/ae53eee34fd040918bdd2e3eaa00ac71.jpg,252,252,252,0,0
train/0252/bdb31e780a6541078af8a719aec24688.jpg,252,252,252,0,0
train/0252/cb7e908058564bfd97637f998c0429f1.jpg,252,695,695,0,0
train/0252/d39beeadc76841bb886b3d5a15ff0747.jpg,252,219,219,0,0
train/0252/d766be8474ea44f28e1326deb566caa9.jpg,252,441,441,0,0
train/0252/f317a470b0d44a70817fb5ecf9488c1c.jpg,252,252,371,0,1
train/0253/00bdf25bbb264877968d98f3a3cbce43.jpg,253,253,253,0,0
train/0253/0519ee439b974100af13f0a377d8ae71.jpg,253,253,253,0,0
train/0253/1a91b557616f43ef8382c2af46715223.jpg,253,253,253,0,0
train/0253/2564089de0fd4396a8acbc9ccf13e752.jpg,253,253,253,0,0
train/0253/2763acf10fee4743989ae4ce04e1a429.jpg,253,253,253,0,0
train/0253/28fe5b43782742be92f680e450ebc557.jpg,253,253,253,0,0
train/0253/2918f701203640a19ea9c9d1021196a3.jpg,253,253,253,0,0
train/0253/357b47879897491683be88c3a023c227.jpg,253,253,253,0,0
train/0253/377df55ed5d64b6795cc68e9dc55a2ba.jpg,253,253,253,0,0
train/0253/6cf52027775a4c5b844c395331730054.jpg,253,253,253,0,0
train/0253/76659337c8c446d9937f12c44c40e19e.jpg,253,253,253,0,0
train/0253/862904de7d964d56ad1a3bbdea7e0727.jpg,253,253,253,0,0
train/0253/9b00253085944d4f98ce92d4e7fa77b1.jpg,253,253,253,0,0
train/0253/ac872b49595248399d7d2f72774a7e74.jpg,253,162,16,0,0
train/0253/b06df144df66477ca2ecb95c2608967a.jpg,253,253,253,0,0
train/0253/bbec069dc2394330bcc21acac38c093d.jpg,253,253,253,0,0
train/0253/bd5649436b97483ab32e69e6237bb373.jpg,253,253,253,0,0
train/0253/cc4cf0054b744376aa5d468be4ae508c.jpg,253,580,266,0,0
train/0253/cf4bc5c051f7452a87def0cdc55ce694.jpg,253,151,151,0,0
train/0253/e27002e9bfc34e54939222ad7edfd497.jpg,253,162,16,0,0
train/0253/e43d9958442b44a6bb54946acadce6bc.jpg,253,253,253,0,0
train/0253/e5e1b0b44e694a4d8109b04d76b83f3c.jpg,253,268,380,0,0
train/0253/ff01b3c22c934f059d516e171400b37a.jpg,253,253,253,0,0
train/0254/2cc1aafa6dfa412fb0311240c9d494b5.jpg,254,254,254,0,0
train/0254/33c85034f7984247b66d844c07449550.jpg,254,544,540,0,0
train/0254/36c0fd1a2d684d37b0140eddefa4d7c4.jpg,254,254,254,0,0
train/0254/412ac3c61d034d858191273606a32219.jpg,254,204,254,1,0
train/0254/556a38d4d4934228b6901b1d203f5941.jpg,254,254,254,0,0
train/0254/55d3f44f63354e3889e13ae7bbd40444.jpg,254,254,254,0,0
train/0254/689fca67152e48faad02849e75bd65af.jpg,254,387,387,0,0
train/0254/7a7b2d1e581e4f01a3d430f1608aef86.jpg,254,254,254,0,0
train/0254/885cf461bcd84921adb0702d458e56e5.jpg,254,254,254,0,0
train/0254/933420212dcd411181b9bb8f0d39ac6b.jpg,254,515,515,0,0
train/0254/9ad6bd1fc6e04cfcb82a2de75249c72b.jpg,254,375,406,0,0
train/0254/9cdfb42fa94c476d9a2113e2ee7e6715.jpg,254,375,375,0,0
train/0254/a000ca092c37435c9dd2e6fd5ef7268c.jpg,254,254,254,0,0
train/0254/a369eae8296b4c0990b52ab29e8f6635.jpg,254,254,254,0,0
train/0254/a846712d24ab466b93ed9fd8f0458cd7.jpg,254,274,274,0,0
train/0254/b3301b424b5640069da8860098ffa24b.jpg,254,35,35,0,0
train/0254/c7b956571afc42d39629b57566b1eba2.jpg,254,254,254,0,0
train/0254/e1ed94c6dbc043338da691af70f91323.jpg,254,494,397,0,0
train/0254/e9b4108a484b4aa4b793e95751cfa19a.jpg,254,175,175,0,0
train/0255/0803d0a54d034290b66882065a6b7408.jpg,255,255,25,0,1
train/0255/0c7c810419f54ee2bd9ee7c9079d2f2b.jpg,255,255,25,0,1
train/0255/209328c2b26e406bb3638de357b32ab9.jpg,255,255,440,0,1
train/0255/27f699562326474bb14ce3537b860cde.jpg,255,255,255,0,0
train/0255/2838b956dd4c467cb7723ccec8fce9c2.jpg,255,537,15,0,0
train/0255/5826c9483f77452d9c7a4326ef2641e2.jpg,255,255,25,0,1
train/0255/62c4454241cf498fbe59d4298352c800.jpg,255,25,25,0,0
train/0255/799ee310c45b4885a001eef7d3e15834.jpg,255,255,255,0,0
train/0255/95029ea6122e4b61bf530835ae301f52.jpg,255,255,25,0,1
train/0255/9e67ccaaf82944679bda04220675d3fb.jpg,255,25,25,0,0
train/0255/a9c358d09bcb4e13951dd5513d41fd43.jpg,255,255,103,0,1
train/0255/b16d271b12c747cf855ff29499280c1b.jpg,255,25,25,0,0
train/0255/b43a204dd6e0454a8018f0428336ba81.jpg,255,255,25,0,1
train/0255/ca1f0699a1ea4782bd752757056bf26d.jpg,255,25,25,0,0
train/0255/e4afc9d321174b219a115b3907458680.jpg,255,591,25,0,0
train/0255/eaa262eaf7a54eb4aa2a33142325b098.jpg,255,25,25,0,0
train/0255/f61d8cefb09a46c7a0022c9875d95ed5.jpg,255,255,440,0,1
train/0256/00959dfb32f048c497ee87b2dd2f46cb.jpg,256,256,256,0,0
train/0256/136d75db5c0c4e018d02828b0be7bd07.jpg,256,473,256,1,0
train/0256/1ae8ea00e6a846cfb24e87c42255c31a.jpg,256,256,256,0,0
train/0256/220bbcd84f854cd385470fd8438d5cb8.jpg,256,256,256,0,0
train/0256/3acda177c04048aebb3bad1df446b47a.jpg,256,256,256,0,0
train/0256/55c59e68d75c41f4b297d84e977c4250.jpg,256,256,256,0,0
train/0256/69b3fc449d5f4313bf1711df260ac9c2.jpg,256,256,256,0,0
train/0256/6f947c4a472445e483318629df3931d8.jpg,256,256,256,0,0
train/0256/9e15649a09e64d2a901c99a4bbcf8f02.jpg,256,681,681,0,0
train/0256/c9907740c22143468b8d95fb68284f14.jpg,256,256,256,0,0
train/0256/d4594625e85d476599fea45f11790b96.jpg,256,586,586,0,0
train/0256/d4ba6ca8c7f142ccb08ca87f92f60df2.jpg,256,256,256,0,0
train/0256/e4b14d4de1b048f18b599532c83c901d.jpg,256,256,256,0,0
train/0256/e5c41e1d92d6497e99d0773f46b0031d.jpg,256,256,256,0,0
train/0256/e880e8cebfa743c3acc4dbf30eb123e0.jpg,256,256,256,0,0
train/0256/fcc17233595d4b3b9adc8c56de2e075f.jpg,256,256,256,0,0
train/0257/0a1a2c3664bb4be39797db53ea19a8b4.jpg,257,257,257,0,0
train/0257/0ca0d41359ef4c869d3c9973a404e19e.jpg,257,195,195,0,0
train/0257/0cd867ae4b344715965dc797be1091fb.jpg,257,257,257,0,0
train/0257/1260dd003de64acba8d450578bb52373.jpg,257,257,257,0,0
train/0257/1660d29fca4b4bdc8d0d9c076ef7a626.jpg,257,496,496,0,0
train/0257/1c2921a49f89491fad5ae92ee001e843.jpg,257,257,257,0,0
train/0257/3c088922c0964bb3ae068edf095326d3.jpg,257,232,232,0,0
train/0257/3d4ec198ca4a4936a7026840bc0ae68e.jpg,257,257,257,0,0
train/0257/4d1433da03284311b849adc3f0e24d75.jpg,257,195,257,1,0
train/0257/530c4b8017b045de95874e2533290f16.jpg,257,257,257,0,0
train/0257/554abe58232d44209bb1525f3a393cbc.jpg,257,257,257,0,0
train/0257/58681279fd6744bb9c28dfb97de90ee7.jpg,257,325,257,1,0
train/0257/5b948cb6a6964154820a73b5d0c18d7a.jpg,257,257,257,0,0
train/0257/646057f6b1b94f6eb32ec3d5e42207cc.jpg,257,195,195,0,0
train/0257/676a2c71986147ccaddd2e7e60282313.jpg,257,257,257,0,0
train/0257/6b1fecd8955d4ccc92de2ad10766891e.jpg,257,257,257,0,0
train/0257/7a6b13aeaa5047c8b6a8ad6ef7f0eb7f.jpg,257,195,195,0,0
train/0257/7abf82dccc3f42e7b9b22bbca9071744.jpg,257,257,195,0,1
train/0257/897ccaf866b149078ed582a0fe2fd548.jpg,257,257,257,0,0
train/0257/8c1dd3fa7aea45948a99b16867eb7526.jpg,257,257,257,0,0
train/0257/9cb3de41d8f442d19f02d0895df78378.jpg,257,257,257,0,0
train/0257/a5a029a134c245a58b6706738e145486.jpg,257,257,257,0,0
train/0257/c6dbe83dab1149468af90bb98746db47.jpg,257,257,257,0,0
train/0258/0496b197dcef4ee796410c2c3626a9f2.jpg,258,258,652,0,1
train/0258/04d1a6ba081e49eb85663aed0092fe84.jpg,258,258,258,0,0
train/0258/052bd1bcdfb34c5a814f9525b467d2a2.jpg,258,258,93,0,1
train/0258/056313e60dc8447a8218eea867f09808.jpg,258,258,652,0,1
train/0258/16174a5af45b4acb88763d403bf96ca9.jpg,258,651,496,0,0
train/0258/2bdc25fffda448839d40677c2cd57e01.jpg,258,258,258,0,0
train/0258/3c2a5d525134481d8d1b798b63b558a7.jpg,258,258,258,0,0
train/0258/553b06de3f824f2e880bb380ae469ea4.jpg,258,258,652,0,1
train/0258/640c6e3f6ed540008c7409c5bba0ffd7.jpg,258,652,652,0,0
train/0258/659181b911eb40e78e815d87244581fa.jpg,258,258,647,0,1
train/0258/6604da200f04419fafbea7cb2a201328.jpg,258,652,652,0,0
train/0258/73bce7c47bf042c3a875fc6f0427201c.jpg,258,258,258,0,0
train/0258/8e69b3afcdea43919d519de333688300.jpg,258,258,258,0,0
train/0258/922c574714e148a4a46a66eb1ac1b229.jpg,258,258,258,0,0
train/0258/a81a784af7df42298adc04231090e22a.jpg,258,258,258,0,0
train/0258/b0ecc06b97b748588727a2ffc685802b.jpg,258,75,77,0,0
train/0258/cf8d4db8e2de4890bd8f1d8888d6b95e.jpg,258,258,258,0,0
train/0258/ed687a5981a84f778920f443f08aba65.jpg,258,540,540,0,0
train/0258/f6fadfc1f0a14c7395c354e410d251b9.jpg,258,258,258,0,0
train/0259/0c64bf961d4d489d952a2a2817a6ef57.jpg,259,523,523,0,0
train/0259/0e20471b011946bbbe8ab89400a8901a.jpg,259,259,259,0,0
train/0259/17a695d5d5f44931b25d465cddcd1d38.jpg,259,259,259,0,0
train/0259/1938c333726c42909663ba13af4bb91b.jpg,259,259,259,0,0
train/0259/3a8ae209987344d9ab9ecdbca6f89d28.jpg,259,663,663,0,0
train/0259/3afee21c15e3437a83cb7d65a1aec1d9.jpg,259,259,259,0,0
train/0259/3b350a8c9d2e434b933537f1257d1cf4.jpg,259,259,259,0,0
train/0259/3fba73859ed040809cc3d1c229c49aab.jpg,259,259,259,0,0
train/0259/4d918111805241f29a045126514a9d5b.jpg,259,259,259,0,0
train/0259/66ba79700dd549a3a7237aa89e6660c8.jpg,259,259,259,0,0
train/0259/79fd23e735b84946b6b611aa58aa39e7.jpg,259,538,722,0,0
train/0259/8729a976f12a42cb935a7e41bde37124.jpg,259,49,49,0,0
train/0259/9e90084f24c84581af2f6f555a2172dc.jpg,259,450,499,0,0
train/0259/a154c6ca70904e2dbe3ea41a8bf6b345.jpg,259,729,61,0,0
train/0259/a287a25469f443b9a23836c3839bfd78.jpg,259,259,259,0,0
train/0259/a2b39d9c4cb949f1884f93de8de00222.jpg,259,259,259,0,0
train/0259/b4b7ffa64fd44b14af4c4c17dae53724.jpg,259,49,49,0,0
train/0259/bf10f73e990e4575a0f29469d5f7f1d6.jpg,259,259,259,0,0
train/0259/e87579711305465cbf504d9576c67412.jpg,259,549,549,0,0
train/0259/eba7bba70dfb4563a11ca349eddeb158.jpg,259,259,259,0,0
train/0259/ec3eaee7bc774541a4f9d394d11b3eea.jpg,259,259,663,0,1
train/0259/f4e2c82b21a74c75b5ac4eb82f5d8979.jpg,259,663,663,0,0
train/0259/fdc52d1f84574d68abdcbcea2f56c5f8.jpg,259,663,663,0,0
train/0259/fe3adc7b08714d4d9332b95be3460d9e.jpg,259,259,259,0,0
train/0260/2735085c57df4afcb619ba4f5fc6edcb.jpg,260,260,554,0,1
train/0260/2937f53f3dea4fe2a2e2f7a3fcbba4c7.jpg,260,25,25,0,0
train/0260/59e8c8e214e04ef4943f665072765028.jpg,260,202,25,0,0
train/0260/66b1616b0e36461285d57c209e330f42.jpg,260,591,591,0,0
train/0260/7fcc89147d254d6f914fa4d861150c14.jpg,260,260,554,0,1
train/0260/a303efb64f574e7d801c9959e0309785.jpg,260,260,25,0,1
train/0260/a3958310ce604b5c9f9b69a69ed5d777.jpg,260,260,260,0,0
train/0260/aa29d10564c34727863f0a755e019815.jpg,260,255,440,0,0
train/0260/b4621e339fb041c5a3f316712bfe924d.jpg,260,537,537,0,0
train/0260/b803159987aa4864908ee321de15fa7e.jpg,260,260,591,0,1
train/0260/bbdee0b879334f88a45e34570fa1b343.jpg,260,260,537,0,1
train/0260/c577abbec6944a3a9e31d41062825969.jpg,260,370,370,0,0
train/0260/c5a3c527840242e69542446ff4cf4dcf.jpg,260,591,591,0,0
train/0260/cf58c58adf95465685561b3b9a45669b.jpg,260,260,260,0,0
train/0260/d3232cec9f38492893d2540e6139d07a.jpg,260,260,554,0,1
train/0260/dd1d826a72ef40df9ade5a865e8642e3.jpg,260,260,260,0,0
train/0260/e4239d84cc2549d6ac1a6fe6b1aa2004.jpg,260,517,517,0,0
train/0260/eff441bf0fcb490eb8983273d8c3f908.jpg,260,255,440,0,0
train/0260/f1f414b701ba4d2c8c9d232d70e86c8b.jpg,260,591,25,0,0
train/0260/f443fd3179514df98749f3e09b5e56d8.jpg,260,260,260,0,0
train/0260/f61c509176154522a9e189ca5a909f68.jpg,260,591,591,0,0
train/0260/fd19bce0f199445a8fd8f8f949a6e131.jpg,260,554,554,0,0
train/0261/1b769dc23a0b4dad8c24596ca23f4933.jpg,261,261,261,0,0
train/0261/1e67aed4238c4ab6a0dac1ef43d896d1.jpg,261,261,261,0,0
train/0261/2453bfbd85d5438982bfc94637efdbd1.jpg,261,261,261,0,0
train/0261/5695af7cafe7439b92e565b6ea7348c7.jpg,261,261,261,0,0
train/0261/5d746c87d8e44d1ba9bcc4da55439bfb.jpg,261,261,261,0,0
train/0261/6034c4d2991045b1ac3aa5f2b9407065.jpg,261,261,261,0,0
train/0261/6d0aaaf6a8ea4634b6f5f9b500ca35d4.jpg,261,261,261,0,0
train/0261/702ab3955e704e429cc0f717a22abf08.jpg,261,261,261,0,0
train/0261/77992b219b4748e689efc73c9e24efe4.jpg,261,261,261,0,0
train/0261/8156c9acbb78419c8d71e23c1b2833c2.jpg,261,261,261,0,0
train/0261/83b8d883729b4b58a1fab3286d6a552d.jpg,261,261,261,0,0
train/0261/8fcad6b58981491194be8756d4167afa.jpg,261,261,261,0,0
train/0261/93d06b69953d4967aaf6700f4f66c4b7.jpg,261,261,261,0,0
train/0261/945ddad117424cec9ffbc598ba48648c.jpg,261,261,261,0,0
train/0261/9fa0b7bbe92d436ea8f106f3ec672f12.jpg,261,261,261,0,0
train/0261/a1485bb0871b44a6929d04329070710d.jpg,261,261,261,0,0
train/0261/bc3594f7ad7141d5aad8c8350c191097.jpg,261,261,261,0,0
train/0261/c773395360d74bc591601d8937ca65f4.jpg,261,261,261,0,0
train/0261/cbc87db7ff114510920ac5000c0fc420.jpg,261,261,261,0,0
train/0261/d8f346b912b1439895ab6563b3e0ae27.jpg,261,366,261,1,0
train/0261/dde3dada622f416f84541975342db80e.jpg,261,261,261,0,0
train/0261/e326a51185344ee98c7b52444ef9b07f.jpg,261,261,261,0,0
train/0261/e71731730bfd4cedb1a5a328f952a00e.jpg,261,261,261,0,0
train/0261/f536811b0eeb4c718b96f16338e380df.jpg,261,261,261,0,0
train/0261/fce869713a804cf0a4c80d4b6fab6075.jpg,261,261,261,0,0
train/0262/12f118564c3848ca9c5c7c6690df3547.jpg,262,422,422,0,0
train/0262/221d55d3629a44e98f0b9eb5f7c99fda.jpg,262,422,422,0,0
train/0262/256192f6c313460baa43a2fda6e6a137.jpg,262,203,262,1,0
train/0262/2f8bb1f8099a4ed18cd38aea7cd209d6.jpg,262,152,152,0,0
train/0262/3c06d1db21c04e8d86b3e0ed813e9655.jpg,262,262,262,0,0
train/0262/4c3123608e0c4e15b0e7b6d49a247df4.jpg,262,262,262,0,0
train/0262/536c72c807a448c09f41e0f2a249031a.jpg,262,560,560,0,0
train/0262/5ad20df886fe4a3199390080ff809b1b.jpg,262,166,166,0,0
train/0262/5baa0368bcbf41d5bcfc83d8f2eb3bc9.jpg,262,262,262,0,0
train/0262/77c384af362d48d1830251e313d9a6e7.jpg,262,262,262,0,0
train/0262/7dc5fae86c3e43f79c6eb61dfce7d739.jpg,262,262,262,0,0
train/0262/890efee45ba64abc93bafc4b390d7d54.jpg,262,166,166,0,0
train/0262/9fdafd2d0d7a4b55b0969c12231f7ccb.jpg,262,104,104,0,0
train/0262/a2c049cca31b45bd94e92b0dca7d62e1.jpg,262,422,422,0,0
train/0262/a88d19cf31034b328ce9a9cbb6de7b41.jpg,262,262,262,0,0
train/0262/aecb3895b22c4f82a9107b0b443b396b.jpg,262,262,262,0,0
train/0262/b8aa21f50b1b45bca20d90dabdbf3503.jpg,262,262,262,0,0
train/0262/c2dfbabbd0d44f799001e260953d16f1.jpg,262,283,150,0,0
train/0262/d8114639c76a44a0b8efde68de8fb485.jpg,262,271,109,0,0
train/0262/df93486a0e0e47aea717154e62e9c97a.jpg,262,704,650,0,0
train/0262/f11f7996764b4486bbb60300944b6206.jpg,262,262,262,0,0
train/0263/11bbd6c9fc104abc934eb55336f3b2a0.jpg,263,263,263,0,0
train/0263/181730acd019449d98fbb308411ae310.jpg,263,263,263,0,0
train/0263/28e1af1f6354447081f1455d81513903.jpg,263,263,263,0,0
train/0263/302e22db41b04d498c0d246436818e6e.jpg,263,646,646,0,0
train/0263/33a8a3ed7b7a449289ecb11de4a3703d.jpg,263,263,263,0,0
train/0263/3a0a1a7ebfa44626ab0acdf9d5f5bdcd.jpg,263,263,263,0,0
train/0263/3a22478cb4b849fabfe498bd9c18a50d.jpg,263,540,540,0,0
train/0263/8a3eaefbc96345fa94d317ab0cbc2d21.jpg,263,263,195,0,1
train/0263/93b41cf26443494da21ff577f116ddac.jpg,263,712,195,0,0
train/0263/a5d20c64e6de4d01b87d5610155a865c.jpg,263,646,646,0,0
train/0263/a6e3cec9e0d3406aa442fdb98cb3e573.jpg,263,263,263,0,0
train/0263/ac6319593d6948fa92d0e269242f2332.jpg,263,263,263,0,0
train/0263/ba65e501a74d4950930f095616ce5a30.jpg,263,646,195,0,0
train/0263/bc90e629981748efa5dc0376b69522f9.jpg,263,263,263,0,0
train/0263/bde16b5c66984a39bf0b03c907674005.jpg,263,263,263,0,0
train/0263/fe3e93d9bcd24342985db008595fb784.jpg,263,263,263,0,0
train/0264/11fea4747fdc4f8794d39dd6fd125d27.jpg,264,484,484,0,0
train/0264/2ac96a75ad954bd8a266bd1e9b93f4c6.jpg,264,262,166,0,0
train/0264/2d96ce202a5d4ec09efeab942f3ed6ab.jpg,264,18,262,0,0
train/0264/46531bc963374979974792990c5dd3b5.jpg,264,336,336,0,0
train/0264/56d6039d2250467eba8e5d85034dd944.jpg,264,203,203,0,0
train/0264/7b86847ab5fc424481a670a1e4751341.jpg,264,203,203,0,0
train/0264/878161a2af9e41b697e55e4d17cb9e62.jpg,264,446,446,0,0
train/0264/88ab91a3ec104b73bfb2a74f4956fc5d.jpg,264,28,28,0,0
train/0264/90d8c48bcb354e1da317b2b265812b05.jpg,264,166,560,0,0
train/0264/9fb467bbdda844c399f09fc0a4abf380.jpg,264,203,553,0,0
train/0264/a0bbe3f42fb449f9a33aba32ab2a160d.jpg,264,203,203,0,0
train/0264/c388918cc1ed4d9b9a9c3b1fba425a28.jpg,264,203,633,0,0
train/0264/c6dc2650f67a49c4b105361392149983.jpg,264,203,203,0,0
train/0264/ccee081bb74c4e0a9f4e13c9666ce288.jpg,264,203,203,0,0
train/0264/e53284e5bc5f477ebdf46e44eed4ba6d.jpg,264,203,203,0,0
train/0264/ead2fe7276c2431eb7eef783ed0da285.jpg,264,484,166,0,0
train/0265/068bfa785d99461bbda35ffdea8d8db0.jpg,265,106,417,0,0
train/0265/069ca680f0f6465cb1780d806b832472.jpg,265,663,663,0,0
train/0265/0d6a08f50c264750917411895ef4d59d.jpg,265,274,499,0,0
train/0265/1b729e09c4cc42e3afdad6a0c6ca7947.jpg,265,206,206,0,0
train/0265/20b273d6a3074bcfb7a823455eae1338.jpg,265,749,749,0,0
train/0265/24e3f10211ea4f4fb68200a9b1da81da.jpg,265,338,338,0,0
train/0265/29f4cffda62a42f68d043c7633723e8b.jpg,265,663,663,0,0
train/0265/2c5f75c839c84082ab2ae57e4513d1f2.jpg,265,670,670,0,0
train/0265/3e33a49877444262b4ff714c6c51ee8c.jpg,265,632,452,0,0
train/0265/45ea5233a63d400a98e8b205e24a1121.jpg,265,749,749,0,0
train/0265/73594531390447538993e539ee8eb9b7.jpg,265,725,725,0,0
train/0265/760beaa2e42c494687de7a8f06e04e11.jpg,265,729,749,0,0
train/0265/7864b9d03961445093cd4139baaf8c85.jpg,265,216,89,0,0
train/0265/7edd3cb88fb7410a8c93881ca1af8c97.jpg,265,527,527,0,0
train/0265/8e9279d03f864c47830969414b6b2ef5.jpg,265,338,338,0,0
train/0265/97102b49e94b4590965b8cba78d716d9.jpg,265,338,338,0,0
train/0265/976895edcb10420e926f8aba45fbb7b7.jpg,265,61,744,0,0
train/0265/9854b35dd78c464aab8e73b48cdf4a19.jpg,265,749,749,0,0
train/0265/9f4977cf315d466588b4fd718e4cb799.jpg,265,574,599,0,0
train/0265/a50694d035e546f38ef428cd33f2a7c0.jpg,265,632,632,0,0
train/0265/d517293d2b2546f2b30623df0e571445.jpg,265,632,632,0,0
train/0265/d7a7b0eaed584249b32665e0400d2ac9.jpg,265,72,72,0,0
train/0265/f933eced9055411eac7fbeb0ebbbc1f5.jpg,265,338,338,0,0
train/0266/0f640604acd9491880b66204ed67c700.jpg,266,410,410,0,0
train/0266/0f909fb637de40409bea31594b47a339.jpg,266,266,266,0,0
train/0266/121ddacbf03247248ae34fae30ba4d5d.jpg,266,266,266,0,0
train/0266/394c9a64be0d4facbf8df87c901256a4.jpg,266,266,266,0,0
train/0266/3e1ee8a2c94843a282436404808646d1.jpg,266,266,266,0,0
train/0266/41ff5e776d0241709911b42bf354d439.jpg,266,266,266,0,0
train/0266/58c111fc13ee466cabcc64f00e129987.jpg,266,661,681,0,0
train/0266/60de642b1ad5457880cd15f8cef4f87d.jpg,266,266,266,0,0
train/0266/6303de14d14646e980c612928e910247.jpg,266,266,266,0,0
train/0266/654f90056b58450f80ca2b5c8f82f2c6.jpg,266,266,266,0,0
train/0266/6e8babfdd1ea413c8d8603dec6035140.jpg,266,266,266,0,0
train/0266/8c99d49d7ed64aef8679eb0bb08021e7.jpg,266,266,266,0,0
train/0266/924b44111aab47ee8dd8214cb5ce41e8.jpg,266,266,266,0,0
train/0266/926eb8c78a3440de8708e71d17dfe987.jpg,266,266,266,0,0
train/0266/a8782e797f42401fb12e32450c0bd8a7.jpg,266,447,447,0,0
train/0266/b6c340202a6c409e8d5c1044bbf18463.jpg,266,733,710,0,0
train/0266/e8b4fd259d754d6d8bede3faadd1caa2.jpg,266,266,266,0,0
train/0267/043e138a87994ccdbcd1b6560df8ad9c.jpg,267,267,267,0,0
train/0267/0e5720f1f5194bdeb3eb99e6ac3fadf8.jpg,267,267,267,0,0
train/0267/135d4893f53f4582a2a32c3b37fc31a9.jpg,267,267,267,0,0
train/0267/2546a9f3b3024c54b2025d38af386562.jpg,267,150,150,0,0
train/0267/444b5ff5c5db405ba66ab0336b332558.jpg,267,150,113,0,0
train/0267/6846c9335163484ab34308e8e0656acc.jpg,267,664,664,0,0
train/0267/6e87e3952b4246b58b51d8eed4fc1ccf.jpg,267,267,267,0,0
train/0267/796d1f28594b4a28a9ab80b390417b03.jpg,267,150,150,0,0
train/0267/79a22b7f99a54711a17db6566729a126.jpg,267,267,267,0,0
train/0267/7addde76f9d34eacb19f37ac9b145118.jpg,267,267,267,0,0
train/0267/830215351cd64272b2f7e1e5b82f56ca.jpg,267,267,267,0,0
train/0267/9a1b081dc52a4eea9d07d10d59b9444f.jpg,267,267,267,0,0
train/0267/a0b201a7e23a4d96b69248078985edbf.jpg,267,100,518,0,0
train/0267/a202e4de00b74420bcbb6d9adaabd1b2.jpg,267,705,705,0,0
train/0267/a48d0a3def284ed6a0b3a3cf1dd3b53f.jpg,267,267,267,0,0
train/0267/ae8bd03e53144b9a9ae120f35230563d.jpg,267,267,267,0,0
train/0267/aeb822e23c654b949d4d8bfd81022017.jpg,267,267,267,0,0
train/0267/b0c03c45e2e84c85a1220e764eb5fb11.jpg,267,267,267,0,0
train/0267/b34b8ca32a4a433abc848192421156bc.jpg,267,150,150,0,0
train/0267/bad889ea749c4529a6edd2f356b5ee27.jpg,267,267,267,0,0
train/0267/c1171b7afcce4f889892fe4d14ffb162.jpg,267,267,267,0,0
train/0267/c9af6afd30ed4d10bb02cf2dbce8837c.jpg,267,267,267,0,0
train/0267/eafc2f1dabcf4bd4b279cfbd4a741cf5.jpg,267,267,267,0,0
train/0267/f63b1b4058e84764bfc3993f80938bad.jpg,267,267,267,0,0
train/0267/fd2575900cb6477d888bec13e34e132f.jpg,267,267,267,0,0
train/0268/0c2faf03d5d743aaad0c5db2f710798a.jpg,268,243,16,0,0
train/0268/3006704b78e746aa9e04a8573247eb53.jpg,268,380,99,0,0
train/0268/3716fc33c01a4753a98e5741bafb3422.jpg,268,280,701,0,0
train/0268/40c6594d51b247c98060bd36bdcea667.jpg,268,243,16,0,0
train/0268/52957505fc32482fa434121603433cb7.jpg,268,268,253,0,1
train/0268/5c88d6bc968a44aeadaa9426312f14a3.jpg,268,162,253,0,0
train/0268/5e3b596ac21a4a0794d55c871802d6d0.jpg,268,243,95,0,0
train/0268/925fadf5100944018b8eb3c685a2f6aa.jpg,268,243,253,0,0
train/0268/9304316bc37e48089558432b5c49c26c.jpg,268,303,303,0,0
train/0268/98d69d77bb6a4e368a4e976daad7d683.jpg,268,253,253,0,0
train/0268/9d23e8360fbc462cb56e95bc7196d970.jpg,268,469,469,0,0
train/0268/aa5a87a00dad49729f2298d92d79206b.jpg,268,580,580,0,0
train/0268/b62821c119474163a3e6382e478d17b4.jpg,268,253,253,0,0
train/0268/cd2be2fb3457450c9ea06d92a65c58b7.jpg,268,253,253,0,0
train/0268/d954935213c0419081f638d3369c11ba.jpg,268,262,516,0,0
train/0268/e8ff13b45e6c4adca597f69f508dfded.jpg,268,253,253,0,0
train/0268/e99fc909b65840da917b58aa02d1a150.jpg,268,162,253,0,0
train/0268/f9e9d10a147c472f9f1ef19b012487d0.jpg,268,253,253,0,0
train/0269/01cbaaa2705d4d18b5850222ec81e1fa.jpg,269,526,269,1,0
train/0269/05ad320dacd14454a0f3f3c3906f938c.jpg,269,269,269,0,0
train/0269/0ba29eeb1ace45299dc9432d2b661d30.jpg,269,641,641,0,0
train/0269/0ed20d87d2194dad9978759d6e7b8a5a.jpg,269,269,269,0,0
train/0269/190d858ec4c54da3b4c2dd6fdd7ba356.jpg,269,269,344,0,1
train/0269/2761b054804c4aa3b409656fe68db114.jpg,269,225,225,0,0
train/0269/2a6bfa9c23254523bacb9b9b83d99049.jpg,269,412,641,0,0
train/0269/34a0237b26d844d0b74d572d33cd0500.jpg,269,269,344,0,1
train/0269/4534ce4095eb43469dfc6b3cb6538324.jpg,269,269,344,0,1
train/0269/493a5c4b36d442ee8177f4050b4f9471.jpg,269,355,355,0,0
train/0269/49fdc49dfcb1481aac796e53399c88f5.jpg,269,269,269,0,0
train/0269/5810400366a24dc6aba0628ff8113004.jpg,269,269,269,0,0
train/0269/58763fb58e0243329d612e679685cb00.jpg,269,269,269,0,0
train/0269/5d4cac04d035445c9a2a43bd304b1255.jpg,269,269,269,0,0
train/0269/60ca7da9b23a4d73b4bf14073317e184.jpg,269,269,269,0,0
train/0269/855fb05e80ef4c449d2c36c30724be9d.jpg,269,454,269,1,0
train/0269/88b32d896d2848a181dfd678583af7bc.jpg,269,269,269,0,0
train/0269/894193741432433b9f4ef3fadc95a342.jpg,269,269,269,0,0
train/0269/ae95c83d7a0a45e18c1e2259c2d39a52.jpg,269,658,577,0,0
train/0269/be190e2b33524b5fadb9044c22318411.jpg,269,269,269,0,0
train/0269/cb7e1e6eb4f74ec89a71f2203b03c0d1.jpg,269,269,269,0,0
train/0269/de30cf44b600453ca40be5e262de6cb4.jpg,269,269,269,0,0
train/0269/f5dc0fe5af3d48da8729336f90dbab74.jpg,269,269,269,0,0
train/0270/04d4d63056744739b3df5b53b575ee89.jpg,270,247,554,0,0
train/0270/27d49bbcce1e4f39a43ee2879817cda2.jpg,270,247,247,0,0
train/0270/51aa0bc521ca4fd687cea7f6aa29c0ad.jpg,270,554,554,0,0
train/0270/52705bc3db674d65adfb179f6a652b80.jpg,270,260,517,0,0
train/0270/558ae7ff3ba743038b5440b09cb4de69.jpg,270,18,262,0,0
train/0270/56bae02bc23c45ee92b95a5fdd038d46.jpg,270,203,388,0,0
train/0270/5e3018ae8631494c8d0a5f98f3193457.jpg,270,612,612,0,0
train/0270/6a77d45f82ba43d6a4778ff49855a114.jpg,270,247,721,0,0
train/0270/6c6f22e849d84e24995e86628bd272e5.jpg,270,370,370,0,0
train/0270/7fc3b10d54524ef8aaf13a5328613720.jpg,270,612,203,0,0
train/0270/8546eea0c31446cda89f53e5015c6b96.jpg,270,388,388,0,0
train/0270/b3f847cbff2c490c93308b472eac7db9.jpg,270,116,370,0,0
train/0270/cd5499437832462583a057225fc0e474.jpg,270,247,247,0,0
train/0270/cec8d2bd9da145998e1d6414d526d4db.jpg,270,610,610,0,0
train/0270/f022ca49d0564ec7a5b134f948cab9eb.jpg,270,116,554,0,0
train/0270/fab73044446f4c49a8d43ea77dbe49f3.jpg,270,612,247,0,0
train/0271/01faec9a60db485fb3a1264caf8a5eb8.jpg,271,271,271,0,0
train/0271/0b3e30302da9480e9acd2842d866c8aa.jpg,271,161,161,0,0
train/0271/0c6ea83275d949c08b0557cb636e55d3.jpg,271,161,161,0,0
train/0271/0f72eba6f2244cd2bcee9f58ea63090e.jpg,271,161,161,0,0
train/0271/1dfa1b14406f4d0887488a1d99e96bac.jpg,271,161,161,0,0
train/0271/25462e9a129149e49d2ec7b18713f860.jpg,271,161,161,0,0
train/0271/4081d9fa16d24728bf00acd315fbf620.jpg,271,271,161,0,1
train/0271/480bba14756542fb98185d584b896c13.jpg,271,161,161,0,0
train/0271/6873fb1aa08043abb6a07f00210cf03c.jpg,271,271,271,0,0
train/0271/7708f9aa224945d5b230b6912e5aad56.jpg,271,161,161,0,0
train/0271/8357e41e6eb44dd9b516152e2f49f6f4.jpg,271,161,161,0,0
train/0271/bcec5b15bc4445e2989afaf220b2677d.jpg,271,52,52,0,0
train/0271/c985113eab5a4ababcb9f5b57274b51c.jpg,271,161,161,0,0
train/0271/d252877133d64a4b9008362ac624d932.jpg,271,271,271,0,0
train/0271/db7f9574880343c5b9d72556a6898bed.jpg,271,161,161,0,0
train/0271/e37d4f7433d543e499c9f15e2bef2ee5.jpg,271,161,161,0,0
train/0271/e8fff4c924164cd1b2405048e3922a7c.jpg,271,509,509,0,0
train/0271/ee60af608c5942019dc4a8a89f34f409.jpg,271,271,271,0,0
train/0271/f267d9da00d34530a9ef9c37153a89ce.jpg,271,271,271,0,0
train/0272/23f3447dd93744a98787dc2ec3389035.jpg,272,272,272,0,0
train/0272/27c6256685fc49449d3b2fd050e1b50e.jpg,272,439,439,0,0
train/0272/2e0cc25e16e64023a0dd0995dc4b09a4.jpg,272,272,272,0,0
train/0272/42edb28aa8d94fd49a164c72a3daff88.jpg,272,445,445,0,0
train/0272/4bec07b4f8924c4c9fe8b2226dfc8184.jpg,272,581,581,0,0
train/0272/4f4fad67a97b4c7d8f664fe4d6c5a589.jpg,272,272,272,0,0
train/0272/701b64ee29ed4726b5949fd648462a8f.jpg,272,272,272,0,0
train/0272/77b484c243a44d61afcb293b570a4fef.jpg,272,518,208,0,0
train/0272/993310d6febd405a986da0dabe6ec426.jpg,272,445,445,0,0
train/0272/af270b0662ee448c94dcad924d63e836.jpg,272,189,189,0,0
train/0272/afea036aeb96494399e53c55e1de7ebe.jpg,272,76,76,0,0
train/0272/c2c04a68a06340d3976d7f78c2bcc216.jpg,272,524,524,0,0
train/0272/cc035cacf99b456694b6ff9cd125d17f.jpg,272,76,76,0,0
train/0272/dabf654798e24cf68966084db3b9c147.jpg,272,439,439,0,0
train/0272/f9a591ce98694993989602da708f2253.jpg,272,654,272,1,0
train/0273/1d92432fa3414a5c9ad5aba1576adb95.jpg,273,362,703,0,0
train/0273/2d1cd52e924b4befb58738b87690853e.jpg,273,703,703,0,0
train/0273/41cdf7db570342eea54dff051f61654e.jpg,273,64,64,0,0
train/0273/60ab3179d1cd4521baf009e21e6491bd.jpg,273,64,64,0,0
train/0273/64f6f1eb02f7479b85f102f9da1c1866.jpg,273,585,387,0,0
train/0273/6efc26c76c8f442180e2586fdf4e802e.jpg,273,411,411,0,0
train/0273/72dad8bae2384961a5f8c1339f863163.jpg,273,64,691,0,0
train/0273/7b1382f766e24f40b00b041e94257b1d.jpg,273,658,658,0,0
train/0273/89674f8a62644cfaad2df4385165e6c0.jpg,273,667,462,0,0
train/0273/a998f8ff79db4caaa7029b501f83d0a6.jpg,273,273,115,0,1
train/0273/af357250030749cf98c83a7f0d2e06e8.jpg,273,273,64,0,1
train/0273/c328a381a4ec4a6a97aa42151727968d.jpg,273,602,602,0,0
train/0273/cad08c2ab666470cbf557ee1668a6b34.jpg,273,595,595,0,0
train/0273/de9beb1f63864942b1de30d23068c22d.jpg,273,362,362,0,0
train/0273/e1abbbb813b449e3ada864f6f75848b4.jpg,273,245,245,0,0
train/0273/f79a8cdd0cee44a3af76fdd8271595eb.jpg,273,362,362,0,0
train/0273/fd930462343843b2a24b6ed1409a96fd.jpg,273,477,657,0,0
train/0274/0ba3bf611cef4069bcb86ec631faef20.jpg,274,274,274,0,0
train/0274/150d786fb61b4451861e16af06e5f869.jpg,274,621,132,0,0
train/0274/24d9b6cffbdb4ebeb33d5d9cee4abb08.jpg,274,613,613,0,0
train/0274/4bc50a0e50af44bba6460d54ec84737a.jpg,274,441,252,0,0
train/0274/5d296206e6fb446495b81f0f069aa0b9.jpg,274,213,213,0,0
train/0274/68871bd8c07f4096ba0e5fc9364a83da.jpg,274,181,181,0,0
train/0274/76da22b23179410daa33609860d55974.jpg,274,274,274,0,0
train/0274/799f3ea28883404cb74e0fd4a9bd8759.jpg,274,448,448,0,0
train/0274/7b32c88cdcdb40778518ed93d20b4d59.jpg,274,623,623,0,0
train/0274/acdb68a2114d4b29802ef8f1d22f63ad.jpg,274,344,344,0,0
train/0274/b6c0d5d3048e4a3aa4700dbcd216e545.jpg,274,448,448,0,0
train/0274/c674e9bb5d4b4619842422b4134d0ff5.jpg,274,599,300,0,0
train/0274/ce04bde1493c445aa872d2c69a38202f.jpg,274,571,312,0,0
train/0274/d4fdfac7c6924c85bb79e76375b035a7.jpg,274,374,278,0,0
train/0274/d9a2e64622064831b0212666c50b7eaa.jpg,274,420,454,0,0
train/0274/f41a251f836e4096a0432e3ce3097eda.jpg,274,613,613,0,0
train/0275/029811b3ff3f45f8aac10c91e0b7388e.jpg,275,677,24,0,0
train/0275/0c91e9cc0a2949c88516994e2a1e4baf.jpg,275,275,24,0,1
train/0275/13348db6aa984069bd254eb2d2e90885.jpg,275,24,24,0,0
train/0275/23b3910e281a481db8061579d73aa61f.jpg,275,275,275,0,0
train/0275/28f1974470384afd9a86f993657ab030.jpg,275,275,497,0,1
train/0275/33ce6c0d9d8a4d4187b95963a66a0d31.jpg,275,142,142,0,0
train/0275/3a1d2bed894543ed88a3ffc60fcbf76a.jpg,275,275,570,0,1
train/0275/3e513bd9a0a047d7ab32b4ebccb99257.jpg,275,24,24,0,0
train/0275/4da4c7bbb124464e9a19f83ef082f242.jpg,275,275,275,0,0
train/0275/5372df255ead42d88f560ce07b8d5097.jpg,275,206,206,0,0
train/0275/6b03f050f2d84edd928c8e87600d0214.jpg,275,275,275,0,0
train/0275/9ce62f26e90d41ed8321e2ce62de7688.jpg,275,663,663,0,0
train/0275/a0663364395c4aefaf42df3756be912a.jpg,275,275,24,0,1
train/0275/b286f91ad21b4277bcbafbefd2319044.jpg,275,275,275,0,0
train/0275/d56d1eef5c8a4321ae6675c974a3a676.jpg,275,275,275,0,0
train/0275/f0ca9ea1047647f89f650f50caa6d6fc.jpg,275,24,24,0,0
train/0276/197f5ac37c9944b9acf22e9f01af2a0e.jpg,276,276,276,0,0
train/0276/232e623864a04f359e789beec716fd3a.jpg,276,276,276,0,0
train/0276/461ae3d63d4a4cca98e9b9a6a2024030.jpg,276,276,276,0,0
train/0276/5001ac724ccc4b43a42effb3c07031e5.jpg,276,107,107,0,0
train/0276/5094c10ceeea4194950a4ba74f36d33f.jpg,276,276,276,0,0
train/0276/563a040b66ee42e7b16d4aa04a7e06bf.jpg,276,276,276,0,0
train/0276/6a7d4228dd244cc693b7a922fc6c9873.jpg,276,276,276,0,0
train/0276/713edcedb728495d841e20856e8215e3.jpg,276,276,276,0,0
train/0276/725b2e77ead14c5fb6cea960f91b6adc.jpg,276,276,276,0,0
train/0276/741497ac19754b73b2fc99031de3d2c9.jpg,276,276,276,0,0
train/0276/7877c8f8f3204f59bc87d4e510d49788.jpg,276,276,276,0,0
train/0276/79225ea0e74f4b33a53bbb80b56d5b80.jpg,276,276,276,0,0
train/0276/7a92148d7d1a4167be8ad9f8f77ce3a7.jpg,276,276,276,0,0
train/0276/7a963c6137fa49f8953f166acb05c2ba.jpg,276,732,276,1,0
train/0276/7b3d25e1daac44a8b91fe82b1ef5a1ca.jpg,276,276,276,0,0
train/0276/83a05bc7fdee4cc08f14363102427452.jpg,276,276,276,0,0
train/0276/9ca4ea183e8743bda9ed9e60210548e6.jpg,276,276,276,0,0
train/0276/a0bcf048352b4deba5aa103fbaa0ef78.jpg,276,276,276,0,0
train/0276/a9e555845dff47b7b8315d0792164a2a.jpg,276,276,276,0,0
train/0276/ba9a94c69d284da7a6527e4b19102224.jpg,276,276,276,0,0
train/0276/c1deb760fe1a487ca84eb16299104bea.jpg,276,276,276,0,0
train/0276/d4efb1ee460e42589e524823fabfec54.jpg,276,276,276,0,0
train/0276/e4c41bb2d3774f37bcf569adc4fecb87.jpg,276,276,276,0,0
train/0276/fb0e196b4b9a4a77b98f4199c4dbb25e.jpg,276,276,276,0,0
train/0277/06e8dc14e6044d8bb1e80caaaf3dd36e.jpg,277,277,277,0,0
train/0277/1d6bbcafc798418d9fb48a24698a28d1.jpg,277,277,277,0,0
train/0277/1e4d178d72074ff1a532a431795b2695.jpg,277,277,277,0,0
train/0277/1e87a3a28a6f419e8acbf3a5b6193d26.jpg,277,277,277,0,0
train/0277/23d159d4b61a42b4b1ad27e1330f6b75.jpg,277,391,444,0,0
train/0277/37059a34320640d199d64e2d9c2db97e.jpg,277,277,277,0,0
train/0277/3a44a05f08494e04bbe9374d49e51b84.jpg,277,277,277,0,0
train/0277/42bf97a01fc646d7aef862e9a5f510c6.jpg,277,277,277,0,0
train/0277/4928ff3f099c405f8bd91b902580b245.jpg,277,277,277,0,0
train/0277/50477eeaa497436a9e4999cab5c43765.jpg,277,277,277,0,0
train/0277/56f51f53dd1140c696ede6b6741199f5.jpg,277,277,277,0,0
train/0277/5a33c4f31b534728837b020b9a1dec3a.jpg,277,277,277,0,0
train/0277/708dc60309a8499bbc148405653f4ce0.jpg,277,33,33,0,0
train/0277/72b047c966c74829b66ebd9cd5d67d3c.jpg,277,277,277,0,0
train/0277/822c261eeb9b464c98b6fd510f216309.jpg,277,743,743,0,0
train/0277/9e27c05e634e4cfa9059c1a9a537c1c4.jpg,277,277,277,0,0
train/0277/af8c2ae8c62b446187045a5c1bdcfdab.jpg,277,277,277,0,0
train/0277/b8d9215ccf4f46419f347455f31ac106.jpg,277,277,277,0,0
train/0277/ba8ec7604ee245b195f8363ddc9c86d6.jpg,277,277,223,0,1
train/0277/c357522b6d5b40f8840908517812081b.jpg,277,277,169,0,1
train/0277/c3a11a7ba8f84a5582c8afa7d5c7b13a.jpg,277,277,277,0,0
train/0277/e6b78e104a1c4dc48deb7fee97a0bdf4.jpg,277,223,223,0,0
train/0277/e98497f0129f4b7ba2358a7ae2b06543.jpg,277,277,277,0,0
train/0277/f911a37361454151aebc0022c4a7d238.jpg,277,277,277,0,0
train/0278/116119742d3b4dd4841c2b90bddf7067.jpg,278,278,278,0,0
train/0278/151ef923759b4323a32cab673ec63f60.jpg,278,3,3,0,0
train/0278/2f700deac0814c72911ae5b7162ff202.jpg,278,540,540,0,0
train/0278/2fa18779604e40358dbcba5a91f38013.jpg,278,129,546,0,0
train/0278/376fea3e4d194e71abd833862cab59d8.jpg,278,278,287,0,1
train/0278/5946717d5f3a44dead640d06d6420225.jpg,278,278,278,0,0
train/0278/65ba6257a06747569520ea4f71b0cf01.jpg,278,278,278,0,0
train/0278/74e0ed22bc0540a19906ef97b82723f1.jpg,278,454,454,0,0
train/0278/7ae79f5e4c4a47318bd171cfe7f3255b.jpg,278,347,347,0,0
train/0278/886284e9e89f40e78e44f295b586ff3c.jpg,278,278,546,0,1
train/0278/8bfc0a9028cc46faba6f190247951776.jpg,278,278,278,0,0
train/0278/b46f1027460a43bea952abdba5009b4f.jpg,278,129,129,0,0
train/0278/c260b1df22204316a2004bd97fbed471.jpg,278,344,344,0,0
train/0278/d44ab9d892934477b2237d1a82d94a8b.jpg,278,287,287,0,0
train/0278/e420562266544d94ae016e4cdd1f28b9.jpg,278,278,344,0,1
train/0278/e6c25769cf044502be27c9b80716c404.jpg,278,278,278,0,0
train/0279/083bf87bdab64feb800d46248457fee6.jpg,279,358,358,0,0
train/0279/26b514ab3a3741068f851df6ea5157ee.jpg,279,279,279,0,0
train/0279/2d7b18bf28d145c2b961476dc1e38eda.jpg,279,279,742,0,1
train/0279/2edd9073ed8e47d2ba889d17132f445e.jpg,279,374,279,1,0
train/0279/3a89bd44f4a445a9afcba040ccf10e99.jpg,279,279,279,0,0
train/0279/473dc82e0e3c42989120acc720c9028a.jpg,279,571,571,0,0
train/0279/560c01bec5394c1b877c0a6d9331397a.jpg,279,131,131,0,0
train/0279/5c12a69bb0e445c4844896f7cdcfe929.jpg,279,279,279,0,0
train/0279/6d374b432274427cb221e0d2d70323f7.jpg,279,279,279,0,0
train/0279/8ad32ce7d69c4d35980385d3fab7dcad.jpg,279,279,279,0,0
train/0279/8d642c08f3bf40c0ad5b32beeb1cdc4e.jpg,279,410,410,0,0
train/0279/8d713b5af142447f8a32bb82c06b5dca.jpg,279,217,454,0,0
train/0279/95e4a9c76b1a4ceab8eb6116f2d81310.jpg,279,312,389,0,0
train/0279/98c55070340640aaadd1bf05a236293e.jpg,279,279,279,0,0
train/0279/a4211f13f09b4c428e752c82e9a64b51.jpg,279,279,279,0,0
train/0279/a5f0b8fa3bf949d2a72c08bd19f3a5fa.jpg,279,686,269,0,0
train/0279/aaba8f232fbf4893bfad8eabfb536c77.jpg,279,279,279,0,0
train/0279/b5ac072a57a54f37ae3358cd6f53b348.jpg,279,213,213,0,0
train/0279/c5a3a5b66c3a4c7788286183d42b5d42.jpg,279,279,279,0,0
train/0279/c6d949be9d0444caaa17fbd938c2de05.jpg,279,279,279,0,0
train/0279/cf90ffcdf76e4bdd8aa3a4721eeca878.jpg,279,279,279,0,0
train/0279/d24386d828814e349bedf2fcd94d0da5.jpg,279,503,503,0,0
train/0279/ec3ebdb7e22246a7906afcce79043bc9.jpg,279,374,374,0,0
train/0280/1117c56d717c46f9a233e46f08006c38.jpg,280,280,280,0,0
train/0280/25e5113fbc904c4da2ccea2e26c1c468.jpg,280,280,280,0,0
train/0280/4e44b25eaeff405f813f6496ea772794.jpg,280,512,512,0,0
train/0280/511b3eee32e84f758d5a395418a108d3.jpg,280,280,280,0,0
train/0280/636325eec4a3419484bde4573f6e58a2.jpg,280,280,280,0,0
train/0280/7d8e3b5780a745c5a36943d413a42e03.jpg,280,280,280,0,0
train/0280/9bf1eabb9db041658b2ecd9cb78245aa.jpg,280,280,280,0,0
train/0280/aef7dde58ca7424ebe489501a6043b69.jpg,280,280,280,0,0
train/0280/b4dc30366af3444cb01c09abb5d7d642.jpg,280,280,280,0,0
train/0280/d1fb8563c1c8449294c4095250a1622c.jpg,280,664,664,0,0
train/0280/d87ffaef19794e09bd5d3de1c05894d7.jpg,280,368,280,1,0
train/0280/e553834450bd4b41b24171d1e7bbc16b.jpg,280,280,280,0,0
train/0280/e9dd90286412485c9268c8ee96180d31.jpg,280,280,280,0,0
train/0280/fbc72a41c21b4ac483cfa9dfdf9b249f.jpg,280,280,280,0,0
train/0280/fd6ea85faf9c480aa2df31112e019163.jpg,280,280,280,0,0
train/0281/044200ee94f44c08a02c96a4cfd6783e.jpg,281,717,717,0,0
train/0281/0a32e00538f74c3983c8450eef584861.jpg,281,281,281,0,0
train/0281/184b837622ee468a860f340f31d4fd8f.jpg,281,97,281,1,0
train/0281/37aa27bd572f462492878b89a212806f.jpg,281,281,281,0,0
train/0281/3fc0305a4c6b433c9eaa874fd4d28600.jpg,281,281,281,0,0
train/0281/43c999f74295478c92ff4b22e88389f9.jpg,281,658,658,0,0
train/0281/5bc886205b8f48d59278f1cecc11dfe3.jpg,281,281,281,0,0
train/0281/607d9823aa1c439b8bab7792905106d0.jpg,281,281,281,0,0
train/0281/8be6878692d3413094a21e0f4f22f3d0.jpg,281,281,281,0,0
train/0281/924a0faae0a445f7ae7858cc057c34af.jpg,281,281,312,0,1
train/0281/a3b56a32553845f19992ddad72b53e1b.jpg,281,281,281,0,0
train/0281/a7ef812d279c464a8f496d6af319a2f8.jpg,281,281,281,0,0
train/0281/a9bfa9ea5e5d45738eca046ba91d1e4a.jpg,281,281,259,0,1
train/0281/aeb2695c256148b7b965ab50844be535.jpg,281,281,281,0,0
train/0281/cf265efe8da6455285d24ddb8b58921d.jpg,281,531,717,0,0
train/0281/dde045d95f5f4f9684de8f5b9223777d.jpg,281,281,281,0,0
train/0281/e8660dabab3f4b1b8e7bd9a784d28a3c.jpg,281,230,230,0,0
train/0281/f1b8a0d0b9bb4378b4cd8b4b289ca338.jpg,281,281,281,0,0
train/0281/f93e9977daa7479faae9a84c11172a38.jpg,281,281,281,0,0
train/0281/fd9ddf86deca46988490e18571cb3e3a.jpg,281,281,281,0,0
train/0282/0497f7784ab2470bb5080d245e3cf707.jpg,282,282,282,0,0
train/0282/102779f9c3a74abab1f32a75e0aac3f3.jpg,282,282,282,0,0
train/0282/15ea7eb85d1b4fafb92e95f327c6dd1b.jpg,282,282,282,0,0
train/0282/210bb024170f474db65f9ce8f2eb0787.jpg,282,282,282,0,0
train/0282/2ebef366da2443e697e0c7769176e964.jpg,282,444,444,0,0
train/0282/584355e5adeb4e2c880ea7a7a60482df.jpg,282,282,282,0,0
train/0282/590841c18d18491c8479422024c23011.jpg,282,282,282,0,0
train/0282/5d5b34864c344f55a8b9b8095adc5614.jpg,282,282,282,0,0
train/0282/61930637903b4c729fc1cb3664408125.jpg,282,282,282,0,0
train/0282/620a115594764e4eb5e0d782245a685a.jpg,282,282,282,0,0
train/0282/84f1b6faef9a4ff7ad7fb78e9642204b.jpg,282,282,282,0,0
train/0282/898a57d2f26b4d89b5cc6f81815a59a7.jpg,282,282,282,0,0
train/0282/92544204c5c74d2da49b59b1d38cfdf4.jpg,282,282,282,0,0
train/0282/c32416732a07493484d096e8f2cc18b3.jpg,282,282,282,0,0
train/0282/c5cb1b6a89ec4f29946a5d2240cd3a91.jpg,282,282,282,0,0
train/0282/d9fb85ea8baa4e799982cb77d541618f.jpg,282,350,748,0,0
train/0282/de4d0f8245f143efa590df0a51d02da6.jpg,282,282,282,0,0
train/0282/f8cfd805075049a09c05f4559e79de74.jpg,282,282,282,0,0
train/0283/0043dfa126304a91a827044a48bf1fe8.jpg,283,283,283,0,0
train/0283/1aa41f7c6eb44747a2bc92e6224dce09.jpg,283,283,283,0,0
train/0283/1c7cfef9d1d3425a91cbf4789d0b98f2.jpg,283,283,283,0,0
train/0283/21c043ffce954dceb1ad609fe636afd0.jpg,283,283,283,0,0
train/0283/2569ba0f6ab648fa9c639b36ee46ec43.jpg,283,283,283,0,0
train/0283/29eb1168ea8545648ddcb02b8a3c45bd.jpg,283,283,283,0,0
train/0283/431608cd2a74422696b2022085517d29.jpg,283,283,283,0,0
train/0283/43e22de3b52d4b82b527ad2b16fff28d.jpg,283,283,283,0,0
train/0283/4fb3d98926fc4c6fa5e769cfcfdbdd55.jpg,283,283,283,0,0
train/0283/597d6eee097f4e18b328395c04fb9a77.jpg,283,442,442,0,0
train/0283/67cb9893bdeb464396c5efa328ca47f9.jpg,283,283,283,0,0
train/0283/6ed6d65b44ec455d9e9ea038baf5d50b.jpg,283,283,283,0,0
train/0283/84f9fed3d02742ecbffc8fca24436b2d.jpg,283,283,283,0,0
train/0283/8b719692a9b14584ba45a4b3f704cb09.jpg,283,283,283,0,0
train/0283/8be250a5902742a698828e0ee1f54f1a.jpg,283,283,283,0,0
train/0283/97caeefe4da24ddcb5cd4a509a87b8a4.jpg,283,283,283,0,0
train/0283/ae75da7b9be94b81bfa97175af524cc5.jpg,283,283,283,0,0
train/0283/b2f5f9538c1746f294b50fc5641a7161.jpg,283,283,283,0,0
train/0283/b35c4dec59a54e47bb7cbfbe7d0b12dd.jpg,283,283,283,0,0
train/0283/be53bfb51d5748fdae5a2f2faa76ec4a.jpg,283,283,283,0,0
train/0283/db74c837c1fb4e3a951d581263032b06.jpg,283,283,283,0,0
train/0283/e070bf74ec1947e3aed8650c9daef035.jpg,283,283,283,0,0
train/0284/0a33fbf7ca5346a4b35fdd91bb4c05e1.jpg,284,300,722,0,0
train/0284/0e2d2238d09e49d7b482c06f4ddeb009.jpg,284,599,499,0,0
train/0284/23995484d16d4239a2ee8b20181e567f.jpg,284,226,457,0,0
train/0284/319863304b2645ac999755206253bd9d.jpg,284,300,300,0,0
train/0284/5ac3d9d1588f4690a956a9d78e3cf37d.jpg,284,300,300,0,0
train/0284/63ff6ba8e7a845e28e97941b86497bcf.jpg,284,663,663,0,0
train/0284/761fcdabcdc24e4ebafb5d51c5129f4d.jpg,284,663,663,0,0
train/0284/84bd89921a6347a2a30434d390abfbb8.jpg,284,226,237,0,0
train/0284/9278fe7c918b4f0aaad79001b203f140.jpg,284,663,663,0,0
train/0284/a4cebe5d6c164efe86717d20d10c7a11.jpg,284,226,259,0,0
train/0284/c45c200d78c54d13a9857d157c3ed150.jpg,284,531,531,0,0
train/0284/c4fac52af035438283de6b86be210657.jpg,284,230,230,0,0
train/0284/c88436110e994070a8390ca97e539d79.jpg,284,106,731,0,0
train/0284/d65deb8ab58945488b4e5aae79fe663c.jpg,284,315,230,0,0
train/0284/dd4bcb40c5b84ac6a83fdc4acabcc8b7.jpg,284,230,577,0,0
train/0285/15a272f602d34696b480c052b64a3eec.jpg,285,285,285,0,0
train/0285/16be725c821e458ca0c995342d56c044.jpg,285,285,285,0,0
train/0285/19f29ae21b58421f8acce41382cbec9f.jpg,285,285,285,0,0
train/0285/24cde227d12f471fbd43c439b08de499.jpg,285,285,285,0,0
train/0285/4f6b4460bc4440bebd0906b6cebe7988.jpg,285,285,285,0,0
train/0285/759f7971deb54e7cb64a8d0c9dd9ab8a.jpg,285,285,285,0,0
train/0285/774452e44c0242d5bbfdf8677af2c676.jpg,285,650,650,0,0
train/0285/8099f6bb38bd441f94c210ac2bb2e252.jpg,285,285,285,0,0
train/0285/8b2b660fcd814379afd5e3fe3d55f8be.jpg,285,534,534,0,0
train/0285/a7b75fb316df4a419da1abb53fb9a503.jpg,285,285,285,0,0
train/0285/b0bef5ebe5a747a4a19f776adad47374.jpg,285,285,285,0,0
train/0285/c9a9f303860e4c9892b4cb490dc335a0.jpg,285,534,285,1,0
train/0285/dafa3acaec6042c58fa8c25b40148342.jpg,285,285,285,0,0
train/0285/e32a35bb7aa64f43a8ef69597889137f.jpg,285,285,175,0,1
train/0285/eb7ab11a721a413b80ff1492d0606b4d.jpg,285,285,285,0,0
train/0285/fe491c6451cc4a2d88a43c4a0fbf5767.jpg,285,285,285,0,0
train/0286/19d0b2228cc24bcd994dc3eca3fb9c85.jpg,286,135,135,0,0
train/0286/1e394de1960f4d00937c7c992796d236.jpg,286,455,455,0,0
train/0286/2724c435f05349bd9e7ea370497208ab.jpg,286,286,286,0,0
train/0286/2dfbf8ffb7404ec99f9fa120a41f1be2.jpg,286,712,195,0,0
train/0286/3b8a2722a8cb40208b9e910e519eb3dd.jpg,286,286,286,0,0
train/0286/3bf104489164426193e64fca3b3e47e7.jpg,286,90,90,0,0
train/0286/3dd6389cf4c74694bac2b61995c9f486.jpg,286,111,282,0,0
train/0286/4617ed0f9d1c45c1806016696eca51fb.jpg,286,333,333,0,0
train/0286/65a9e4b210d64cd18e245c846c1c462b.jpg,286,286,152,0,1
train/0286/6ccbf466358a4477aa40d5c923dd0e15.jpg,286,714,350,0,0
train/0286/747066ae2960478a9fe0ec0062c4f996.jpg,286,278,278,0,0
train/0286/76eb37d4cc1949d68e6c709fb81e17a7.jpg,286,286,286,0,0
train/0286/7898e05cbbf540179d6ebe2bfaab21e7.jpg,286,286,257,0,1
train/0286/7f08efae663c44c69208673774953243.jpg,286,397,397,0,0
train/0286/8f06c6c566224f93bac98eebfc6a2c93.jpg,286,302,302,0,0
train/0286/97a740cb1473481fb596a0d0cd92afe7.jpg,286,286,286,0,0
train/0286/98915508ecfe4602a72b92f78535c071.jpg,286,286,286,0,0
train/0286/9f538932d0e74411b88c56652f9dc13f.jpg,286,286,286,0,0
train/0286/a8babdee75534fccaad5662f59fa6f57.jpg,286,351,351,0,0
train/0286/aba66fb7333340849df74c2a82edf891.jpg,286,540,369,0,0
train/0286/bebd6e9a34f14541986d697421fb8f1e.jpg,286,286,286,0,0
train/0286/c83d98a7794c4b99814dbf9fbe93ff78.jpg,286,286,286,0,0
train/0286/d5e1012462eb4d5daa894e264d616c2a.jpg,286,314,540,0,0
train/0286/ff0de354d02344a1a215310092c1ac45.jpg,286,560,219,0,0
train/0287/0148970f1fe94ad19fce23b5a640cd44.jpg,287,287,287,0,0
train/0287/081f5ac781d845aea540599566a2036a.jpg,287,287,287,0,0
train/0287/0d0f63c3334046f695635898e3f3d927.jpg,287,287,287,0,0
train/0287/19252d530cde45c9babeee013bb39f1e.jpg,287,287,287,0,0
train/0287/1da53f164b614bda80728dec3da4e22d.jpg,287,287,287,0,0
train/0287/31e9e55487a54d4ea893e588c542b7e9.jpg,287,287,287,0,0
train/0287/3735033b212f4b49809d3ad3a00e93b0.jpg,287,287,287,0,0
train/0287/4f9061467e6a49e6b4f3ab857f5c3c23.jpg,287,287,287,0,0
train/0287/56faffd3a7e84e1d8215521fc10f9626.jpg,287,287,287,0,0
train/0287/5dd884923b3e42009421884502f3f49f.jpg,287,287,287,0,0
train/0287/6c0500a606d14e43852b629e0edd4e59.jpg,287,536,536,0,0
train/0287/811fc56bad00493a8aa2398e8751c7ca.jpg,287,287,287,0,0
train/0287/85c6f81c8a1746a086b40d9751359c61.jpg,287,287,287,0,0
train/0287/9e0b14cf1fab49b6872af1a90be8c060.jpg,287,287,287,0,0
train/0287/a7fb831fc1ed497a95363bd06d49d3fd.jpg,287,287,287,0,0
train/0287/af0c8d3f40e24b88a2c7537009a18fbd.jpg,287,287,287,0,0
train/0287/b141d875ead94b1f98e5d7f70d550986.jpg,287,439,287,1,0
train/0287/b44204c3a93e46dea655730a0fee9a1f.jpg,287,3,287,1,0
train/0287/be0a857ee61d41af807290f6468eea02.jpg,287,287,287,0,0
train/0287/bfd9d18ccf8f41fd9815bad75a58d146.jpg,287,540,540,0,0
train/0287/d5b7958ef5fc471da133e0f207f0f0c0.jpg,287,287,287,0,0
train/0287/d7449721fd6c43fbbbc6afdaf6f7a198.jpg,287,287,287,0,0
train/0287/d9edfaa8196540bca91d8dcfd9c2a651.jpg,287,287,287,0,0
train/0287/df32f4ed24d44cdc90848ec18334db22.jpg,287,287,287,0,0
train/0287/ff0463d9e75045d9accca8b17d3f342d.jpg,287,287,287,0,0
train/0288/087a99e85f4a421595956a6f2e4ebb75.jpg,288,288,288,0,0
train/0288/1539c8fdbc904c82aff8b83079415585.jpg,288,288,288,0,0
train/0288/2b7569d24cdd45e8a728878af2ef0cd4.jpg,288,288,168,0,1
train/0288/4d592f507c974a7a9a4d708352569c35.jpg,288,288,288,0,0
train/0288/560cf565d5594e2988806a26caeb2d7c.jpg,288,288,288,0,0
train/0288/5c7381b28e7f47d8ae02813cbd12f79b.jpg,288,288,288,0,0
train/0288/5ceaaa8c31554ba285f144f11b3cd722.jpg,288,288,288,0,0
train/0288/6203572aa8504f65962030a4e592af10.jpg,288,168,168,0,0
train/0288/7a1478264d5346859f9c5adf1fcc467d.jpg,288,288,168,0,1
train/0288/7aa9797c741d434dbd99e5d7cf734f4d.jpg,288,288,288,0,0
train/0288/838f1eafbbfd432aaa1c31d9fc709c7b.jpg,288,288,288,0,0
train/0288/87686ca0a06b4ebbaf1f5606a66c1eed.jpg,288,532,532,0,0
train/0288/922cc65e463f4685913f030d6b5cb9f8.jpg,288,288,288,0,0
train/0288/94b2d1344e4b449e8319b27a479b7582.jpg,288,288,288,0,0
train/0288/a7e7893d13a540c8a427840f83ae21e2.jpg,288,288,288,0,0
train/0288/ba3b94f55120481bb722b444e1b058e9.jpg,288,288,280,0,1
train/0288/d352498f6bc24d1aba06615c140d2666.jpg,288,288,231,0,1
train/0288/d8e25c9ef4f746bc88d0419b2178b140.jpg,288,156,512,0,0
train/0288/dd129244b1ab47a89c4f494aad66c6c4.jpg,288,288,288,0,0
train/0288/debd3f7d06eb40a0822e0e99d72eb992.jpg,288,288,288,0,0
train/0288/e19e1d809889458dacb7db726cb3aaf6.jpg,288,288,168,0,1
train/0288/e65744307ca64f2e8e68b333ee301e38.jpg,288,288,397,0,1
train/0288/ffc5bebce48543df83b992e3f48802a4.jpg,288,288,288,0,0
train/0289/0b79e1c2332148a499edb59ea5812ebd.jpg,289,289,289,0,0
train/0289/1fcec6dbe7ac4992a240ecee39e45ed8.jpg,289,289,289,0,0
train/0289/21f1001935d04df5b4fa3b48326115c8.jpg,289,289,289,0,0
train/0289/310ad1568fc943d6baab75a026fb15c1.jpg,289,289,289,0,0
train/0289/40ec70a58cb04b91ab9bee7263103f26.jpg,289,289,289,0,0
train/0289/4954fc0693764137ab7aff7775e63280.jpg,289,289,289,0,0
train/0289/51ac54d5dc3d4e5dba9ca80da496a4a8.jpg,289,289,289,0,0
train/0289/539ed8349b30450f85c06ded03afaff3.jpg,289,289,289,0,0
train/0289/618da3d61920445391a045593722770d.jpg,289,289,289,0,0
train/0289/70beadf214c845ba9239e7acf2ace33a.jpg,289,289,289,0,0
train/0289/97dea670179f4fcbaf9c9eef524fe629.jpg,289,289,289,0,0
train/0289/982605fd92d745f4bbd61cdb7fe61a95.jpg,289,289,289,0,0
train/0289/9cf6ec5462274c4381a53728bcea4272.jpg,289,289,289,0,0
train/0289/ab0c9f740159479aa813811489e8939c.jpg,289,289,289,0,0
train/0289/b492dfcaf6444ba18971995c53d03433.jpg,289,289,289,0,0
train/0289/d7f96db2d71d434db05a652238ddd978.jpg,289,289,289,0,0
train/0289/deed3a75fb1a4a2a9c0bb6cca2f85cc1.jpg,289,289,289,0,0
train/0289/e79967cf7e294a5681029ad9b1628e89.jpg,289,289,289,0,0
train/0289/ee4b97295fbe4e3ea4845596acb8ca69.jpg,289,289,289,0,0
train/0289/efbd2e001f09449a9c86a8e35b443500.jpg,289,289,289,0,0
train/0289/fd8034fd07d149a3b71ce61fde9d0dda.jpg,289,289,289,0,0
train/0289/ff65cce53560480489a5b8d2132e80d2.jpg,289,289,289,0,0
train/0290/037cc2bf4fb54d15b1c22273a407511e.jpg,290,290,290,0,0
train/0290/07629cdb565e4196be791cfa9d60f348.jpg,290,290,290,0,0
train/0290/1e304c4e02e3487a887b7112dc7d3aec.jpg,290,620,620,0,0
train/0290/262805e2023e4c99aeb7c944d5b5c3f3.jpg,290,290,290,0,0
train/0290/506229697bda4eb59bc068f77abe39eb.jpg,290,290,290,0,0
train/0290/5425ca1578464943859bd97771173f67.jpg,290,290,290,0,0
train/0290/5d974ff1a1ef452889c239ba0d1a6c3b.jpg,290,315,579,0,0
train/0290/6b8cddbaa22b49b4bb8f01055549e9cc.jpg,290,290,290,0,0
train/0290/719a76d1163146a29d5aee40f7875e18.jpg,290,749,338,0,0
train/0290/7abe1e230ef14b249e2bc527bfee4991.jpg,290,579,546,0,0
train/0290/81b35b8c8d3345aa8055c184bca8cca3.jpg,290,290,290,0,0
train/0290/959352b69fe34b038320b34e779fc86a.jpg,290,579,579,0,0
train/0290/984a643041c241668f36a8d98ff3c8a0.jpg,290,290,290,0,0
train/0290/99dae5ad433b47e78f4c3a3ae04b09de.jpg,290,565,565,0,0
train/0290/a349843fc56c4c249dd3daef2528fda1.jpg,290,290,290,0,0
train/0290/a6d2cf21c992481b866f321df3d3fc4e.jpg,290,316,546,0,0
train/0290/acca5a3dc1c84d929e9200dcdd346326.jpg,290,290,290,0,0
train/0290/b1653c9986ae481dac58eb9c31815bec.jpg,290,131,131,0,0
train/0290/ca5974e8958a4105a0ab78b5863b0b5e.jpg,290,315,471,0,0
train/0290/cc73b32c0dc6479babcc9466677fc3f6.jpg,290,579,290,1,0
train/0290/e15cd022b01042d7a030e163f1102975.jpg,290,706,430,0,0
train/0290/f26a65454ebd4e69a62150166523d670.jpg,290,290,290,0,0
train/0291/05fd467051f34006bf1b1ef8c4d2854d.jpg,291,92,92,0,0
train/0291/1869f061795d4468b06cc2fa7b70ff68.jpg,291,291,248,0,1
train/0291/1a2c893ca88a43c9b9f74edd7e0780be.jpg,291,650,650,0,0
train/0291/1a3cb0f260854a47b0f99bfdbccca971.jpg,291,326,248,0,0
train/0291/2b50279e65674daba7d51d5a8330dc8d.jpg,291,400,400,0,0
train/0291/3a569dda47ad44868c7839c57238319a.jpg,291,232,232,0,0
train/0291/3b1552e2dbc9461a8f00d19e80522cd2.jpg,291,248,248,0,0
train/0291/3d11730fa97b4838abf91f69e51654ab.jpg,291,314,416,0,0
train/0291/6c21004eb1c24a568f4741f4bf3bcffc.jpg,291,248,248,0,0
train/0291/7a13c61ce1924504aa3c1d86245eed86.jpg,291,291,248,0,1
train/0291/a8547cb005d647ffa6bf6a04586b4a28.jpg,291,291,661,0,1
train/0291/a97dab79ef2242779e2448a4b956c9d1.jpg,291,248,248,0,0
train/0291/aa47aae50884400fafe6ea64b5baa9ab.jpg,291,291,291,0,0
train/0291/ac052871dd564605b03bbf2c2f1e5348.jpg,291,31,565,0,0
train/0291/d9230fa1e0b941d6b7d5dda785b5c173.jpg,291,131,131,0,0
train/0291/f43a30a7d01642ec9616e91ee02f2b3e.jpg,291,291,248,0,1
train/0292/1614ce6a52c944d8940518736c1e3edc.jpg,292,292,294,0,1
train/0292/180ec9a8d20e425dbe886cf9597a5fe5.jpg,292,427,427,0,0
train/0292/25321bab27af48ca9c84f1b871a4f457.jpg,292,20,20,0,0
train/0292/3ea404897e36430493f3d0a1e0dbb57e.jpg,292,292,319,0,1
train/0292/3f0e62eeab5843da844ccd16acca6ea7.jpg,292,319,319,0,0
train/0292/4041d0e09ed742e6bf7b1af3b4b4efa8.jpg,292,112,112,0,0
train/0292/41fd5b5c4802405e9e94dd339ef3f369.jpg,292,431,295,0,0
train/0292/47c59334e04444aebb83b33d6aeaefff.jpg,292,319,319,0,0
train/0292/5919b3dde21a4cf5a674816f3f9749ca.jpg,292,133,241,0,0
train/0292/5a2dfe397e6d4b88a1414ccc2416b7fa.jpg,292,713,713,0,0
train/0292/6638cd1c61d943098200534a583f66d2.jpg,292,314,560,0,0
train/0292/81daadba9bcb46c1afb563340155aa52.jpg,292,745,39,0,0
train/0292/82a61049bafd4ffbb7b849b3de8f1192.jpg,292,112,350,0,0
train/0292/b2dd51f988c14c1791f31d90f17dd5b7.jpg,292,427,427,0,0
train/0292/b33b7a7c388f401aab3f33658f763e92.jpg,292,292,294,0,1
train/0292/b42a7321b1814e39b3941c6c0d6ee08c.jpg,292,295,295,0,0
train/0292/b801989ec04e4125876b8f9f7417d0c9.jpg,292,292,292,0,0
train/0292/ba48d22298e54b84b70a17e8a1d60568.jpg,292,292,319,0,1
train/0292/bf82770422f643ecb07d75215736afa9.jpg,292,215,215,0,0
train/0292/ec1edd0376ae40e8b88af1eb953d4598.jpg,292,631,631,0,0
train/0292/f7561fc3aad64c8d9dc2b2faa308c145.jpg,292,295,295,0,0
train/0292/fffd39bd57fb4dedac3ef0747f6b9818.jpg,292,295,295,0,0
train/0293/06eb2bc927e44e84b71e4aa197ea1efc.jpg,293,293,293,0,0
train/0293/2cb16c1f99b942829830512a2a1c5e6c.jpg,293,293,293,0,0
train/0293/2ec59d745f6b4ff98af278f283108943.jpg,293,293,293,0,0
train/0293/2f72ede803114c7aaedacb35c62e7c52.jpg,293,293,293,0,0
train/0293/558a96e5bbd140b2bad5b251ba2333bf.jpg,293,293,449,0,1
train/0293/5e013fdddcaa4ee1b49c4b711ddd3bee.jpg,293,293,293,0,0
train/0293/6b1a576eae684ee688e87722e10dc5e2.jpg,293,293,293,0,0
train/0293/6d7943aaefad4c92a70f7cd01edf8108.jpg,293,293,293,0,0
train/0293/803309e8095c4662992026775db18c12.jpg,293,293,293,0,0
train/0293/892e8bce902f4a4690d86c3a64fc1195.jpg,293,268,7,0,0
train/0293/91a83eaf88c54e50a6db944cb53482f9.jpg,293,293,293,0,0
train/0293/98d0370d939b4885a76419ae774b77b2.jpg,293,293,293,0,0
train/0293/9f59b586d4a74b2ea6a365a81e128b0e.jpg,293,293,293,0,0
train/0293/abe0bd61f7bb47db9e7c94894f91d980.jpg,293,293,293,0,0
train/0293/b2e040c2e2d04c3791f87b2deadd1cbc.jpg,293,293,293,0,0
train/0293/bbd19c480ff842d68361e91f5186d5c0.jpg,293,293,293,0,0
train/0293/c0293667e47844958e62e2c9f581c508.jpg,293,293,293,0,0
train/0293/d3fcf3fa82ff4abeb823f8be85033e71.jpg,293,293,293,0,0
train/0293/dc8582c8b13848949aa26c47d44e2c84.jpg,293,293,293,0,0
train/0293/e33887d0b4384d91827ca8d47e2f7ec2.jpg,293,293,293,0,0
train/0293/e3755272d0b54f56a19360fa598435a0.jpg,293,293,293,0,0
train/0293/ec19e3eb42c740c5a2d4b75eb29c0f74.jpg,293,293,293,0,0
train/0293/ee0feca0bcec4f60a03651d22f9a6388.jpg,293,293,293,0,0
train/0294/0d26cc2e85bb496b93df9cbc59bd803e.jpg,294,294,294,0,0
train/0294/22509903c4424dc0aa6bdeb2af8def26.jpg,294,294,294,0,0
train/0294/28326f1d06344f91aca90e7d89147c1f.jpg,294,294,563,0,1
train/0294/2d43b48d5e7941da91096d28eafd468c.jpg,294,368,294,1,0
train/0294/373c76acf6d1460c95a41be1e2b4f42a.jpg,294,294,294,0,0
train/0294/538e641ab23b499a9f4f85b4a5a7fd64.jpg,294,294,294,0,0
train/0294/539cba5cd53a4ed385da59f5e9fd6a34.jpg,294,294,294,0,0
train/0294/57d7d059174f48d6a06938af81bf1512.jpg,294,294,294,0,0
train/0294/5b4e240c113c40af8b1119c871a36850.jpg,294,294,294,0,0
train/0294/6567b789a3fc427ab165c0faa01e7514.jpg,294,294,294,0,0
train/0294/7654fcc0271e4860803bb496187099ba.jpg,294,294,294,0,0
train/0294/81f5aba7fa3949aa86d0ea391a624066.jpg,294,294,294,0,0
train/0294/8377956ddab4405e95faf2548671885f.jpg,294,294,294,0,0
train/0294/9454cac8809242898e20cea05053d896.jpg,294,4,4,0,0
train/0294/9f876c95b9484284b4715e7f061b63c6.jpg,294,294,294,0,0
train/0294/a8f00da490df40959f4772fcc23f5717.jpg,294,294,294,0,0
train/0294/bb62d81ef05e4486998a1d235586ad15.jpg,294,368,294,1,0
train/0294/beae201fd8b94d80b36ea360e64d4de0.jpg,294,294,294,0,0
train/0294/c2e897c4fb4047f9bcd784ecb816840f.jpg,294,294,294,0,0
train/0295/3699912094f94bca8f5a75b2864943ee.jpg,295,295,295,0,0
train/0295/3948cbb95c05470d8ea20c2697fb6c6a.jpg,295,295,295,0,0
train/0295/3ad1b995f3ca4a0ea4e700d3cb4d2f4a.jpg,295,295,295,0,0
train/0295/4a2fdccf0cdd43f39f77278becaf3a64.jpg,295,295,295,0,0
train/0295/4dc4bb3fcbcb489696fd106bc002b065.jpg,295,295,295,0,0
train/0295/4f2fe9d50fef4f93b14f7a606ee273c8.jpg,295,295,295,0,0
train/0295/5eefef6766fb47919c9b7b1e8a97bee9.jpg,295,295,295,0,0
train/0295/677f6d434c98495aa7a0a05d353f21c0.jpg,295,295,295,0,0
train/0295/76ff8d5ece9c4f6f8ba20d399d7d9f5d.jpg,295,295,295,0,0
train/0295/7f73615a36fc4bc2bb4259680a364c31.jpg,295,295,295,0,0
train/0295/7f8ffcb6d79c463cb13e9717891ba990.jpg,295,295,295,0,0
train/0295/8159c6a20d9244a286ef2d5d2e743475.jpg,295,175,295,1,0
train/0295/82a4ca99c27a4fc5a9e14565683f3029.jpg,295,295,295,0,0
train/0295/87ff8be3bc154a4e8daaec15d6c8d5f3.jpg,295,295,295,0,0
train/0295/9000f08f7ae349ceb45b15313bcf5f96.jpg,295,295,295,0,0
train/0295/9759400cdc6d47e4a72040ddaee267e1.jpg,295,295,295,0,0
train/0295/9e74195aa0574bc69b196b8a94c2e187.jpg,295,295,295,0,0
train/0295/9e8bb379feed40ce81507a8911cd7418.jpg,295,319,295,1,0
train/0295/a6bc72478208442084ac42e7637ec438.jpg,295,295,295,0,0
train/0295/b3114b02297b4850a456a93ca032ee4b.jpg,295,295,295,0,0
train/0295/dcb8d1ec61bb4cde8d4a7aad27c4c08a.jpg,295,133,133,0,0
train/0295/e5de19e93f524ddb8fbb542fc09d8d35.jpg,295,295,295,0,0
train/0295/f219d51838514e3daf88e9e7e52fa502.jpg,295,295,295,0,0
train/0295/f550e499c46e4da79ebfe8e689d21791.jpg,295,399,261,0,0
train/0296/0d96fea66afa46539f92189625196aef.jpg,296,296,150,0,1
train/0296/11b2164188a04f669f8d91036f23bf87.jpg,296,109,109,0,0
train/0296/1c1e8b88e2454501bb70b825e44cf5a8.jpg,296,296,296,0,0
train/0296/2510f1d1ceee4a3396bb2c70e9bac36f.jpg,296,150,150,0,0
train/0296/25cca2cddf024696a6ccf66f1dfcf86a.jpg,296,296,150,0,1
train/0296/34c0806e78914912ba1164ab42ba60c6.jpg,296,67,67,0,0
train/0296/37da64212804432daa68f0ead4589328.jpg,296,150,150,0,0
train/0296/41866c4c99cb40d0b6a382bb8dfe7cb1.jpg,296,150,150,0,0
train/0296/42b4b2c09de64f31867a3a0aab99930c.jpg,296,296,296,0,0
train/0296/4f8df923a34b4c248ede2f4438c9ac02.jpg,296,296,296,0,0
train/0296/6fb922b3c38d421190dbaa719fb30de4.jpg,296,267,267,0,0
train/0296/87a5b306ae2e49ce97e96fe499a5f991.jpg,296,150,150,0,0
train/0296/87e8a9acd16641eb9b6c666c7ddf8c0b.jpg,296,296,296,0,0
train/0296/8d45eac839564004b176306ca9060173.jpg,296,267,267,0,0
train/0296/9ebf872905f54e37a690b02691cbfff9.jpg,296,296,296,0,0
train/0296/a51f3148f08148d1927cf3325792a0a0.jpg,296,296,296,0,0
train/0296/c42c432f66544fb899413f8da94b4369.jpg,296,296,296,0,0
train/0296/d5060968499e4bf78907dd88493284d9.jpg,296,150,150,0,0
train/0296/de705e1d9732475f84ccab2ec540db29.jpg,296,550,550,0,0
train/0296/f6020d827e86403599a7ddcf7aa61f5d.jpg,296,150,150,0,0
train/0297/03f67320851843e8a82e5d0905b62a8c.jpg,297,297,297,0,0
train/0297/27c752d699f94edd82c85083c5c10e92.jpg,297,297,297,0,0
train/0297/2dc3d1d485fc4024b2d953983c495876.jpg,297,297,297,0,0
train/0297/42b6fd72e4c048878dc2258cdbf624ea.jpg,297,297,297,0,0
train/0297/50a8aea844084c0488b8a4b57386c9c7.jpg,297,631,631,0,0
train/0297/68190e42f2c742d48d2b633d25259d4b.jpg,297,297,297,0,0
train/0297/7cbb0b85f64949408b6862762df22dc8.jpg,297,297,297,0,0
train/0297/8492d548550345fd9448c5829a11921d.jpg,297,297,297,0,0
train/0297/87b0934f01fc4efd93212a2aafa2a093.jpg,297,261,261,0,0
train/0297/88b77dfc3964495386b2f654d3bcdc10.jpg,297,733,733,0,0
train/0297/8d12fc24619445b2b528b94a0b762ace.jpg,297,297,297,0,0
train/0297/9012471206d14ad2a81742f5cd722436.jpg,297,297,297,0,0
train/0297/9040dfd8265a4577b89356ac70446d5b.jpg,297,292,560,0,0
train/0297/9bd4a4326b0648d1a19fefa42440e4c8.jpg,297,295,295,0,0
train/0297/a98ed3257f4a4d49b83d21a0231a7995.jpg,297,297,261,0,1
train/0297/b1585be8d8b643cb8ea41d3af926d681.jpg,297,297,297,0,0
train/0297/ca658bd097db4f1b8c7b6d52fac0911a.jpg,297,297,297,0,0
train/0297/d3a9b3cf586c46aa805fd4c3df19f7ce.jpg,297,297,297,0,0
train/0297/db771f56d0214dacb44842049706409c.jpg,297,297,297,0,0
train/0297/e20f398f85224c64850145b2c8251df0.jpg,297,297,29,0,1
train/0297/f31f7f22ac4d4bf9b04989fdee1cf9f6.jpg,297,297,297,0,0
train/0298/07ea40b37f1c4b0bbab33ac87ecbb2e8.jpg,298,298,298,0,0
train/0298/140f0230e86f4d17a071699d70ff40a1.jpg,298,298,298,0,0
train/0298/23bbd91469c641ba8caf909d0a397483.jpg,298,298,298,0,0
train/0298/2dcdd9751fd648a0afbc9cb2c3715f4d.jpg,298,298,298,0,0
train/0298/4f0b87eeaab84f22949e39cd4c32a81a.jpg,298,298,298,0,0
train/0298/57de7633dd3543198f37cf2a89e623cd.jpg,298,298,298,0,0
train/0298/5c709cf0428b4a35a7bda322b4060434.jpg,298,298,348,0,1
train/0298/793b527c0f13435c9c5ca25a92fc3e00.jpg,298,298,298,0,0
train/0298/7daaefed64604eaa8d9e94e9622b7d74.jpg,298,602,206,0,0
train/0298/853bec90bab04bb59350e7b8c9b5f93c.jpg,298,298,298,0,0
train/0298/8b1f775ee0c946d5bf832b1a699ab983.jpg,298,298,298,0,0
train/0298/925d04b05ea54c71b82bb9983e055930.jpg,298,678,678,0,0
train/0298/baf4ac149d9745e889536aef52297eed.jpg,298,678,678,0,0
train/0298/be50071075144182adc47d94f1c6848c.jpg,298,298,298,0,0
train/0298/bf14c60a57854af6ac0d98289f53ac15.jpg,298,298,298,0,0
train/0298/c9efc1fa5fd44b689bac3ef124fa9148.jpg,298,298,298,0,0
train/0298/d6e25375092947cc9d27dc8c3f59adaf.jpg,298,298,298,0,0
train/0298/e5d06309ea3647a39dd674a6702bccfd.jpg,298,163,658,0,0
train/0298/f74af5ffdc974adfa139c7a2395d1266.jpg,298,298,298,0,0
train/0299/1f01c5d000f345dd848fc94719065059.jpg,299,299,299,0,0
train/0299/23b6fdca60954e288b9435fa12e19279.jpg,299,299,299,0,0
train/0299/23edabe48bf645eb9a38c2e56ec40d7f.jpg,299,299,299,0,0
train/0299/4d8cce2a4232466180361a901a38a329.jpg,299,299,299,0,0
train/0299/4e0e390ea86740e2b1729c19a7acec51.jpg,299,299,299,0,0
train/0299/59de011b5148474d888f30d1b0a75645.jpg,299,299,299,0,0
train/0299/7e81a63641994a94b03a96477f340bb8.jpg,299,299,299,0,0
train/0299/88e4e07da4bf402baee94707ab0292af.jpg,299,299,299,0,0
train/0299/8bc04ef58fad4daabad54db8cf8f4cba.jpg,299,299,299,0,0
train/0299/91f908cd8ea44cde9bb0a99dc4d101b5.jpg,299,299,299,0,0
train/0299/96f20a71932d41a4ae00475111e9e694.jpg,299,397,397,0,0
train/0299/9e721600d982488dab1b97b4f23c2562.jpg,299,299,299,0,0
train/0299/b21f594d10b444a79d37178f996e3d2e.jpg,299,299,299,0,0
train/0299/d7c95ab1ac774909a6322100cfdeb13b.jpg,299,299,299,0,0
train/0299/ef2b7f5d56ad470f8fa9be62facec78e.jpg,299,299,299,0,0
train/0299/fc88065dc566461e868473a37705c84b.jpg,299,299,299,0,0
train/0300/060c0a882b7e4116af3103314444ae41.jpg,300,300,663,0,1
train/0300/20b4254abb8a4e1e89d70f4d03595424.jpg,300,300,300,0,0
train/0300/37ab6f6d770f4bc49f291613127b9e26.jpg,300,300,300,0,0
train/0300/488424356b3549928846ebf38fdf00e8.jpg,300,344,344,0,0
train/0300/59e1726f7df3496396539ef6065b6e02.jpg,300,300,300,0,0
train/0300/5fc118f7875641cbbb51533adf760197.jpg,300,300,300,0,0
train/0300/664d5065f23843bdbf01e341161b89d7.jpg,300,725,725,0,0
train/0300/71e826ec853740639d5fed7a0677a25a.jpg,300,300,300,0,0
train/0300/741452f9996b42b5ba8835ee2dd253f4.jpg,300,300,300,0,0
train/0300/7cad9e344e45473f983f7cf4f1521dd6.jpg,300,362,673,0,0
train/0300/82ef571f72794c30bd59dcb93ba41c6c.jpg,300,206,206,0,0
train/0300/85986e1476b443f8b1b98250242df5e0.jpg,300,300,259,0,1
train/0300/86245bd21cc44317bdc3c7b10e5c71f1.jpg,300,300,300,0,0
train/0300/a8258322c4824ab09736c783d650715e.jpg,300,656,656,0,0
train/0300/a9d0d53aec6c4808be571954790548a4.jpg,300,300,641,0,1
train/0300/c538ff575d7e4a1580a32eb9011defa8.jpg,300,300,300,0,0
train/0300/cea5faeae9384a5a83e8f9d92b98cd90.jpg,300,300,300,0,0
train/0300/d997b1b2b8394242a9f8e30f04864302.jpg,300,583,663,0,0
train/0300/e6ab3ea332c84f6eb4ae13aad78811c7.jpg,300,725,725,0,0
train/0300/e9cd56e651114d77919184060e26cb5a.jpg,300,663,663,0,0
train/0300/ed3093babc8e46debd1d33e72a3977c7.jpg,300,300,722,0,1
train/0300/f76b3b1e534942d28964b832200c2f0a.jpg,300,663,663,0,0
train/0300/fdf2b47b0f154c8eb6bdeaf8ddcf0425.jpg,300,389,389,0,0
train/0301/0c1c03944bb64d79975e30f402a2c46e.jpg,301,301,301,0,0
train/0301/1f440a7ae32f43acb3a96af8f86123c8.jpg,301,301,301,0,0
train/0301/215e3dfe4eab49029a3b99f9ffde7d6b.jpg,301,301,301,0,0
train/0301/24fd625f19a74cd2855aecf596700864.jpg,301,301,301,0,0
train/0301/3b7ebd0975534d2cac1a67791af23cab.jpg,301,301,301,0,0
train/0301/49312b88cf15466392d9b68c5cffce84.jpg,301,301,301,0,0
train/0301/4ee39a470e5448e58bde5f5d4e472d83.jpg,301,301,301,0,0
train/0301/4ff3eca16f7548a39d6fe1f1961aa5ee.jpg,301,301,301,0,0
train/0301/53fae8dcd72f4586a63dc1f28cbf79a5.jpg,301,301,301,0,0
train/0301/59d5556c1d724d9088ce5411d4fce016.jpg,301,301,301,0,0
train/0301/640783b9f7c44ecdbf62f5fc65decbb2.jpg,301,301,301,0,0
train/0301/6d2b7f63e975416f87cbedc69d31937b.jpg,301,301,301,0,0
train/0301/7250aad590fd49a0b3cd7e9dafce9103.jpg,301,301,301,0,0
train/0301/a9b0f69384034fe18557817105553d34.jpg,301,301,301,0,0
train/0301/cc6fc75e25284327864d67dd5a17e0fd.jpg,301,301,301,0,0
train/0301/dbc3885a02744a758f8d93fcc810b286.jpg,301,301,301,0,0
train/0302/0293d03b493443f5b70471a8db9b33ce.jpg,302,302,302,0,0
train/0302/0837f752962d4ae4a058c507379d0131.jpg,302,302,302,0,0
train/0302/2aa02f427f2a4c28a0e0dcbe72f52c0d.jpg,302,421,421,0,0
train/0302/3de7482c577144ebaff18ee4905a1b06.jpg,302,302,302,0,0
train/0302/4ac184fbe833403b919c8dcbe3225058.jpg,302,302,302,0,0
train/0302/4f620d22158a4ce68ff679fabdf3d960.jpg,302,302,302,0,0
train/0302/8cfec39b74b54095b4919bdaea4bf326.jpg,302,302,302,0,0
train/0302/90efa03ed6ec4e56b42dc756c0f1642d.jpg,302,460,12,0,0
train/0302/95e27434abc3486c86643e7dfc01db81.jpg,302,302,302,0,0
train/0302/a02f346fdcd54b51ada7c58bee86b240.jpg,302,302,302,0,0
train/0302/c5776a6704074b0784ef79e7b558e8a9.jpg,302,302,302,0,0
train/0302/c9d9685eb4044c2abdd1e8ddd49c179d.jpg,302,302,302,0,0
train/0302/cc2a51a6463d46ff81c1c18c5f04c225.jpg,302,302,302,0,0
train/0302/cd58ca75d7944a10afbcfe02d8d4498b.jpg,302,302,302,0,0
train/0302/cfcea3ebfecc4bf69bae78cf6da4eb8c.jpg,302,302,302,0,0
train/0302/d1c42793fe454d2b8b6db9b8d26cb75d.jpg,302,302,302,0,0
train/0302/d52b200231c445a3a1ca80afc081d64e.jpg,302,302,302,0,0
train/0302/dcbae8fe3b9245eebaa3f57c8fcce20f.jpg,302,302,302,0,0
train/0302/dd968a49b678448e9d6064236540dd26.jpg,302,302,302,0,0
train/0302/ebd4cd4b4b124c738e11f46370ecc55e.jpg,302,302,302,0,0
train/0302/efd113f8733948f392ccaf26e39bd15a.jpg,302,302,302,0,0
train/0302/f74840119f7144eda662e3f9d93db492.jpg,302,302,302,0,0
train/0302/fa9e87dfa3c44a738090cdf94309b39d.jpg,302,302,302,0,0
train/0302/fcc5f49d758047e98d05d65a821dd58b.jpg,302,302,302,0,0
train/0303/0a337c550ae44d5abddc46556e266aea.jpg,303,303,303,0,0
train/0303/23ae3e1d2a354d32abd61149bbd4098c.jpg,303,714,293,0,0
train/0303/240edf9be0774ee08ea6431b606aa6a7.jpg,303,303,253,0,1
train/0303/2b8ee2ceb2474177a5a539546fcdfbd2.jpg,303,532,168,0,0
train/0303/432fdb3dd46e40278756a7232b39fd4c.jpg,303,303,303,0,0
train/0303/47301668144145b1beb33c388d9ff833.jpg,303,303,303,0,0
train/0303/47709a20ff134fb59a4f134560672cf2.jpg,303,303,303,0,0
train/0303/4d7068aaeb4648c4aee577f821826396.jpg,303,85,85,0,0
train/0303/56700098878e437caa7c369965189a96.jpg,303,539,234,0,0
train/0303/589f29023f2c4578bc05bc20804b90f2.jpg,303,99,99,0,0
train/0303/6a868b4681744b77997c23ea890f5168.jpg,303,303,303,0,0
train/0303/850d5fc864634a3aab87671bac4c4f78.jpg,303,16,16,0,0
train/0303/8a2f578ed12244ce9de32c4d0037ba9b.jpg,303,303,580,0,1
train/0303/a1ae2ef922f64163adcf6f16840c66bd.jpg,303,303,243,0,1
train/0303/a30ac84f4b6f42d583b4a0de6be19c75.jpg,303,539,580,0,0
train/0303/a6a4d94f57854839b0e0d7b3886eb71d.jpg,303,700,253,0,0
train/0303/c38a4c18131f42cbb63b7c045190d400.jpg,303,303,303,0,0
train/0303/c9320d2f15754b1ca64cb3cf31389fca.jpg,303,303,303,0,0
train/0303/d0f14ab8430046fba9a04f6ccd4de7fa.jpg,303,303,303,0,0
train/0303/d6c3d30544dc4651bb79a2c1fe7b83d6.jpg,303,303,303,0,0
train/0303/d6f686db8748490388f7ce81add19efa.jpg,303,243,243,0,0
train/0303/fee9a306c2294517b457034b0839256d.jpg,303,303,234,0,1
train/0304/04537a283e674b1bafc45a63140224df.jpg,304,80,353,0,0
train/0304/0d270293a6b847d9accc29fd931feb38.jpg,304,434,434,0,0
train/0304/23ddc94d352b4155bed6a480afbec597.jpg,304,10,10,0,0
train/0304/2a15e5dd6ab74d99bbf4cb0eab58c11b.jpg,304,80,353,0,0
train/0304/2dbfbea7c9174ab0bed20876066d80b4.jpg,304,340,340,0,0
train/0304/3bbe7242806f443693ee3d884d2a90e7.jpg,304,564,241,0,0
train/0304/50c5bf720158427a8cac9ac7c47d8647.jpg,304,171,630,0,0
train/0304/5d84abd0194c4edbba7c113834476696.jpg,304,304,619,0,1
train/0304/64c82cb8ff794f3b8fcdf33b3658a0d5.jpg,304,171,21,0,0
train/0304/6ba25e49147e447f828a6ddee22da9b9.jpg,304,139,12,0,0
train/0304/c78b1156609c4f8d925e85381b2a1570.jpg,304,629,629,0,0
train/0304/ca094516e8594d05a274df6bbf926038.jpg,304,304,629,0,1
train/0304/d16341207ef541e0b0471240dbd0c05e.jpg,304,304,304,0,0
train/0304/e55ec0ab79924337a14b3b835cc8e4fa.jpg,304,21,582,0,0
train/0305/398a693575434f42a5fdd7a4b09b6fc4.jpg,305,434,434,0,0
train/0305/c71755ab6895438fb3862b570f3b2cc1.jpg,305,546,466,0,0
train/0305/cd0cbebf64bd44e5bc0c3f66918ddee0.jpg,305,464,419,0,0
train/0306/05d4017eae104babb3950574da2e38d6.jpg,306,54,54,0,0
train/0306/0b44494db2034079b0aa7d78a37467ad.jpg,306,509,509,0,0
train/0306/1f700b80509e412da099272133963e26.jpg,306,306,306,0,0
train/0306/22cfc6e1778b4f2795cc83e78054c83e.jpg,306,306,306,0,0
train/0306/24ae0e45a08049fa8f856566310d5c23.jpg,306,306,306,0,0
train/0306/2e94f2c7fa4a4192a90bfaf88850ed56.jpg,306,306,509,0,1
train/0306/34747d21ea8d4e1cb84ca851bfe3993e.jpg,306,306,306,0,0
train/0306/3dc4a6f71ccd45ab91328d576734cd18.jpg,306,659,680,0,0
train/0306/4748af6b7a7744798a4b2e5f9e8a1e92.jpg,306,306,306,0,0
train/0306/5a3534acf4df458fb4810ae31c964eef.jpg,306,306,306,0,0
train/0306/5c92c4c2f40c400ebb1600b7a2cbed02.jpg,306,306,306,0,0
train/0306/743d5471ecb34e3eb45e36b61aff9d23.jpg,306,376,376,0,0
train/0306/75273a6372fe4c99ab01890108e51ce1.jpg,306,699,193,0,0
train/0306/8464d681325c4a2a994a7596c9542427.jpg,306,306,306,0,0
train/0306/91b8b61bb8cf4c05bdeb52a3599b44cc.jpg,306,252,252,0,0
train/0306/a0f7b73f39704cbab401490e418ccd7a.jpg,306,306,306,0,0
train/0306/a8c63a331017413183588b48b3499dc7.jpg,306,101,101,0,0
train/0306/ba55edd86c5b4479900ba6dc2e8ef237.jpg,306,699,354,0,0
train/0306/bce7f6ddb668464e869601545180634c.jpg,306,240,240,0,0
train/0306/dce5663b8b444baaba39f736b8ecc1df.jpg,306,306,306,0,0
train/0306/eb6bc2ad0f1345c0ab749f483ed72723.jpg,306,306,306,0,0
train/0306/fc87839fb3db4c99855ddda78e0802ac.jpg,306,306,306,0,0
train/0307/2bcb25112caa4cf1a3f40b0a7861ab23.jpg,307,455,455,0,0
train/0307/36306eddc4a1423dbff6ec5b52388c43.jpg,307,25,25,0,0
train/0307/38b2696708984cfa9159e66ec79737b1.jpg,307,286,486,0,0
train/0307/3b5bb95b8d664adca1f6e3170d4d6d8c.jpg,307,489,325,0,0
train/0307/4396183c601c47cc8f958e8504921331.jpg,307,724,724,0,0
train/0307/4c2b1f0c0cde4a3f923cdc5c09693d54.jpg,307,94,94,0,0
train/0307/504bc5dbdba04f74b6bc08221182d6d4.jpg,307,135,547,0,0
train/0307/6004b01d10ac4d4898d0db63a3776a45.jpg,307,325,257,0,0
train/0307/71f9cc0ab57f48fd825e100d76880a9c.jpg,307,1,168,0,0
train/0307/78a14913214543ff9a0a813928e8c63e.jpg,307,0,0,0,0
train/0307/874d9e3a08ea41d98a9d849981fae2a8.jpg,307,22,22,0,0
train/0307/9012c986daca4646941192f35a8d1a7a.jpg,307,486,486,0,0
train/0307/98e947bba1a44f7495a8f91af3ea6aa9.jpg,307,0,0,0,0
train/0307/c286a4fb415e49d789ee6d927ab0016b.jpg,307,299,486,0,0
train/0307/cc518a7f1d5740228837ed9330457cec.jpg,307,746,746,0,0
train/0307/d0c4e4a50ed745ddb7e9cee949079254.jpg,307,56,56,0,0
train/0307/e3fd52cbda0246eaa38779d84fa1f076.jpg,307,22,22,0,0
train/0307/f7f3709be8c14ce0b55d9e232fd3b0f4.jpg,307,397,397,0,0
train/0308/07e7f02bfac34bfdb22c0c28e48b04ef.jpg,308,571,680,0,0
train/0308/0c01238e47ac4f30b97ea4222281611e.jpg,308,374,374,0,0
train/0308/2c6e7d8c1a2042e585c5b5721211e597.jpg,308,571,374,0,0
train/0308/2fd53358f3cc492aa56c5df7928be32d.jpg,308,534,650,0,0
train/0308/3f874a52d0614c10993312ba1f2fc8a8.jpg,308,374,374,0,0
train/0308/56b8c028a1a24390bb30208a6c316b04.jpg,308,206,206,0,0
train/0308/71c75e136663455ea3a79cf7d82c1901.jpg,308,374,407,0,0
train/0308/737e8b23dd15412698e8403123d6f7d6.jpg,308,550,550,0,0
train/0308/8491fed33a46423691b6554e22d09bed.jpg,308,69,348,0,0
train/0308/85d837f1a9814219a836bedad34e3263.jpg,308,556,3,0,0
train/0308/95c0ffcb23754a6e90012efa127d3387.jpg,308,320,320,0,0
train/0308/aa508b984ab342d58b9349ab4334e1ce.jpg,308,550,369,0,0
train/0308/bd5b39bd21f14060b183f7a7d8c997ab.jpg,308,97,614,0,0
train/0308/c29473b0991a435ca0a24490097ab5a8.jpg,308,175,649,0,0
train/0308/cfd36bfbf8c3406ca0d232f043dcc42c.jpg,308,571,571,0,0
train/0308/e4a5c52cc4334a49a06412832af2816f.jpg,308,374,374,0,0
train/0308/e646fafcb5a3400baa19193138a9ea75.jpg,308,374,374,0,0
train/0309/276a8d0cc0194b468005593e5d0a0d59.jpg,309,309,309,0,0
train/0309/4c7224f17831470da83e6b742c62dd4c.jpg,309,423,309,1,0
train/0309/567cfb982a3d49e5bd7157cf2db37a05.jpg,309,309,309,0,0
train/0309/59dfee45a30b461fa937719b81ff2e19.jpg,309,51,51,0,0
train/0309/6c7058c9dd0148d79d837e0aa33c7b66.jpg,309,434,434,0,0
train/0309/6d832984fd1a48928cec340c16287306.jpg,309,43,43,0,0
train/0309/6ed1bde13b9d4439b5457be9a1329f05.jpg,309,309,309,0,0
train/0309/75d761bb821c4eb795fa84d874233c8f.jpg,309,309,51,0,1
train/0309/76a0256d335c4bc59db5e87cadfd848b.jpg,309,714,369,0,0
train/0309/7c7eb29fea124edb8c8d6fb88d88d55a.jpg,309,309,309,0,0
train/0309/8b54fea0c2bc4044a86a23c1cee50614.jpg,309,604,423,0,0
train/0309/955adad703e04c558ab1343ef2c38c9b.jpg,309,51,51,0,0
train/0309/a7e3acbf277b4ba4b008fd004b3e4040.jpg,309,434,434,0,0
train/0309/a95c8b1aa3614ef1b4c57032683e65d9.jpg,309,309,309,0,0
train/0309/ab5c145bf7ce4b91945197fbed5cc0e4.jpg,309,51,51,0,0
train/0309/ba0b8b13511844d7bd4b7700077c114d.jpg,309,309,309,0,0
train/0309/bdaccc86d36d4c859f7aea116dcf42dc.jpg,309,309,51,0,1
train/0309/bea439094a204762b9c43d9e836a9170.jpg,309,233,233,0,0
train/0309/c662e751ebb748abb095cb48d019f1f0.jpg,309,309,309,0,0
train/0309/f5c7b15aec184921a05cf911219c05d8.jpg,309,434,434,0,0
train/0310/040565f7b63e47d7aea04c5db8108c77.jpg,310,550,369,0,0
train/0310/14ab11877cf4432aa691eeaffbb6b538.jpg,310,310,310,0,0
train/0310/1e92370b466f4cc3a03c575c84d38b1c.jpg,310,661,310,1,0
train/0310/21c186833348489e8ef2d518c15daf8d.jpg,310,310,310,0,0
train/0310/2af3884271e848ee8aab0bdf108d5da7.jpg,310,331,331,0,0
train/0310/33ce79572bcd45208bd495178db617a2.jpg,310,310,310,0,0
train/0310/38772e2e92c04669a3509098b0399396.jpg,310,310,310,0,0
train/0310/4cd99ef6ec0147f0953e79df10d56c59.jpg,310,527,527,0,0
train/0310/5602d969c8184e74b5076d1161598bbf.jpg,310,656,656,0,0
train/0310/748fe7e5a9c24e3db0d867be09466e9b.jpg,310,656,656,0,0
train/0310/760da1fff9ba4d3da0e6f0381d515c35.jpg,310,310,310,0,0
train/0310/80c02f92b32d4518ac7ab03e7be5b7d0.jpg,310,310,310,0,0
train/0310/887b1d8eac6d4717bca450061bafe2d8.jpg,310,87,266,0,0
train/0310/9898f3581be54c4b881fa3f0338e22d3.jpg,310,310,527,0,1
train/0310/992ab906948044f195a75a01064b272d.jpg,310,503,503,0,0
train/0310/b13095423a0648ecba945698653ced73.jpg,310,527,527,0,0
train/0310/bc3b8a7c21ad415c816d376eec5fe779.jpg,310,310,310,0,0
train/0310/c792b7c2915d4922a203132e60452477.jpg,310,527,527,0,0
train/0310/c9b07fcd04904c6c9b3c6dc7d5888036.jpg,310,714,274,0,0
train/0310/cf50fa3a770c4f89905897c390798453.jpg,310,452,452,0,0
train/0310/d71a4428e522480c88393b5cd41dc6ca.jpg,310,310,310,0,0
train/0310/de4c4b50fb3e48549cb5365cebef4b72.jpg,310,331,331,0,0
train/0310/f56b8e793e814e9698d09bcb3b59e44e.jpg,310,527,527,0,0
train/0311/0cb9dfacfb0146dfb8f29ea0c499b99e.jpg,311,681,681,0,0
train/0311/12b47357ba5e42798d883ed21f393a1c.jpg,311,311,311,0,0
train/0311/16abc803a1274508ae0fe610f3d15cd1.jpg,311,311,311,0,0
train/0311/3f5b1032a86c4130a5b5be7b05d9781d.jpg,311,311,311,0,0
train/0311/4cfc6597eab846b6bf9a47ce37fab9f5.jpg,311,311,311,0,0
train/0311/516f03b325ae49dd81b20b3259b0195e.jpg,311,311,311,0,0
train/0311/561cf2582ce84c7a8e475ce5b45c484f.jpg,311,546,245,0,0
train/0311/61896eab5a144c6e8eb34c2761993daf.jpg,311,473,473,0,0
train/0311/86395cc39b8546daab1c8fc4a8d93e9d.jpg,311,311,311,0,0
train/0311/8d1de3759ad24f98b88833d6e8dae946.jpg,311,311,311,0,0
train/0311/909457658f214c7ead7d3989da6206e2.jpg,311,311,311,0,0
train/0311/92e70cb97e68455da65501e3f93a06a7.jpg,311,311,311,0,0
train/0311/9d022cd1b88b459aa3a3872a2284ee16.jpg,311,311,311,0,0
train/0311/c8c341de74504d06b47646176ca99c73.jpg,311,311,311,0,0
train/0311/d71d63d85f8c444ba39e811fc070fa47.jpg,311,311,311,0,0
train/0311/dccddfb8dd334070892b8b5c42116565.jpg,311,311,311,0,0
train/0312/0133ccb1beb742ecaff0c4a649197987.jpg,312,312,312,0,0
train/0312/0b5370d66d3c467ea35716b70935003e.jpg,312,565,565,0,0
train/0312/11bd8b4d938d40b097478512d0a1ad0b.jpg,312,344,344,0,0
train/0312/1fbd22e527d446ea87865303c0611df3.jpg,312,312,344,0,1
train/0312/2037b36d22b84e7d8b2efc8e8fa3a7fc.jpg,312,344,344,0,0
train/0312/3459508343e143139477e5b3e5d27289.jpg,312,312,312,0,0
train/0312/3e3ac305c0564d4d89d6ffb30ae70a88.jpg,312,312,312,0,0
train/0312/410ed2fc777d47c1bb9f7d23b026fbdd.jpg,312,344,344,0,0
train/0312/4784f73382f74f9c8d25b987fecf653e.jpg,312,312,312,0,0
train/0312/4da422d557b04cdeb4d89b67cc5c687b.jpg,312,312,312,0,0
train/0312/5d53464089fa48caab0eabc5cc728a1a.jpg,312,312,312,0,0
train/0312/7e530b9999a545ec87b50b1d49c3a746.jpg,312,312,344,0,1
train/0312/8c7d97ac1f8c4b4cad960739b7fffc3d.jpg,312,312,344,0,1
train/0312/9d76dc69fbd841098c6185aa2f3df918.jpg,312,312,312,0,0
train/0312/b212d42ff423418ab93799be32b3cecf.jpg,312,312,312,0,0
train/0312/c3138a7a9ddc40068480a1b0f21bf177.jpg,312,312,312,0,0
train/0312/d094641dcb7e41c19e482ed200c7c220.jpg,312,312,312,0,0
train/0312/e04ac66feba14b0cac07dbcdcf2a0ce4.jpg,312,312,312,0,0
train/0313/0242d9ee54d34f5893e35b8f965e42d3.jpg,313,63,63,0,0
train/0313/09b2f27842a14138a21ddce292fd1b43.jpg,313,313,51,0,1
train/0313/1a704ce9341344e8bfdb98e18a0cb259.jpg,313,313,313,0,0
train/0313/1c9a331beb0e46429f83cdb91b5155d0.jpg,313,430,131,0,0
train/0313/1f4f2d1c3a9045f38f2154ef97924683.jpg,313,474,43,0,0
train/0313/2555f5c5a5f74a70a7b1f7b24dbf1c8a.jpg,313,51,51,0,0
train/0313/25f1f233ccdb44d69e87697d8e259e79.jpg,313,85,85,0,0
train/0313/346d22681a4943c980652de2da4eb844.jpg,313,206,206,0,0
train/0313/348271d34d634c9e972e8fe9776c85f2.jpg,313,348,348,0,0
train/0313/a220a2d728304301b195093e981ea441.jpg,313,489,489,0,0
train/0313/ac6e2c02bb814425bca927b6c0176d3a.jpg,313,313,313,0,0
train/0313/b28bdd637b9841378edde3eec6dc6754.jpg,313,498,498,0,0
train/0313/b625183f357747e6b908c56d2c3327b3.jpg,313,600,600,0,0
train/0313/c29df72398604dfe8dfc86f3647f49d9.jpg,313,499,241,0,0
train/0313/ccaad3ca2b61459c954763807bf4a51e.jpg,313,313,313,0,0
train/0313/d57a2a486c0845e498f0498bbd433af1.jpg,313,313,313,0,0
train/0313/e4e75a0a8a0b4cec864ed9a912ff6263.jpg,313,313,313,0,0
train/0313/fcfd03c6ba694c4eaf82ede1bdf17094.jpg,313,63,51,0,0
train/0313/fe3c61fe00be40758040fd5eaac1f21d.jpg,313,63,63,0,0
train/0314/10c05a13191e4c17968d884e25f42d30.jpg,314,748,468,0,0
train/0314/13fdc5f2d10e4b2d915daa7f63e0986a.jpg,314,112,112,0,0
train/0314/22961d8a7120408c93ba5820350391cc.jpg,314,721,224,0,0
train/0314/2e0928ba111b439c805191db67b27c6d.jpg,314,229,229,0,0
train/0314/4304913c69e747b68e2414e98245f309.jpg,314,229,229,0,0
train/0314/554b6cc05cd24a65a786a2774dfc58b0.jpg,314,517,553,0,0
train/0314/71e26d2926d543859bb6c55fbb6915f2.jpg,314,336,336,0,0
train/0314/7c2bf44ad1964460a86263d77c93b899.jpg,314,20,516,0,0
train/0314/81828e7b234f498397e1fefaa4b027a4.jpg,314,112,53,0,0
train/0314/8185eef0099a4c8c9d9c6a8e1db843a1.jpg,314,446,446,0,0
train/0314/81ced5cddddf4c16940f11bfcf6ace3e.jpg,314,23,23,0,0
train/0314/82b1f381a2384926807255fb2e8b72ea.jpg,314,422,422,0,0
train/0314/ad937eb9a5ac4f5a82304257f3b6bf23.jpg,314,152,152,0,0
train/0314/c0b6e5e8e6ca4ec59e4034219b009eb0.jpg,314,422,67,0,0
train/0314/c8b2982a74b841f0853dc7b60e4b8f1f.jpg,314,517,103,0,0
train/0314/cf74862e19f049639b7d9ab4cdf7aee2.jpg,314,28,28,0,0
train/0314/d43186ea009a4277a812daf4f11a6b47.jpg,314,517,517,0,0
train/0314/e00e57a634af41e0b6f6dbaeacceabcc.jpg,314,553,553,0,0
train/0314/e5f61f3991f2400e87868e623eab6ed0.jpg,314,23,683,0,0
train/0314/f29b0bb0bcb940f3887368aaab81eb45.jpg,314,647,647,0,0
train/0314/f45bb5216cfd4952be884971b181cee8.jpg,314,408,516,0,0
train/0314/fd2212ad42a74a648736c806bf877b22.jpg,314,18,470,0,0
train/0315/0ed3ce42f4014b37808a432ca407e88a.jpg,315,315,315,0,0
train/0315/20d6b1e44ad54fc7b850a4de1713d299.jpg,315,471,132,0,0
train/0315/272503e90ab14f2598ced34f4c9c8811.jpg,315,315,290,0,1
train/0315/28bd04d07c7940b6b98b1e02ae91feff.jpg,315,3,3,0,0
train/0315/48b8f8d58da34c85b19fb54515ce9ee7.jpg,315,315,315,0,0
train/0315/55a8c4e5ef434e41886c24c5d7d6b689.jpg,315,315,315,0,0
train/0315/61895b2b69ac474fb120403ec0b8ac29.jpg,315,182,182,0,0
train/0315/6942c2f4cb3e4179a459df6581d9d575.jpg,315,182,182,0,0
train/0315/73c34e665f3d4e9da24679090ac7cc68.jpg,315,182,182,0,0
train/0315/843dc94e64a44e6d91cf2cfc0c9e17b3.jpg,315,230,230,0,0
train/0315/84bec1619e634f2d90a60dbd77694d6b.jpg,315,315,315,0,0
train/0315/87d5250112d946a38a8280e0c814141e.jpg,315,315,315,0,0
train/0315/9b8d0994dca44048a266cb2c6be37a2c.jpg,315,315,315,0,0
train/0315/a7c6fa82ab8d4d98bb40717c0d8900fc.jpg,315,523,523,0,0
train/0315/b75d8d0ce56d4996b04cdfded375b483.jpg,315,326,326,0,0
train/0315/c3643cb81229431fa80eddaf3914c6f9.jpg,315,187,230,0,0
train/0315/d3cfa7897a314bc0b931dd6237238ec9.jpg,315,315,315,0,0
train/0315/dddf7145a6314d6e9ad3aaee202761b1.jpg,315,182,182,0,0
train/0315/f4e82e3248844a59b81735d940146d04.jpg,315,315,315,0,0
train/0315/fdfc68a131a84966aadedfa535beb886.jpg,315,315,742,0,1
train/0316/13f5f37223484d958b607a8212bdf54f.jpg,316,316,316,0,0
train/0316/19b17fdfec854dbbb26125e280c6e9da.jpg,316,316,70,0,1
train/0316/1bbfe09248d04ebfa754dcbca2609bd7.jpg,316,466,466,0,0
train/0316/26a6f455ecd74eac9ce8f81e66829b9d.jpg,316,316,316,0,0
train/0316/3e391cf994bb401bb40a7e1b91ed8de8.jpg,316,441,441,0,0
train/0316/52fcd7e1ad154c69a06e205c6edc74cc.jpg,316,316,70,0,1
train/0316/557a628ac73348d0b012b75fe2123551.jpg,316,316,316,0,0
train/0316/56b2ac1e9220487180a5c6b5488ba459.jpg,316,316,316,0,0
train/0316/749ea797bbd9410ead04ae16795a1681.jpg,316,316,316,0,0
train/0316/74f78b61b20e4cd0b742e514113b8b6b.jpg,316,442,44,0,0
train/0316/7933fd035c0e42508163df616abd938b.jpg,316,441,441,0,0
train/0316/825a317b96024ee38d252e6ea717a750.jpg,316,316,316,0,0
train/0316/9580eeed79ad424288850113870b09bf.jpg,316,441,316,1,0
train/0316/9ca82f2904fd4e3bb1266f17cf641b65.jpg,316,316,316,0,0
train/0316/9ffc6bc03b24430b96d634284c867f74.jpg,316,441,441,0,0
train/0316/c9844640dab942f6be2f54b9b2ca8a18.jpg,316,101,129,0,0
train/0316/cb0fff68a7274337a6926434ae54f248.jpg,316,316,316,0,0
train/0316/d0ce5c1fcbed402d829b3b094cded3a6.jpg,316,316,316,0,0
train/0316/dd738cf85f78451abf6f471e0e0aff49.jpg,316,316,316,0,0
train/0316/ede228b03e09432c85e316d3a30f6fda.jpg,316,331,331,0,0
train/0316/eee1395abc6f42f28c897f34a324eddf.jpg,316,441,105,0,0
train/0316/f036f4a985d14cf0ab76100fcf1cafc4.jpg,316,316,316,0,0
train/0317/129417a4cda4498caf4fe914e450255e.jpg,317,317,197,0,1
train/0317/139b4bb0e0ce4ac09f37c1d485be6a3b.jpg,317,230,230,0,0
train/0317/170c078c6a73409f821c2b2fd2e025cb.jpg,317,317,158,0,1
train/0317/1df5fdda43f54bf9b5806d2c8c10d9a8.jpg,317,317,317,0,0
train/0317/205ed79c06ce41a087330642bb917f8d.jpg,317,317,549,0,1
train/0317/2194d53a74724f6abed0d4b5de052f81.jpg,317,474,520,0,0
train/0317/231e7a40578f467192617f0e172bf103.jpg,317,317,317,0,0
train/0317/2e649b075c8d4974b1c22a05a59f817f.jpg,317,317,62,0,1
train/0317/3233a40e5f0849f98c00f83cc33dd1b5.jpg,317,690,690,0,0
train/0317/35e1663ddba54d0f9e4fd877c149241b.jpg,317,317,317,0,0
train/0317/a7cc0d618e51474b8bcfd2fa5a666614.jpg,317,317,317,0,0
train/0317/c83f92943b9e48e289f7f1b80fa9b44c.jpg,317,105,105,0,0
train/0317/e4b3e281e9024ff6ae1fcf04e6bc2a4a.jpg,317,317,317,0,0
train/0317/ecbfe3bdabab45078872996451adf002.jpg,317,317,317,0,0
train/0317/ed1adbbb81114c9a8b1e78361aee603f.jpg,317,317,317,0,0
train/0318/0348faee267a4fe5aad5e370433ea335.jpg,318,79,421,0,0
train/0318/0a2a90ad0e184527a9a5d4cf61a9318a.jpg,318,646,646,0,0
train/0318/364a3497eb5d4fb8b941b581a9906079.jpg,318,94,94,0,0
train/0318/6f477cbb79da4630b909cabcf4bacf8c.jpg,318,719,719,0,0
train/0318/7a3d8a84a14541baa40c6b11088869fb.jpg,318,499,499,0,0
train/0318/9367cad4ae804061a7ef7e6b25e29c4f.jpg,318,194,194,0,0
train/0318/a7a14b1338264d9780312614a028ce2b.jpg,318,507,655,0,0
train/0318/aa0d831d4f5043a088cd88511c9cf551.jpg,318,435,435,0,0
train/0318/b1459ffcc86744b18038604086d1a2ed.jpg,318,79,79,0,0
train/0318/b66390e9a32e4219ae1483097717a608.jpg,318,390,390,0,0
train/0318/c84f0fd8d4c042418480371feb70b8f5.jpg,318,149,510,0,0
train/0318/f748744ee82340fa93058b1074f0f92d.jpg,318,286,486,0,0
train/0319/090053fb804b4769a68026ece27dfe50.jpg,319,427,427,0,0
train/0319/0fa0f1b47dd24d798c3d0c6606cc9396.jpg,319,319,319,0,0
train/0319/2aa6ce8ea2f24d65b9ab3cdedd72f172.jpg,319,295,295,0,0
train/0319/2c445a6a03594b82a418eb4b65eb878e.jpg,319,427,427,0,0
train/0319/379a47eb4105422cbe982f508e8798ea.jpg,319,319,425,0,1
train/0319/3d07f76674494fa8bcc02cc5d4944b80.jpg,319,319,319,0,0
train/0319/54c94200e8ef488bb99882e13717ea65.jpg,319,427,427,0,0
train/0319/5a2e08297c1f4e9abe2271cdc105aa3a.jpg,319,319,319,0,0
train/0319/5d36ecf9d04b456ba3be2c1533b96a36.jpg,319,319,399,0,1
train/0319/5dcafa0d780240589ecf7b007a8a42b1.jpg,319,112,295,0,0
train/0319/6697f9cbd4704fcebbd1fe7f3fa4cb52.jpg,319,214,214,0,0
train/0319/80eb21f6c9a4455db056155e70bd915f.jpg,319,319,319,0,0
train/0319/96b19757b6d04866959d52f3f50e8f2b.jpg,319,319,319,0,0
train/0319/979ae6ebd5a7416fae4fc8bfe137ca3f.jpg,319,214,214,0,0
train/0319/a402e0fff7504ab4b45c35aace2aff4b.jpg,319,319,319,0,0
train/0319/b358445475f94f66846d29bb19f6ed6a.jpg,319,112,295,0,0
train/0319/b47aac40d11144fc8015add2fbab1ec0.jpg,319,319,319,0,0
train/0319/ba9f8e554e584c109d07183dc66bf016.jpg,319,319,214,0,1
train/0319/c176cfb40ae941439d96860252c0adc4.jpg,319,214,214,0,0
train/0319/d736bd2550b44f1d8076a19a2e415f33.jpg,319,241,241,0,0
train/0319/db91e391db3c495bbeb34d534b9d5d8d.jpg,319,319,319,0,0
train/0319/e54e60c567334d8db295dbe51032a969.jpg,319,295,295,0,0
train/0320/0312361a050c44a98d8339fed59475d6.jpg,320,320,680,0,1
train/0320/2f7fca9264da480e8bff6876eda394ee.jpg,320,320,320,0,0
train/0320/312c6634fd1946babdae151c98fb4e14.jpg,320,320,320,0,0
train/0320/3199ab1e8a2f43c4a838ce2c405f180e.jpg,320,61,61,0,0
train/0320/35b82e6d0d7f416697e4f1d43c378fce.jpg,320,320,320,0,0
train/0320/35d50feaa24f4692a7445554b1df44b7.jpg,320,320,52,0,1
train/0320/3ebb67166c49422bb5a70a5bb813cc5a.jpg,320,695,695,0,0
train/0320/3fb59ba235754847908d806ab24efb01.jpg,320,320,320,0,0
train/0320/45310200811b4bd688689fcbe1374b90.jpg,320,129,129,0,0
train/0320/45611633b654480f90e1c68b38665501.jpg,320,132,287,0,0
train/0320/582fdf4ecfe5460b8839226d21b68697.jpg,320,320,394,0,1
train/0320/5b527ddc96204078a5fd3e55c3e63a5e.jpg,320,320,320,0,0
train/0320/5d960b040b6c497198b1c53d124ee93a.jpg,320,320,320,0,0
train/0320/80052f56f14a485da158de18a95de49b.jpg,320,320,320,0,0
train/0320/807592a9936146029c849768742065dd.jpg,320,320,320,0,0
train/0320/90fc504299ac4a6aa04f8344cc43ddc3.jpg,320,320,320,0,0
train/0320/9bd0bd933edb43ca8127830fc1f6bc22.jpg,320,320,320,0,0
train/0320/d3cd8bfd38974527b6669001e7b9a912.jpg,320,232,232,0,0
train/0320/d5e904b9e7fa4280bed163e776d2f841.jpg,320,320,320,0,0
train/0320/db55fa85f33e40e4acefbda9550a83f5.jpg,320,320,320,0,0
train/0320/db9148e1f86647fdb9b70f0f5739d1e7.jpg,320,129,129,0,0
train/0320/f2232e4ca7c943378f1c00dd381b381d.jpg,320,339,339,0,0
train/0320/f25a0de055794fed9e6821e2a3928d51.jpg,320,320,320,0,0
train/0320/f73563ed4e354a809e6140b0d818fb19.jpg,320,320,320,0,0
train/0321/0422f523d6434d528b7873842b7b551e.jpg,321,321,321,0,0
train/0321/1453916009b34cdfab2f5b7d42603d4a.jpg,321,321,321,0,0
train/0321/1c385ef3572b4fdfa6c6cf71291568b1.jpg,321,321,321,0,0
train/0321/1e667defa8cb41a4bbc492719a6b0b90.jpg,321,321,321,0,0
train/0321/1ee948c3ccb14f9b9cad145b2f3eb5cb.jpg,321,321,321,0,0
train/0321/1fbe40860b2c4e2d84cb381465b334e6.jpg,321,477,321,1,0
train/0321/31845d85536c4aefb923ef8302b80cce.jpg,321,321,321,0,0
train/0321/4e1b6c70626a4849847f721c19cff002.jpg,321,477,321,1,0
train/0321/6e1c3188d4704068a4b6a46bbe8423d7.jpg,321,321,321,0,0
train/0321/7857b580adc6459abdf6c52adfa0b82f.jpg,321,67,67,0,0
train/0321/86d54f70bbf04c54b145bfbdc1549d84.jpg,321,321,321,0,0
train/0321/89c74435e957470abcc11144f46b2395.jpg,321,321,321,0,0
train/0321/99b8da80b28d4ed590691a3f443118fd.jpg,321,321,321,0,0
train/0321/a595761ce24a4b098eaf62e4a3c421eb.jpg,321,458,458,0,0
train/0321/b3e9d8c090154a759ff532c107ed8c14.jpg,321,262,553,0,0
train/0321/dcef7e92c1754e3480d77d8e3ecf1285.jpg,321,321,321,0,0
train/0321/df899b5e87b34753b81c09651cf889d7.jpg,321,477,477,0,0
train/0321/feef235eae8543b7bda32e55b999dff9.jpg,321,321,321,0,0
train/0321/ff7033d8573344cb82a837656b055209.jpg,321,321,321,0,0
train/0322/2411f44b157845bf8a96165546de043e.jpg,322,322,322,0,0
train/0322/28a73d7dd8cc4437b2eb0516a57bea6b.jpg,322,322,322,0,0
train/0322/4fa0d32178954ee684d2ba500bd71f9c.jpg,322,322,322,0,0
train/0322/53f3a41720074cf7957d3a3d7b3a747c.jpg,322,322,322,0,0
train/0322/70c9f59f1a58423b87be1e6bdf1d6c1b.jpg,322,322,322,0,0
train/0322/71395e7a2c974f18a1d4cc7ad8d79383.jpg,322,322,322,0,0
train/0322/7a88cd31809241dfb573dbff0e69ab76.jpg,322,322,322,0,0
train/0322/80c9ba45a38a469a910010fb31d6e42a.jpg,322,322,137,0,1
train/0322/908f965038e4460786cfa7e41076a4c8.jpg,322,322,322,0,0
train/0322/92089f4f6e684f0b849b3388f6bb3e4d.jpg,322,322,322,0,0
train/0322/94bca9c281aa4482be1fb1d8ce668552.jpg,322,322,322,0,0
train/0322/9ac18701cbe64f89a3cfd6fe55fb2b15.jpg,322,322,322,0,0
train/0322/9eac36b2748945c08b6e894fcbfaf5f2.jpg,322,322,322,0,0
train/0322/d55e07baca3d42d1bd8fe07b5d91fe88.jpg,322,322,322,0,0
train/0322/d79e6623a15e468b8a1768115a882d8e.jpg,322,322,322,0,0
train/0322/daa66b592b9a4800929db1049eb7febd.jpg,322,322,322,0,0
train/0322/e26c9a434f8240239802749e2fdde607.jpg,322,322,322,0,0
train/0322/e954665f9a1547809bc91e014a13e130.jpg,322,322,322,0,0
train/0322/ea81de50603f45f9bdb97f57e612bef4.jpg,322,322,322,0,0
train/0323/0499ecfabed3416b99684891dfd04357.jpg,323,113,323,1,0
train/0323/109990577b4947d4ba51b94aaeee3df1.jpg,323,323,323,0,0
train/0323/2b960510f1b1448a86be04180cc255de.jpg,323,152,231,0,0
train/0323/2c532c1cf3654059b04d84fc76f03893.jpg,323,433,433,0,0
train/0323/3336d651b7a047d292d513a2a4ce54e7.jpg,323,150,150,0,0
train/0323/3741f697624541df8f5401956178a029.jpg,323,120,700,0,0
train/0323/378f60429b8c487b90712edd5ee5af73.jpg,323,323,323,0,0
train/0323/3d5329d7ea504f7eaec8bb30bd1f6144.jpg,323,323,323,0,0
train/0323/4ba413ff3650445a8f36e0f173505911.jpg,323,109,323,1,0
train/0323/695e959705a74f81b0a63375250db17e.jpg,323,323,323,0,0
train/0323/70baeee823b04c0091dc6b7daca5f788.jpg,323,323,323,0,0
train/0323/783238a76cb244a28397d0cd5dea226c.jpg,323,292,294,0,0
train/0323/8453810664e647debee471e6d416cd3e.jpg,323,647,647,0,0
train/0323/8f82b15910a24d48b28d356a8852f7be.jpg,323,150,150,0,0
train/0323/98a0d016a8264632bec08652b8639aaf.jpg,323,113,323,1,0
train/0323/bed13e2ea0684f3780f692265f361f2f.jpg,323,267,481,0,0
train/0323/c5eb74e256104a6a85aff155f2185000.jpg,323,443,323,1,0
train/0323/cf6e84edc8794307b0b2a1282ffcf0d3.jpg,323,35,35,0,0
train/0323/d2dc72e960ed46398a3d52f40d72ccaa.jpg,323,664,323,1,0
train/0323/e6c1ced3543b4c0ea3f32df3ecdf2de8.jpg,323,267,267,0,0
train/0324/095e7a62786c4afb8dbacce59a22187c.jpg,324,598,556,0,0
train/0324/16207cc9063d4a56ba0692b7bf8d9245.jpg,324,320,320,0,0
train/0324/23c1c829a90d4148b3c29958fac0f0f5.jpg,324,89,89,0,0
train/0324/3d9a11cfd9574a739dcd4a16e70755ab.jpg,324,534,650,0,0
train/0324/756c4d33a6cc4c53be670377572980ad.jpg,324,206,206,0,0
train/0324/93e70e52cdee4f7a8bdd8fdcb0a9dcfe.jpg,324,374,374,0,0
train/0324/a960a792441f46ff9f96294dcc5258b9.jpg,324,550,369,0,0
train/0324/accef43e95bb42c39e8ff529be88c071.jpg,324,146,146,0,0
train/0324/b7ded67f6f47469597c30ee284a671b8.jpg,324,556,3,0,0
train/0324/ba1931f0133e4ca1a7f6bf490fa11215.jpg,324,550,550,0,0
train/0324/dd4dc6a82265434584ebf983d2f68588.jpg,324,571,374,0,0
train/0324/eee8e1d3db8c4787b3198473d977d8a6.jpg,324,540,540,0,0
train/0325/20338e0eb29241ae8009ec47a9a36437.jpg,325,666,666,0,0
train/0325/21f710f3bd3541b2a6feebc53570e820.jpg,325,325,195,0,1
train/0325/23c6cf648fce4488904478ea50b8e9a8.jpg,325,325,325,0,0
train/0325/3f3cbf1258a44697b48f7a5aa2478e2f.jpg,325,325,325,0,0
train/0325/4614c5ee801544388dcd5525a3d31674.jpg,325,489,489,0,0
train/0325/4b758199a58f423eaf8aba720ac5d32b.jpg,325,325,325,0,0
train/0325/6521353bc62b4c1dbb5c0f2c5f403fe8.jpg,325,325,666,0,1
train/0325/6d217c7de8024fa9b8b476a714c23a82.jpg,325,325,195,0,1
train/0325/7186258fc0c74d42a22bcf88e9f5087e.jpg,325,325,325,0,0
train/0325/7856e2d644904bd7a40a8a75657f1343.jpg,325,325,325,0,0
train/0325/7a8e015a71a7403aa8939cd64f0df176.jpg,325,325,325,0,0
train/0325/7d759db264ce4634b462b7adcda944fb.jpg,325,325,325,0,0
train/0325/7fd11a207aff448b9be3db2897ac0e89.jpg,325,325,325,0,0
train/0325/8748fe282321419183edbdb5082be668.jpg,325,325,325,0,0
train/0325/995418aa6e27401b9ef8dc65f094d000.jpg,325,325,325,0,0
train/0325/a18e62608f124f8ea04661d3639b2ad7.jpg,325,325,325,0,0
train/0325/a3658828e740401f9cd9876ffe10ecde.jpg,325,325,666,0,1
train/0325/c431c2c86c1646b3863020b4e3133b2a.jpg,325,325,325,0,0
train/0325/ccc3388e282e45c49ad03b4c99559233.jpg,325,325,325,0,0
train/0325/cfdac15470e14ff6ad9d0ebf2ec6e7f8.jpg,325,712,712,0,0
train/0326/164fc8a0b10046eda16e85daf3ca7f94.jpg,326,326,326,0,0
train/0326/24d20304e2ff4b948d40cf614772b26a.jpg,326,326,92,0,1
train/0326/2880a0bc0a4a4203a37a8657361beb6c.jpg,326,326,326,0,0
train/0326/37e5cf91783f419cb4ad020189dd4aed.jpg,326,248,248,0,0
train/0326/42be0485975a4983879f814943aab63f.jpg,326,248,248,0,0
train/0326/4c7f7cf1a02340d1a9d8331f256f4662.jpg,326,310,310,0,0
train/0326/500c1f76328341ff89ff65b87516e59e.jpg,326,310,310,0,0
train/0326/56f4e23348444f40a5ad3e36af710c5b.jpg,326,645,645,0,0
train/0326/5afc43c96003405a84269d32651775b2.jpg,326,362,362,0,0
train/0326/6157324bc74d46dfb0722f85d455d010.jpg,326,326,326,0,0
train/0326/6f8e62852d4743e8a5964b246a1832c2.jpg,326,326,326,0,0
train/0326/7037bcf454f64474bede46e7f9bca9af.jpg,326,326,248,0,1
train/0326/730aafc9038a435f902e67ca4debf27e.jpg,326,311,311,0,0
train/0326/8401f17fb6c74d7288a84ba268c90ce8.jpg,326,708,708,0,0
train/0326/8aada422a0f04d35b12d21f3669d01c3.jpg,326,661,310,0,0
train/0326/8ad50327a026482fa0c2f4df196dc939.jpg,326,369,369,0,0
train/0326/a10bb8bd99e94445b485eaa39b61b69f.jpg,326,269,269,0,0
train/0326/ace4780698a64297908a0da04e6a2e98.jpg,326,55,55,0,0
train/0326/c83aefc1e8714ba899a5e760b6cb9276.jpg,326,92,92,0,0
train/0327/0b6aca8ed32d456a858856035e389060.jpg,327,327,327,0,0
train/0327/105cee4d26d54ffb92213b33238e514a.jpg,327,327,327,0,0
train/0327/118646d0f5bb4cad974d0f3d7a055526.jpg,327,387,387,0,0
train/0327/14d0490ca37248738d4aade5bbffcfee.jpg,327,327,327,0,0
train/0327/177dbcf6732542e7b3a5672e34c91239.jpg,327,327,327,0,0
train/0327/1e6a37e4193d4e7f93c439169b6b81d5.jpg,327,362,206,0,0
train/0327/1f3ceb48b362488ab7a00152f2692318.jpg,327,327,327,0,0
train/0327/27a5af66ede54044b736a94314fceadb.jpg,327,362,362,0,0
train/0327/2a7744db6f76455f89058ffecd87e329.jpg,327,327,327,0,0
train/0327/34f16b3a2ebe46c49e430b82f31b33ca.jpg,327,327,327,0,0
train/0327/3dfff5cf0434486ba978031517cd26f6.jpg,327,327,327,0,0
train/0327/563628903d694452a7eeb06279624882.jpg,327,327,327,0,0
train/0327/5aba263d4da3476b8958d24bfcb69c42.jpg,327,327,327,0,0
train/0327/7ef36d2d904044f38d84197230ea4b93.jpg,327,493,457,0,0
train/0327/84ca740aaa024819802a495c4cc27c60.jpg,327,454,454,0,0
train/0327/894a73c4780c441eaf20ec07a4a8ebdb.jpg,327,586,586,0,0
train/0327/996fe0fd92164e299dd69fafd7f4d92b.jpg,327,571,571,0,0
train/0327/b9461b8ab0aa43b48e7f30162c556189.jpg,327,327,327,0,0
train/0327/bd585ead45514bcb8aabca23dc2c144b.jpg,327,271,491,0,0
train/0327/c4fcc8a8d87b409aafcdeb7bca1950b1.jpg,327,206,206,0,0
train/0327/cf268c7ea1c94ac4bca1402639471f5e.jpg,327,454,3,0,0
train/0327/cff7654b40514cc1aa8f3ca0b0b068a8.jpg,327,742,742,0,0
train/0327/e66da0d538d24472976554bb24856a3b.jpg,327,327,327,0,0
train/0327/eabdfd3ebcad4f2a9e96fd42b4b00021.jpg,327,327,327,0,0
train/0327/fe64fe85ecc246a6844eb827cd112de8.jpg,327,673,237,0,0
train/0328/00b1ba8980534f8aa8477d8b7ba90489.jpg,328,328,328,0,0
train/0328/0aaa34db7d904acdb5eea94fc80b2b41.jpg,328,328,328,0,0
train/0328/18544d5624e54e6ead48bce45ec1028e.jpg,328,328,328,0,0
train/0328/1865125c670e452293b47093db8bf38e.jpg,328,328,328,0,0
train/0328/3e05641f621145f8820d2582cc1457e1.jpg,328,328,328,0,0
train/0328/4b2f4425ad404b3a98d54c837e8792e9.jpg,328,6,6,0,0
train/0328/62c05d5054ec4ece9296fd6205651f28.jpg,328,328,328,0,0
train/0328/6758a0c2258a4cd3b0495023c654b92d.jpg,328,328,328,0,0
train/0328/89e180f99fa64e488d5bbae5efd519b9.jpg,328,328,328,0,0
train/0328/8c455f20f7d546a08f56dcd1c946bd20.jpg,328,328,328,0,0
train/0328/b56b681a397e44f9b698dbf8335207e8.jpg,328,328,328,0,0
train/0328/b79972911f144c5cbe3d84ff31d1c36e.jpg,328,328,328,0,0
train/0328/bb9bb0db273a4e15a034bda2e1103ea7.jpg,328,328,328,0,0
train/0328/bbe79809b074421fbc7be02220db7f62.jpg,328,328,328,0,0
train/0328/c446abd3b43746e497669795804c114c.jpg,328,328,328,0,0
train/0328/c4b3aa57bdb840de8ab93ffad2a4c920.jpg,328,328,328,0,0
train/0328/dcefd8afb41145259dc64dbceb4e5165.jpg,328,328,328,0,0
train/0328/fa2252532ac74649b6f368983be4a9ae.jpg,328,328,328,0,0
train/0328/faa1895dc9204cdb8ff40c03ff28301c.jpg,328,328,328,0,0
train/0329/00b3d37f2b98430f9f6a6a2700776c5c.jpg,329,329,99,0,1
train/0329/16656101344941b3b860307bb0064311.jpg,329,387,387,0,0
train/0329/34689c5baffa42de910f7869d9848b4c.jpg,329,303,303,0,0
train/0329/3810efb291da4127b88afa7373eda56f.jpg,329,636,636,0,0
train/0329/4b358d807cc8430eac43f39d4b045e93.jpg,329,453,241,0,0
train/0329/5714e55df66c4d6bb7e0bca4a12a7dae.jpg,329,16,16,0,0
train/0329/59098a46eff146fd8d80925b4386cc1a.jpg,329,243,243,0,0
train/0329/61454cf6486b4001b9198fece7c06d81.jpg,329,329,34,0,1
train/0329/61e560c2da5a429d96eb11c5b188a307.jpg,329,380,380,0,0
train/0329/6ac572c7865c40f4926a8655602f469c.jpg,329,16,16,0,0
train/0329/77f9e2467c5e447b869e1d9a936703dd.jpg,329,243,243,0,0
train/0329/84921ea925cd4e7586c8347a389e9990.jpg,329,162,243,0,0
train/0329/858e2fda92aa48c4be6c39f9e96e6016.jpg,329,303,303,0,0
train/0329/8d0ff410413b4b81bd5cf0bd583ccceb.jpg,329,329,8,0,1
train/0329/9e352c3d890a43c2ad357f0ca5ef1d70.jpg,329,329,516,0,1
train/0329/a50c8a4380264e49b85aaf2ad16404de.jpg,329,329,380,0,1
train/0329/b0e3fc59ae5a4bafa21eb58942a27bd7.jpg,329,329,329,0,0
train/0329/b4fd124665b24fda888a87a681ddfbb9.jpg,329,329,253,0,1
train/0329/cbe2fc826161417b8103fccb14d86ab2.jpg,329,162,162,0,0
train/0329/e0dd07bd7dac4d13945adfff37a4c337.jpg,329,329,329,0,0
train/0329/e7640307ae6e49f0a75576b03202dd68.jpg,329,329,329,0,0
train/0329/e79c3d23ef30490095194a320c6dabf7.jpg,329,329,16,0,1
train/0329/edf49f7f46cf4dbaa22520761b19b688.jpg,329,8,8,0,0
train/0329/eeda4243c52a495a9bbd985c0b1b8c70.jpg,329,268,419,0,0
train/0330/3eb18934e8364bbfb316269dc5fab992.jpg,330,274,274,0,0
train/0330/57b7550e77dc4abba6b8ad5e9bc89665.jpg,330,431,369,0,0
train/0330/59afa21f16b94a89981dc7e4cd97b2e2.jpg,330,287,287,0,0
train/0330/600c145709334944b9d6004ddc83b77e.jpg,330,330,509,0,1
train/0330/6668ed95b8e84737be8af0afd04668b9.jpg,330,584,584,0,0
train/0330/84424aaf65ad436e9c06fe95153f4aa9.jpg,330,427,330,1,0
train/0330/eb3e89aa6d83442380c7d96214e04cff.jpg,330,54,650,0,0
train/0330/ffdcd8db4c634515bde5a9e95e4cd7bf.jpg,330,710,295,0,0
train/0331/036d25e926af44069c07c3712f2993b5.jpg,331,331,661,0,1
train/0331/178519563d23485289608197bb1fa805.jpg,331,331,331,0,0
train/0331/1a7a5c1abb2b499aba4cfd1773166e6c.jpg,331,71,71,0,0
train/0331/1e8ba099e247424fba60705a5883278e.jpg,331,331,661,0,1
train/0331/2156adff7c3047c0b0cc108a03efea94.jpg,331,331,331,0,0
train/0331/23035635a97e4819ac5ee665704e93f3.jpg,331,331,331,0,0
train/0331/33e451c170a94b8e845689eb8b1a50e2.jpg,331,101,101,0,0
train/0331/371d958ab2444b7b81c2347df4914752.jpg,331,331,661,0,1
train/0331/4ca1f37a9a2a47febbed793df2758c1a.jpg,331,661,661,0,0
train/0331/508409c285af4ff98b16518a2902801f.jpg,331,331,331,0,0
train/0331/55410f70214340ae860a6b503bb4d97b.jpg,331,101,101,0,0
train/0331/7881d5b9a9f04a9cab3da2f7015811e9.jpg,331,661,661,0,0
train/0331/78fb850ff4334927892cfc43b18aa9bc.jpg,331,331,129,0,1
train/0331/8d33407b3ed34491aeef0ebd22304945.jpg,331,331,331,0,0
train/0331/8d72a1f039d54026944b062c603f39fd.jpg,331,331,331,0,0
train/0331/8e33e80490ed480baaf774024e433333.jpg,331,331,331,0,0
train/0331/a8e172afdc844b9baa67c7a86078b969.jpg,331,331,331,0,0
train/0331/ac9e4593ee924cd596adffb937e200a7.jpg,331,331,331,0,0
train/0331/aec13deb25354a05a8c34f85a3e2b203.jpg,331,232,28,0,0
train/0331/b440ff1952b0401b8447340267ab5c1e.jpg,331,331,331,0,0
train/0331/b9699f6ea7db479cadd6ba057726bd56.jpg,331,52,52,0,0
train/0331/bad3b5bcb93c4ee89bf1b36da8bcaec3.jpg,331,331,58,0,1
train/0331/d7fee7ad5f8b45c19d1921007d64cfac.jpg,331,331,331,0,0
train/0331/fe433785f8484760b582c89c3ebc9e6f.jpg,331,331,58,0,1
train/0332/041ac567cc4048c4af9cfa82497d6ed2.jpg,332,332,360,0,1
train/0332/18026791138d421eaf12fdddd98b7299.jpg,332,362,362,0,0
train/0332/1b2311ea9e874882a5f12ff4b4133acc.jpg,332,332,332,0,0
train/0332/22ef514e56e946b5a36656ff40aa1c98.jpg,332,332,360,0,1
train/0332/2f81ee7ff7c2418b875e004196cda140.jpg,332,360,360,0,0
train/0332/47eab276432c474b97fab17c224fde42.jpg,332,332,332,0,0
train/0332/52d5f7c73e964aacaf2426fa9ee01275.jpg,332,360,360,0,0
train/0332/616424743b8f4bbe94813d58f5054ca8.jpg,332,360,360,0,0
train/0332/633de6ef200748a29e35315f0a618a81.jpg,332,293,293,0,0
train/0332/6679f9de08c94a789b31486e9a7d523e.jpg,332,566,168,0,0
train/0332/7203425d54a2421bbdcfe64147f913ee.jpg,332,163,163,0,0
train/0332/8ea2c92e5ed24b0ca117bb79c26cf35f.jpg,332,245,245,0,0
train/0332/a3c8a70fa6ef46e091990ea4e0dc66c0.jpg,332,245,245,0,0
train/0332/b1523a866f254de9aeb7bab0ab67cfd2.jpg,332,360,360,0,0
train/0332/de37d363029549209ae9072caeece950.jpg,332,732,732,0,0
train/0332/e524caa120714be19a138445aaaaeade.jpg,332,332,108,0,1
train/0332/e837d665e7444d0dbc468ad600c30757.jpg,332,360,360,0,0
train/0333/0dd709472d6b4f19b60054385b972574.jpg,333,333,169,0,1
train/0333/107a3cac910f4e34bd7f6b7e58de1249.jpg,333,333,333,0,0
train/0333/20d60679b45346958c9c3bfc7eb5fdbf.jpg,333,169,169,0,0
train/0333/23015e11749e4d06a647d60ece57dff9.jpg,333,333,333,0,0
train/0333/2554718a1b434f9f9bab7c5d9c9bf207.jpg,333,277,223,0,0
train/0333/3e34a0810878406b9b516e52eb9746e9.jpg,333,333,333,0,0
train/0333/4408990996984efda11eacd196fe4ff3.jpg,333,169,169,0,0
train/0333/587771929733462a8216479329776df6.jpg,333,1,391,0,0
train/0333/594bfa50978342e0b68bda1f17c70dde.jpg,333,169,169,0,0
train/0333/5d86c8caa6e946969cab1bdaacdc1e63.jpg,333,277,277,0,0
train/0333/8d4dee6beb0a43d0b107e1e7c98649fc.jpg,333,223,223,0,0
train/0333/95af1c12fec64c8988d8cca45121a122.jpg,333,333,169,0,1
train/0333/9bbb360edd8148aeb8c4978bf30d23d4.jpg,333,33,33,0,0
train/0333/abe722a55ae94831877bc7a16c73fc47.jpg,333,333,333,0,0
train/0333/bec916134d8c4fd798320dd28e450de2.jpg,333,223,223,0,0
train/0333/c7226d99ed354a95a2fb493d2cd4d704.jpg,333,333,333,0,0
train/0333/e275bf10ea594fb4be01c42dcdd3bf41.jpg,333,223,169,0,0
train/0333/eb52a38ac9f9434393d367998c31a491.jpg,333,223,333,1,0
train/0333/fb1e671ba75f423aace23c354b86aa05.jpg,333,333,333,0,0
train/0334/007865c747124cc29192991a023cf2e6.jpg,334,334,334,0,0
train/0334/1ebb609ce9d14672ac034fefaa423394.jpg,334,460,460,0,0
train/0334/22424e518cdb46e79ab6502c7cb73a78.jpg,334,334,334,0,0
train/0334/22c9b8aff4b246f89d401c0fa75416a9.jpg,334,392,392,0,0
train/0334/22e01d42ea7247b59180aab4d6e8d515.jpg,334,334,334,0,0
train/0334/26d1a86fd6e3455b9ab6fb312fb5dc8c.jpg,334,334,334,0,0
train/0334/34bf5a00eef949fea82dcf8648db6e99.jpg,334,334,334,0,0
train/0334/46e3371971fd4595b389a97ca6039b35.jpg,334,334,334,0,0
train/0334/49ef7c075d384d6ab28390d1329543d6.jpg,334,334,334,0,0
train/0334/4cd4d6c5f4e24321b6bbd705d0641029.jpg,334,460,460,0,0
train/0334/53312a1859744da9b655a8ee7a26e6fd.jpg,334,334,334,0,0
train/0334/60273343a70546f9bd199aafd418a298.jpg,334,334,334,0,0
train/0334/6b5b64a4cb3b479ab9e879a07ed7450c.jpg,334,334,334,0,0
train/0334/963b20b4f3f74ba184ee12cf54ae517e.jpg,334,334,334,0,0
train/0334/a18216bae34e4aa392c3beb69296152d.jpg,334,334,334,0,0
train/0334/ad81f70696a942a3856dd9b658aeb94f.jpg,334,334,334,0,0
train/0334/bf33d53101a844b48ec5355c52dd5899.jpg,334,334,334,0,0
train/0334/ce14f62e453b406d944e61648d4eed28.jpg,334,334,334,0,0
train/0334/db0819573c9b449285ecb0dc7952c299.jpg,334,334,334,0,0
train/0334/eeec32d2f00c444c9fd90816de671b8d.jpg,334,152,152,0,0
train/0334/f55d44451e0944cd953a980e122879d3.jpg,334,460,460,0,0
train/0335/1f975a0f247640b5a9f112cfda76c68e.jpg,335,295,295,0,0
train/0335/23a0bc2f60df484d8757dc1f7354e725.jpg,335,500,458,0,0
train/0335/29d636d36c5b4ce4bafa0132f82f679d.jpg,335,335,335,0,0
train/0335/2cf53d89adf94691a2a50a3ca8ab040d.jpg,335,419,419,0,0
train/0335/4073444467eb4d688ffaaad11f346976.jpg,335,57,519,0,0
train/0335/50f6319cf77b4240952a4827067992a7.jpg,335,596,596,0,0
train/0335/65b77345b1654aa48629c1ecc2b466fe.jpg,335,335,335,0,0
train/0335/6ebc887e147145fd991dc250e3d0da6b.jpg,335,319,683,0,0
train/0335/73e57914567b4f30b68a677dd50803f2.jpg,335,640,34,0,0
train/0335/7df3b87ca3554f4f90caefcf3c069cfb.jpg,335,714,596,0,0
train/0335/9123b2bf21074079b7cc10d08d2c0d67.jpg,335,151,151,0,0
train/0335/99e2338f81784842834a42f2e2f2f058.jpg,335,335,596,0,1
train/0335/a1faa6a5e7544484bd883dcc20546b4c.jpg,335,619,341,0,0
train/0335/b41fd8da21b545aa9d88779be907e51a.jpg,335,335,335,0,0
train/0335/b6840690d480411c9fbddce96b2bd851.jpg,335,564,619,0,0
train/0335/d3db0f73015b4c8d9bc278c74f0f2343.jpg,335,335,596,0,1
train/0336/1d92e62ee0be40fdbddd2c2e0554342b.jpg,336,672,672,0,0
train/0336/2a00753d2d9c46afa6d72a0639e2bd87.jpg,336,672,672,0,0
train/0336/2ad569fdd0674c2f8192cbdbf5e593eb.jpg,336,672,672,0,0
train/0336/331b6186a02d4e109b7bfbba825b57a4.jpg,336,672,672,0,0
train/0336/441de1290e8644659135796fa6d87b8f.jpg,336,672,672,0,0
train/0336/4932b6304051423b80f4a909bf8606ec.jpg,336,336,336,0,0
train/0336/4a2de21808e043509f0b8feb079220c3.jpg,336,672,672,0,0
train/0336/6b2e1a6e7b5e457892f5052bbf5b47b3.jpg,336,672,672,0,0
train/0336/6ba4c32e885f4931826aef3eaffde2c9.jpg,336,672,672,0,0
train/0336/6bbb7bca750b4a0a9e87687f8def1f24.jpg,336,336,336,0,0
train/0336/81753fb127604a71add0f682688bd482.jpg,336,336,336,0,0
train/0336/9abca73b4f204bef931b7a3356e4b0a5.jpg,336,336,336,0,0
train/0336/c5cd397238a94d618b5ac5e23cfae68d.jpg,336,336,336,0,0
train/0336/c63858dcafc140e595dc3d338c3fbc3a.jpg,336,672,356,0,0
train/0336/cdd3c6a8876649f98a955a4b4b6480e4.jpg,336,672,672,0,0
train/0336/cf07c74918414747bfe1af4a636c41d1.jpg,336,336,336,0,0
train/0337/068ddaa1629d4faba6192d48153329df.jpg,337,337,337,0,0
train/0337/144ba05a861846728c749d1de9f46d1e.jpg,337,337,337,0,0
train/0337/377ba6856f484b259844ed1cf60da73a.jpg,337,337,337,0,0
train/0337/4891725eec4a45a7867e24fb18dc5633.jpg,337,494,494,0,0
train/0337/5624b2e9ada9458a9e3b4ef26cb361a2.jpg,337,337,337,0,0
train/0337/68c0587965f04523a3c0122a079abab4.jpg,337,337,337,0,0
train/0337/6aad00b57a23493e8a5520e186ebda99.jpg,337,337,337,0,0
train/0337/74b661bed91d48419d3ea50076cb9d91.jpg,337,337,337,0,0
train/0337/8f42b041cad74cc5952e878b16dd41dc.jpg,337,337,337,0,0
train/0337/b66277066d4b48fe91cab6fea6e21dc8.jpg,337,337,337,0,0
train/0337/bfb0af395a6740139a34b57b09b283c3.jpg,337,337,337,0,0
train/0337/c7623d326266424b8d1cb99878624576.jpg,337,337,337,0,0
train/0337/d47ed30969f144d188b382b7d76a7e05.jpg,337,337,337,0,0
train/0337/db322679857042fb841c2f4fea5b8793.jpg,337,337,337,0,0
train/0337/e70e4cfd70714fce80888d742289226c.jpg,337,494,494,0,0
train/0337/f8c7aaee71094249b99dc870f5a99398.jpg,337,337,337,0,0
train/0337/fdeab146e8c846528e84c77604526129.jpg,337,337,337,0,0
train/0338/00c8f46c82dd4074b08acdebbeae7a37.jpg,338,186,338,1,0
train/0338/06778271ecf449838b966e0267120407.jpg,338,338,338,0,0
train/0338/07a12b9c11034e2cab619f28136372e7.jpg,338,338,338,0,0
train/0338/20399021d84e4ae1ae9081d1c8cb1390.jpg,338,338,338,0,0
train/0338/277104778e4b4fc9a83339762905071e.jpg,338,338,338,0,0
train/0338/3ce7fa72c86444fcb504560bc3013685.jpg,338,338,338,0,0
train/0338/46f2ab83aedb4ac7a889a312e4630730.jpg,338,338,338,0,0
train/0338/65eac90873a64660ae12d2c659600e64.jpg,338,338,338,0,0
train/0338/6c4cf675ea5e4502bc58abf4f39cc965.jpg,338,338,338,0,0
train/0338/6e977f88bee4421e82a0f619f4d52116.jpg,338,338,338,0,0
train/0338/8316652a28ab42fda92a43a419d34f46.jpg,338,338,338,0,0
train/0338/939190755215454cb66f8d8dbe9e0954.jpg,338,338,338,0,0
train/0338/a89f9b97b93b4a299a9bab40528894d8.jpg,338,338,338,0,0
train/0338/aa40c0ce7220469a8b37c7cbcd028ed2.jpg,338,338,338,0,0
train/0338/ad23411a38854e50952101a41277cfcf.jpg,338,338,338,0,0
train/0338/b0ac1a1c8bf040599d73edbdf386afe1.jpg,338,338,338,0,0
train/0338/b52ed46eb8744410a669891962347c37.jpg,338,338,338,0,0
train/0338/de594015557e46e2a5d352f5297415a6.jpg,338,338,338,0,0
train/0338/e2dfcf22aa9e423ab4fe1b7c49cfce79.jpg,338,338,338,0,0
train/0338/e9c28e3f429a476a84cc781d1decc939.jpg,338,338,338,0,0
train/0339/08ae29d43de84d459431693b63e77244.jpg,339,339,339,0,0
train/0339/0d65a5f2a4b248f9ba560ab2e6bb0234.jpg,339,339,339,0,0
train/0339/1cbb04f49f2f4d2cafb93469149e1cf6.jpg,339,274,274,0,0
train/0339/29f96521be434b6dbfcd204e53b7a2a3.jpg,339,339,339,0,0
train/0339/2f5ade5ea96b434386c87990acbbdee9.jpg,339,151,151,0,0
train/0339/407101b1204d4fa281e1d44c05bdbd74.jpg,339,339,339,0,0
train/0339/4b8bd047e7af4f9fa70a0a2e67955523.jpg,339,339,339,0,0
train/0339/601997752398491199ed54e7b7d888d4.jpg,339,339,339,0,0
train/0339/6671f0c2d8dd487f9230f39c3da00bf3.jpg,339,339,339,0,0
train/0339/67a1c56a8ef742ddae2ecd1cf8d9d1cd.jpg,339,192,89,0,0
train/0339/8577116e89b6469fb12e441635deedef.jpg,339,339,339,0,0
train/0339/8a23c68834214a4baaab207f00b758ce.jpg,339,339,339,0,0
train/0339/8de06fd4e3b94bb38ff1f64e665ba334.jpg,339,339,339,0,0
train/0339/a5b14b7af2ec4b6189e44a4ae029de5a.jpg,339,157,300,0,0
train/0339/b8657eeb8e9b49418f1ba4c6e9d7574d.jpg,339,339,339,0,0
train/0339/da5252e964ed4887b7151eed6cad2f1a.jpg,339,339,339,0,0
train/0339/dc87577c173a44b28ca9ca6a3dc1fa7b.jpg,339,352,152,0,0
train/0339/deed4035b1544def8120fe8d5cfbb6b3.jpg,339,339,339,0,0
train/0339/e0836690df2444df84235e9af35eef2f.jpg,339,24,339,1,0
train/0339/e0958e7c75dd449d82c61e9db23103ec.jpg,339,339,339,0,0
train/0339/ee6ed4e6a0ad4b82b6db36c2c6b50663.jpg,339,630,339,1,0
train/0339/fc571b07bafb41ba952550ff328bb912.jpg,339,339,339,0,0
train/0339/fc5e3a59b5b54daa8377746c12741a07.jpg,339,232,232,0,0
train/0339/ffb91c3cc7dd426f8a5db80f56b8bf86.jpg,339,339,339,0,0
train/0340/0547b235b8dc489db5e756837d4bd198.jpg,340,340,340,0,0
train/0340/0961fe8849c64b23921568db1f82c140.jpg,340,340,340,0,0
train/0340/1099027856a84719a1d49b759d65d176.jpg,340,340,340,0,0
train/0340/1c0bb0e663a940eea121cc0464b81ba4.jpg,340,340,340,0,0
train/0340/1d4844402d394acc8982ddcd91c5f4a3.jpg,340,689,10,0,0
train/0340/1fa0e09f25dc4b2489a780133aa3638e.jpg,340,340,340,0,0
train/0340/1fd69ba24db24e96a56a90af27b7cd3a.jpg,340,340,340,0,0
train/0340/52149c22c20442d7912a6920b9e38644.jpg,340,172,340,1,0
train/0340/6bc04855bd104f59b5daad4947684d11.jpg,340,340,340,0,0
train/0340/6df0a1d3a2234de3a22d7e18d74a5ecb.jpg,340,172,21,0,0
train/0340/958853c5466c401b96e6a6be941997fb.jpg,340,321,321,0,0
train/0340/95ebec38af284390bd70555dc24bd196.jpg,340,533,533,0,0
train/0340/9ac1e88ffe8a42f4bcc0392330832975.jpg,340,604,604,0,0
train/0340/a9875a5c7eee4e9889d3f5186113cf5e.jpg,340,340,340,0,0
train/0340/b5068e4c539143f38e7c416e65c22a74.jpg,340,340,340,0,0
train/0340/bba577893f3a4893948bfc1cbad2e2a9.jpg,340,340,321,0,1
train/0340/dd7ba3b4508b4beea30bcbc52db83b8b.jpg,340,340,340,0,0
train/0340/e687377039644eab8fffc60ec0bcdc95.jpg,340,340,340,0,0
train/0340/efa6d32f9a354f0c8e10eb47192f341a.jpg,340,340,340,0,0
train/0340/f3e52469dfa44627b892ae5280f5ff93.jpg,340,274,369,0,0
train/0341/1ca37a9a4ee94120b89c740b53a0b7f9.jpg,341,341,341,0,0
train/0341/1e1cbffaac4146ca9c5218f9ba553898.jpg,341,341,341,0,0
train/0341/2d1975651fc04a25af2a367209b0385f.jpg,341,341,341,0,0
train/0341/36abfbc3808143f3b78028095f632865.jpg,341,341,341,0,0
train/0341/39e7d94c78c840009848e25a0a171933.jpg,341,341,341,0,0
train/0341/567dc42209ac4214816ff1b65e4f66af.jpg,341,341,341,0,0
train/0341/67413e4482574c4d85481d5cb3f9ce8c.jpg,341,341,341,0,0
train/0341/74bbe449a19445da9e2d9665151b7470.jpg,341,341,341,0,0
train/0341/81672f82a7d84c2cb058e0c618342b0c.jpg,341,341,341,0,0
train/0341/a511543e34ce424e939fd7b504a64a5a.jpg,341,341,341,0,0
train/0341/a9d7d4f05b21487aace2462df2678307.jpg,341,341,341,0,0
train/0341/c428d95b7f494e1886933f255cb69a01.jpg,341,341,341,0,0
train/0341/e9743595c7044ab5b6a6a9a263b77ccd.jpg,341,341,341,0,0
train/0341/eaff5c72af9f4f9ea411d9d38d03f82c.jpg,341,341,341,0,0
train/0341/efede198f9b14a9f8df8aef22301c599.jpg,341,341,341,0,0
train/0342/0f8ac6621ee84b9db21ccf6cdb493db0.jpg,342,342,342,0,0
train/0342/16fa140302874660a50484f1c63f62b9.jpg,342,342,342,0,0
train/0342/1821d85cd78d4928a670550cedf6b3e4.jpg,342,342,649,0,1
train/0342/27b9f3767bde4eb1b18ed02ec8d33c11.jpg,342,342,342,0,0
train/0342/3748266cb37b43a5bda8a3bda2264a18.jpg,342,342,342,0,0
train/0342/4d7068bcc2f3457fb517931234c303cd.jpg,342,584,509,0,0
train/0342/5b1f0e631f824e7ba382b5e7bc62f892.jpg,342,342,342,0,0
train/0342/6278eb45e1a3403e865f4b45ae5413d0.jpg,342,527,527,0,0
train/0342/675737d6f7824990823cc418947216f5.jpg,342,649,649,0,0
train/0342/6b35e18add2741458dc758c0899a8d0e.jpg,342,342,342,0,0
train/0342/7de86476c36346f1a22c58c9bdabb4f8.jpg,342,342,342,0,0
train/0342/8d5de2e3b0b645af94b429b51042b83a.jpg,342,342,342,0,0
train/0342/8f922f87c7a648f1ba75679371d35e7a.jpg,342,342,342,0,0
train/0342/8fea46768b3c4370b8afeabd9ffb8d55.jpg,342,649,649,0,0
train/0342/9d75f2fb93c74f1a8385e30d0b398a4f.jpg,342,342,549,0,1
train/0342/9fac961503764c86bcc9550466d9c577.jpg,342,342,342,0,0
train/0342/b888f313278e4fc2a976318a7574d0ac.jpg,342,342,342,0,0
train/0342/bc9a64abfe524ff98d4370ac3d9a20c5.jpg,342,604,21,0,0
train/0342/c91c9dd429ea4e5d94884734dc4e8f39.jpg,342,342,342,0,0
train/0342/ca02841c6cf84b99afc4d94cc60d5f22.jpg,342,342,649,0,1
train/0342/da46044ca124464097a9e100171890c8.jpg,342,342,342,0,0
train/0342/dcca0fdce60643b7b4a1803fa78c2e69.jpg,342,342,342,0,0
train/0342/dd8a18a054a847d2a3743280b53760d8.jpg,342,342,342,0,0
train/0343/0bdeb59624114cb6b7af5307a0dd98b3.jpg,343,725,343,1,0
train/0343/27641d804c114394931aa134400790a9.jpg,343,2,2,0,0
train/0343/352f2636796a4ecca0b2b85c252ab8b2.jpg,343,343,181,0,1
train/0343/55da7db8a4b348788c33d631a3a12cb4.jpg,343,675,675,0,0
train/0343/5e5e8e817b06425b82bd7c2ae791ef13.jpg,343,675,205,0,0
train/0343/69c4406ada4647e482d032a93c757147.jpg,343,675,2,0,0
train/0343/802da998a6224f0fa33c3d77f43c68a7.jpg,343,725,725,0,0
train/0343/916b264dafc94b10ad564ca1cda78267.jpg,343,695,749,0,0
train/0343/9225f8b37ae745419637e8fd8cfa17c5.jpg,343,599,722,0,0
train/0343/ab10c7f68606460eaed51e15ac24aa5c.jpg,343,722,722,0,0
train/0343/b46e183b78264285972628fb1b4d77fc.jpg,343,583,663,0,0
train/0343/b48d3549df7f4d3cb9dc51f303e079b3.jpg,343,508,742,0,0
train/0343/cf8e2a4c0b8a4d878778d2ade77cc7dc.jpg,343,217,206,0,0
train/0343/d127075bf1404a83854bbdd11e5f01b4.jpg,343,583,457,0,0
train/0343/df123e5802bc41acab9bd40d05af6edf.jpg,343,217,2,0,0
train/0343/ed47d3cef8dc4b10bb5806d3a339cdd5.jpg,343,217,217,0,0
train/0343/f7a50cc8e5fc42208ec9ba750192f01e.jpg,343,675,343,1,0
train/0343/fc69b5f3911a48ce8c52078dec3a9d74.jpg,343,140,614,0,0
train/0344/0eb917280ac845ea87a29eaa78725844.jpg,344,412,412,0,0
train/0344/16d865e3fd004956bdc93d771983e17e.jpg,344,269,52,0,0
train/0344/1f793a0ad7ff498a94321d5a8ddcd8f7.jpg,344,641,312,0,0
train/0344/24a32f9500224caf95005641e56ad6d1.jpg,344,641,641,0,0
train/0344/2ed71493a53a4cc48f28bb13662b6750.jpg,344,344,344,0,0
train/0344/2edcb9a78ff84b18be917643eb445956.jpg,344,734,538,0,0
train/0344/3a79e9248dd44dc386171ca41bc9bfb6.jpg,344,457,457,0,0
train/0344/40e986f2e40b4ecb8cb6eeec64d2240e.jpg,344,344,344,0,0
train/0344/43cf5255b09f4a108b14d91a64fce933.jpg,344,344,344,0,0
train/0344/4971accff4214d4293db0f124195aeab.jpg,344,344,344,0,0
train/0344/4ddf5046530841d8962f3803ee8a00e0.jpg,344,344,344,0,0
train/0344/58ad83b5def74dd0ac9fb752df8455a1.jpg,344,350,28,0,0
train/0344/6670dc717bfc45ee8fb004d87fcd3d3e.jpg,344,454,454,0,0
train/0344/7b3e5589b0bf450aa8033f68f8f877a2.jpg,344,269,269,0,0
train/0344/841ca26291d74fe191727454b293fbb9.jpg,344,77,77,0,0
train/0344/97747ad5e7f3441ca01a0e109a83ad7f.jpg,344,641,412,0,0
train/0344/97a08c3e53fa4ab19c3d41ce0d7141cf.jpg,344,532,28,0,0
train/0344/984b0eaaaa0d43258c436e7b701e8d23.jpg,344,704,704,0,0
train/0344/e27b9045320f40648d3588e035e45acf.jpg,344,344,344,0,0
train/0344/e84a26d736e640748cf50ff198fcec85.jpg,344,269,344,1,0
train/0344/f13aa506d31340b685f1927bf75b909e.jpg,344,344,344,0,0
train/0344/f1fe4818aa464bcabd2c3fee4007add8.jpg,344,559,269,0,0
train/0344/feab833568954b3cb520efb40b4a7e0c.jpg,344,344,344,0,0
train/0345/160bb0c4d16047299f13bae731f91c86.jpg,345,416,33,0,0
train/0345/18b43267e97b416280091e9053bfdbb8.jpg,345,345,345,0,0
train/0345/29e65ef4d47f4b249566c0bd1594dc12.jpg,345,131,131,0,0
train/0345/2d36f1dd878d4cb89c6a08b1ba7dc1eb.jpg,345,206,206,0,0
train/0345/35123526d0f64aa9b9189a10eea5654f.jpg,345,345,441,0,1
train/0345/359516addada4d0ea58a5aa60d20fe46.jpg,345,316,252,0,0
train/0345/35dd9c2fd7aa4875bc341cc92266904d.jpg,345,55,92,0,0
train/0345/5ae7213441af4868b9d203f3bf3aa872.jpg,345,345,441,0,1
train/0345/5d0ed48df66e413e9cf5d014dc597262.jpg,345,411,379,0,0
train/0345/5fc8ccd1240d46e09bd9487202c63573.jpg,345,345,345,0,0
train/0345/672e292ec315402bbbd2ffa5a04e8a3c.jpg,345,316,316,0,0
train/0345/6da38bb2ad7844a4b2c2bfd3e308e982.jpg,345,345,345,0,0
train/0345/7a362abf4c8347b880e711aad4de2e4a.jpg,345,379,379,0,0
train/0345/7a7793d0a947435ab67b9d917298bcdb.jpg,345,605,605,0,0
train/0345/a4a9371dbd654e48abc6952c95468b61.jpg,345,441,441,0,0
train/0345/ce20e360475b4f058dc47ed756b63b67.jpg,345,345,345,0,0
train/0345/d6bf4a3c086149e2b0813ef4965bdb49.jpg,345,345,441,0,1
train/0345/d6dbb721eb5f4292b5c7f42632f5e46e.jpg,345,177,27,0,0
train/0345/d7c0542b485a44b7bb890aa45f8fb0b5.jpg,345,576,576,0,0
train/0346/11bb7ead6c174ae7a8bb93c44dbdc78c.jpg,346,300,346,1,0
train/0346/1d57135824fc4211b7d7a536f2555e8b.jpg,346,69,546,0,0
train/0346/25c57b55e8a647048f5b88a1a0c954f4.jpg,346,186,501,0,0
train/0346/3c78b9f8e3344939afde24655d52ee04.jpg,346,300,300,0,0
train/0346/5e3bd064c2fb4ab8a3c34ea6a494f574.jpg,346,346,346,0,0
train/0346/5e6dc889b3ef422a861897815f092368.jpg,346,186,186,0,0
train/0346/5eb05635a2654ee9a2209baede8b9f4a.jpg,346,346,346,0,0
train/0346/62d7b7b9ad3a4351b86a8e3df52421bf.jpg,346,300,300,0,0
train/0346/6b888321ab58432a9d69fa43a1015824.jpg,346,346,346,0,0
train/0346/6c5fb6f8e4d141b491c62dab5e9df7d8.jpg,346,680,680,0,0
train/0346/760e72f1f3bf4f64a170a392b7316d8a.jpg,346,300,346,1,0
train/0346/7ec878ea694146ecae91646b225d2862.jpg,346,346,346,0,0
train/0346/dea7e3d723674a40abcd730992b6e39b.jpg,346,186,186,0,0
train/0346/e2fb7253107d4c89a04f44bcf5569031.jpg,346,186,186,0,0
train/0346/f13bc8ca615a41a4bb6395559cad5125.jpg,346,362,300,0,0
train/0346/f7a7e845a013422aa6c3894a21a92b42.jpg,346,546,490,0,0
train/0347/09e233eee27542a0985c118851cfc8b7.jpg,347,749,749,0,0
train/0347/1535f9c9961342efa00f770804f2a4ad.jpg,347,362,362,0,0
train/0347/21b4a50f2bcc42aa8e4c667ff94e99e4.jpg,347,347,347,0,0
train/0347/25a0309e5816442d9e79728651dc3ffa.jpg,347,339,339,0,0
train/0347/2fa09d1a2af347dea959c8265cf16410.jpg,347,394,320,0,0
train/0347/40b2754f1ac54691b2e4c5a509a60802.jpg,347,347,347,0,0
train/0347/40cac3a334824a67a0e41c5d7b878132.jpg,347,347,347,0,0
train/0347/550c901b8b9545bd863530ea90dd51df.jpg,347,347,347,0,0
train/0347/5563df3970de4fabb7e7a67cace1f136.jpg,347,347,347,0,0
train/0347/6b5cceea4551435c80166ab1a0332163.jpg,347,347,347,0,0
train/0347/6d7f70db921147deb5cb96f0b1bf7dd4.jpg,347,347,347,0,0
train/0347/6e1dc12e200f4a83a88fc8fae33cdc52.jpg,347,347,347,0,0
train/0347/75c1c12c2cc04de1823db799d9d3db88.jpg,347,347,347,0,0
train/0347/76c2d9c7a3c948f6ad9345a65c96f464.jpg,347,129,320,0,0
train/0347/8c8fd8d9659442fe93b2e062cde42198.jpg,347,347,310,0,1
train/0347/9346cc5f48df44e5a75d950fd13243d0.jpg,347,347,347,0,0
train/0347/aad92b4f224745a1b7191bbbf6785589.jpg,347,221,61,0,0
train/0347/ccc4e8f966ef49498d91c896e9273b68.jpg,347,347,347,0,0
train/0347/dc5a773481cc431d91254acb1dc74a6c.jpg,347,245,245,0,0
train/0347/f9f776254fdc423190167c91990231ce.jpg,347,347,347,0,0
train/0348/07828674b314449b874a913c5e4dba3a.jpg,348,348,348,0,0
train/0348/1205c6f8e7d34b1ea28560c3afb9a6e3.jpg,348,348,348,0,0
train/0348/16443becd9fd4d3a9c26a9ea23a17b44.jpg,348,348,348,0,0
train/0348/17ef53cc014b4e88a2011ec5e1f42463.jpg,348,348,348,0,0
train/0348/1b976638e7074a12ad946268f264ab16.jpg,348,348,348,0,0
train/0348/2e49e4a7a20040cdb007adde62484727.jpg,348,348,348,0,0
train/0348/364ea61ba41a4bb3858ab2ce0c0c517e.jpg,348,476,476,0,0
train/0348/379099dde623478581934973791fb58e.jpg,348,348,348,0,0
train/0348/3a5f55ae559e46f3bd1e5be3ca64d37e.jpg,348,348,348,0,0
train/0348/3e8250e533d34873b54264d8a9da1f84.jpg,348,348,348,0,0
train/0348/3f2db5ab15014a7a99b3317972c92dd8.jpg,348,348,348,0,0
train/0348/3fee5f5174f942e999b96f4945bb1c3f.jpg,348,348,348,0,0
train/0348/4123e6c7014a4e16a2ae5c4bcb721046.jpg,348,348,348,0,0
train/0348/4a3816924a4e4887a7c99758b5cb955c.jpg,348,348,348,0,0
train/0348/5b247d73890d4b9baf42f8c570b1ed8a.jpg,348,348,348,0,0
train/0348/5f1414a002fb47248d7d62466105c5ce.jpg,348,348,348,0,0
train/0348/7d3bc929854d4014bb229b628d197227.jpg,348,348,348,0,0
train/0348/8af49281ddd1458e93a0fc450e368c42.jpg,348,348,348,0,0
train/0348/b0129c7799194a558c6594f6729bb5d5.jpg,348,348,348,0,0
train/0348/b5b375e28478401193abb5bbd0a21510.jpg,348,348,348,0,0
train/0348/b8bcc44ed62043149a64c8079b966a94.jpg,348,348,348,0,0
train/0348/c78f5dec6b174d93901254c313d05030.jpg,348,348,348,0,0
train/0348/c918c39f28b740f1a29912bd50b0bcc6.jpg,348,348,348,0,0
train/0349/03e09c27617d43aea5b481065e198c22.jpg,349,349,349,0,0
train/0349/1330e8abc4b14e1487f750ecc2c8e308.jpg,349,349,349,0,0
train/0349/22092d12e7b9437eace8c3eeef350805.jpg,349,362,362,0,0
train/0349/2c8464f1e03f44e8b2845d5ab2d0e8ec.jpg,349,349,349,0,0
train/0349/2cb9d4f45ac0469eb2b0c4374674a366.jpg,349,546,546,0,0
train/0349/2e1fd724c00148eca27782dd627ff912.jpg,349,349,349,0,0
train/0349/3887596ed0284337b66a795fa83552ea.jpg,349,349,349,0,0
train/0349/445f78a1204e4c148d3bea34e3c54b77.jpg,349,548,546,0,0
train/0349/44ddcde7a93344ff85f7d6d07b2c2652.jpg,349,349,349,0,0
train/0349/4e623c0038cc485ba4966e9ca28cadd9.jpg,349,349,349,0,0
train/0349/4f6de9a652a048d891899d85693e07d0.jpg,349,645,645,0,0
train/0349/51f98747167d453f965e77181fc08825.jpg,349,349,349,0,0
train/0349/7239522c13964f17b9021e2e163e4b7c.jpg,349,479,479,0,0
train/0349/7fe8238166f3459db89de127a50e2906.jpg,349,349,520,0,1
train/0349/9bda4ae60f9648a6adc4f64ca80f7e97.jpg,349,349,349,0,0
train/0349/a1546a28960b4a93bc4f91215b81b79c.jpg,349,349,349,0,0
train/0349/a48510360581479cb3418e6d1479f17f.jpg,349,349,349,0,0
train/0349/a9fe1932f00a48ee8aa1152ea6587dbe.jpg,349,474,474,0,0
train/0349/ba08689dc62b49b5a060b5f0cd7df130.jpg,349,349,349,0,0
train/0349/ca778f22f1fe4ea58ecca55fb9f14797.jpg,349,349,349,0,0
train/0349/cacc5f6ed31d448eae843716169b247c.jpg,349,349,349,0,0
train/0349/d0c73530fac343e582c272747c4595a3.jpg,349,566,108,0,0
train/0350/202f076c02504cec9d21480b9fb1b264.jpg,350,350,350,0,0
train/0350/22dfbe7129494d5ca6376ee5dd3ddd1d.jpg,350,350,350,0,0
train/0350/4386812dce744486934e597424421076.jpg,350,35,77,0,0
train/0350/50abfce490db46fb8c820e4f5b70475e.jpg,350,133,350,1,0
train/0350/5c63769a82fd4c3c8e76211f9c482a7a.jpg,350,350,350,0,0
train/0350/5d6d641d5321401b80ba58bbed4ff90f.jpg,350,350,350,0,0
train/0350/6d6a6e3da4494f6fb6e8aea2de03a757.jpg,350,12,350,1,0
train/0350/82fe15af150d4af3adc60d7925320609.jpg,350,28,28,0,0
train/0350/88d9bbffdbf248f090039d4c0b7b1b3f.jpg,350,350,350,0,0
train/0350/894f2f20c17149ceb77d19dfcc0e1930.jpg,350,350,350,0,0
train/0350/ab72c69a1a704f3a90fdd8a837f21ff6.jpg,350,350,350,0,0
train/0350/afeb07aeeb7e473d83dae9d2a807b9f0.jpg,350,350,350,0,0
train/0350/d53ecfe97f984ed4b5342f49ea05e37f.jpg,350,28,28,0,0
train/0350/ebdbeb70b5b1469f98b6de9f3475428c.jpg,350,350,350,0,0
train/0350/ed61a1c02b24472f8f9aa9e6cb30c505.jpg,350,569,350,1,0
train/0350/ef2b14dd63864a7997a843e37b16e265.jpg,350,322,350,1,0
train/0350/f0fa304016544382a2128b213aa19a2f.jpg,350,12,350,1,0
train/0350/f22aafd5d0d742a48845046b85016125.jpg,350,146,146,0,0
train/0351/0697034c21d44cceb17d2034140a22e4.jpg,351,351,351,0,0
train/0351/20cab74eacd146058b73bbf3ba79f97f.jpg,351,351,351,0,0
train/0351/20ee7d2fcccf4db2ba0c5279edb9d9a9.jpg,351,137,137,0,0
train/0351/32e9c425c393476c85b249d0dd5da684.jpg,351,351,60,0,1
train/0351/359c6d85569544c6833e19eaaef5650c.jpg,351,135,746,0,0
train/0351/367dbcf22c2d40c28ba33e34050e70e1.jpg,351,351,351,0,0
train/0351/3a30a9f9cc0148369e19ee96975fd30b.jpg,351,351,351,0,0
train/0351/4f118daf08cb4b90ae2a32e5adc99b22.jpg,351,351,351,0,0
train/0351/606b0e29f9f3441281d6428d092b8964.jpg,351,168,168,0,0
train/0351/68e40a8ff0ae44e7a3b4bbdfa1048182.jpg,351,351,351,0,0
train/0351/71d40b3f12cd4ec9917baf341ca41f88.jpg,351,135,135,0,0
train/0351/72b8925d1081453281d6d3bc0b75ab71.jpg,351,351,351,0,0
train/0351/77c1f3aca1a84bd79ef511c5acb6aa60.jpg,351,137,137,0,0
train/0351/82b5347bbb6947a58ccb54352be4f860.jpg,351,351,351,0,0
train/0351/841a974e1505460ea9cd92cc8749c991.jpg,351,712,351,1,0
train/0351/88b050cf9ed74995b1fd8d1057a18092.jpg,351,351,351,0,0
train/0351/aa02ed830ec74288b2ce8755815400f4.jpg,351,351,351,0,0
train/0351/cd433db5c7b649cfa7ed9e198338774f.jpg,351,351,351,0,0
train/0351/cf477db98ea14db18656e1b00ffee4a1.jpg,351,351,351,0,0
train/0351/eab78b28fc72436a8774c6ede0f63824.jpg,351,351,351,0,0
train/0351/f07fd533a5514e25bb2c04914e7d04fc.jpg,351,351,351,0,0
train/0351/f28205a5d2a14517a5710f056b54e975.jpg,351,351,137,0,1
train/0351/f3d06fde62654ed798c4d365a47127a6.jpg,351,512,512,0,0
train/0352/139b4b9b4ab24af6ad1ed555fd5424c4.jpg,352,241,241,0,0
train/0352/305adb923c454f7999da5f19390a0a6c.jpg,352,428,553,0,0
train/0352/3dd0ef6b96034ce995460f5f1366328e.jpg,352,10,10,0,0
train/0352/45d962af99f14612997275cb70dbefde.jpg,352,289,289,0,0
train/0352/629eb84014134dcab228650e27f7ada8.jpg,352,733,10,0,0
train/0352/67b6ab4b7f3849ba9f406553ffc8e9d8.jpg,352,289,289,0,0
train/0352/6cb4e71250ed4962a1765ac4f305c379.jpg,352,67,67,0,0
train/0352/8aed30ef26ba44ef9e880456ba32b6ce.jpg,352,1,44,0,0
train/0352/a974db644a134cca8f7c3b6f4f0e1b37.jpg,352,10,395,0,0
train/0352/b3b3acd5268c4032acf8adfc898b04c2.jpg,352,568,4,0,0
train/0352/b7a7fb53ee064b3da6c00cb3a5dcf718.jpg,352,67,67,0,0
train/0352/deaad4ec408249849231a170d3135517.jpg,352,1,444,0,0
train/0352/df70d253bfef40a695ca025c3cb7fd1a.jpg,352,672,672,0,0
train/0352/ee33f2d16d444292a615fcb949ca8e93.jpg,352,168,168,0,0
train/0352/f392caf769f64966a1c46a615d1b5b4b.jpg,352,540,540,0,0
train/0352/f6b770604ef3430f80bd6233a2917fcb.jpg,352,10,10,0,0
train/0353/0657d0e977754874ae3c0820f4e9e7b9.jpg,353,506,434,0,0
train/0353/0d7189ab329a4f4591b1d84fcbafa4ed.jpg,353,353,353,0,0
train/0353/0f87382455f042fb9a82003076c0791d.jpg,353,476,476,0,0
train/0353/181604c8089f41d4ac1bd7056ff34249.jpg,353,353,353,0,0
train/0353/233ffca7ad2246c7a03d67c8e2bc15b3.jpg,353,139,393,0,0
train/0353/2724ee107ec94331a5bde8c3b7115270.jpg,353,353,353,0,0
train/0353/3e519dea772744ea8e8943dbe77cddc6.jpg,353,353,353,0,0
train/0353/4b1c583b00164ca19c604289477a4ede.jpg,353,449,704,0,0
train/0353/5b6b9d505f31470d9e66da261dc16153.jpg,353,423,233,0,0
train/0353/667eb3cd4a174c43b8500e3e9cd9049f.jpg,353,393,393,0,0
train/0353/840456cb3cac44b994d122419d7d43b9.jpg,353,353,353,0,0
train/0353/968b3fdf8a8243bebc694135558f1c1c.jpg,353,353,353,0,0
train/0353/b60fa4587131429d884919e26668b1bc.jpg,353,353,353,0,0
train/0353/bd78037e7c114373a35651459b3c6fce.jpg,353,353,353,0,0
train/0353/c41b168d14474fe2a9829746a8fe3d91.jpg,353,569,353,1,0
train/0353/d392b5941fcc4b41a984fbebbb7b8133.jpg,353,233,233,0,0
train/0353/d447993effe141d8a70863968bb07afa.jpg,353,353,353,0,0
train/0353/d5f3d93a6dd94a1b8a26a8f372ea24cb.jpg,353,353,353,0,0
train/0353/d855228eb1c94ba1a64f736faa2928ed.jpg,353,353,353,0,0
train/0353/dbf4b1c59812420e81ef90ca2779a17c.jpg,353,683,683,0,0
train/0354/0e9f795a504e41a383f8d1150b8fee90.jpg,354,354,354,0,0
train/0354/22af436e2d33487d86034629822e2c66.jpg,354,354,354,0,0
train/0354/3166998f45e042c29123d23700e24597.jpg,354,354,354,0,0
train/0354/31a8f0971fce4bcdad9a17561be76481.jpg,354,699,354,1,0
train/0354/41554e24ecae4069b3cc67b9a21d8f30.jpg,354,354,354,0,0
train/0354/485b8c84f0274713889b597a034984ca.jpg,354,354,354,0,0
train/0354/4fc967462ab842e9b8649a0d76216b3a.jpg,354,699,354,1,0
train/0354/523e8c34fb1442fcbb7c8e7a2a1cb57e.jpg,354,354,354,0,0
train/0354/66c4f881594a47c6a5b5c2d82aab4b04.jpg,354,354,354,0,0
train/0354/6e4b08383f4c4f5f9f757d815f230100.jpg,354,354,354,0,0
train/0354/6ff5c7cc57694951979993da894fe758.jpg,354,354,354,0,0
train/0354/78ebfd79d5e3454995136728c5b42359.jpg,354,354,354,0,0
train/0354/8d6f8ce80a9b4f4394d9065f0c920b7a.jpg,354,354,354,0,0
train/0354/91fd2aedf0a24bdf8c1232b81669780a.jpg,354,536,536,0,0
train/0354/9958f09970a849bb83a1fa58d2e79e2a.jpg,354,354,354,0,0
train/0354/b627ea5d7c7a4c80aed5e936d6ddd5f5.jpg,354,354,354,0,0
train/0354/b6e6c965d8cb423b84ee5a98ad7b050a.jpg,354,659,354,1,0
train/0354/caca32c5ff0041e98bf1f3a16c66918a.jpg,354,354,354,0,0
train/0354/ccc8c22f540f409593c63c2191a3994b.jpg,354,354,354,0,0
train/0354/d34568367bd14eaf93566baf12d207e8.jpg,354,354,354,0,0
train/0354/db180760e63f47739e7edc7bedcfd6b4.jpg,354,354,354,0,0
train/0354/e1176f7cca8e482dbd63f82e7db3690a.jpg,354,240,240,0,0
train/0355/0bdf6a67bbf74f25b3e76b81b0ac55d1.jpg,355,559,559,0,0
train/0355/41a0045f372249e698995c62a4795cc3.jpg,355,259,259,0,0
train/0355/46548aa9104a43dba153948152cf5617.jpg,355,355,641,0,1
train/0355/4bf7220fd3fb477c80f7ebf4a740a773.jpg,355,269,269,0,0
train/0355/56e693933d504b2f8498e14c3026dc03.jpg,355,717,491,0,0
train/0355/869e136f134c4c1d89067f938dbe997f.jpg,355,491,491,0,0
train/0355/a90dfa12d959452990ecf7c25000030c.jpg,355,641,641,0,0
train/0355/aa9b94e179bf4d06bcd73b501c2eff09.jpg,355,312,312,0,0
train/0355/ae417c366d0d4262bf1d15780182a62f.jpg,355,717,717,0,0
train/0355/c4e5ebc84ca34a54ab5620937f2a29ae.jpg,355,230,523,0,0
train/0355/d09a36c126c345df86c65607e0269ed9.jpg,355,355,641,0,1
train/0355/d2171367f639491385702667ebc2b78c.jpg,355,478,478,0,0
train/0355/ec5f54813d51407cad9b4d100caa158d.jpg,355,412,704,0,0
train/0355/f68638905a364dfdaf28bfc180fcfa05.jpg,355,355,641,0,1
train/0355/f92583148fb24c0abc737b3ae5e3fe6d.jpg,355,641,641,0,0
train/0355/ff7393ec61a943a4afa83d45a881ae8b.jpg,355,230,457,0,0
train/0356/0c5cf48314bb4d03a37fbb5f314982f5.jpg,356,356,356,0,0
train/0356/11062eeb67f84723aac959c3a562556d.jpg,356,356,356,0,0
train/0356/11ee15be2b6949f19d647456a41619a7.jpg,356,356,356,0,0
train/0356/22dbe13b9d0e4273ade2d74d8d6d8bcd.jpg,356,356,356,0,0
train/0356/2d48d2e9d4d941cbbe8d683dc1ffffed.jpg,356,356,356,0,0
train/0356/38611938a57644769f181b5f068d3359.jpg,356,356,356,0,0
train/0356/38ea03a366b847519980c5c971e0e46d.jpg,356,356,356,0,0
train/0356/411aee28097f469bab57444b75f5f792.jpg,356,356,356,0,0
train/0356/55aa3933ff25423b996afe228aef7a1c.jpg,356,356,356,0,0
train/0356/59b4cc9af8284ead871ddd345d8e779d.jpg,356,356,356,0,0
train/0356/6092945337eb4bb2991b194084893403.jpg,356,494,494,0,0
train/0356/8add7d98ac514c00a2e3c68e45036b0c.jpg,356,356,356,0,0
train/0356/9dad7faa310e4c81a553fe47cd6a2005.jpg,356,356,356,0,0
train/0356/9ec3191acc4647d1a621b0d7e7fdafb7.jpg,356,356,356,0,0
train/0356/a2a9a9b083024fd3b59f2461d7241f47.jpg,356,356,356,0,0
train/0356/a83387114057446bb6b0b56215886df3.jpg,356,356,356,0,0
train/0356/b3532079f1144b9fb3d6547732771184.jpg,356,356,356,0,0
train/0356/b46a86ab12e14c3c994d38a20c890e6d.jpg,356,356,356,0,0
train/0356/d3a0c7a692f44f16a94ce0a67887533f.jpg,356,356,356,0,0
train/0356/d63992fa671447c2975dc9fda49b7082.jpg,356,672,356,1,0
train/0356/ee4afe3ca5be448ebdc14479a2e36c41.jpg,356,356,356,0,0
train/0356/f64d631e2eeb425e88ab10ee0ba45e48.jpg,356,356,356,0,0
train/0357/0b1617f64454423a9a2cc70aec0ddf57.jpg,357,357,357,0,0
train/0357/1d78091ca27e4d81bc74d037bd778c76.jpg,357,357,357,0,0
train/0357/1ebb566666a343809217b0409537528a.jpg,357,357,357,0,0
train/0357/360c3a44e490408caa6d6b8471e61254.jpg,357,283,150,0,0
train/0357/416c6942832e4a9a9149063a8ec7712c.jpg,357,357,357,0,0
train/0357/4c8bfc1c13fe4979b22b9a0e1ee2339e.jpg,357,357,357,0,0
train/0357/50e45807d7dd4ee6b76e8c8efed3f605.jpg,357,357,357,0,0
train/0357/593abf0ad5ed47a6950fd4d71b0c3de4.jpg,357,357,357,0,0
train/0357/5d299366eac545f7a178c3557be1ae46.jpg,357,357,357,0,0
train/0357/5e57e58bcab347f1957a1a3e22c224d0.jpg,357,357,357,0,0
train/0357/6219c3f22f6743b59273f64d6e3bb1c7.jpg,357,133,133,0,0
train/0357/630db7c527264bda84ad0ea01e51c3d3.jpg,357,357,357,0,0
train/0357/6ca99b356da44b2581adec84342fce75.jpg,357,357,357,0,0
train/0357/7e1b3d73b02049098e722176dbb98e96.jpg,357,357,357,0,0
train/0357/7f9b225708b54c8fb89aff69800bcc99.jpg,357,357,357,0,0
train/0357/81a1097eac4e4468bce1c56a1253eaf7.jpg,357,288,288,0,0
train/0357/91f7563866cf418ca40ae39e03907561.jpg,357,357,357,0,0
train/0357/9ae13748652b44dc950beb6821221409.jpg,357,357,357,0,0
train/0357/a0995b7eb1ab4a8c97535378d310f0ce.jpg,357,357,357,0,0
train/0357/a4117fa8aa20472aa6e6dc4374ee7392.jpg,357,357,357,0,0
train/0357/cb0f3bf23a5b4b7eaf3f798a9c66d19d.jpg,357,357,357,0,0
train/0357/cc278e39ff52459398c63cb40295bb0b.jpg,357,357,357,0,0
train/0357/e172112874af44ceb0f751a1ce006240.jpg,357,357,357,0,0
train/0357/f84ca3e78e8a477cbe6213ee98d1fe53.jpg,357,357,357,0,0
train/0358/00920eeb63534a72806b1dc50736fe34.jpg,358,358,358,0,0
train/0358/0c5c0e4a791e4ac4abb08c925415220e.jpg,358,358,358,0,0
train/0358/0c7d81f269c743c4b49b8dfe7e60d7c3.jpg,358,358,358,0,0
train/0358/166cff323fe647b9b105e232261cc781.jpg,358,358,358,0,0
train/0358/1bd7457462d64446a6667058528bac98.jpg,358,358,358,0,0
train/0358/45d3c252bb8c46a283f50c8a8ad894a2.jpg,358,259,259,0,0
train/0358/4602829018e54ebc8015169b0f3d0173.jpg,358,358,358,0,0
train/0358/581a6168e5da4b66893368d1c45bf91f.jpg,358,358,358,0,0
train/0358/78ab6fbc47df4b58861325026981222c.jpg,358,358,358,0,0
train/0358/7d985566ae4845658ba391692ab8c4af.jpg,358,358,358,0,0
train/0358/a1a67a276be446c59dd1d6bc3e22a5f3.jpg,358,259,259,0,0
train/0358/b2b2d22ed09d408faa15af6aa44e6502.jpg,358,71,358,1,0
train/0358/bad4d6b6daab4a718a35b07456b71ce7.jpg,358,358,358,0,0
train/0358/bd2f8a52bdef4b469e575dc59a8f11a8.jpg,358,358,358,0,0
train/0358/cec8177593f54345b32fcf79058d8370.jpg,358,358,358,0,0
train/0358/e1601ec94ea64e7aad67c62c28c02223.jpg,358,358,358,0,0
train/0358/e33bd397f4e2400d8ae7dcf3de717e92.jpg,358,358,358,0,0
train/0358/e510b20759bb41978be628828e878daa.jpg,358,134,134,0,0
train/0358/f7c3518edb3441d18ec9032e4c3c5ad9.jpg,358,358,358,0,0
train/0359/162a6799509747c199ff6d099f68e5bd.jpg,359,719,486,0,0
train/0359/2ff47860083746e1bedd584024078989.jpg,359,746,390,0,0
train/0359/36d776051897489f93c9c67eeb073aa3.jpg,359,381,381,0,0
train/0359/3ea6e652345641c2a189494df744f634.jpg,359,251,251,0,0
train/0359/40912b3982b846888eb4a89accb6e75e.jpg,359,90,666,0,0
train/0359/544bd2b7fb0e4f3ba47b1450a037eac4.jpg,359,359,195,0,1
train/0359/5e5de981266346339e49892a638b7e3f.jpg,359,137,137,0,0
train/0359/5f7084a08352401cae80d5e23b3b34d9.jpg,359,719,65,0,0
train/0359/6af03b294f0f41e58b9d072d16cef56e.jpg,359,94,94,0,0
train/0359/7477355a3eca47189dcf6f17d246212f.jpg,359,712,351,0,0
train/0359/7994185255fa4813b1b9bfe297b9b1f5.jpg,359,387,387,0,0
train/0359/7c2af75234ec41ffad5db83b35931a24.jpg,359,712,746,0,0
train/0359/862faf1532a94bc2a1d1a96b4d8ee333.jpg,359,301,301,0,0
train/0359/94b18526d06c4985bbbf2015d12f6317.jpg,359,50,289,0,0
train/0359/98a4f95e33294b669047e2a2cae108fc.jpg,359,618,137,0,0
train/0359/98d4720b4cb84da4b755a4d00ff2ba71.jpg,359,286,435,0,0
train/0359/afcc3cf5d5b1482dba6a061473766fd1.jpg,359,351,57,0,0
train/0359/bd1e10122d204aba8d3beaf7e5259c8a.jpg,359,351,507,0,0
train/0359/be9916b258a54793a6d3e46ad3198d09.jpg,359,56,56,0,0
train/0359/c16ffd4de851447aad041cca61aff9b8.jpg,359,697,697,0,0
train/0359/c7d8d76cfc0344139e9bba50e399e7a6.jpg,359,724,724,0,0
train/0359/cb2d04522fde459b93a445c63c59e35e.jpg,359,618,137,0,0
train/0359/f49a9e84fe4c43439847dc420bc98c55.jpg,359,242,22,0,0
train/0359/f97c9f62d8654a8a95b93620e670c6a1.jpg,359,626,65,0,0
train/0360/026dfa2c7a454df29dd5abf6745639aa.jpg,360,360,360,0,0
train/0360/199de17823ec4143b570b54a74e63019.jpg,360,201,201,0,0
train/0360/2286ad43b68c436d8edd293f05c062b1.jpg,360,360,360,0,0
train/0360/3c959c0be0494d429d6d81ab91cb733e.jpg,360,360,360,0,0
train/0360/4521708444b04bb7bf72715935c78f15.jpg,360,157,157,0,0
train/0360/53b789e451184b98827d2dfbc0007879.jpg,360,360,360,0,0
train/0360/5d41d069bdf349d7958d61518bcf9ce1.jpg,360,360,360,0,0
train/0360/61a9348ddc5241d98c907bb606b1c957.jpg,360,360,360,0,0
train/0360/6cef574e1d4a4a73b4d01dfcda8d42c3.jpg,360,360,360,0,0
train/0360/87f9409157be4b75a1beaf21d909db76.jpg,360,232,232,0,0
train/0360/8c5cf3379cc3471ea2e097246a261965.jpg,360,410,410,0,0
train/0360/8fd46f4aece746dea4aeb4bf76c92d55.jpg,360,360,360,0,0
train/0360/97911222da8547e58b05d48c7c47d4ff.jpg,360,360,360,0,0
train/0360/9a2ad128fd714efaa64a14bc00a62c91.jpg,360,447,447,0,0
train/0360/c4ed09c6cca54d7ebbe3bd4eedc8de74.jpg,360,217,217,0,0
train/0360/cfb459e2d2a5438ebb22b86d664098ff.jpg,360,360,360,0,0
train/0360/db8f12d8b9984901b38954a203ecfbad.jpg,360,360,360,0,0
train/0360/e80f63df152f4d49a23827849a2353d2.jpg,360,360,360,0,0
train/0360/e94777cf4d504add8e68893e1bb55e23.jpg,360,360,360,0,0
train/0361/0917da0f18074aa6aa4567c352048376.jpg,361,157,157,0,0
train/0361/1fd1b24b102744e7b2e713c4d5023979.jpg,361,361,71,0,1
train/0361/1fdbbbdaf612454799d074a9f582e065.jpg,361,89,89,0,0
train/0361/43e192fe9b7e4415884231ef0209ebfb.jpg,361,571,571,0,0
train/0361/4639d53c39964365a560ee9f1100ddb7.jpg,361,621,621,0,0
train/0361/47fc10cbc56a488a8b91ab0f1d564946.jpg,361,571,613,0,0
train/0361/4c03c760dc1741d08f056b7d94f4c877.jpg,361,361,300,0,1
train/0361/5f9983c5e8424209991f4fee8feac6db.jpg,361,312,312,0,0
train/0361/6bd4a451eafa4d2aa7a3e6fc6e77a402.jpg,361,675,89,0,0
train/0361/8d7117b5aa41437bace4be9499c4396e.jpg,361,374,279,0,0
train/0361/9c99873bd1e24893951382290d0a1f33.jpg,361,29,29,0,0
train/0361/ae4fa80d15b4440f8c1b19643b091f12.jpg,361,571,571,0,0
train/0361/b2d3bd3055f54c44acf636b59fece005.jpg,361,324,454,0,0
train/0361/ce958f88f2104d8f9d23d62c93a267dc.jpg,361,350,28,0,0
train/0361/f378925419da496f9abc59b221af5317.jpg,361,427,427,0,0
train/0362/06926b814a3b473cac269e22851e721c.jpg,362,362,362,0,0
train/0362/119c22ddcf254fa0b48261a6213cc151.jpg,362,362,362,0,0
train/0362/2f40329046f444458ceb6c3174907ac4.jpg,362,362,362,0,0
train/0362/33382e9c36934926aac529d6173b84ec.jpg,362,362,362,0,0
train/0362/34146e672fac42a5b3b8d083fc595bc1.jpg,362,362,362,0,0
train/0362/37642409ddc64b489ac4de2cb914ba7f.jpg,362,362,362,0,0
train/0362/538e3747df4b4bdeaeaac3be7f0b260d.jpg,362,362,362,0,0
train/0362/596eda0139c2467bb090db964f0eb546.jpg,362,362,362,0,0
train/0362/5a2fc4a7ae644e87b003309278276e5b.jpg,362,362,362,0,0
train/0362/5e577ec1a0c040998a68dd746f982b3b.jpg,362,362,347,0,1
train/0362/60e7f3b85d6548188406408ac14e5415.jpg,362,362,362,0,0
train/0362/64a31fb964724c6b9d7541ef82d5098c.jpg,362,362,362,0,0
train/0362/6ace3fe053be4bf488893335d854dc53.jpg,362,362,362,0,0
train/0362/7c18ac0da4fd47779ea3da7408291f46.jpg,362,362,362,0,0
train/0362/7e2d686d4e2549ac8e4f4a7fdbe34dbb.jpg,362,362,362,0,0
train/0362/a11e6e31445d4d6f9789a5d6ec210357.jpg,362,362,362,0,0
train/0362/a2d3d97e88a64ff696c398bd2205ae0f.jpg,362,362,362,0,0
train/0362/b148ad1fdfb34667b363eb7e505ef98f.jpg,362,362,362,0,0
train/0362/c705447edf0f4641a26c17e60dcbefdb.jpg,362,362,327,0,1
train/0362/c8e6a39bb82144598f1faafe4530d4e6.jpg,362,362,362,0,0
train/0362/ce9ed533b7ea49f98f81014772c72771.jpg,362,362,362,0,0
train/0362/eb6156ddc48a48a899091ffb5aba2e8c.jpg,362,362,362,0,0
train/0362/f32a0fcee48b46ed9016671420d8eb9c.jpg,362,362,362,0,0
train/0362/f90251fd10934b0ab7ce19d880aef2af.jpg,362,362,546,0,1
train/0363/0656fc8f9eaf441481b5e7e4f4ca5a4d.jpg,363,363,363,0,0
train/0363/10aa1a898fb6489787886866b0a4fdd6.jpg,363,363,312,0,1
train/0363/212c9d3bbc3046dea311fb69de418932.jpg,363,363,363,0,0
train/0363/22e44b84dcca4c4c8925a7928da40707.jpg,363,14,14,0,0
train/0363/259b484ad3af4d1cb85445e04673b596.jpg,363,363,363,0,0
train/0363/25b17e354e7b4d5b9044ec987eab9c78.jpg,363,363,363,0,0
train/0363/2935dbc03a42480fbaa66b480d22bfe0.jpg,363,363,363,0,0
train/0363/3c0abcbf731c4fb29c3653a1c4c052a5.jpg,363,363,363,0,0
train/0363/4a5ca4ed21964e6db30450ce33e5b46d.jpg,363,363,363,0,0
train/0363/6813a2687f0a48f4b84d6da27466ab52.jpg,363,363,363,0,0
train/0363/73922d6b5ced40e3bc004189946b6a07.jpg,363,363,363,0,0
train/0363/97965dc699854d85a47ab31cf55710b0.jpg,363,363,363,0,0
train/0363/984f5efb61484dae930ec3bea68fed99.jpg,363,363,363,0,0
train/0363/9faada7fd47640ad816b0eb50f744b0e.jpg,363,363,363,0,0
train/0363/a479a9788ccc49618af507d4f723d8d4.jpg,363,363,363,0,0
train/0363/a7995229811c4dec88f2159e768ad77f.jpg,363,363,52,0,1
train/0363/b6005180a0b44c4ca10904dead0df579.jpg,363,363,363,0,0
train/0363/beeaad9f82014540a024f79c8d624c27.jpg,363,363,363,0,0
train/0363/c0498543406d4430b2ab60c491bd8163.jpg,363,363,363,0,0
train/0363/cb93e9885ba14498ac969fc58564ab5a.jpg,363,363,363,0,0
train/0363/cf1fad5bf5ae41ad846a75a9f5f4cf82.jpg,363,363,363,0,0
train/0363/d44ea3736c7d499bb5de958da8c15697.jpg,363,363,363,0,0
train/0363/dfd68057e7b344468aaf44ac53a24659.jpg,363,363,363,0,0
train/0363/e37634c8ead740abbcadc81a86007660.jpg,363,363,736,0,1
train/0364/004f81254b96461eadd7e13b1e681524.jpg,364,142,142,0,0
train/0364/11cc7e93e56d474ba243976ff84c593a.jpg,364,524,349,0,0
train/0364/1798dec9515045e29710b8c1d73911cf.jpg,364,69,703,0,0
train/0364/1949cd29757a4e93ae00a20b2e0aee64.jpg,364,570,570,0,0
train/0364/1e625a12e1f64d338614593b55fda1e3.jpg,364,479,479,0,0
train/0364/2da31befb53a4a7094e9670c32f2b408.jpg,364,347,679,0,0
train/0364/32fbc0d15b7340688c081d4cbab53ff6.jpg,364,524,479,0,0
train/0364/50a0a9a58f0d424e80eeb7123f7e4128.jpg,364,499,499,0,0
train/0364/692519873ca547a4a441f6bb2444dce6.jpg,364,143,180,0,0
train/0364/7af5dac755c44543bee5c17c5df8f72d.jpg,364,28,28,0,0
train/0364/8244c3dc7c414dca80fb8e4a76d58900.jpg,364,663,663,0,0
train/0364/894d3ee8acfd489eb9e3915090272c5f.jpg,364,3,3,0,0
train/0364/8bb8e55b047342659d1e328a725ed90c.jpg,364,681,447,0,0
train/0364/969a4cd648bc4dd6b3cf001628ed7126.jpg,364,69,549,0,0
train/0364/acc243802e9e48a1b07f86c46444640f.jpg,364,524,524,0,0
train/0364/b9a3f807d11649f5b99e61e9a6ec4ab8.jpg,364,441,441,0,0
train/0364/c3e3736372d24cd6abcd72d730896963.jpg,364,559,565,0,0
train/0364/c93e471c9a71499087080828e49a4268.jpg,364,346,346,0,0
train/0364/ce04fec8ec9a48aea6a5490592c0851c.jpg,364,173,466,0,0
train/0364/d360dad823b740168dea338b3232f6ac.jpg,364,559,559,0,0
train/0364/d97df8156cbd4ba198ce5eeedaeded93.jpg,364,598,556,0,0
train/0364/e14ac1edd550418dbd608a81e5552744.jpg,364,221,61,0,0
train/0364/e8d9165aa1a74311ad63d3d4423864cd.jpg,364,663,663,0,0
train/0364/ee9b3b3222504e3c963ea02af1260693.jpg,364,332,536,0,0
train/0365/0866fe8a1f734620ab0815e1e5b55ff6.jpg,365,483,369,0,0
train/0365/096a3f4108394b0a85f8ef1826ecd861.jpg,365,365,226,0,1
train/0365/0dee82719a1a47b496c9580b91c1d811.jpg,365,599,599,0,0
train/0365/13ab428deb544af4aaeb8d0e6d8143b0.jpg,365,316,115,0,0
train/0365/1866bf377e4b479681066ad03e5d510c.jpg,365,311,311,0,0
train/0365/25ea4378b5964fcc817ebbd595fa3db3.jpg,365,266,266,0,0
train/0365/32b58800b43a43c39ac3bf35b50ed987.jpg,365,177,177,0,0
train/0365/3cb209a3bfde40b6a5458c2bc5bf88b7.jpg,365,417,417,0,0
train/0365/5652b673f9224be883707bd3ca682444.jpg,365,365,365,0,0
train/0365/6cd579cd1fb14e88a46e742d3cc90aa8.jpg,365,365,365,0,0
train/0365/6e08df020cc14291ba66fe9032a3fa72.jpg,365,365,365,0,0
train/0365/abf0ab0f96b442608b2566ea6b8484c5.jpg,365,673,673,0,0
train/0365/b0782cff9eec44d38a2ac38372e57b52.jpg,365,365,181,0,1
train/0365/b15d1f72ce28463b80098c695078d956.jpg,365,248,248,0,0
train/0365/b32a6d887eeb44eda11374566ec0c4b2.jpg,365,365,365,0,0
train/0365/ce2dea566ac64b6994869166e33a01a6.jpg,365,365,365,0,0
train/0365/d9b056c0529c48c5883e2363dd428ee7.jpg,365,365,365,0,0
train/0365/e3b151a644df46d1867aef4b40fa64c7.jpg,365,365,365,0,0
train/0365/f7f8cd6e7767435680f00faed9e22b9e.jpg,365,365,365,0,0
train/0366/107c24c21cb847d2abf7fe89c358e5c2.jpg,366,366,662,0,1
train/0366/20c83219185e49dc9e030c7c9f5be786.jpg,366,25,25,0,0
train/0366/340d8eff86d94d65ab56e276fd50c851.jpg,366,591,440,0,0
train/0366/3c0cb3b2750f4ab1a4b20a522125555a.jpg,366,517,517,0,0
train/0366/4a9d4de3b9d34e7e846947c1e1971fbb.jpg,366,662,662,0,0
train/0366/5c4fab5d351045f19107324dac4b5d18.jpg,366,350,350,0,0
train/0366/6150e1193ffd403189825d173a31dc2d.jpg,366,684,422,0,0
train/0366/6679cb6e24c74b7fa1721e3ca15aefb2.jpg,366,673,673,0,0
train/0366/6853c82bc3f041e385139d8a51c89adf.jpg,366,14,14,0,0
train/0366/68e61d8639214302885974555d8f1f6b.jpg,366,229,229,0,0
train/0366/7a9e6214603541bd9c3dc6a9954ca4e0.jpg,366,517,229,0,0
train/0366/7e020a6ece22467086e1661d7bef81ee.jpg,366,20,20,0,0
train/0366/8a80eb8a99c541468688cbd3e3880c6d.jpg,366,366,517,0,1
train/0366/8deacfad6981478e9b3ec730dfdc6a3d.jpg,366,662,20,0,0
train/0366/95bda9d99b4f4af9ae356740540f92ac.jpg,366,517,517,0,0
train/0366/9ad149770af84b8588dbbf08855c2e39.jpg,366,59,261,0,0
train/0366/a043e3ee2e7943728e5ab409fbd6d940.jpg,366,20,20,0,0
train/0366/b5249a91fd444bf08db7c3a42ce8010d.jpg,366,649,649,0,0
train/0366/d3a80c443f18455e997868a280e28ec9.jpg,366,662,662,0,0
train/0366/d42fdb16ca4e4cb4b34de3e189af9998.jpg,366,42,422,0,0
train/0366/d4b503cb87fb411d89b25142c8dd4aaf.jpg,366,689,608,0,0
train/0366/f0f7b7b713a9404dbcab73e4e3371fa4.jpg,366,662,662,0,0
train/0366/f3586e7a70e84d118fd786520d5480ea.jpg,366,42,517,0,0
train/0366/fd77d88ec64c4ddc983443fb16864550.jpg,366,517,517,0,0
train/0367/0f1e5cf8957642cf9e5dbd619f4217cc.jpg,367,367,367,0,0
train/0367/1d58b6c515724a1dad05ad9bd98b32f2.jpg,367,367,367,0,0
train/0367/205eed98cd9a450cb1d781a6ea130447.jpg,367,367,367,0,0
train/0367/3b059dbfc13d419aa41f93a4671ea5a0.jpg,367,367,367,0,0
train/0367/487c618b81e54bb19df98d02041bf590.jpg,367,367,367,0,0
train/0367/59b8f5299d8a453a869fd0593d8f6739.jpg,367,367,367,0,0
train/0367/5a1adbbda17f47a2a7ab5e6a75aa40fd.jpg,367,367,367,0,0
train/0367/672457a6316e4ba58051da7ae482c6f7.jpg,367,367,367,0,0
train/0367/7ccbc58632e142f69595e11f112f8b4b.jpg,367,367,367,0,0
train/0367/814a619b1d0d45dd9c26b6cf8488d067.jpg,367,367,367,0,0
train/0367/8c7ce70a95e840979d2d82e74c7baae6.jpg,367,367,367,0,0
train/0367/97c17f8c97a741c39c689806b95ac469.jpg,367,367,367,0,0
train/0367/9dae0bc84fdf41f1ae876ae0f5430f3c.jpg,367,367,367,0,0
train/0367/9f0bb62b6536485d9054803fa7672b85.jpg,367,367,367,0,0
train/0367/a9a4c265cb224f1ea6cf01d0e8edc0eb.jpg,367,367,367,0,0
train/0367/bf1fa84a02eb42009200637cad624bbf.jpg,367,367,367,0,0
train/0367/c446b57054fa46cc9a87713f270e18c1.jpg,367,367,367,0,0
train/0367/c57a38185fb9442c93474f9fc79d6d51.jpg,367,367,367,0,0
train/0367/c8066204137d4e46b143a0936eb789ff.jpg,367,367,367,0,0
train/0367/cecdcbc9829e486f971ca83d709ad165.jpg,367,367,367,0,0
train/0367/e28666acd27f4650bcbf9785b542e480.jpg,367,367,367,0,0
train/0367/e715cc4f66a54e4d9953e4233ac302b9.jpg,367,367,367,0,0
train/0367/fd1781df5e3744c68702aa809da65a9d.jpg,367,367,367,0,0
train/0368/0c0196828cd549bea0377603a8390a06.jpg,368,368,368,0,0
train/0368/1377c16eb3a04f0883859cb48475514f.jpg,368,431,431,0,0
train/0368/1565dc67bacd4ba58f40d11515fe9c5e.jpg,368,368,368,0,0
train/0368/173d7a51795a4af3a05564305f701b5c.jpg,368,368,368,0,0
train/0368/3dc7a2b1f03f4b2d83fdce58b4f50531.jpg,368,368,368,0,0
train/0368/559bd4e93e3745309973e73874801df3.jpg,368,368,368,0,0
train/0368/5bbe5bc2d13844689bf352bdd8a39dae.jpg,368,261,261,0,0
train/0368/67abc1aae9a44f878248a6e7c188a7f7.jpg,368,368,368,0,0
train/0368/67c43e0ba99d4021b55e6b066c4e3646.jpg,368,368,368,0,0
train/0368/68a8033b35344b5c971e816f675f2aaa.jpg,368,368,368,0,0
train/0368/6b673870798b43ceb94b6fc77ae57cdb.jpg,368,368,368,0,0
train/0368/711fec3cf20243d3a1b61b3ea7a19faa.jpg,368,368,368,0,0
train/0368/7d6a5ef2f47b4dad8fee8ea572d92dd5.jpg,368,368,368,0,0
train/0368/8133c898f528430590565818682fbd3e.jpg,368,368,368,0,0
train/0368/8a1094fba95c49da881c17666c7e0de3.jpg,368,232,28,0,0
train/0368/8df2055d735e4271a935af7d000a4d80.jpg,368,368,368,0,0
train/0368/a5b9bb17749c46e4a1494d37c0c8efd5.jpg,368,368,368,0,0
train/0368/bc9232171ae245e0897bcf8046dc2868.jpg,368,112,274,0,0
train/0368/d1e96371e50e4fc1b0bb51f691c2584c.jpg,368,368,368,0,0
train/0368/e7dc946c5b9e4a74af5db84d48b29c71.jpg,368,304,28,0,0
train/0368/f3ff44d7bbba45b3b739035412d2eac6.jpg,368,368,368,0,0
train/0368/fdd507cb32644f67a08968f9d804926c.jpg,368,368,368,0,0
train/0369/0eac31557e9945e88dd21b5a61b53588.jpg,369,686,686,0,0
train/0369/16aa251d37b44f1196d46b1e78f1d8c5.jpg,369,369,369,0,0
train/0369/16da12120b65451c8c3ea093ebc687a5.jpg,369,244,244,0,0
train/0369/20b4cddc4bab45278599a5bee56ad338.jpg,369,105,105,0,0
train/0369/22044212a5ef44c3a2520fd6c1685024.jpg,369,369,369,0,0
train/0369/2ab5bca59a4544b6950db3b4c2f05153.jpg,369,369,369,0,0
train/0369/34386fd7674c4c3bba1511d6018b9696.jpg,369,571,571,0,0
train/0369/353e96c5e5684224be6de92c451cb33f.jpg,369,628,628,0,0
train/0369/3c2daa4a465f4ee6a9a33ea107fccb90.jpg,369,369,650,0,1
train/0369/50c80b46d96746c2b104927b211f849b.jpg,369,369,369,0,0
train/0369/5a5ff9cd26bd4de6ad4b4039d4c38776.jpg,369,369,369,0,0
train/0369/6058d1b47f7d400081e0e9dfce1d78b2.jpg,369,369,52,0,1
train/0369/66b1a7ebe33046159599b27eca4217ca.jpg,369,362,362,0,0
train/0369/6e7ca1b0d6a14a3f94df5f58b962dabf.jpg,369,369,369,0,0
train/0369/6ec611bdd27848b6b8c42fb9e12f2538.jpg,369,369,369,0,0
train/0369/88424ed6b40b44f7970c53bd7a1965f2.jpg,369,369,244,0,1
train/0369/89a50d1e807d44498c086e8ff849fadd.jpg,369,369,369,0,0
train/0369/b5e12a91d9114081a6b6fd9a8a04dabe.jpg,369,369,369,0,0
train/0369/bd8c268802d54b1b8dc94b4df0e720ad.jpg,369,165,165,0,0
train/0369/dbddf5a2967342fb8f029c9074f966e2.jpg,369,369,369,0,0
train/0369/df49e320197f485d9ba12b251fa0af47.jpg,369,369,369,0,0
train/0369/e93d0287e3b241ab99e7f8784be6defa.jpg,369,740,244,0,0
train/0369/ef142931e865469083e9348506cbd55d.jpg,369,369,587,0,1
train/0369/fb5948176860426e90a0e390c7efe97c.jpg,369,369,206,0,1
train/0370/022b47c99f7d4ff7a245b1b4e4e7f30f.jpg,370,370,370,0,0
train/0370/0c3def636d714f7d9813c6627a5eb554.jpg,370,370,103,0,1
train/0370/0ca709dcbfce423ca8d6385373f8efce.jpg,370,370,370,0,0
train/0370/33e7db125e1b46fa90117e3c97642f24.jpg,370,25,25,0,0
train/0370/40133e50b4674ee1b3637f8499ac346b.jpg,370,559,559,0,0
train/0370/912cc67c7b774835a8d2de196c91bc6c.jpg,370,370,370,0,0
train/0370/aefd570edae24705b837fa616bdd39c9.jpg,370,370,370,0,0
train/0370/c982b033e14848818494b753bc8fb1af.jpg,370,232,232,0,0
train/0370/d5d7c26ba0cf44dd9be30631ec95993c.jpg,370,370,370,0,0
train/0370/d6b8a0493d224d4eb800347a7b7fdf47.jpg,370,370,370,0,0
train/0370/d9fce8bf534d445c928f3444ce951666.jpg,370,370,370,0,0
train/0370/e31f9246f2bb42e4afc5ede824914c7d.jpg,370,370,370,0,0
train/0370/e3cb4cbebe8b4aeba6885c19a40c4962.jpg,370,591,591,0,0
train/0370/f776bfae3ff548fe89eaff51e3e31aba.jpg,370,25,25,0,0
train/0370/fb0316fdb52b4f3ca44b6eae65b95b53.jpg,370,370,370,0,0
train/0371/04b57e899f8542768fac79438a8d9b1b.jpg,371,363,153,0,0
train/0371/0d7e162ecae34426aa7bdfc5cd536513.jpg,371,371,371,0,0
train/0371/195f1318e7e24715b43eef7cd0cb3abb.jpg,371,77,77,0,0
train/0371/42c4e18e7574452a8363a6be3049b01a.jpg,371,371,371,0,0
train/0371/436b5a24ec1b49249e6bd1bf4e433059.jpg,371,371,371,0,0
train/0371/457b47daccad4667891ebc0544cffc51.jpg,371,371,371,0,0
train/0371/53c3be6440f849979890164547e7abdb.jpg,371,548,548,0,0
train/0371/56c7aaec0c3a4bcc9ba8b9cd572d0aa1.jpg,371,387,387,0,0
train/0371/65b9462540fc4074a7e6ed8470c03399.jpg,371,371,371,0,0
train/0371/68bab1c79cbb41619b2c21d5251be5a6.jpg,371,371,371,0,0
train/0371/76814a36d4b449438a37b4218ba16725.jpg,371,371,371,0,0
train/0371/768f5853d034474bba526432a0bfff19.jpg,371,371,371,0,0
train/0371/8f4206ee4e2046099060ee82185e25b0.jpg,371,371,371,0,0
train/0371/970e3cdf47cd495982056240837a8050.jpg,371,371,371,0,0
train/0371/dd31ab6fa55742c28c4aafae71161d7a.jpg,371,371,371,0,0
train/0371/e816d118192c4715909781a65e36a965.jpg,371,371,371,0,0
train/0371/eefcd368cfb143889d0ab68fd321e3fa.jpg,371,371,371,0,0
train/0372/00cbc3199b6f4ccdb2e0b89cdef662c0.jpg,372,372,117,0,1
train/0372/04a260a356c14db481f81f626259a25b.jpg,372,600,600,0,0
train/0372/055ef1e093c640d8b6d109697c7f73ca.jpg,372,340,340,0,0
train/0372/36c4db31fdbd43e5b82c2c67d1269c6c.jpg,372,732,732,0,0
train/0372/3897ad178b1f4ea78b02d094ca95417e.jpg,372,600,600,0,0
train/0372/490407cab1ea4886bfb24bbb4217eb8e.jpg,372,117,117,0,0
train/0372/57fbd6334730411a9e05bb0eb8b18b5e.jpg,372,121,85,0,0
train/0372/668a777e38f54297a4812149da719a70.jpg,372,85,85,0,0
train/0372/6794a9f53c774884923ab80b6b8c44a0.jpg,372,600,600,0,0
train/0372/68126b25121141a79a875e1ba963610d.jpg,372,372,340,0,1
train/0372/7e3d040867dc4529acc6702663511868.jpg,372,117,321,0,0
train/0372/853cf6f4b6644805b4bfde30faf073b8.jpg,372,510,510,0,0
train/0372/9acabfe5f8ae4149a6d1415510510a84.jpg,372,372,372,0,0
train/0372/9b5a4292c05a421eb16383ab915c3a4e.jpg,372,372,85,0,1
train/0372/9da436d5375344b88ecf08581c7d06a1.jpg,372,372,117,0,1
train/0372/a1287b78c90f478da89cbaa05e13968b.jpg,372,377,377,0,0
train/0372/c4a97d782c1f4f00a7342f38d45a7150.jpg,372,372,117,0,1
train/0372/cd9904332326478fa89eff16d25cd5a6.jpg,372,149,149,0,0
train/0372/d4148ce950204563b52e684856cd0a78.jpg,372,321,321,0,0
train/0372/e6e09cf23d864e6eb5015281b1b2afa0.jpg,372,600,600,0,0
train/0372/ec961e3cc62341b8aa59cccf32b10a52.jpg,372,121,121,0,0
train/0372/f4d60f30d663417a83ee3a6bf0315724.jpg,372,377,377,0,0
train/0373/16a7275bdd46456f92d2ce45935e6811.jpg,373,373,373,0,0
train/0373/1a464994120e45ef817e5cb512c4a8bc.jpg,373,139,434,0,0
train/0373/1b7a5163db8843b4b500a9add3389233.jpg,373,373,373,0,0
train/0373/39f9a4ab06c64350bfb311115bd47b5f.jpg,373,373,373,0,0
train/0373/4f620b1402fb41019d077ad7be13e289.jpg,373,373,373,0,0
train/0373/5baaae8fd1034cf8a58145f832d52fd7.jpg,373,373,373,0,0
train/0373/6fd96fbb241149f480e73f199605197d.jpg,373,373,373,0,0
train/0373/806ffb22f74f47e2af19907599df7396.jpg,373,373,373,0,0
train/0373/a107806b907546559cac751712724bdf.jpg,373,353,353,0,0
train/0373/b2c5c8a0600b416890e0d80a80c72ccc.jpg,373,373,373,0,0
train/0373/bcee1e50d4e049ccae0b35db366a23dd.jpg,373,373,373,0,0
train/0373/bd4cdeef09674caaa170f7e7c4932dc4.jpg,373,387,152,0,0
train/0373/bf66b2c0860b4089a490053f0c64f820.jpg,373,604,476,0,0
train/0373/c3379eb4a5d945debf6a7bf4308734c0.jpg,373,373,373,0,0
train/0373/de21539cc43c4ff48fa93598983ecd1f.jpg,373,373,373,0,0
train/0373/e11aec5c6e484ec2875d3f595da8ad5f.jpg,373,373,373,0,0
train/0373/f6905fc036a64888a75af2869a1bf2c7.jpg,373,350,296,0,0
train/0374/02691d0d951041f0b3a1830d8820ae93.jpg,374,206,206,0,0
train/0374/02d29414e7924a718304f3317377fef8.jpg,374,139,726,0,0
train/0374/07c62bdf95844d0a9113e611691445fd.jpg,374,374,374,0,0
train/0374/1f9c2668cd014fa7aab5c861e652f0c6.jpg,374,571,571,0,0
train/0374/322d8fb7627b4d07bd4714471261d10b.jpg,374,374,683,0,1
train/0374/4771edad696248538f2284d350c09077.jpg,374,571,571,0,0
train/0374/6381eea674a4400bbe9d15a9b83518fe.jpg,374,374,240,0,1
train/0374/783b390612914398a913cbbcc23baf09.jpg,374,374,374,0,0
train/0374/9324b2420f1d4453bb61cda62111a4a4.jpg,374,374,374,0,0
train/0374/9a5503fb0307465e9e611dc1289f5232.jpg,374,592,509,0,0
train/0374/a824c0aac784467694d5b1bba1db0270.jpg,374,374,100,0,1
train/0374/c1534925aee94d3e8b2ad40d684fb2bf.jpg,374,620,161,0,0
train/0374/cbb5bc8ee5e74581b23385933a500a19.jpg,374,571,312,0,0
train/0374/d6f0fbea09624fc292473df55e8f90ed.jpg,374,571,556,0,0
train/0374/db26a97065a94454ab08e7f88e11369d.jpg,374,571,571,0,0
train/0374/e5c53ffd76f24bcfb4133c1274714b13.jpg,374,374,374,0,0
train/0374/ec7430d299b74f57b986a3507bf1a33b.jpg,374,374,374,0,0
train/0374/eefdedc98f514db3b2472ec595095fd4.jpg,374,384,344,0,0
train/0374/f1501f5753d5458bab151c5f55e9ca94.jpg,374,374,374,0,0
train/0375/12ee48d415c54352baaaba907b94bbee.jpg,375,375,375,0,0
train/0375/281d68cccb244df69f7801077f473a21.jpg,375,285,67,0,0
train/0375/371262c5bc604f29b5d6a9a2776e25ea.jpg,375,644,204,0,0
train/0375/3850d072a2a24ba48de2263abe87e17e.jpg,375,272,711,0,0
train/0375/3b4b694e5f4c4981b740430f896eb3d0.jpg,375,159,159,0,0
train/0375/55b84a5b5c7e498e80f937f2ab1dc2e9.jpg,375,375,375,0,0
train/0375/5c21ddab369d4505b50e934237769e1e.jpg,375,375,285,0,1
train/0375/5ecab93573014dc5a7391bce873d0b07.jpg,375,375,375,0,0
train/0375/6ad3a51e0cca46aa84ccb5a41d18ab7b.jpg,375,375,375,0,0
train/0375/7cd6c872ea3f44c0a9c9855d35bfba74.jpg,375,285,285,0,0
train/0375/84020ad6b93f45eb87a95441544ed9da.jpg,375,644,285,0,0
train/0375/8f6ceb3c5aa847208e8277266185507b.jpg,375,375,285,0,1
train/0375/9cddcdd7159647a38d33029e9193b143.jpg,375,711,711,0,0
train/0375/ab411e7e2c9843a0a253080f34aa0831.jpg,375,375,375,0,0
train/0375/b845f3167b0a4b34a3b8b95ca7e7ac33.jpg,375,375,375,0,0
train/0375/eac4e867fb464e45b8f6a36b8c623f81.jpg,375,375,375,0,0
train/0376/0463cbf6f1164568a97512d04cfdff90.jpg,376,376,376,0,0
train/0376/04df310021a741598f20986a50ed031d.jpg,376,28,112,0,0
train/0376/1548327ffb5d4a579c3654c19c8e0860.jpg,376,376,376,0,0
train/0376/21e1e4e832904b35a203d6d0ac9b1a67.jpg,376,287,287,0,0
train/0376/26611f31263b43409c9f430b1ad39771.jpg,376,650,650,0,0
train/0376/272e98c3b16a433e9250f20bb4b893c8.jpg,376,175,175,0,0
train/0376/2c36d7fd8a824f1d8afd6a59665c9f08.jpg,376,376,376,0,0
train/0376/3633062f0e37469e889e329de4f1971c.jpg,376,587,376,1,0
train/0376/3ed80f8e50e1427fa82e1ed79422406a.jpg,376,376,376,0,0
train/0376/43cc5d36609440ee82fba61a73a49551.jpg,376,376,376,0,0
train/0376/4fec2481428d46eeac836b52c6a28517.jpg,376,376,376,0,0
train/0376/6bf48d8434534dc89891f131b59f74e3.jpg,376,650,650,0,0
train/0376/73c8b1d1f1354f02a85345494dc3e218.jpg,376,330,330,0,0
train/0376/755716dede294d019d5634aa2fb2a578.jpg,376,54,54,0,0
train/0376/a7368c854a6f41a193ebdbf5e53d8bda.jpg,376,376,376,0,0
train/0376/bf7d0f5ec16c4fb188cfa981ca0812f7.jpg,376,376,376,0,0
train/0376/c2d7c8062fde495c96e9a0673b999816.jpg,376,376,376,0,0
train/0376/ce7f9dc21eed405fbe89dbb9c0928ef0.jpg,376,650,650,0,0
train/0376/da7ce20a47974ccda3b42130907bb5bc.jpg,376,376,376,0,0
train/0376/e7b46a99b26342c2ab10cd628a4028d7.jpg,376,376,376,0,0
train/0376/eaf4e3b80a4740a3a3c027d6418f8174.jpg,376,376,376,0,0
train/0376/f40cae24addb4c8d9ace4dfac2a766de.jpg,376,274,369,0,0
train/0376/fc3624dce77b4161bbeb03500cd68a44.jpg,376,376,376,0,0
train/0377/26858e2e1ce24a1bbfad2c8801b494f6.jpg,377,600,698,0,0
train/0377/2c60a1decec342bb8a40c7951b5afc9c.jpg,377,377,377,0,0
train/0377/2ebe7277de554ddaad036bcfc042df31.jpg,377,121,121,0,0
train/0377/2f1ecaa26adf4525a05b19ad4ea3f1ed.jpg,377,377,377,0,0
train/0377/3e58470b14044d3596fbedc8a75743f3.jpg,377,510,510,0,0
train/0377/4997cf600edd43bbb3c3b8e7fd08500b.jpg,377,377,377,0,0
train/0377/52115c3beedd405f9ec3b38a532d4ffa.jpg,377,377,377,0,0
train/0377/78f6664565fa48968a832e2cd214a8a1.jpg,377,377,377,0,0
train/0377/8b4df0c0528344889156ef9d79e939ce.jpg,377,377,377,0,0
train/0377/998fa37dea9540d8b8ce7699320f0de5.jpg,377,235,235,0,0
train/0377/a26975a0f87346a5ba472755f1e7aa81.jpg,377,377,377,0,0
train/0377/aa548b3af1a9438fa18670c9161c134d.jpg,377,377,377,0,0
train/0377/b37cd524cf4f417e9f5baa32b4f41abb.jpg,377,377,377,0,0
train/0377/b788bee680a6442f9f6992eea84adff6.jpg,377,377,377,0,0
train/0377/c418c57c694d4212940c93a2bbf62333.jpg,377,377,377,0,0
train/0377/c4bc355e8724442f90294261deafb87d.jpg,377,377,377,0,0
train/0377/e54954fa1a37448c9af3b7cabab179de.jpg,377,377,377,0,0
train/0377/f05de246b841438f8543c46002219991.jpg,377,528,28,0,0
train/0378/1f72a1dbb97f485b8de2e85dd7f48926.jpg,378,208,208,0,0
train/0378/3e8233c17e3248f78e04c7cdcc512b41.jpg,378,378,295,0,1
train/0378/42b0452de4834905ab179db6498e2537.jpg,378,337,337,0,0
train/0378/458f0961fae24d5c9f336812b49fa182.jpg,378,352,152,0,0
train/0378/515c1785a26f4598b80bf3dbcc77917b.jpg,378,378,378,0,0
train/0378/7a127ea5e6ee46dda756c14fcf103157.jpg,378,189,77,0,0
train/0378/7c3c1d2f36a546f39e33e3bdf2185ac4.jpg,378,208,208,0,0
train/0378/8c32f0874b2d4d298980c09eac7f991d.jpg,378,378,378,0,0
train/0378/8cef7904d8064a6d8c8506d86d195cd4.jpg,378,208,208,0,0
train/0378/b6708e4d48a24d25bab5a39f2d752aef.jpg,378,378,378,0,0
train/0378/bd669c650225484ab439140c1cabfc44.jpg,378,534,534,0,0
train/0378/c4bca2df8f3d446786e16de847566a13.jpg,378,378,378,0,0
train/0378/c4ef32b8105749ebac7df4ab65cc17b6.jpg,378,378,378,0,0
train/0378/d48ba52447cd4953a89058d83175cf5f.jpg,378,378,378,0,0
train/0378/dd90a3b7fa5e475ea41f18164b00306d.jpg,378,215,399,0,0
train/0378/ffc2062c8da049e1be5c38312ba90ed7.jpg,378,208,208,0,0
train/0379/0e97779f9bd64c2587ae4802cd59de55.jpg,379,216,248,0,0
train/0379/0f3588473cf84f6aaea196fe800c2d7a.jpg,379,379,379,0,0
train/0379/126aa4ae7fb54b40916238154c44ffa0.jpg,379,379,379,0,0
train/0379/147fb338b398418ca2e77b173c1ca9dd.jpg,379,216,379,1,0
train/0379/253cc9ca3c634017b894995cf6f4b963.jpg,379,379,379,0,0
train/0379/2834bf93432f4a7a879acf5c25b42f87.jpg,379,345,379,1,0
train/0379/5446e03b42eb429fb2f1bc9aeb8252f3.jpg,379,379,379,0,0
train/0379/572018441a884aca9abe46d082e7cc9b.jpg,379,216,639,0,0
train/0379/61c8c4edad594ee8b3646aa6d7e38f38.jpg,379,411,379,1,0
train/0379/6a54d097fedb4bb28a9505175af30e79.jpg,379,228,173,0,0
train/0379/6fd921b5774a4b9588eef7366204412d.jpg,379,379,379,0,0
train/0379/870d4cebf7af4731bf5b45b6328c77f1.jpg,379,379,379,0,0
train/0379/8712a928c894442e8d229041bc99b056.jpg,379,379,379,0,0
train/0379/ac65d8bd8a514bd2b8b981022cc230c3.jpg,379,379,379,0,0
train/0379/e0a52187a434416494048dc69f265ac9.jpg,379,379,379,0,0
train/0380/042d8b7d4ea74f29aa234c6f401d50db.jpg,380,380,16,0,1
train/0380/0bca90c89ab048a992c69f1e8cdd68a6.jpg,380,380,380,0,0
train/0380/146cb7e3a6af45b4a8f03827872641ed.jpg,380,380,234,0,1
train/0380/2374db24055e4568a5ac90003663221a.jpg,380,16,16,0,0
train/0380/363464213eea4b7ea781b6a09dc75cd3.jpg,380,380,380,0,0
train/0380/369f0da03e734177af0d98eaec501d6c.jpg,380,380,580,0,1
train/0380/3beeabaeb980496cb9ac73ca8787144b.jpg,380,423,423,0,0
train/0380/407db265c5544a30b9a94bd71888d3b0.jpg,380,380,234,0,1
train/0380/43d14c505fe54299bb0f2c8907728d20.jpg,380,539,580,0,0
train/0380/588468ad69104a15b53ef8b1b0301bdc.jpg,380,99,7,0,0
train/0380/5cd4c907e39f40e6af4db2a466df959c.jpg,380,380,380,0,0
train/0380/5e048de843ff4f86b0af2fb0dad8e926.jpg,380,380,234,0,1
train/0380/62fa53b0feca4166b112918c8f8587e0.jpg,380,380,380,0,0
train/0380/797582e0ab4746c5b24e3ae1b8331245.jpg,380,539,7,0,0
train/0380/969ff706ad514f479e398bd0871f1b43.jpg,380,564,564,0,0
train/0380/a18820881f2f44f6a871961751ad4905.jpg,380,539,99,0,0
train/0380/c9778cbbef854a9e94558d5b33db2211.jpg,380,380,380,0,0
train/0380/cf2e00826ab7442ebe3946aa49f01a00.jpg,380,580,234,0,0
train/0380/d04ce30caa2c4e0189360b6d49ff4e9a.jpg,380,380,16,0,1
train/0380/d5b1a7f59959402cad38d8a089d58de3.jpg,380,539,234,0,0
train/0380/dac6bba8e1f14d60a5eb75877be65d2c.jpg,380,303,303,0,0
train/0380/df98d1bb29474737b7781deb94aa8f9e.jpg,380,139,630,0,0
train/0380/e80b7c3f661f4a028bf43e8ea990404e.jpg,380,539,580,0,0
train/0380/ea94a1a30e6c4faebfd60bb11363fb96.jpg,380,458,458,0,0
train/0380/fbdd43870700456bb0e7b1b4ea99c4ec.jpg,380,380,380,0,0
train/0381/203154f4068947989d69c86b186a0717.jpg,381,381,390,0,1
train/0381/26a71fa5e64d4de9ae44dd05fee2e000.jpg,381,282,282,0,0
train/0381/2968b4c282f24dc2b9c83d70ee1eb026.jpg,381,58,157,0,0
train/0381/2ad3b081d86e4fa991a6c5e792b78592.jpg,381,381,381,0,0
train/0381/5fba28cb0d1d4e80825180fe1a6096e5.jpg,381,381,381,0,0
train/0381/61ad936a93184b01b604b6c4062ac210.jpg,381,390,390,0,0
train/0381/751a2a8f2b044cb0a944bd5e36f0dbe9.jpg,381,692,692,0,0
train/0381/8d6111ca16d64387bbe9d2d38dec21b5.jpg,381,381,381,0,0
train/0381/8e7acb747e434f328df581b05baff8b2.jpg,381,282,381,1,0
train/0381/9923280492ff473b8f01a58905c4abf5.jpg,381,160,160,0,0
train/0381/9c486e710e0a49118a0a16a01aeb4d32.jpg,381,381,381,0,0
train/0381/a0babaff2ecb41cfae1e423bfb34b8ea.jpg,381,381,381,0,0
train/0381/ae60cacc51f34afa8eea10c25f284a97.jpg,381,381,381,0,0
train/0381/b5622f7c2d5048309302420642298a69.jpg,381,712,94,0,0
train/0381/bb4ae627ba634f4c9893ba77dedf2a24.jpg,381,135,94,0,0
train/0381/bd1cd7b61ed34938a4ea544892905a2c.jpg,381,381,381,0,0
train/0381/dac324f286c74da28f6da9e2ec668fab.jpg,381,381,381,0,0
train/0381/e931ca6b92fe40669f2f0e63e49e0e14.jpg,381,381,381,0,0
train/0381/f174672d8a1b4ed9bec1b90edc64481c.jpg,381,712,351,0,0
train/0382/0dff7c2322fd46ba92122efbc4ac49fc.jpg,382,481,481,0,0
train/0382/24d589c215314d68bb9b090ce670ee12.jpg,382,283,283,0,0
train/0382/2bba385c2f694ab990800d18550f1ae5.jpg,382,623,623,0,0
train/0382/317bf80e5ab04ee0920a7104b4af9702.jpg,382,481,481,0,0
train/0382/371337dc5fe6460d85feee4a35d5b577.jpg,382,568,267,0,0
train/0382/5228740a646948ff8f30c78bd37c5c6e.jpg,382,382,382,0,0
train/0382/5895d736ca6d4fd3b88075a19e5dbc63.jpg,382,481,481,0,0
train/0382/599e969829194df0a244ca328c7443c7.jpg,382,481,481,0,0
train/0382/66bb825784004b9a956066ed2ad3f0f1.jpg,382,481,481,0,0
train/0382/66ee806082f04aa5977d2373e68d40d6.jpg,382,664,267,0,0
train/0382/74e1f37dc3ce4afa850bf4efa5b009ad.jpg,382,481,481,0,0
train/0382/80bbffc569794dfea78d3b10fa087b9b.jpg,382,267,267,0,0
train/0382/8bdb09b7d3a744bea441026376b3d7b7.jpg,382,397,146,0,0
train/0382/919724f51e1745338fca4078422336f6.jpg,382,267,267,0,0
train/0382/b2f2e6c47d3242b89b4a7e2c88f58470.jpg,382,481,481,0,0
train/0382/cfeea8b861534f8ba67b4c4a9fbc86f9.jpg,382,382,382,0,0
train/0382/dccaa13aa2d04adc888641833d64714e.jpg,382,481,481,0,0
train/0382/e36c8bb39b7f494da737578fdc6624bd.jpg,382,568,568,0,0
train/0382/ebc310fdcd874135ae50010b226935f6.jpg,382,113,113,0,0
train/0383/099c3c93d9eb4e37b102d2362cc1458f.jpg,383,52,52,0,0
train/0383/0db2ecce128940ff9e64e84999d1b7be.jpg,383,695,695,0,0
train/0383/1224ffe0aad742c6a7fcaaca4d315184.jpg,383,418,259,0,0
train/0383/28217110e2d2420d97b107f6d3656930.jpg,383,62,62,0,0
train/0383/30f2ed3f2d7c45aeaf8a9248de9359b1.jpg,383,607,703,0,0
train/0383/362295c2a0a14225bd472c14ff9384c5.jpg,383,211,219,0,0
train/0383/394d6e959bcf4491ac48a95217f62f83.jpg,383,52,52,0,0
train/0383/4ccaf1e25ec9410f837e5649a0d11c19.jpg,383,383,383,0,0
train/0383/5080985f56dd421088b766516566fa00.jpg,383,703,703,0,0
train/0383/57374108e5f349649bf4bdfe221384e8.jpg,383,177,177,0,0
train/0383/60ab794b5b2441789fe173da20076c55.jpg,383,695,695,0,0
train/0383/69de8dbfac05446c8c3fefb93569634b.jpg,383,703,703,0,0
train/0383/6a66ece8947f430796f3890361233c45.jpg,383,387,387,0,0
train/0383/780bf771ff3442c2a6d906af167435d5.jpg,383,416,736,0,0
train/0383/804ee9446f15449ca4ddb0f95473f245.jpg,383,565,565,0,0
train/0383/9ff522e882c24ffb8a3d3949636064ef.jpg,383,607,703,0,0
train/0383/b45d819be044498a8c2083629b3edc65.jpg,383,316,105,0,0
train/0383/b7669c4ac949492eba1261db306b74ce.jpg,383,473,473,0,0
train/0383/c509efcd97f94084b3a82a82ab267137.jpg,383,177,177,0,0
train/0383/c79d520f1d5f4da088384cb4dd028e22.jpg,383,28,28,0,0
train/0384/156a270b183a41ee8d971ce17ee4d93c.jpg,384,517,662,0,0
train/0384/1661c40728cf443597e449cbc8602d28.jpg,384,652,652,0,0
train/0384/16684192e4264c8ea9df08496a9c3222.jpg,384,516,672,0,0
train/0384/1fa0a666c1674dc78337e664ab72cb6a.jpg,384,280,532,0,0
train/0384/3a07e2597e4c4ed28d869544fcfc309c.jpg,384,112,306,0,0
train/0384/5179e01b35e94d2995e9c5861db2546d.jpg,384,28,168,0,0
train/0384/542026b369874bbba5d068ee2b1c7aee.jpg,384,398,398,0,0
train/0384/549a140789e949e58ca3f572ca2178df.jpg,384,328,328,0,0
train/0384/56adb46e1dd546d58ef7a3ad299c3a08.jpg,384,398,398,0,0
train/0384/6bf7be36922f47d2893cc45f02458b1e.jpg,384,12,12,0,0
train/0384/79591d22355649ca883e268eefc09672.jpg,384,398,398,0,0
train/0384/7da6c00e30a44d458256e5db6d887081.jpg,384,398,398,0,0
train/0384/9bcfb4ca29724fd29a860844c22e34f5.jpg,384,286,152,0,0
train/0384/afef4c81d04446b5b7dbea8d79112e4a.jpg,384,398,398,0,0
train/0384/d759e388eaff47cbacece4c701e5d769.jpg,384,517,517,0,0
train/0384/df3027f3b29a4d0e9d5b91947b790294.jpg,384,398,398,0,0
train/0384/e8a0c6d90b97480ab73a4596233504db.jpg,384,398,398,0,0
train/0385/0be02018570d4efbb43309e93d78d9e7.jpg,385,422,422,0,0
train/0385/1cb767a8df7b46fbb419b6cafe5d67d2.jpg,385,709,295,0,0
train/0385/201dba9cd67e436686139cf89a811dbc.jpg,385,422,295,0,0
train/0385/21d703d93a1b494886133acbf4c5a03f.jpg,385,278,344,0,0
train/0385/29ce7c04ff39431883f7a56105ea5923.jpg,385,128,128,0,0
train/0385/3564adcc4bc9496abecf0f45e82fd9bc.jpg,385,20,20,0,0
train/0385/362b2c0b2dae488e8fe43ad27b190ac1.jpg,385,42,42,0,0
train/0385/6c0d0fc07fe14df7899e43464634cf5f.jpg,385,232,232,0,0
train/0385/750c3c1aaf6447599dea4e9632e1ea5a.jpg,385,39,166,0,0
train/0385/85fc2e6e0daf4142b0c3263e2c190f0e.jpg,385,422,422,0,0
train/0385/93a4f5bd831f47dda64d98a3f09d7579.jpg,385,136,136,0,0
train/0385/a0eecf60ef224b5da119878db21fde4a.jpg,385,84,261,0,0
train/0385/af5efbdce238479a82440dace675fb86.jpg,385,324,407,0,0
train/0385/caaceeb2a1e14be39540a40e11dc534e.jpg,385,128,422,0,0
train/0385/eccab0ae4861466d9d4714dac5d133ea.jpg,385,84,84,0,0
train/0385/f5aa65ce25ca4fab89103b162c1eef57.jpg,385,385,578,0,1
train/0385/f5b00c13a34e4bb9b70cd97897e544e5.jpg,385,422,422,0,0
train/0385/f61204ac1da44d29a59085ce8dd11ac8.jpg,385,84,84,0,0
train/0385/fa5bf90b4a724158a59497c0052666cf.jpg,385,128,47,0,0
train/0386/0b31a24c12dd4d0fb66f68ba28390666.jpg,386,386,386,0,0
train/0386/0e5863bc8ad44dd49fda83bec9e5cf8b.jpg,386,604,604,0,0
train/0386/22798631a4314de4a7f6e8ec6b8b7268.jpg,386,171,21,0,0
train/0386/36eca45ca92c4bbf85e3f3cc0c7b5919.jpg,386,386,386,0,0
train/0386/3af0886298d84829a8098ad169be605c.jpg,386,386,386,0,0
train/0386/4bfafa51e8874a699101a2a9af7b1661.jpg,386,386,386,0,0
train/0386/78fccf1f386041c6b64ece22a407a460.jpg,386,172,476,0,0
train/0386/7f1fabfb6b7b4e5ca0eba226cfe35798.jpg,386,386,386,0,0
train/0386/89f8cda48075471ab317d61a0e015735.jpg,386,386,476,0,1
train/0386/8cb3167c5c564d91b5ad19b2e17b9668.jpg,386,386,386,0,0
train/0386/9eb6bdc30aeb4e079e1f5b47d5b4ec19.jpg,386,386,386,0,0
train/0386/a8dc896ba744413591e3f58fc05dbd31.jpg,386,423,423,0,0
train/0386/b0322354dc4946dcbb24d7b4509138db.jpg,386,604,604,0,0
train/0386/ce35467e39ad42d6bfcb2cf3120cb397.jpg,386,423,423,0,0
train/0386/f318fec2ac7a4e74ae2026631d635283.jpg,386,172,476,0,0
train/0386/f861b69ee60946139242b691818b77ce.jpg,386,172,386,1,0
train/0387/0f2fc7d6d5784466acbf4e6d420ce92c.jpg,387,387,387,0,0
train/0387/1b6ec5196c734ea0b0d70940296c13b8.jpg,387,387,387,0,0
train/0387/2593e17a1a54470ca338a8e3712746be.jpg,387,387,387,0,0
train/0387/45251c679d0d4fe4aad4247b282b16a5.jpg,387,77,77,0,0
train/0387/4b1a499b5a144823b28103eba78a97ab.jpg,387,387,387,0,0
train/0387/4b5efb74ef484bc888b8200522f81275.jpg,387,701,701,0,0
train/0387/52744161404a48958b9428a73922adb0.jpg,387,425,425,0,0
train/0387/66ea37dd251142cabf99dc89aecc8fb6.jpg,387,387,387,0,0
train/0387/7f4bdbf2c9eb43ee97d12877140efedd.jpg,387,387,387,0,0
train/0387/99b764d92e564225ba4cc44660fb9b23.jpg,387,387,387,0,0
train/0387/bcb55427f74e45389747a81454eaecac.jpg,387,387,387,0,0
train/0387/dcfa283a35c84e32b75ed9f27ed975ff.jpg,387,664,4,0,0
train/0387/dd83ad09962e4c50a1d7ec1cb9a35be2.jpg,387,722,722,0,0
train/0387/eb9b7d906f054ee6adbd016cbe65bada.jpg,387,387,387,0,0
train/0387/f979a726a2e74b1da17bf93113a44b5c.jpg,387,208,208,0,0
train/0387/ff2123c46d484a35a31c58dd8997d99e.jpg,387,387,387,0,0
train/0388/02bfe3d1464b4be28914921c91486fbf.jpg,388,554,554,0,0
train/0388/0a03404ae05b49c5ada791787544fb8b.jpg,388,388,562,0,1
train/0388/0df11955abc8481780c3492b5b8d5a84.jpg,388,247,562,0,0
train/0388/10ef9f02f74846e699f49a776801d322.jpg,388,388,388,0,0
train/0388/1bc7cce7ff5448968e5ac3bfccb4e1c2.jpg,388,388,388,0,0
train/0388/24610b8ba2324d369bcf9cda698d0f55.jpg,388,229,229,0,0
train/0388/291e464bb7f6417f8d39277b875b702e.jpg,388,388,25,0,1
train/0388/2b0432a7e71c46abbe5c9f5c8279e5fa.jpg,388,388,388,0,0
train/0388/2cd6495812b14705bd9a257047fde639.jpg,388,388,388,0,0
train/0388/372f7d5a4eba413ebc0ca4633dcf46f6.jpg,388,388,388,0,0
train/0388/48f7beeb7fa74aa5b278cf0f5a320dd2.jpg,388,388,388,0,0
train/0388/5844a133d8aa4f40a3789406ed84ec9b.jpg,388,117,340,0,0
train/0388/73478bf211404e2d9ccd99141e57837b.jpg,388,260,554,0,0
train/0388/9db8a18bd5264bb9b6a35599e364ac12.jpg,388,388,388,0,0
train/0388/a6dbecf4c5734810a64ffacd62192df0.jpg,388,388,554,0,1
train/0388/ad7f637c12104e7b86607fb363a04e7f.jpg,388,260,554,0,0
train/0388/b0320276d453457b91a6281d6970d624.jpg,388,388,554,0,1
train/0388/b566c265ee384c60a61d660cf7aec445.jpg,388,260,554,0,0
train/0388/bbbab14538184c0ea2e3f98ab29143f6.jpg,388,388,388,0,0
train/0388/bc5370117bcf41f6b317f6b185e77801.jpg,388,388,388,0,0
train/0388/c945338c001e4e788cd4bb83ee758238.jpg,388,388,247,0,1
train/0388/d657deedcda94e8c94dae8e32197e3f1.jpg,388,116,562,0,0
train/0388/f9a60d6301974189a9a51326f3588d99.jpg,388,388,388,0,0
train/0389/152eec19917846a188fec295767d0d43.jpg,389,10,10,0,0
train/0389/41519dbd2376462f8aeb84373832d99c.jpg,389,389,389,0,0
train/0389/41ee23580964476ead7a1511f6797b3f.jpg,389,389,389,0,0
train/0389/48c60118ba3f4d2aa1a4a5f3beff372f.jpg,389,389,389,0,0
train/0389/4af27a57f2754b45a6bd3c1f290b837f.jpg,389,389,389,0,0
train/0389/54581b1e6d3f48658cecefb583665acd.jpg,389,140,508,0,0
train/0389/67a772f27f0f45c0a4fe3e00de583199.jpg,389,225,225,0,0
train/0389/6ca4c1465e574d489331a3abcfbb2c7d.jpg,389,678,678,0,0
train/0389/88ea249d3635420fb267da66ddcbb00d.jpg,389,725,457,0,0
train/0389/a24c2739dc904ca8b4338b51c8e42dc3.jpg,389,717,717,0,0
train/0389/a7964cf8ead44f8fa2034475ee347d5b.jpg,389,389,389,0,0
train/0389/c44cc5d598d246afb552f5d5c5ac33fd.jpg,389,416,620,0,0
train/0389/c7d3eaa018224288b80301ff2da13231.jpg,389,389,389,0,0
train/0389/e0adfdf4bfb94a968c38ff020143a22b.jpg,389,389,389,0,0
train/0389/e5bcc99a87cb41a2b7bc1d4fc8b0f242.jpg,389,389,389,0,0
train/0390/07005637e5704397ab9095b545856b21.jpg,390,286,350,0,0
train/0390/07d3a647de244c12b8745c541bb152fe.jpg,390,390,390,0,0
train/0390/0df3c66dd199448eae6f619e5dd74446.jpg,390,496,496,0,0
train/0390/133262b446a1434c9cef0b3e5d96fad6.jpg,390,32,32,0,0
train/0390/1eb51fbbceec4906a56d06deaa70f997.jpg,390,390,390,0,0
train/0390/2cada33b8f264fff8d2dc77a35209ceb.jpg,390,390,390,0,0
train/0390/4b7b9dcfaf384683a03b03703f803298.jpg,390,513,513,0,0
train/0390/5278fcf949244c7b91b22af0ecd58815.jpg,390,390,390,0,0
train/0390/81504bf54760495693b2aef01f1ebc8a.jpg,390,712,390,1,0
train/0390/86b74142ce8d4e65bdefdcc554f1626b.jpg,390,746,746,0,0
train/0390/8f3a14ca48a94b54a747d6b8180265cb.jpg,390,712,390,1,0
train/0390/9fe68ea5264c4a6ab03fc2e7f9b54271.jpg,390,390,390,0,0
train/0390/a2c5b1adc5cc4f40ab0b0aaa896ab288.jpg,390,0,0,0,0
train/0390/a63bb180bcae43b6b972bdcf3c501967.jpg,390,390,390,0,0
train/0390/ada5d8c7f7cc4f0faf72a339a94512c0.jpg,390,302,302,0,0
train/0390/b2c4c794a7b04af39e6d35320edee892.jpg,390,390,390,0,0
train/0390/b84fa1ee773d49d4a62f59bf6d04c8fd.jpg,390,390,390,0,0
train/0390/bce835d150184b7988689ff607ba7e1e.jpg,390,390,390,0,0
train/0390/c0072f835c754552ac1e02a52d2fb234.jpg,390,390,390,0,0
train/0390/d098da537b234d1f8e10d5814b341d70.jpg,390,135,666,0,0
train/0390/dfa5a8ae9c17405fa2c68bc4bf1a9743.jpg,390,390,390,0,0
train/0390/f03961c9215b48ad9c45b6e32e7b6b87.jpg,390,455,455,0,0
train/0391/0bb16b2251774f719db1430b4da8962c.jpg,391,391,391,0,0
train/0391/15359d76ef8d465ca35e8746e22240a2.jpg,391,391,391,0,0
train/0391/1b6cdc13310946ff901d44a06702a3de.jpg,391,391,391,0,0
train/0391/1cbd6f856f314c07aaa7b69be468517c.jpg,391,391,391,0,0
train/0391/2210d68d85f64ff7806854d6c5d7789a.jpg,391,391,169,0,1
train/0391/229f3e92dc3345b88e9e2449e308760a.jpg,391,391,391,0,0
train/0391/45d1a38dad70455d80c57c84062e1409.jpg,391,391,169,0,1
train/0391/49ef759d75834827848159b74163dbe4.jpg,391,391,391,0,0
train/0391/558bef221f564341b852521cd3b8b849.jpg,391,391,391,0,0
train/0391/5d13cc141f1c4149853f7b957366e6cf.jpg,391,391,391,0,0
train/0391/6e0e9d67dd8546139f637f0b40669140.jpg,391,391,391,0,0
train/0391/7390dd3bc1934e44abdbf0fdafcbc514.jpg,391,169,169,0,0
train/0391/8f5e0a592c1c49d3a87c11db17a484c4.jpg,391,391,391,0,0
train/0391/8fe61fe42f8c452abd08d09621b1d8f8.jpg,391,391,391,0,0
train/0391/95a88a9286e34c50947a3eb969e62939.jpg,391,391,391,0,0
train/0391/9bd98508154d4c808a02e4843ddc2109.jpg,391,391,391,0,0
train/0391/aed8e8c6d0f44e28aabdf8e62a2a6d8c.jpg,391,391,391,0,0
train/0391/fc6691e3d30e41ce9fa36c50e5222c4e.jpg,391,391,391,0,0
train/0392/0767ed3fc4b541a0a90231b2b2548382.jpg,392,460,460,0,0
train/0392/0e60657ef53e41ca87bc703e2e544dec.jpg,392,392,460,0,1
train/0392/1821710f0b584c12b53e42eaf28aafcf.jpg,392,608,608,0,0
train/0392/1fadea23634e4ea38d351572be7989c7.jpg,392,476,420,0,0
train/0392/33390b34808841e592d9ff79a139d8fd.jpg,392,392,392,0,0
train/0392/375ab6c475c441feb729936d6329c49a.jpg,392,392,392,0,0
train/0392/586aa700863248a0b90e7b5cb9be7f34.jpg,392,392,460,0,1
train/0392/7c69ce202efa4e6a9837ee8b8da1e96c.jpg,392,392,460,0,1
train/0392/82a6b9faf9fc4e32aa3728c9ab324247.jpg,392,441,392,1,0
train/0392/a16fa8614dbc4c0f8584446821b3ba31.jpg,392,408,480,0,0
train/0392/bbb433166cb04f5c8d48b74a229fbcd0.jpg,392,392,460,0,1
train/0392/bde692fbbea547cd8b38188c482de9e9.jpg,392,392,392,0,0
train/0392/bdfcf9aa343e497fa05c90ab747776e3.jpg,392,392,392,0,0
train/0392/c548dc070e4e4fdca62d65bb804b5ae7.jpg,392,460,460,0,0
train/0392/e157df4adbd140fca74bf7ad286c2da3.jpg,392,84,84,0,0
train/0392/e7e67ae9145e4a26b4433e7f7b99dc4a.jpg,392,392,460,0,1
train/0392/f9e4ca8ba37542cd9f5e081cbaae2298.jpg,392,392,392,0,0
train/0392/fbf14db3bd45468790ce33f3d83ed401.jpg,392,392,460,0,1
train/0392/ffba7e6529ad4037927dfeb21ee7c5d0.jpg,392,420,420,0,0
train/0393/067cfe21155741019415fde028f7d3a7.jpg,393,480,10,0,0
train/0393/182cdada76974d938367dbdae03ab444.jpg,393,423,423,0,0
train/0393/46515b4b1c7945638e88e85beb8b9688.jpg,393,423,321,0,0
train/0393/5dcec86e91484aaba7e5150c14ce425a.jpg,393,393,393,0,0
train/0393/64c3f0734e7b4d4688146001688bea1c.jpg,393,482,321,0,0
train/0393/7d2b3ef5de3148e0beaff135e66166de.jpg,393,393,698,0,1
train/0393/82cbf527ffae4d88bd1df854cb03021c.jpg,393,585,338,0,0
train/0393/9ae405405d8649f9aacc8e85c5a7ae1b.jpg,393,470,470,0,0
train/0393/9ced888847f147639869097a2dd2385a.jpg,393,482,239,0,0
train/0393/a574df4f4c16471a9d9473fbfb09b99b.jpg,393,393,393,0,0
train/0393/ae8136c990234461bb03b6ded9e7730d.jpg,393,25,25,0,0
train/0393/c913e7339cc0428084822cb7e693cf27.jpg,393,423,239,0,0
train/0393/e2f3596e2c1d419fba5fc83745a0508e.jpg,393,393,393,0,0
train/0393/e3cc352a96f9416ca862b3ea388dc599.jpg,393,408,178,0,0
train/0393/ef8520754a6347f8b44c673932c63080.jpg,393,423,423,0,0
train/0393/f9c9fe701572434a8036e4f4fabbc4b8.jpg,393,569,353,0,0
train/0393/fc012b8c82f54dc78b66bc0ad266d2af.jpg,393,393,393,0,0
train/0393/fce676d8791a4c929c10e927d3eed791.jpg,393,423,423,0,0
train/0394/0b6a22378489467a8b14a4828755ebc5.jpg,394,287,287,0,0
train/0394/0c68a0389a17412e8e42cc3b307957e2.jpg,394,394,509,0,1
train/0394/0c6b8155714643a6b9dc2ec30c420b93.jpg,394,559,559,0,0
train/0394/1d0fb7f71b1642ada3e262755d9e2029.jpg,394,88,88,0,0
train/0394/1dded167a4924c519f7ff3e5399fc0fa.jpg,394,592,129,0,0
train/0394/2b96aca869f94ccc81ed31ea61e17f41.jpg,394,320,320,0,0
train/0394/32aa4641dc214c408c60c3cc285460c9.jpg,394,394,394,0,0
train/0394/426921504c394ed98ae7c8fcd78ec8c0.jpg,394,394,61,0,1
train/0394/4eead7da42d54fb286120b9ca1ce3c2d.jpg,394,559,394,1,0
train/0394/5c332f010d8f40c78230c8074cc85876.jpg,394,252,252,0,0
train/0394/64e758dde0714f37887054fd9c901905.jpg,394,695,695,0,0
train/0394/79631e680e884026a44c5d9534f63b4e.jpg,394,540,540,0,0
train/0394/7c3caeeaa3c04dbf806160f2d7e0a4b3.jpg,394,330,540,0,0
train/0394/9878426a659c4f899fe6298cde0566a9.jpg,394,394,394,0,0
train/0394/aa59a1be9e5246f88a9049a6f988ef69.jpg,394,147,147,0,0
train/0394/afa71a9c0d3c4a729d5a0c2965639496.jpg,394,509,259,0,0
train/0394/b389d55659834b909121690c0227ed40.jpg,394,252,488,0,0
train/0394/d0737567dde84a459fbe0996ce5b11da.jpg,394,559,559,0,0
train/0394/d258c942e6eb4c169306f29fb6080b49.jpg,394,509,509,0,0
train/0394/d7dd6a7bc1b64832869decbbd58c76f2.jpg,394,394,394,0,0
train/0395/005a8538b9484f9e89292a07d55a46eb.jpg,395,395,395,0,0
train/0395/01c51bd3a3c648559e6855fb759f5577.jpg,395,395,395,0,0
train/0395/03ee32d8cd444fb1b606d30baf571bb8.jpg,395,395,395,0,0
train/0395/0b23b2d8b08645f9bc0f773381429b7f.jpg,395,395,395,0,0
train/0395/0c352e7ee6884ed091bd08355e96d569.jpg,395,395,395,0,0
train/0395/0c9ec634fa47485ab2efd85baf409574.jpg,395,170,170,0,0
train/0395/2af19b55d8974484947017077b327958.jpg,395,395,395,0,0
train/0395/3edd8cfb5f70498ea58a1a32fd68e308.jpg,395,395,395,0,0
train/0395/5eebb5118cde4c63ab8e9ef54a69ff79.jpg,395,395,395,0,0
train/0395/65360aa8d62d486888bc1271c41bbb5b.jpg,395,395,395,0,0
train/0395/6d067a7d03af4342884b53d52cc96ecd.jpg,395,395,395,0,0
train/0395/8588db93421841e19259d2c2ea95b474.jpg,395,395,395,0,0
train/0395/a73ce78ae1a746468b8cfbe6b35ba9a6.jpg,395,395,395,0,0
train/0395/a79fed1fd24d44b7a8e5c5cb375e72c6.jpg,395,395,395,0,0
train/0395/b8d38677cfc941b2a5547d1e428542ac.jpg,395,395,395,0,0
train/0395/bdb18cdc938a46c49d34738eba8e175f.jpg,395,395,395,0,0
train/0395/c98447d9cd774ab8b01ea0b0572704f0.jpg,395,395,395,0,0
train/0395/ce115e167aa74d1bba266b3e2cbffa84.jpg,395,395,395,0,0
train/0395/d19671451d5f476098ed0bdd952269b2.jpg,395,395,395,0,0
train/0395/d4e26206f7554a0ebc8e877338f21c62.jpg,395,395,395,0,0
train/0395/d79e6192a55b489eafd4b256eed029e3.jpg,395,395,395,0,0
train/0395/fea51d6c02704707a5d887e08d87c9fd.jpg,395,395,395,0,0
train/0396/0697416c060441ff92eaec9e4042ce67.jpg,396,448,448,0,0
train/0396/0db9ac9d519b4fb38556859c4b0f8e41.jpg,396,396,686,0,1
train/0396/481d3deb9b594c7aa5467302ff112501.jpg,396,518,518,0,0
train/0396/54c052879312446bb955fc53a43cdd99.jpg,396,97,97,0,0
train/0396/584627beb5b740fc9c7485b61ed50868.jpg,396,374,374,0,0
train/0396/71679e3f1ab043f3840a7bae09a71a87.jpg,396,350,350,0,0
train/0396/7c5dad86eded4e24a77fd02ef73e9d28.jpg,396,393,10,0,0
train/0396/7d7b7a8c075b48eca348c15b432ba63f.jpg,396,598,571,0,0
train/0396/835f8fa8de184001a6bdc46f902fb35a.jpg,396,374,598,0,0
train/0396/8697d41941194f44a9021d1b3cab06c1.jpg,396,641,641,0,0
train/0396/8f4e6a67303645bba2409a11c1813b3e.jpg,396,571,571,0,0
train/0396/9b7ea44742114b2a97793c45b597a72d.jpg,396,213,213,0,0
train/0396/a23b2ae9d97a420da9ac947e21a27bb2.jpg,396,396,686,0,1
train/0396/ab478d38f59f405a81a88a9fc9244e0c.jpg,396,571,571,0,0
train/0396/af94b7b09f4b43d1b4ff0308391587ed.jpg,396,396,412,0,1
train/0396/b508a84e79c549bea9894956bb97fb36.jpg,396,217,566,0,0
train/0396/b97163898f2d4bb5a07af6b80ba5fef0.jpg,396,649,184,0,0
train/0396/c296388634264c6ea692b656cb8efa86.jpg,396,476,710,0,0
train/0396/d2706bea8aee40fdbece4aa02115eb0e.jpg,396,21,21,0,0
train/0396/deaf7f1575fb481092c4d85e0140fe91.jpg,396,213,213,0,0
train/0396/e32e970875544bffb07f1975fa763f23.jpg,396,344,344,0,0
train/0396/f8412efbb76e4f2183a354eeea1e09fb.jpg,396,374,407,0,0
train/0397/0a930740bbad4938afc0242d90ad7c4e.jpg,397,397,397,0,0
train/0397/0bde82fa889546e49ba99012cc413099.jpg,397,397,397,0,0
train/0397/19a55e467688450a91f07a427131c565.jpg,397,397,397,0,0
train/0397/422247f3dd18423d9c8ca5b025d80498.jpg,397,397,397,0,0
train/0397/47f0f7884d7d4f0eaecbc0d3e49649fb.jpg,397,397,397,0,0
train/0397/498959f913e947c1bea6fc07d28f07da.jpg,397,716,397,1,0
train/0397/53079373dc7f4f608b5f5202ea4bc5ec.jpg,397,397,397,0,0
train/0397/5cc870383b4b45858e76c8be1e78a903.jpg,397,397,397,0,0
train/0397/60ef03dd2ac747c98bbb51398a9afcc8.jpg,397,397,397,0,0
train/0397/64a5259de41344a7869a0f3cf8a2389c.jpg,397,397,397,0,0
train/0397/770f6f0095614169b1944bb573887b0e.jpg,397,146,350,0,0
train/0397/80ce341b65cb43eebe48746b5d6ba3f9.jpg,397,468,468,0,0
train/0397/a0319ec0178d421381163e310402d04d.jpg,397,716,397,1,0
train/0397/ab1348ec8c6f4deba304edb071949af3.jpg,397,397,397,0,0
train/0397/ba916848409244b6962931f992790f32.jpg,397,433,433,0,0
train/0397/c939756612354879a32be32b421ea38f.jpg,397,200,496,0,0
train/0397/cc2d59b532ab46b39c4158f7d436f70e.jpg,397,286,350,0,0
train/0397/d24c6d0c62ce4df2b0be7f9b8810ebb2.jpg,397,646,666,0,0
train/0397/dffaa67991584ba99ec6b22e20ade501.jpg,397,532,368,0,0
train/0397/ea83305df4ed42a8a6e08c788bfde5c2.jpg,397,288,22,0,0
train/0397/ebdb53ca95cd490ea52d6b3019aff6cb.jpg,397,397,397,0,0
train/0397/ef3bf3cb30264539b061100d584e9646.jpg,397,1,1,0,0
train/0398/02f2307afd854e8e804ec3c2b52e523a.jpg,398,399,399,0,0
train/0398/091810b9897f468bb83dd493b74d35b7.jpg,398,398,398,0,0
train/0398/0945810b2bed4d68a64648ed4b3bd377.jpg,398,398,398,0,0
train/0398/1bc3200ada904ebaa411dd37a54e1254.jpg,398,398,398,0,0
train/0398/447e528c0b544297a7bcfa84df9819b5.jpg,398,398,398,0,0
train/0398/61751d82258c45f98d098bead4b26d2a.jpg,398,398,398,0,0
train/0398/62b7665e1da54968ba32c2a1f9731958.jpg,398,398,727,0,1
train/0398/64225acceb994b76bf3fe73672abc57f.jpg,398,398,398,0,0
train/0398/6d1e02201f6c4653afb4816c7d4fa226.jpg,398,398,398,0,0
train/0398/8bbd4295272a4a898ce0a046bbbc86eb.jpg,398,398,398,0,0
train/0398/918dddd87ef2445d990d5c624d30b736.jpg,398,398,398,0,0
train/0398/a66fcd4217d94beb8c0fb14fb78de289.jpg,398,152,152,0,0
train/0398/a6ea61d3646f4866a974454f44578d83.jpg,398,398,398,0,0
train/0398/af385bc29f8c4cb68b6110b8794e5baf.jpg,398,12,12,0,0
train/0398/b78f66620a1248659da7826dc382fdb4.jpg,398,398,398,0,0
train/0398/c8a2ebcb8db2430fadefd17f542249cd.jpg,398,232,232,0,0
train/0398/d3cb8b0c6b27436cb9938c49d6e77f22.jpg,398,398,398,0,0
train/0398/e7fa3e8521d840fc98b6b6f4e68c5336.jpg,398,398,398,0,0
train/0399/070d7627af40449c8407a47ffa68e06c.jpg,399,399,399,0,0
train/0399/0d60b577958d4b4cbc66f88000a04ae3.jpg,399,399,399,0,0
train/0399/1818e00f7ac8462aadf378bcac7295cd.jpg,399,399,399,0,0
train/0399/19e39af6dc064f93b24b35e70affea55.jpg,399,399,399,0,0
train/0399/23c98dcb510940d5b6735a8fc70d0210.jpg,399,399,399,0,0
train/0399/2ae9e6b29e3a4ba892df0ff0d4b82a47.jpg,399,399,399,0,0
train/0399/38b1014c5ff647dba19179cb6939b395.jpg,399,399,399,0,0
train/0399/3c202998413a4c8dbd615d2c8493c5b4.jpg,399,215,215,0,0
train/0399/3f334373f3f0447bbccbfd3c1f1b2d32.jpg,399,399,399,0,0
train/0399/44928c7c05a94bdc8bf067ee9e123ff7.jpg,399,399,399,0,0
train/0399/5b8021393bdf4e2cba3fd3c06a26d274.jpg,399,687,687,0,0
train/0399/7a50fe573ff54b03ae4090b6d31af9f7.jpg,399,425,425,0,0
train/0399/83cece53e71d41089d57310bb77ca88c.jpg,399,294,631,0,0
train/0399/84cd0adb86d94737a0fe4acf4d706d7c.jpg,399,399,399,0,0
train/0399/88e7fe3ee71c445e9bda27dd1f8d8ccc.jpg,399,215,399,1,0
train/0399/8b3b97f2917a41539949db38337dabec.jpg,399,399,399,0,0
train/0399/9b541e05cffa4d66897c20b550d3be22.jpg,399,399,399,0,0
train/0399/afef3febac0741d88eefbd85771e6afd.jpg,399,399,399,0,0
train/0399/be16e6e4483145648973b1c36c7f82e2.jpg,399,399,399,0,0
train/0399/e0b488c02a154e9481144ec8bfa45743.jpg,399,215,215,0,0
train/0399/e7c3b5113f264d1abe75099f86daabf4.jpg,399,399,399,0,0
train/0399/f11da49b2abd4c7d8dc0f65490237dfb.jpg,399,294,631,0,0
train/0400/11e354cdb1654cb1b1a3124e30e8e7c1.jpg,400,326,326,0,0
train/0400/1b886fc09a5348e5b37f0a7774d81211.jpg,400,400,400,0,0
train/0400/24ddd19d57e4412c94bfc63651bcbb70.jpg,400,13,13,0,0
train/0400/42190b7808d94ba48e35f760da3d2b75.jpg,400,216,248,0,0
train/0400/6bd2e0b4e82e445d98d7014f0b72141a.jpg,400,400,400,0,0
train/0400/8a561c51ef894da3a214f7fe6efbc67f.jpg,400,248,248,0,0
train/0400/9f617a86e4704b678d1d4afe54c4f880.jpg,400,645,645,0,0
train/0400/a4224c0c304343768303dc459c7bb869.jpg,400,209,209,0,0
train/0400/a7c589230c894cc7a1af1e10e1a594b9.jpg,400,400,400,0,0
train/0400/aa35733dcfb843a6834010e55ad9317e.jpg,400,400,369,0,1
train/0400/c0a318e4332b441c958681a966d350ce.jpg,400,559,559,0,0
train/0400/c42a1bd00c3542a096b244a7e927ef0a.jpg,400,206,206,0,0
train/0400/d21166f0c63e40dcaf5a87858ed76210.jpg,400,400,400,0,0
train/0400/d559489498c14847871b58b9c74dfb4c.jpg,400,400,327,0,1
train/0400/ebb32794936e44188cc3282ae340c30e.jpg,400,645,744,0,0
train/0401/0339a40b33994843af1bc4050a34229c.jpg,401,401,401,0,0
train/0401/0fe8368e79614b79b739de30d195eb04.jpg,401,401,357,0,1
train/0401/17cbaba6743b4773ad7fa9421ff11b37.jpg,401,401,401,0,0
train/0401/1a8794b5c7a044d2961d13f32465e1bc.jpg,401,401,401,0,0
train/0401/22e109d8b9d747ce94aaa1388997705d.jpg,401,401,401,0,0
train/0401/3cc010e0629247018370cea71f1094de.jpg,401,401,401,0,0
train/0401/51ed70b0811c44c3a8de32f2ba0dbc62.jpg,401,401,401,0,0
train/0401/6308a428a9b2432283a6bad815349e0a.jpg,401,401,401,0,0
train/0401/67a601be652249128703df73083ca63c.jpg,401,401,401,0,0
train/0401/72c14ea213ac49da98ebe0cabc643964.jpg,401,401,401,0,0
train/0401/73a3da9add5747ed9452bb939cd877d4.jpg,401,401,401,0,0
train/0401/759203238cb540239e0bada59d96fd98.jpg,401,401,401,0,0
train/0401/75d4ea492574490abf2ccac0db17bdd2.jpg,401,401,401,0,0
train/0401/77a82344d8124a2d9f386273ff7825a1.jpg,401,401,401,0,0
train/0401/80f826ac366d4db8bd9cac6c82df6792.jpg,401,401,401,0,0
train/0401/a1959a33ccb045c3b3bdc21f0d39a5d0.jpg,401,401,401,0,0
train/0401/a8b863d265484011a6c63b9e9da4d066.jpg,401,401,401,0,0
train/0401/bb9d26e8c0c949029177ef4fd6268c80.jpg,401,401,401,0,0
train/0401/d023b373459b41f9ac206db42ddebab7.jpg,401,401,401,0,0
train/0401/e0f02545a1974c9394ad64cd0e65b145.jpg,401,30,401,1,0
train/0401/e19d6af0f8604c10a11a8ea25305af6f.jpg,401,401,401,0,0
train/0401/f04f8ceafaae4ccf9f81b022a0ca1714.jpg,401,401,401,0,0
train/0401/fe45015f6d264b2db3d91ae528095b13.jpg,401,401,401,0,0
train/0402/042cc4eaecb24da0a54f38834538e540.jpg,402,402,402,0,0
train/0402/065b13981bae44f796a0dde6d57bc033.jpg,402,63,51,0,0
train/0402/0acd9ce4e11b46fd86e47c09732c7d62.jpg,402,171,171,0,0
train/0402/0f945b9ca29d4cdfb25a37af03998614.jpg,402,458,458,0,0
train/0402/1c4ee80b5a4840d8b5c9ca419ec3011d.jpg,402,402,476,0,1
train/0402/232bb68755c54c87bfaa4df683cf0e38.jpg,402,139,139,0,0
train/0402/312e838c72c84a3ab0f87713d0952117.jpg,402,171,295,0,0
train/0402/3886ee375ccb4190ac04e402cd46b7bd.jpg,402,171,476,0,0
train/0402/439319017f664f2c88b721ccd596cd50.jpg,402,402,402,0,0
train/0402/4bbb1d15d2534c018785d9367bc05952.jpg,402,402,402,0,0
train/0402/51fc04f692144acd923bc48f9aae5d30.jpg,402,171,21,0,0
train/0402/53942aa3fc574b6994026097d263e8ce.jpg,402,402,21,0,1
train/0402/5e413fdbabcd4974a3b833afa4362aec.jpg,402,402,402,0,0
train/0402/646db42151604e15b57730befea6e479.jpg,402,293,293,0,0
train/0402/64c64f0593c64dfb8d97d87dbadf789f.jpg,402,402,402,0,0
train/0402/90004398382a41ac909b0d0ebfbe28c6.jpg,402,476,476,0,0
train/0402/9746396ca02c4db9a4c6e24cbfd46b52.jpg,402,402,402,0,0
train/0402/a1c232f43936412db44200d958d7a551.jpg,402,171,21,0,0
train/0402/aa667a90fbaf475691887c94a2dc7f20.jpg,402,402,402,0,0
train/0402/b67ca97c6d4d479380a7ead999797ff2.jpg,402,139,434,0,0
train/0402/bab4228417b84965bac38c5a0ba784fb.jpg,402,139,480,0,0
train/0402/c065268dd102470192f0dda59b0dbba1.jpg,402,434,434,0,0
train/0402/cd08737f73094054b54e03e18df5f909.jpg,402,402,21,0,1
train/0402/d305c377dfbd49efb804937995d8d2c2.jpg,402,171,171,0,0
train/0402/e80979fc2f2e47cc8a628ad7c4e90305.jpg,402,63,63,0,0
train/0403/0eb6301bc84443e7b74b5fa3d776e3e6.jpg,403,403,403,0,0
train/0403/21b991f542844b328de7b57075f42edd.jpg,403,608,608,0,0
train/0403/43d43a902a0b4effa41181d5e1597078.jpg,403,516,715,0,0
train/0403/4c27d93f12d14525a8f4cb2c663ebeb0.jpg,403,84,578,0,0
train/0403/584efab490d840c0b378849891d14842.jpg,403,608,334,0,0
train/0403/59992352e49349de815d621e44314a64.jpg,403,403,403,0,0
train/0403/5dab3f00a2c24d818ebb6d8c804b1325.jpg,403,388,133,0,0
train/0403/619976cc414a4120ab54d398d8f5073a.jpg,403,408,408,0,0
train/0403/6747e37ec3de45d9958b05d9ce7c65e1.jpg,403,608,608,0,0
train/0403/98bff64e86884648b1d24b1a7533d3f2.jpg,403,608,608,0,0
train/0403/a0e3601f83fa4f1aae6193f0735e4e22.jpg,403,112,152,0,0
train/0403/a1da9e2953fc42a98db219945f00b540.jpg,403,608,334,0,0
train/0403/ad27b1cdbe20436cb39de3ab0779d2ca.jpg,403,619,619,0,0
train/0403/af8bba183b274d7ab5a89329a33138a7.jpg,403,403,403,0,0
train/0403/b58b03dbc1334ce4b2d7228056d25ea4.jpg,403,582,582,0,0
train/0403/c69b3a5a20c747c591b070b22035e762.jpg,403,480,480,0,0
train/0403/cce3fbbe86de47f6b84bcfbc5329e321.jpg,403,241,10,0,0
train/0403/cefa905a14ae4629ac69cf83810a23a7.jpg,403,403,403,0,0
train/0403/d224ba6f2c3845f48ced4e46217ddc34.jpg,403,192,192,0,0
train/0403/e5a0805e24e548a4b43aa193d8c441b0.jpg,403,16,16,0,0
train/0403/eeea3fbe059841f4a9fa15f55aa2ed39.jpg,403,608,608,0,0
train/0403/f410b406e4154127ac0eff15f09cf306.jpg,403,714,53,0,0
train/0404/07df4fffa1e049b582e65c3261e2189d.jpg,404,207,207,0,0
train/0404/0a3728106a1243acad9bd2013b7ed315.jpg,404,207,156,0,0
train/0404/0a84f664fa3c42eaa566fea975303fed.jpg,404,207,156,0,0
train/0404/14a9e19525574763ad404ecb013d7b9f.jpg,404,207,156,0,0
train/0404/1885b757af91408881269b6ec78fb754.jpg,404,404,461,0,1
train/0404/3fb22efa6db54bf6b82d3242eb034014.jpg,404,404,461,0,1
train/0404/50588eeb984d4a5794b5d96e84da964b.jpg,404,156,156,0,0
train/0404/7210be14f548466292c2572161796dfb.jpg,404,207,207,0,0
train/0404/7dc45f2aa28d4006bd0d0ee418672969.jpg,404,207,156,0,0
train/0404/91a101b2098847bf8137a25ce76a8d31.jpg,404,207,156,0,0
train/0404/a600dc6403d943e780e0903037549951.jpg,404,207,156,0,0
train/0404/a67dc7f886c4400895fba593a203d11b.jpg,404,404,156,0,1
train/0404/c8369c2f2a0545fb8cb932397b31d08d.jpg,404,207,207,0,0
train/0404/e1cf805696be445c8b611b5db02ceff2.jpg,404,532,532,0,0
train/0404/e6c6248930f84ea8831d063fd3ceb954.jpg,404,207,156,0,0
train/0404/e9e29d00b1c94ec1819e9efd55d7f09d.jpg,404,207,207,0,0
train/0404/fe5036884aff41aa8016c1ee497d9133.jpg,404,156,156,0,0
train/0405/03ed22986b4749cdb3c0e797d97da119.jpg,405,151,151,0,0
train/0405/095024ed103a48a68b47806e2891911d.jpg,405,341,341,0,0
train/0405/0d43a7b665364c7093aab1f5873eb993.jpg,405,405,405,0,0
train/0405/0ffe45d5f0864772951c73e6f4c4bd6d.jpg,405,341,341,0,0
train/0405/1d8f1de72dd64551bb430efd9409bf9b.jpg,405,341,341,0,0
train/0405/1e48e4bcd9974206879d302496f34bec.jpg,405,584,405,1,0
train/0405/457109a11e1949009d43529555a0d8a1.jpg,405,9,9,0,0
train/0405/55097c6da46f43f4a95a092cb31fe507.jpg,405,408,608,0,0
train/0405/6e569e32eb8941c0b7393e922e00e54a.jpg,405,608,608,0,0
train/0405/78e3a438c9064a02a79f4aeb1d981da9.jpg,405,405,405,0,0
train/0405/a78d0bd0d2714c7e999c2da1ee716095.jpg,405,564,564,0,0
train/0405/a928a414522b4aacbad5e25d7dd8831e.jpg,405,406,710,0,0
train/0405/ab41dbd0e71d44418cb8e28b0e7a9bcc.jpg,405,341,341,0,0
train/0405/b085f8beb68943cea999aa9069cc5860.jpg,405,619,619,0,0
train/0405/df97534e277d4a718a3b59210f6d756f.jpg,405,405,405,0,0
train/0405/f9edfb75f70e4e6a8775bfed1ba1c4ce.jpg,405,405,405,0,0
train/0406/006863e4914548f18b3a03d66dfd96e5.jpg,406,406,406,0,0
train/0406/129770e644d74c279fbbdf991bd476a7.jpg,406,406,406,0,0
train/0406/143a1e2e3a4945c7a7baa07c4621b0f1.jpg,406,406,406,0,0
train/0406/28643de9e7db4b6687d3ab470d3fa8c9.jpg,406,534,540,0,0
train/0406/5ad6fb2594a348e0a9f79a2dad5cbc60.jpg,406,406,406,0,0
train/0406/5d1ecbd6aa2f4973b6e9e65e8eafebd9.jpg,406,406,406,0,0
train/0406/5ebe89c776f84b819b7794c724c680a5.jpg,406,406,406,0,0
train/0406/6d61872bd72f47edb514fbf490204a85.jpg,406,406,406,0,0
train/0406/84b0da2261e641acac9e066960aa7603.jpg,406,406,406,0,0
train/0406/887c04aa78fb4af399694a1f7b453b9b.jpg,406,406,406,0,0
train/0406/8ac391e625ec40d686e4c4cc015662f5.jpg,406,406,406,0,0
train/0406/8cf40f0794c94a028014e87940d62f84.jpg,406,406,406,0,0
train/0406/9a241f8624a749c0ac40d280fb39e8a1.jpg,406,406,406,0,0
train/0406/a5645d9cca6f45d7aafcc28a40279812.jpg,406,406,406,0,0
train/0406/b0abcb0e06e04db898547d11a816a43e.jpg,406,406,406,0,0
train/0406/d3e919a3d2db42bbbb38a6d616fa10c6.jpg,406,406,406,0,0
train/0406/fa68b30340b94696bcfb0086e30aebc2.jpg,406,406,406,0,0
train/0407/104332a26b1a43c0b09a6da60e3c525c.jpg,407,571,571,0,0
train/0407/37d88f6b14694ce39ed2e8debc34bf18.jpg,407,571,571,0,0
train/0407/62e2383447d1447b9f6c5c75621a774f.jpg,407,550,550,0,0
train/0407/8732606f1bed41378d76df937d1f8ac5.jpg,407,571,571,0,0
train/0407/bde8bc6090d04fee99ca4a55b017344f.jpg,407,308,279,0,0
train/0407/bfc2761a6933417c8af11f2c8080c824.jpg,407,550,369,0,0
train/0407/c68f4ea30a2f4b4b9d78594ce1379257.jpg,407,363,363,0,0
train/0407/cd58d8c207d041f1bb647ae2ebf71b98.jpg,407,571,704,0,0
train/0407/eaa97e007ada49c0bc00287813352134.jpg,407,71,71,0,0
train/0407/ecefa4159034411ab7d658629ddbc692.jpg,407,213,213,0,0
train/0408/03e47de713e443f5aaadd19b3b3ede6f.jpg,408,408,334,0,1
train/0408/07ced2ec1a854796b0fa7d6e2da6ad54.jpg,408,608,419,0,0
train/0408/10aa0f66d90144b29aab24b3c6b18d49.jpg,408,608,608,0,0
train/0408/165ba656bce447df9278228cd5af9e1e.jpg,408,373,485,0,0
train/0408/217c326fac9347eca1a1f36000409250.jpg,408,334,334,0,0
train/0408/52c8adb0526946d492257ea5dba26d7a.jpg,408,334,334,0,0
train/0408/539338a2f99540b08cf98c2431862757.jpg,408,334,334,0,0
train/0408/5405cf74f4f64c6d9060c921a03c1773.jpg,408,408,408,0,0
train/0408/59c8df366c944591b2cfb4f71eec4a05.jpg,408,408,334,0,1
train/0408/6910634d3dfa486c83bebd3187aaea8e.jpg,408,608,608,0,0
train/0408/6cd341b251c847eba7db863dd965a0c1.jpg,408,328,328,0,0
train/0408/708ce69cd5674fb78bfb584923ca49fc.jpg,408,341,341,0,0
train/0408/8dc8ac2b1b0a41d2802e19b410ae45b6.jpg,408,449,449,0,0
train/0408/9fb502a8323d45f698d59e2243e8ef1d.jpg,408,408,408,0,0
train/0408/b9b46b9255174da9b4923ab5d2653b1a.jpg,408,408,408,0,0
train/0408/be25f799f3a1479facb1cc1bcbd9bd8d.jpg,408,403,403,0,0
train/0408/c13b385457ad47b3939563b33b3be108.jpg,408,408,408,0,0
train/0408/c699ec3444c149b6bdd5dd44d9600132.jpg,408,460,408,1,0
train/0408/ce2d051c571742fd9dd887e5caf5d5a2.jpg,408,408,408,0,0
train/0408/d06679095f1f4a129c578966119846b4.jpg,408,582,582,0,0
train/0408/df092fee19fa440da3b818708281c54e.jpg,408,408,334,0,1
train/0408/ea6620f448c44aee9c02579e7846cce7.jpg,408,408,341,0,1
train/0409/072b7000c5674e478e7a68153dc71e1d.jpg,409,388,470,0,0
train/0409/085b561ed4a843e48000942285ed46d8.jpg,409,203,470,0,0
train/0409/0a58c8cc87db48aab27b70af86c852ee.jpg,409,247,247,0,0
train/0409/142ed8f31f83422493f2bc9b31327209.jpg,409,409,388,0,1
train/0409/302dafab101c42e1a53f5d0b72f8ccd5.jpg,409,388,409,1,0
train/0409/30b532d163034f0e96e648e400b00f60.jpg,409,120,120,0,0
train/0409/3211d920b75d440d801fa09e8262fbcd.jpg,409,224,224,0,0
train/0409/4746e90465934fbb8fcc0bd320285e25.jpg,409,247,388,0,0
train/0409/4811ffb251784241bf3309194bdf6433.jpg,409,203,748,0,0
train/0409/4c8a087ff046491384e3450539d5bca4.jpg,409,409,388,0,1
train/0409/72a4decfe56441038e1ef0543bf212fa.jpg,409,440,10,0,0
train/0409/73e24244038e43dbaa32e08905c42d12.jpg,409,388,409,1,0
train/0409/7d0a0d023ab743a087d454f0ce132c28.jpg,409,116,591,0,0
train/0409/8553ea75623b44629e5a193dafa3a475.jpg,409,409,388,0,1
train/0409/8cdfbab7643f499e83e1ce6d4d4a52b4.jpg,409,409,409,0,0
train/0409/bf18e7efac8d4868a520d4a71b6d98d8.jpg,409,409,409,0,0
train/0409/d7fd12edb9954ff49ede9491c3dddb24.jpg,409,409,409,0,0
train/0409/f6461e49eff04b78ba566a1e7492afd6.jpg,409,136,136,0,0
train/0410/0629653d6bb14ed094e809236f876acb.jpg,410,736,736,0,0
train/0410/10ade01169d74adeb6451ffc9b2caf02.jpg,410,410,410,0,0
train/0410/26a6140fd06746c5b1dfd73507fa2c53.jpg,410,300,300,0,0
train/0410/29cc55352da7462eb76a8dec25c34e4b.jpg,410,410,410,0,0
train/0410/2e41442b82814369a60e89da43452516.jpg,410,410,410,0,0
train/0410/3eabc6b1ca1d4cfe9756a31fcf0e7736.jpg,410,495,495,0,0
train/0410/61c27e887ebc4925ae1371229734df9e.jpg,410,410,410,0,0
train/0410/690b14caccd34ca4a8078be5637aeeb2.jpg,410,410,410,0,0
train/0410/6c2df6f3d8084958b4cb8fdca9658045.jpg,410,410,410,0,0
train/0410/7835ad90722849f0ad33ede74d36a929.jpg,410,410,410,0,0
train/0410/a0f4920fa7d542639511c13f28e398e5.jpg,410,410,410,0,0
train/0410/bc8e7a3d786041f992b5684a310010ae.jpg,410,410,410,0,0
train/0410/c8a2b7aef6b542eeb5a4dd700926f785.jpg,410,410,410,0,0
train/0410/db6ad6de05964ae09ad998984dc6e408.jpg,410,410,410,0,0
train/0410/dd031e1d8ee24deaa859573307838d52.jpg,410,410,410,0,0
train/0410/f2c2a9ce843f47a9b655cd5deaf51d9d.jpg,410,410,410,0,0
train/0411/0757780f3cf14dd5b106420d32af145f.jpg,411,129,129,0,0
train/0411/0d151e2e0a0e440a9669c2036c226e33.jpg,411,411,411,0,0
train/0411/10336f3f81364f68a1d56f992128dc72.jpg,411,454,454,0,0
train/0411/2414aa4479214f31af67f7276704da84.jpg,411,503,58,0,0
train/0411/3330d26178db4935a3a61c93b79d57a9.jpg,411,232,232,0,0
train/0411/36da401effdc4272ad4417aac1ad2226.jpg,411,411,411,0,0
train/0411/3bbdf49a89c744868d6d45d9069d40ca.jpg,411,411,411,0,0
train/0411/3c95c3e92d4945e0b9345e26d20a7b17.jpg,411,411,660,0,1
train/0411/3dc03b6068cf42ed85fd7888054c99b3.jpg,411,411,411,0,0
train/0411/58b20a41201d4b7ca8ab8df63b93bf31.jpg,411,206,206,0,0
train/0411/755fe9013f584e269a4ec3a6fade7a0e.jpg,411,411,411,0,0
train/0411/7b0502c190184f1ca87e7c2213001710.jpg,411,362,362,0,0
train/0411/87ad395d17a943db8ed5260020c1a927.jpg,411,411,411,0,0
train/0411/8b1aed1cdd974c73b17cb76e913ae54f.jpg,411,411,576,0,1
train/0411/93daf55dac574227b43c879216effde3.jpg,411,345,441,0,0
train/0411/9531a845071749a590eb0c2bd45d754d.jpg,411,411,411,0,0
train/0411/97ffb7106fb94004974171d7e9a09049.jpg,411,129,129,0,0
train/0411/9a2279bdfeb94787a22722576b3fbcdc.jpg,411,592,546,0,0
train/0411/a87e5487856e45e28bf6fb9ea61b783e.jpg,411,411,703,0,1
train/0411/aac14a804a5d4e61ba678f9796ba18c9.jpg,411,331,703,0,0
train/0411/c520076454c14bb9ba6705a4bb487d86.jpg,411,552,466,0,0
train/0411/e2403ce405f54b1a877887c91b663c86.jpg,411,660,660,0,0
train/0411/edb7a18ca8a14582a5f57b91633c5d65.jpg,411,411,679,0,1
train/0412/030fad7c4acb4577aee4e2b7cbf0dc28.jpg,412,214,412,1,0
train/0412/0fd1eb2e72944cb1be0b46b589c81853.jpg,412,412,412,0,0
train/0412/1010a4f3fd434dd088d38e138d8fe298.jpg,412,412,412,0,0
train/0412/1e324717974544e996b6a73a6e7a1a55.jpg,412,412,412,0,0
train/0412/2943f949a3e54ccca34edf29b06ad0df.jpg,412,412,412,0,0
train/0412/31627205f89a4b5bafef693880ecfc43.jpg,412,412,412,0,0
train/0412/3ecac4cc984646e1b48fd2e5e7844c71.jpg,412,412,412,0,0
train/0412/6734efa2be464707809a214e2a5bf6b6.jpg,412,152,369,0,0
train/0412/6f8c80e395bb44ba8113bc9f4e7e8d08.jpg,412,412,412,0,0
train/0412/80833fe3aaf84c9da64f72c459ba6023.jpg,412,412,412,0,0
train/0412/9237f615eb5046f79b6f16f0eaa7365c.jpg,412,412,412,0,0
train/0412/a06d61f7c7114faf944964ad19d33cba.jpg,412,300,259,0,0
train/0412/a0a349ff62904e83ba2ee48a23548578.jpg,412,543,602,0,0
train/0412/ad442f5f0a0c407781231f3f3977cad2.jpg,412,412,412,0,0
train/0412/c2a179c5c90f459ca812f4f61778fbb5.jpg,412,278,509,0,0
train/0412/c5b0a17770614b538491757ee6cfde0b.jpg,412,412,412,0,0
train/0412/d0ea5217a7014e289724763011246bf0.jpg,412,412,412,0,0
train/0412/dd8737097c1446fe9b4bb61471fba5e9.jpg,412,412,412,0,0
train/0412/e3c1133d44114759b708f21f849c86a3.jpg,412,412,412,0,0
train/0412/ebfa4d2e3e39409480408f3465ef98ec.jpg,412,649,649,0,0
train/0412/efe7cf2574364d378cd3cb0d7af6db9a.jpg,412,412,412,0,0
train/0412/f91df2a45fa942bc82fd610bef2232c1.jpg,412,412,412,0,0
train/0413/3ff986743efd43a8bc5451417e0cc32e.jpg,413,500,582,0,0
train/0413/9da4947363904588a6376ada4527ecf7.jpg,413,476,476,0,0
train/0414/35036bfd69bf4bfc9c0c6c813c3764b6.jpg,414,414,414,0,0
train/0414/58568a9ba26f41bab459b39ce89c673d.jpg,414,414,658,0,1
train/0414/63846025b6c64b919a6d646e766c5ac4.jpg,414,105,105,0,0
train/0414/64817b0b61c04b1997359d02beba9f64.jpg,414,414,414,0,0
train/0414/64f2c4d34c10407c9f18d0046bafb924.jpg,414,414,414,0,0
train/0414/68d08951cf004633bfab6a7c4d491c7b.jpg,414,206,206,0,0
train/0414/731b8094d24143149f1683c9d12e73d1.jpg,414,105,414,1,0
train/0414/83093ea4bc09452cbbd110e95a68287c.jpg,414,414,414,0,0
train/0414/8f90702a73b642a5b284d6b81dfa015c.jpg,414,414,414,0,0
train/0414/ad37c419665541dba96931e2113f9867.jpg,414,414,414,0,0
train/0414/ae0e8683a33241f58932bd50808be6ce.jpg,414,244,212,0,0
train/0414/bd7333c6ca0241c2ac06b54d5e6d1b03.jpg,414,414,414,0,0
train/0414/c60373e4c63b4785a816ddcff1d6a2a5.jpg,414,414,414,0,0
train/0414/d5a4722b266846e1a3ffcc432603c0d4.jpg,414,414,414,0,0
train/0414/dcb798e2ded741e59d0f67740c434063.jpg,414,414,414,0,0
train/0414/e56cff4a944441ab8e1236ca7dbb6dd1.jpg,414,414,414,0,0
train/0414/e973698751ac4f53af4f473a7b028ccb.jpg,414,414,414,0,0
train/0414/f3cfcea2552c4010ad9c6a4d7e80a027.jpg,414,414,414,0,0
train/0415/022960f25565463e98d5a0e9961dfdd3.jpg,415,302,302,0,0
train/0415/0db6789d07144cd3a63b06e4e2f595b4.jpg,415,415,415,0,0
train/0415/1ac9b61f6e3a4058861b6bd6c705f10e.jpg,415,415,302,0,1
train/0415/1adc0b5d9b604b3399d94764b04695ea.jpg,415,302,302,0,0
train/0415/37ab03c7774e4ee1add2e36bb585ab5f.jpg,415,415,415,0,0
train/0415/58fff73a51074b68b3790ef874339bc6.jpg,415,302,302,0,0
train/0415/78ad9e4dbec744498b20273a82fdc19d.jpg,415,415,415,0,0
train/0415/7dc5f1fd2a0941ca9e1e12c83962a7d3.jpg,415,415,65,0,1
train/0415/a9867c0306eb4720bf75c856f5c447f3.jpg,415,415,415,0,0
train/0415/b959ed0b863d487fa2dc6f8fffd58cf8.jpg,415,415,415,0,0
train/0415/c90cc9ce9ec34d7291b9ea901a6f6b5d.jpg,415,302,302,0,0
train/0415/d112bfeb8edc4f188b62b40c10c81291.jpg,415,415,302,0,1
train/0415/e0387df994c54a53b021e2621ba3d614.jpg,415,415,302,0,1
train/0415/ee37d57eec9d4a7c9990044ba127afbd.jpg,415,415,415,0,0
train/0415/f55bfc7cd96a46f995a909fd82960a57.jpg,415,666,666,0,0
train/0415/fb3716db398f458ba458bd0f18f4bdcf.jpg,415,302,302,0,0
train/0416/0375974b736a4eeca966b09f9ac4b2cd.jpg,416,416,52,0,1
train/0416/0bcd1e4b78be4e8cb4e339f4d10e0181.jpg,416,416,320,0,1
train/0416/0fbfde72ba9a4abea8db1792139bd7b4.jpg,416,652,622,0,0
train/0416/13d1c7e381fc4150858c31087a54032d.jpg,416,503,52,0,0
train/0416/172476c8842941eba6d29e98b136f0b7.jpg,416,416,416,0,0
train/0416/1926cd8c931d4e27a4854e2a2209c08c.jpg,416,416,52,0,1
train/0416/1a846d6b15f54fe98544c9a91d71fae7.jpg,416,416,320,0,1
train/0416/2b734fc617e64d74be8c3d0c4f67de36.jpg,416,736,736,0,0
train/0416/3775467f50d0467a87c965eee9f3bf78.jpg,416,416,613,0,1
train/0416/3b6f8e6bc2fd419587158ca6ad47968c.jpg,416,129,129,0,0
train/0416/5036f4258a4e470e97efe5bb3deb529e.jpg,416,362,362,0,0
train/0416/536af80936e34d07a562cdd18941ecc8.jpg,416,466,466,0,0
train/0416/73cb87c1a8df405f83d6472a729254e7.jpg,416,52,52,0,0
train/0416/74f6761770c2423a827c9501f722023a.jpg,416,129,129,0,0
train/0416/80eb650cadf0470ca0503abf721ff768.jpg,416,416,52,0,1
train/0416/83142cbab6ee407a9a28f8f000077e9c.jpg,416,161,97,0,0
train/0416/88decb560cf24af286b716a6f97c6c20.jpg,416,416,52,0,1
train/0416/ad2fb16bfcc147d8a0781989f8497258.jpg,416,52,52,0,0
train/0416/b122ca00cbae46eda5caef3b9123555a.jpg,416,416,736,0,1
train/0416/d4d75edc1dda4614999d25ce2425de16.jpg,416,157,466,0,0
train/0416/d648bdc0a1344198a612474389a6a929.jpg,416,416,503,0,1
train/0416/dff7bcab070a463da91fdac2eb443fc5.jpg,416,447,447,0,0
train/0416/e138f01e75b84b839c175733fea598d2.jpg,416,227,227,0,0
train/0416/f6b0f14a8f0f493fb7ce458d72785820.jpg,416,52,52,0,0
train/0417/009075e3c196407897200e7027138ce7.jpg,417,417,417,0,0
train/0417/0ea276d487a940baa5d5dddc88e10fb8.jpg,417,417,417,0,0
train/0417/1a51322234c043228f895ab0750f6847.jpg,417,417,417,0,0
train/0417/22c320e937554ff48d8d0ab879f8e970.jpg,417,722,722,0,0
train/0417/4141f487968e4a9193e1f6c61de10110.jpg,417,232,28,0,0
train/0417/41b632b0d27e4f93a12e27c7b0f4ff26.jpg,417,417,417,0,0
train/0417/43ad3adc2ce84df58301314f3887ddca.jpg,417,417,417,0,0
train/0417/50593190c1d54cb0a79effc19c1a0e8a.jpg,417,417,417,0,0
train/0417/5b64936d180e429b87f535f2ceab64c6.jpg,417,593,131,0,0
train/0417/7373f1ad87b24c9db4e55e7175eab5b9.jpg,417,417,417,0,0
train/0417/87508ee1f6054cdd9a36de6315282790.jpg,417,417,417,0,0
train/0417/932d383d92b54fb7a28eb256182bd3f4.jpg,417,473,473,0,0
train/0417/b6fb2a0f9cbc45ad88a9d500bd857af8.jpg,417,417,417,0,0
train/0417/e0366fbb7b7e42e0ab0f186fa4397c67.jpg,417,31,131,0,0
train/0417/e903a7591ba64a80b41919d860c851bf.jpg,417,417,417,0,0
train/0417/f0fdb82bd302401bbb39952e80ebf4ca.jpg,417,417,417,0,0
train/0417/fb2df2a68e9849979e3d5b215a54fd02.jpg,417,645,645,0,0
train/0418/0572e729ae4e4132812e73cf6de3b01a.jpg,418,418,418,0,0
train/0418/0a2e279315f54fa8a7742b6a0bbea75f.jpg,418,418,418,0,0
train/0418/1159be7866444ff68d55ca2e2f93c325.jpg,418,105,105,0,0
train/0418/116b882d3efe4c0795d17c8cf6037b3b.jpg,418,418,418,0,0
train/0418/7e7d088217f44d0e9e1efecfdb93c39d.jpg,418,418,418,0,0
train/0418/891717f1d7674b4faec916ab3d5612e7.jpg,418,418,418,0,0
train/0418/9b15194e20114b108e74bd379056ec83.jpg,418,105,105,0,0
train/0418/9d647417de8d4904b01e29bbc9ae0f60.jpg,418,418,418,0,0
train/0418/b8b803b887864769a21dc1071c2af693.jpg,418,105,105,0,0
train/0418/bc73d2a5fbd84f51b1fb0744e7afe19a.jpg,418,105,105,0,0
train/0418/be1c6e7f14dc4270868255872cab0dec.jpg,418,105,105,0,0
train/0418/c0f0546dedd24536b1227c277069fce1.jpg,418,61,501,0,0
train/0418/c36e895d1717432598c014d51cc9cb91.jpg,418,418,418,0,0
train/0418/c42a79c8d19f4b8a847fb46316fc7026.jpg,418,695,565,0,0
train/0418/e8a1247afb614ff7a4eb1825939f15ec.jpg,418,695,565,0,0
train/0419/23ae77de7eaa4ec585032acd08f46f73.jpg,419,564,564,0,0
train/0419/2b85fec089694e46aab31fe6c8efd7dc.jpg,419,40,40,0,0
train/0419/2cfd9d6a6b1742f68adca8fc154d7d31.jpg,419,608,419,1,0
train/0419/2f464bc8e88c4ed6a734749182e797ef.jpg,419,419,419,0,0
train/0419/32c46c8a405b469c9e8b4f75e3b63d90.jpg,419,10,10,0,0
train/0419/38f734aeeec74a7e98e9c5d5c7f230de.jpg,419,419,419,0,0
train/0419/46d3eef77d264acc861fe6889ac573dc.jpg,419,419,419,0,0
train/0419/5d06063a83ad44a7b75f78a2cf54dea1.jpg,419,419,419,0,0
train/0419/72ad9f3a6e304024aea8cac37fc4f550.jpg,419,293,293,0,0
train/0419/7a5fa2d86d0b41b8bbe6476d91880f69.jpg,419,419,419,0,0
train/0419/8268bb331b03421fa14e0d7fffa0de3e.jpg,419,419,419,0,0
train/0419/8e564b9636224a2bbd4efeee796b6a35.jpg,419,293,293,0,0
train/0419/a3d25aaf42b144c28d71b9584d11bfa4.jpg,419,419,419,0,0
train/0419/bba097268ee848d3be37b087463ba56a.jpg,419,419,419,0,0
train/0419/bf064503a9394409bbd4ba8ef8b484c7.jpg,419,714,387,0,0
train/0419/d027c741cd8d4337879f5d9f6cceace7.jpg,419,419,419,0,0
train/0419/d456b0f2b3244c128003b2787d87daf2.jpg,419,419,419,0,0
train/0419/dbd7806911374d35a0d13d0afdc995e7.jpg,419,192,192,0,0
train/0419/e7e2fc660d1d4b7981b4f0a633cd5c26.jpg,419,293,293,0,0
train/0419/ee10bf53c5ef45ad9ecb33150d82e6c4.jpg,419,564,564,0,0
train/0419/f46061c34ca540f9bc73867e66e7582e.jpg,419,180,274,0,0
train/0419/f922f81e02854e22a49aaa4e81cd461b.jpg,419,419,419,0,0
train/0419/fc65d839beca40d5888a55c02e1ffc94.jpg,419,335,596,0,0
train/0420/0acef23d24494421824fee49271e257a.jpg,420,420,737,0,1
train/0420/17cbfc1d367b41d4b752b76de3f3451e.jpg,420,420,420,0,0
train/0420/1d33ae77796b4c5291b5b14a6158def8.jpg,420,331,331,0,0
train/0420/1e0d0dd8cb1f4959bcec2d3166a42570.jpg,420,420,420,0,0
train/0420/212df307a6534470998be403701adebe.jpg,420,420,420,0,0
train/0420/3baa82aa47534413a5594d97086f62a9.jpg,420,420,420,0,0
train/0420/45bd6cbe1a40471cae27d5b08b3201ce.jpg,420,420,420,0,0
train/0420/492bf7fd16974964b519411ab1e08432.jpg,420,420,420,0,0
train/0420/7d6570e25e284eb3994e08ac883a869c.jpg,420,420,420,0,0
train/0420/845960f9717d43c8aef6848880a900f7.jpg,420,420,420,0,0
train/0420/a4bdb4f81d62405eba848e7fd1d622bf.jpg,420,420,420,0,0
train/0420/a806ea7112e24520b690bc81cbdd03ae.jpg,420,420,420,0,0
train/0420/be32f918089846468f81368bfc6b2222.jpg,420,420,420,0,0
train/0420/c2e9de347ad1496494d2dc88d20b157d.jpg,420,420,420,0,0
train/0420/da010b9cc589407499c9b817615c3f71.jpg,420,420,420,0,0
train/0420/f17f3584173042fcb070555a30ab5849.jpg,420,420,420,0,0
train/0420/f62493320e4341f591077159d8cf8e5a.jpg,420,420,420,0,0
train/0420/fd8cbec814e941a5b24214df06d44738.jpg,420,420,420,0,0
train/0420/ff3a943846404b06af7a8fb17bc11b81.jpg,420,420,420,0,0
train/0421/0717c0e6f5234da180b48780ae61a5bd.jpg,421,79,79,0,0
train/0421/191d26cfc9d04e479432ca229c86fec3.jpg,421,421,421,0,0
train/0421/2b6ceb65f10f4abe913ae862df2f4b88.jpg,421,135,94,0,0
train/0421/30e13fe911274d169d4d83be8b7a39dd.jpg,421,94,94,0,0
train/0421/3476122d43404b628ede36ea03ee5b75.jpg,421,90,90,0,0
train/0421/4043ad41c1f84a4dbdafb096a3d64166.jpg,421,421,421,0,0
train/0421/42e6b4c708a145eb81d91d870deccf33.jpg,421,421,421,0,0
train/0421/61ada90d9b6e4d378c43aa6b27668fef.jpg,421,421,421,0,0
train/0421/69312f8912304fad974960668ddcfaff.jpg,421,421,421,0,0
train/0421/6e3bc1cafb9249c0843b921609159001.jpg,421,421,421,0,0
train/0421/70196e0cb06948178d440fb5ec12e63e.jpg,421,421,421,0,0
train/0421/716444eab4b246eb977fbdc4e0f6e961.jpg,421,421,421,0,0
train/0421/72c60d8956dc4e10bcdaf9476cc991b0.jpg,421,111,421,1,0
train/0421/7e1977cc16d8486eba6a79b28decdd9b.jpg,421,421,421,0,0
train/0421/901e366e1e0d49b0a26dcbf6373447b6.jpg,421,421,421,0,0
train/0421/a4dfecfe6a0e4213ad5f4e6be5391530.jpg,421,421,421,0,0
train/0421/bff3e5c72af3448c8fdf58bd42aaf2e2.jpg,421,421,421,0,0
train/0421/c80f2b007fcb42e1adad6da72e8c2571.jpg,421,421,421,0,0
train/0421/cc1efbe976a746d49af76c09b1d890f6.jpg,421,421,421,0,0
train/0421/d30b418e5662467cb651359680afd76c.jpg,421,421,421,0,0
train/0421/e4e19b8d65f145d78629f0414214bec7.jpg,421,302,302,0,0
train/0421/e59f34a7519442018175e199b369e0c8.jpg,421,110,110,0,0
train/0421/f6b9bd4ac47c4a35bc9001563c5f8eb5.jpg,421,79,421,1,0
train/0421/faff40cc2cae45a8b31a9c15e7a4b2dc.jpg,421,79,421,1,0
train/0422/00713414b313411b8cd852cc16ac56ef.jpg,422,422,422,0,0
train/0422/2837bf674c1440f2a6f808e118332cfb.jpg,422,422,422,0,0
train/0422/28d761c035af46e28fa17af795220ed1.jpg,422,422,422,0,0
train/0422/2d5a919056784f2aaa402f3cc9d65acd.jpg,422,684,588,0,0
train/0422/36befa1c0db749efaa00033ca4be8de1.jpg,422,422,422,0,0
train/0422/42e18406227c4f999e5e6b7a93641c4a.jpg,422,422,422,0,0
train/0422/50d5cf8b3d8648419a6c4e5d7f34bd4e.jpg,422,166,422,1,0
train/0422/5c5ea715817849d7a96d6d4843f341f3.jpg,422,422,422,0,0
train/0422/5ee1043bdbbd498da290a64984eb3028.jpg,422,422,422,0,0
train/0422/6f54ae2474054b34ba2671a6cc084605.jpg,422,422,422,0,0
train/0422/8cd09d41d1884178900b031256b58437.jpg,422,422,422,0,0
train/0422/998801756e024f5fba4df6480072b082.jpg,422,422,422,0,0
train/0422/dbac7bff0d6243268f1a8243aee2ddad.jpg,422,422,422,0,0
train/0422/e35eb5f2b68e4dabaeeec4cbcd5707f1.jpg,422,422,422,0,0
train/0422/e6e93597a7374f18867f321493077351.jpg,422,47,47,0,0
train/0422/f124ccc2c44e4b74b55109f6b5793263.jpg,422,516,672,0,0
train/0422/f52d7e322dd84407a289d786c04cbb76.jpg,422,422,422,0,0
train/0423/127dfb4709b340f1986d1155d224f1d7.jpg,423,423,423,0,0
train/0423/1723558c10de4c73b316bf12dad45890.jpg,423,423,423,0,0
train/0423/1b1b1aaa56ba4f7abe0a003d36f3251a.jpg,423,423,423,0,0
train/0423/1eee6619c1f045668592b16aa1c098f3.jpg,423,423,309,0,1
train/0423/22665b8e02474a7a93650f09afa8c97e.jpg,423,423,423,0,0
train/0423/44cf1f684bab4870ace45359518ccd35.jpg,423,423,423,0,0
train/0423/476fe3c2040f441cb0acd386b98e98b7.jpg,423,171,21,0,0
train/0423/6c98528fc3ce475f9824b8547e1a1d77.jpg,423,423,423,0,0
train/0423/6cc008eb34614c5ca6c5351f4d0516d3.jpg,423,423,423,0,0
train/0423/730901bc8df64973989aea74e4c9bc35.jpg,423,569,683,0,0
train/0423/747295c9700848df995819d2cd71e0cb.jpg,423,423,423,0,0
train/0423/78cffd9ec837463a875ee314c5152752.jpg,423,393,393,0,0
train/0423/78e0aa5a38b140599c8bfecf1602dccf.jpg,423,423,569,0,1
train/0423/7e565edb17ff4394b4d0e574d2a0a65a.jpg,423,423,569,0,1
train/0423/7ee6c8a61d334798b59b66b74e681425.jpg,423,423,423,0,0
train/0423/8cad1ad293be4452bd77dd4203aae183.jpg,423,434,434,0,0
train/0423/9819e195c2804129ac542f523837a71a.jpg,423,423,569,0,1
train/0423/a28475f1518d4623bf457bf645a36746.jpg,423,423,423,0,0
train/0423/a597052a34d44644a74d8452fdfab195.jpg,423,423,423,0,0
train/0423/c40c2325b6784658a21e9a31296f2b83.jpg,423,694,694,0,0
train/0423/e9085d4c5b83406ea0ea7ac2c174daa1.jpg,423,171,423,1,0
train/0423/ef467fd8e7b14e0eb9a612c394f991f4.jpg,423,423,107,0,1
train/0424/072e7054d7f147568b9d4317e3cd7398.jpg,424,424,636,0,1
train/0424/0975c3605e374da7b7ee64ad809ed8b3.jpg,424,424,424,0,0
train/0424/1b67c9ca69724ef2afdefe98424031f2.jpg,424,715,715,0,0
train/0424/432ade69e8b94fbea5b216726b444fe0.jpg,424,715,715,0,0
train/0424/5842705ad9ad476bac601c0115408db3.jpg,424,424,636,0,1
train/0424/6981336bd6f2411ab5e4291560527451.jpg,424,715,715,0,0
train/0424/72d8fc0b18404f4294beed045ac4c82a.jpg,424,424,424,0,0
train/0424/74efb8c810364e589b89929fe4d54037.jpg,424,152,152,0,0
train/0424/7e953729e54c4e60889c1cfb429bac07.jpg,424,636,636,0,0
train/0424/80bb060d1b854103be2032e4e5caaf53.jpg,424,424,636,0,1
train/0424/a24215e291904645ae5225c487633dea.jpg,424,295,295,0,0
train/0424/b4baf344813c428faa40b4527e3e7f20.jpg,424,715,715,0,0
train/0424/c0e449e653a74d21a8d3f010d422609d.jpg,424,745,424,1,0
train/0424/c6c42abd9b5b4e19ac2b6c10e5bf1e5e.jpg,424,424,715,0,1
train/0424/c830ff61a38e400bbc9ea86b4c68d068.jpg,424,274,213,0,0
train/0424/daaa5783e88f48559d582b4bdf383572.jpg,424,715,715,0,0
train/0424/de6820c5d4fa4b3dbf1323c5d6aab646.jpg,424,424,424,0,0
train/0424/e0b8b4ab79ee4367a91e56d06c551f5b.jpg,424,152,152,0,0
train/0424/ed09bbdf23254216ae725f77dab87103.jpg,424,715,715,0,0
train/0425/06b09dd69a6a48dfb1dfda24e92781e4.jpg,425,425,425,0,0
train/0425/0e65cb508456409bab6e96cda1e93c12.jpg,425,425,425,0,0
train/0425/3ec0a2450b6c4cb68b759e64adc9af02.jpg,425,425,425,0,0
train/0425/4f3ac51a1d9f45b28683f3443c5268a3.jpg,425,425,425,0,0
train/0425/6869ba1701fb46778803e8c666a1b418.jpg,425,425,425,0,0
train/0425/6be23244d8b94d2e87ca34975cdb88b6.jpg,425,425,425,0,0
train/0425/7b4c5ff0f0354a5bbac1cb0a13ce3efc.jpg,425,425,425,0,0
train/0425/7e9e359f0f5845d58ad61ce62c2ad7b7.jpg,425,425,425,0,0
train/0425/884892299fcd443d987d576da7d60e87.jpg,425,425,425,0,0
train/0425/92be5de3bdb64e8ea32e7d73b31dcf81.jpg,425,425,425,0,0
train/0425/9ac3d94d917a474fa33ee067f6255fff.jpg,425,425,425,0,0
train/0425/a0b2688204944194aedd1be7ac77f53e.jpg,425,425,425,0,0
train/0425/bb1baf1719514f9c863199f25f2276da.jpg,425,425,425,0,0
train/0425/c1cee83d49c84d6785d06117efd8fdfe.jpg,425,425,425,0,0
train/0425/d5d79e62114a4bccae3bbf3145b1dfad.jpg,425,425,425,0,0
train/0425/e0970ff9be8f42909ddc4deaf8d820a9.jpg,425,425,425,0,0
train/0425/e38780f472ad43ebb89edc9a91fc3e93.jpg,425,425,425,0,0
train/0425/f2b891826a9147e094de51ff67b14a66.jpg,425,425,425,0,0
train/0425/ff9da6ea07d340a1a68f7f2f673b9341.jpg,425,425,425,0,0
train/0426/2368c51fcbdf42b09395bc49f207e799.jpg,426,335,334,0,0
train/0426/365684108039484c8af2ed47d3a0b2e5.jpg,426,553,553,0,0
train/0426/3cc2a67ff03248aa935f5f1383867508.jpg,426,233,233,0,0
train/0426/40db5b0cbe2d46bfb60195e7ada481ac.jpg,426,424,636,0,0
train/0426/6bb09f28130d49be9b3554e3a0c54752.jpg,426,334,334,0,0
train/0426/70e082b04ce54760ad37a78d868f54b5.jpg,426,553,553,0,0
train/0426/74d3dc8d585648d4a7999d9d2f02eac6.jpg,426,373,107,0,0
train/0426/8b20388db6184ddb9a2efca9eed6f333.jpg,426,146,146,0,0
train/0426/9b362cf715704424a8c1f4715bbe88ef.jpg,426,171,21,0,0
train/0426/9f12e6b843ff4d28820f1de1d24c7fd5.jpg,426,426,334,0,1
train/0426/a5f53eb4d2514354b2e94d6c0debfc6b.jpg,426,732,732,0,0
train/0426/a86bae24ea9242ddafd10b67fdf3e0f7.jpg,426,569,569,0,0
train/0426/ac51ba22123e404f9e833d29937ec8c4.jpg,426,171,133,0,0
train/0426/ac9ee0b135754995818169f355790193.jpg,426,80,551,0,0
train/0426/b37d1b5e49f54b5b8a7500389e6f8391.jpg,426,732,334,0,0
train/0426/bc5a8df0977242d78907df48e74e7c8c.jpg,426,107,732,0,0
train/0426/c56a0cf37d014852b2545f2484ea8e55.jpg,426,480,480,0,0
train/0426/d3a2a37e83384a3aa745f79421483fa3.jpg,426,151,151,0,0
train/0426/dd5d92916e664a79a2077038904a1f6b.jpg,426,203,28,0,0
train/0426/f2d750789702426c990bc155d359cab2.jpg,426,732,732,0,0
train/0426/f30d907f14814dcbb9b47890fd764b7b.jpg,426,233,233,0,0
train/0426/f9d64c3a5aa443a7a8630d4e73417036.jpg,426,151,151,0,0
train/0426/fddd96aa3abc4fd48868a0cde8b8f635.jpg,426,334,334,0,0
train/0427/0c3618e520d64a2aa4f1d790cef57ccf.jpg,427,427,427,0,0
train/0427/13c3a48061004693afbecab89aa9458c.jpg,427,427,427,0,0
train/0427/27afdcd1a8c845169e6d4744a499a471.jpg,427,427,427,0,0
train/0427/2af83129a79643f89209413de254b329.jpg,427,427,427,0,0
train/0427/4c1d2f70beb04d69b5b37ca670e21a39.jpg,427,427,427,0,0
train/0427/5b7ccfb4c4284d5e96934c9c8bde4d4f.jpg,427,427,427,0,0
train/0427/647984ec6ad646aeb62d7ad5430b4f73.jpg,427,540,540,0,0
train/0427/6f2d4e949ccc4c04958e5180daf854ec.jpg,427,427,427,0,0
train/0427/719f56d77b1641a49443e4762b5a949b.jpg,427,540,427,1,0
train/0427/7a2261b49cab4ec5953d9aa2ac2cbd0d.jpg,427,427,427,0,0
train/0427/828bf3d18a804208b600dfc444d4d2c6.jpg,427,427,427,0,0
train/0427/8296ed354a294c59bb5b48cc446c3fc9.jpg,427,445,445,0,0
train/0427/89ab7b6d60ad4a95aa1f62f1b941ecae.jpg,427,427,427,0,0
train/0427/8bfe68b105ab4c508af48bdf255c82ab.jpg,427,427,427,0,0
train/0427/aafae188750f425ebfcfd67420f8bbbb.jpg,427,427,427,0,0
train/0427/acd6ee71659747d7a8e82079b4a9397b.jpg,427,445,427,1,0
train/0427/b38317f8d1c540459005f8062debddc3.jpg,427,427,427,0,0
train/0427/c21ea492654e4fd0b7e8aff7ef76852c.jpg,427,427,427,0,0
train/0427/c325df7b846349d58220e240c594148c.jpg,427,427,427,0,0
train/0427/e0a59a650be84b429a92b5121f924fe0.jpg,427,540,540,0,0
train/0427/e6e1adf1e35b45c7bd4bd4e3318c4f41.jpg,427,540,540,0,0
train/0427/ebd2e341e476469ca7437032cd2c28c0.jpg,427,584,427,1,0
train/0427/f8b8e6fecdfa4b80ba90d2505eb6648b.jpg,427,427,427,0,0
train/0427/f8dd5ea5bf73446ebedaed7c9bb7fb42.jpg,427,427,427,0,0
train/0427/fec63a2454e84adab21ddf267147a8ae.jpg,427,505,505,0,0
train/0428/0e50569ef3cf491ebaa197dd60f0afa5.jpg,428,319,319,0,0
train/0428/1bf1d099ac3540519b78d3d4b2334b0f.jpg,428,428,428,0,0
train/0428/47f6c28efa08402287e5e2d104cb0119.jpg,428,518,518,0,0
train/0428/59407bb6967a47b895a3a17aaa97604c.jpg,428,428,428,0,0
train/0428/5aec82d273274885949236ffedf807b4.jpg,428,568,494,0,0
train/0428/66b0096dafa148d9b04b34b280e5b478.jpg,428,428,428,0,0
train/0428/72ec68bd401d4523984ef9e1b8f8dacd.jpg,428,428,428,0,0
train/0428/94a22b2888a7403cab7ca8a7563f16cd.jpg,428,241,241,0,0
train/0428/94d591c37d5248e1916040149ad752b4.jpg,428,428,428,0,0
train/0428/9b4b84d4e2a641ce82d8acf00e109e33.jpg,428,319,319,0,0
train/0428/9d1243c0d975415ab943ef66f94367e3.jpg,428,428,428,0,0
train/0428/9dfd35393ef04d67a3f67ad56e3032be.jpg,428,428,428,0,0
train/0428/b92112770c5b4710bf44f4d58c352b12.jpg,428,683,319,0,0
train/0428/bba60fae622b4c05bf6f996014bd2bbe.jpg,428,295,295,0,0
train/0428/be4c4a9da83845ae8741fa1465749865.jpg,428,428,428,0,0
train/0428/cac7a9f799874bdbad3a4c25fd9c6fad.jpg,428,428,428,0,0
train/0428/e36d4c1b548440368132cd73e4448425.jpg,428,428,428,0,0
train/0428/e76b32394d21421dadb7b1711a1fcc4e.jpg,428,133,133,0,0
train/0429/0681c97f5def4cd09ac78f063c1d986c.jpg,429,695,695,0,0
train/0429/0982bcbb5bf84498b5dba7afd39d6037.jpg,429,663,663,0,0
train/0429/143b8e7f48a9400e97b9176d2b967121.jpg,429,360,360,0,0
train/0429/18415218be924bbeb57ec8f5631c7c69.jpg,429,182,182,0,0
train/0429/39640bea616a4eabbdc95c0f152c4751.jpg,429,691,447,0,0
train/0429/40af1e650c71456e9e38bfafd81c3468.jpg,429,429,429,0,0
train/0429/50841dcbaf1e47d6a98ae55e8ef22b0c.jpg,429,3,3,0,0
train/0429/50fda2284dd54108bb62c46ce74bf6c8.jpg,429,62,62,0,0
train/0429/63c6125aba7c4c79a2e570375bdb6569.jpg,429,681,681,0,0
train/0429/75559cbcee67462599908e9baa14aedf.jpg,429,311,291,0,0
train/0429/89afeac6c98c4133a5b6ffb81ce80b35.jpg,429,438,744,0,0
train/0429/96da1b87c7f5437ebcf85433a07b2cd0.jpg,429,447,447,0,0
train/0429/a7042f10c86b41c2b7d0512842d4b01d.jpg,429,483,483,0,0
train/0429/a98fbbb43b3c40508be9733c4b39ceac.jpg,429,187,744,0,0
train/0429/abcff8c29eb64dc9aafd83f7a8acdefe.jpg,429,232,232,0,0
train/0429/b168bd29ef954731ae883155df2c1b73.jpg,429,182,182,0,0
train/0429/b7cb9291d2ed467abb3a7a08a85d5f85.jpg,429,429,429,0,0
train/0429/bc29f2f95d3342c9a2c4dcfc47a8af01.jpg,429,182,182,0,0
train/0429/d86ac1940059491c9a4a505d4a269fe4.jpg,429,131,131,0,0
train/0429/e8220e29a06341cd82ff7c73a618875d.jpg,429,320,320,0,0
train/0429/ece2ca347d6e4fb49e2a54a4b2f003d4.jpg,429,438,61,0,0
train/0429/f4b1c94fff8e44768199fb75f79a7cb6.jpg,429,677,348,0,0
train/0429/f6401b0630d84aa5a65e5eecb4a7732c.jpg,429,182,579,0,0
train/0430/09f0445cf2b14b289db5dd526951ec22.jpg,430,197,197,0,0
train/0430/1d99a41b4ef446b1be177f1cabbee621.jpg,430,677,670,0,0
train/0430/389e8adac9b143fc9d25f5fe17d01267.jpg,430,430,670,0,1
train/0430/3d007f2cebab40199e7b6c5bb0ccffaf.jpg,430,197,197,0,0
train/0430/3df92440ea5744fdadfe548b7b51927a.jpg,430,430,430,0,0
train/0430/4380a2b607c34d85819b0c7dd6ca153e.jpg,430,465,465,0,0
train/0430/4ab0354499d642218f58f7b5604ededc.jpg,430,197,197,0,0
train/0430/4e81f63282e34e98846f6a8937233ce8.jpg,430,430,430,0,0
train/0430/4f0f355eff524f37a06c857f05331774.jpg,430,197,197,0,0
train/0430/564d67176564496e81eaa14e1bb9f29e.jpg,430,605,605,0,0
train/0430/6d7e0030287741b0bca341350d347ba2.jpg,430,430,430,0,0
train/0430/6f941d708e6648e9b1a9875962154d10.jpg,430,621,465,0,0
train/0430/70f6feb027334cea9e3181c523eccaab.jpg,430,430,430,0,0
train/0430/746bc799b9fa4f86b531a7b3dc10dd19.jpg,430,197,197,0,0
train/0430/789fafa85f0b47a6b3e8bf07f11e609e.jpg,430,430,430,0,0
train/0430/a0449fae90d746dfaffa856666120aa8.jpg,430,677,452,0,0
train/0430/ab9cbfdf15b7443ea5251dca1b8c2565.jpg,430,217,217,0,0
train/0430/b88fed4842ad4e4181545ec97a9e69cb.jpg,430,677,348,0,0
train/0430/bf8a33c7d58d47aeb84c890a4933360c.jpg,430,430,565,0,1
train/0430/cf448205fe1943fb97deb0d7e153ded5.jpg,430,197,197,0,0
train/0430/e0d9109ebc1a401a9621e08adbb3dcd5.jpg,430,430,430,0,0
train/0430/ea518472d43149ed83ac27cbf85c51a7.jpg,430,430,565,0,1
train/0430/ed45196af46a48fcbde5489045bc55b4.jpg,430,430,430,0,0
train/0431/0602bc7e02ae4a1a9bf271aae8b0959b.jpg,431,10,10,0,0
train/0431/203993dc61a04bacb470e68919a3bcdc.jpg,431,241,241,0,0
train/0431/530ed67de8f94af0a2bcd64b263e1e73.jpg,431,540,540,0,0
train/0431/534dce3b1de2495baec9d9097159063d.jpg,431,10,10,0,0
train/0431/585fcbdebdf24385b257b703bbcaafd8.jpg,431,10,10,0,0
train/0431/614ef6a883944e31883869b99905c5c4.jpg,431,295,295,0,0
train/0431/7764ecade6e34bea8452638d02c0db65.jpg,431,295,295,0,0
train/0431/81b1fd9d162f4aad976c1b1ed1f4e71e.jpg,431,453,453,0,0
train/0431/89cbe5df7aac4200b09f51f04c0f32d5.jpg,431,445,445,0,0
train/0431/9aded091f0724ee0a915913ea00cff6d.jpg,431,112,112,0,0
train/0431/9f1ffb69a4ff48b7b2e8aaeb75805d9a.jpg,431,427,427,0,0
train/0431/bb5722fb3e604a94b6991e675d1da8f1.jpg,431,431,518,0,1
train/0431/c1b33596fe6a4dd18c7a8e3f8384639f.jpg,431,715,715,0,0
train/0431/ecea894992f54cedb5cc8867add0c205.jpg,431,540,540,0,0
train/0432/02393516f7eb4062ad4dd9b13ba16349.jpg,432,259,259,0,0
train/0432/084a2c33731c4209a4a41502df0d3802.jpg,432,131,131,0,0
train/0432/108cda7af34647bb86e885cb1684a1ed.jpg,432,259,259,0,0
train/0432/1405442af22a4cf89b472b739643c9d1.jpg,432,608,608,0,0
train/0432/14aabcf7b3c644c8a8400f7c501f1bac.jpg,432,259,259,0,0
train/0432/19006965739a4accbf1700edcfcd5d41.jpg,432,226,663,0,0
train/0432/1cec7805d7b346b9b17d6dc2674f8ac6.jpg,432,663,663,0,0
train/0432/3c93fbd681a140b68d2bba4f8f2dbfe0.jpg,432,476,295,0,0
train/0432/5589ef4d570c4734ac5456a2532f6e10.jpg,432,480,480,0,0
train/0432/5bad4c69c04a47bab964f6050b2ccdfc.jpg,432,134,134,0,0
train/0432/5e51987974cb497b9cf0f8ba6d42210e.jpg,432,259,259,0,0
train/0432/6d78ac9db1af45efa9779536e60065ab.jpg,432,226,499,0,0
train/0432/7e7c0f32e2364e27b395e784d1346f31.jpg,432,122,523,0,0
train/0432/ab1d39912746431aa159f6cba35f0fab.jpg,432,574,574,0,0
train/0432/b35b205c95eb424997dfa739e7a19c91.jpg,432,663,663,0,0
train/0432/b6204b9eebec421cbaf9bc791a84b683.jpg,432,548,49,0,0
train/0432/c087cd5f80ad4811ad231115eedaa4cd.jpg,432,548,259,0,0
train/0432/c0ee71e9736a4045a13b132612036f23.jpg,432,663,663,0,0
train/0432/cfd15f56b16645d7bc867d84b87f15b5.jpg,432,714,369,0,0
train/0432/d215d38b848649d4b2d2ab8952831628.jpg,432,546,546,0,0
train/0432/d7043d7af2894222a6fbe1b4468b22a1.jpg,432,269,344,0,0
train/0432/e27b53ddd4c0427fb13691b49d59ee0d.jpg,432,499,499,0,0
train/0432/e5225755d6a8413b9c57cdfdd6af372c.jpg,432,173,173,0,0
train/0432/efd5e6220a314edf83ddc6324d62df3f.jpg,432,300,511,0,0
train/0433/0055af01037b4dfebcfd34004a315d77.jpg,433,397,350,0,0
train/0433/38b0e1beec5442bba9383178baceca37.jpg,433,433,433,0,0
train/0433/584e313f050f4f3a977df1bff9a9f67a.jpg,433,433,433,0,0
train/0433/64c879fca2d54425a95f943a621abf89.jpg,433,433,433,0,0
train/0433/6f5b426f0278477dbed71fe1ea510414.jpg,433,397,433,1,0
train/0433/7d81fac8ee7743268b5541b4491c7553.jpg,433,433,289,0,1
train/0433/8cb3b0e3bee048ca9a33a459b045d957.jpg,433,433,433,0,0
train/0433/8d3e7b4be87a407ea04f5ca890be9db6.jpg,433,433,433,0,0
train/0433/9b0819032e43413d99a743e80811afa4.jpg,433,433,433,0,0
train/0433/b30d6186fdf64668bcf493f67dd23718.jpg,433,433,433,0,0
train/0433/bc21caab5290426fa26d95a9bb11c117.jpg,433,716,716,0,0
train/0433/ce20bb639e3e485ab48553b1ff3a63e8.jpg,433,433,433,0,0
train/0433/d1cb68c494f2462fbc9c8572f1dfc90e.jpg,433,433,433,0,0
train/0433/d89e61aab52e4668ae05460be31ec43a.jpg,433,433,433,0,0
train/0433/dd55c31210fb4b53839bde34d695d29d.jpg,433,433,433,0,0
train/0433/e5d48c7171534db49b995a76da9a1a27.jpg,433,433,433,0,0
train/0433/f7acd8524dd24dc29831b8b7ed511176.jpg,433,433,433,0,0
train/0434/010ddc1bd9af4a1aa1762c86be3cb6a8.jpg,434,434,434,0,0
train/0434/02b21ea5dfa34343805db9739b3d65b1.jpg,434,434,434,0,0
train/0434/13c3d0ef2bc0448a9d3b085ac9e192d5.jpg,434,309,309,0,0
train/0434/192528b252fb4b6a94c6e956b9067672.jpg,434,434,434,0,0
train/0434/21d2bc4370f94b38b642b55ab4da6581.jpg,434,434,434,0,0
train/0434/2415254c3d0e49d8ab1a4582aa56af48.jpg,434,434,434,0,0
train/0434/2eee84ab37f9404ebe0a7354cc4790b8.jpg,434,571,584,0,0
train/0434/4f90594a45f64af89004daaa1e1bfefd.jpg,434,309,309,0,0
train/0434/52f83618bfa54472904adde86f6f4677.jpg,434,434,434,0,0
train/0434/580a5fb87a874d3d94092143103a4c40.jpg,434,434,434,0,0
train/0434/5811481c19604d9284729de1c750d5e6.jpg,434,339,339,0,0
train/0434/6d859767ae3e42d8af15bd54ad09e3b9.jpg,434,434,434,0,0
train/0434/8768094f54984f5d9a9dfa107596deae.jpg,434,598,598,0,0
train/0434/9a45bf5aa0084e4da50f492c09ca08e1.jpg,434,434,434,0,0
train/0434/a27b0a4e15a64b96806ec810f09b9f9b.jpg,434,434,309,0,1
train/0434/aef75d6b9ee04035b41dc2b3f39cab9d.jpg,434,434,434,0,0
train/0434/b4071d6de900405a9de97cc6edc9e6bb.jpg,434,704,445,0,0
train/0434/bbb1c1b94581488dbb73210087eadaec.jpg,434,434,434,0,0
train/0434/be7f2bd752bc4468a80e6ef05b189a7f.jpg,434,434,434,0,0
train/0434/dc696b2d5c594383912203f9649cf604.jpg,434,2,434,1,0
train/0434/e0104f686b8c4cb2b3172efb154176f9.jpg,434,434,434,0,0
train/0434/f12d351b4ab2403c9d982cf21d49b32a.jpg,434,434,434,0,0
train/0434/f983ef0116cb4c769805670f5027e023.jpg,434,434,434,0,0
train/0434/ffb11477f2e64959a28431583292990a.jpg,434,434,434,0,0
train/0435/0d06dc6469854de08f1342f92f66861d.jpg,435,322,137,0,0
train/0435/13124a075ff54e019c5063c4b30be142.jpg,435,435,486,0,1
train/0435/17c710ef26ba41df8686e894b85e87a4.jpg,435,435,435,0,0
train/0435/32018ef5299a4047941c02c0fe0771cf.jpg,435,435,435,0,0
train/0435/3a1c537923564736acc0a1712f83690d.jpg,435,369,176,0,0
train/0435/3cfeadc5d7e84c58a874ede989054bb8.jpg,435,455,455,0,0
train/0435/43038dbc28ef4c1c82a7f72d0e09a268.jpg,435,435,435,0,0
train/0435/63bb63866c32419381879e17f0849d18.jpg,435,111,435,1,0
train/0435/76839002a68444dda08f3bbf503feba8.jpg,435,486,435,1,0
train/0435/8541efeee66a4834b47582e20f9aba2b.jpg,435,634,137,0,0
train/0435/88bd317a8d9941d591e4585f684f17af.jpg,435,435,435,0,0
train/0435/99ea019da74b4902a267b32f6197a834.jpg,435,90,90,0,0
train/0435/b8d2c8888b47492dac5c00228b87586f.jpg,435,50,289,0,0
train/0435/c13ff1b3e1914faaba4a97d952dc79c4.jpg,435,282,282,0,0
train/0435/ccf07955a85c4ba9b0e14f521992d263.jpg,435,435,455,0,1
train/0435/db901048ee3f4f4d8afcb46b6cf2fb20.jpg,435,746,435,1,0
train/0435/dd82d86bf77f468ab37fe3894356f1db.jpg,435,435,435,0,0
train/0435/e2709356c4a44b28909ba4119143f017.jpg,435,651,33,0,0
train/0435/f160332ce83b4a8fa7d1a6ebb73cbf3e.jpg,435,455,455,0,0
train/0436/01ab6d3a021b45c7aca03a7a484568a8.jpg,436,548,499,0,0
train/0436/0c347f6320674027847ee3354c8ab4bf.jpg,436,717,344,0,0
train/0436/1915f6fb58994aa287030bfc7ce78bfa.jpg,436,300,645,0,0
train/0436/3410479d638a4e349c92594b115a095f.jpg,436,548,645,0,0
train/0436/36c1dd3144644fd4893d8706b7d6832f.jpg,436,595,595,0,0
train/0436/4b1368905e8c45ba8662c0c008cd3cfa.jpg,436,559,559,0,0
train/0436/5c9a7f0c940646ccaf1f382b549adb11.jpg,436,577,577,0,0
train/0436/65d4eebc991049338c50d82995ee5837.jpg,436,645,645,0,0
train/0436/7c1ae8e468da4088a79e92c3a29b8cbe.jpg,436,436,722,0,1
train/0436/865e75440606448db3f0372f54a78b52.jpg,436,587,518,0,0
train/0436/96e08708863d457890d9ee46a857f8d6.jpg,436,471,248,0,0
train/0436/99c7b3cac4664e29b8b3336a712f533b.jpg,436,717,344,0,0
train/0436/a54f61cc2bd94e37a701f2903de54fe7.jpg,436,514,514,0,0
train/0436/b099d76e7a6648ff9bff1256f8711fea.jpg,436,259,153,0,0
train/0436/bd891beeafa94e02a96256268d762ff5.jpg,436,3,3,0,0
train/0436/c4b3a07ba2864d3ca85f1907ae4916ad.jpg,436,187,187,0,0
train/0437/396b01026f1a4f14a7c7d989d125fcf6.jpg,437,437,437,0,0
train/0437/3c404cf4ec584736a9b7bf4f86a601bd.jpg,437,437,350,0,1
train/0437/5dbd76d18a714870bbf05649ec87784f.jpg,437,437,437,0,0
train/0437/5eb2286348be4f91a16d2a99aa23e27d.jpg,437,437,437,0,0
train/0437/611ba300ec02474580c832d455595197.jpg,437,437,437,0,0
train/0437/6490477cb24c42d4b58137400433340a.jpg,437,437,437,0,0
train/0437/733fb7683d834196b00ddeafb681d392.jpg,437,437,437,0,0
train/0437/78344f12d760445ca68d61c61444eb1b.jpg,437,437,437,0,0
train/0437/a0f6a0481e2244f089578ea36102df5f.jpg,437,397,397,0,0
train/0437/a5d275e4437945c58cb4df732455534b.jpg,437,437,437,0,0
train/0437/a81593efcb9b4923bc37c6fb182fe9ea.jpg,437,437,437,0,0
train/0437/c3cb5942364a46a6a61d199bfed6df4c.jpg,437,519,437,1,0
train/0437/c7bc1201137b4fc0b65669cb0cd94238.jpg,437,15,337,0,0
train/0437/dc53a0983ee94d2cb8472c1dc9b8c2cd.jpg,437,437,437,0,0
train/0437/e69911554eeb4a8697e453a35665c0f9.jpg,437,437,437,0,0
train/0437/eb0cc7d88f1b4dbdbeed2410d07f878b.jpg,437,437,437,0,0
train/0437/ed377815bea346fbb0a5038cb8fef73a.jpg,437,437,437,0,0
train/0437/ff32e4752d174755a3cf1e6db592e4b3.jpg,437,437,437,0,0
train/0438/03717660f5eb457b80ca58f4c6181a7d.jpg,438,438,744,0,1
train/0438/14e93f9279e546ac8129b26ced710808.jpg,438,342,248,0,0
train/0438/2ce7c8d2c0704f3b8fe3f80efe9ca663.jpg,438,438,438,0,0
train/0438/3452f19156af44068b3b77b895cf27d9.jpg,438,749,749,0,0
train/0438/3532933d4bc645698c7d35f46d97a4fb.jpg,438,186,430,0,0
train/0438/4d842c8b29e94f66a61cb3246ac865c8.jpg,438,187,744,0,0
train/0438/56bb12e7cc874a5983607673a9a67ccc.jpg,438,217,217,0,0
train/0438/67a8a196219c469eb0e3c95307890a09.jpg,438,742,742,0,0
train/0438/6b8ba4df2b9c4af9a34c2d3d4285aaab.jpg,438,749,749,0,0
train/0438/7e213bb3207543b8b3eb9318dc160ba8.jpg,438,695,695,0,0
train/0438/82619f86cfc146668a7cd3e054427aec.jpg,438,347,347,0,0
train/0438/833106d07fa4495bbc05e8a73b9e1620.jpg,438,62,62,0,0
train/0438/8acb9bb60e2a48c5a16d65d9d1dd6243.jpg,438,579,744,0,0
train/0438/916a278ad8af4cc19ff4d657f8a8e3ac.jpg,438,416,89,0,0
train/0438/986acd7df9884974adcde2ef284f3318.jpg,438,430,430,0,0
train/0438/a4be707179e94cdb9dfebd8012004fd3.jpg,438,525,525,0,0
train/0438/c1d37b86d70f4ee9b4bd8b30453ccc29.jpg,438,742,742,0,0
train/0438/d5826a0925c84ed99b04cb153aad9f97.jpg,438,360,360,0,0
train/0438/e2febcd231ee4ac3a1c2b6e35c94bc14.jpg,438,467,310,0,0
train/0438/e8efee2fed4d4a6180cdab797efdb3c1.jpg,438,447,447,0,0
train/0438/ea9c0867bee14857869c74afe3420928.jpg,438,749,187,0,0
train/0438/eecff9bda0d24c0e838e349cf03b4520.jpg,438,89,89,0,0
train/0438/fda11f6fe25d48c7928b7bca8ecc85bb.jpg,438,37,360,0,0
train/0439/057aab94543e4bcb855fdc0a1b157e17.jpg,439,439,439,0,0
train/0439/101e7ad480ca476f8d10296e1f780674.jpg,439,654,654,0,0
train/0439/216815ae0844473cbc3d9b928602581f.jpg,439,77,77,0,0
train/0439/257a7996f1b344dc9c09425e8797d4d1.jpg,439,439,439,0,0
train/0439/28a86aa6a56b401789a214e9a112c20d.jpg,439,439,439,0,0
train/0439/2defb1889df047d49890e3e2e42cb14c.jpg,439,439,76,0,1
train/0439/44cbe84d8ec94176a4dba698bb4ba1b4.jpg,439,439,439,0,0
train/0439/4c8cc340a59a4f24ba86afda1d750d87.jpg,439,204,654,0,0
train/0439/53bbe01a197049f5802608232079fb9b.jpg,439,439,654,0,1
train/0439/5c563b320aaa43daacbbd9e0a8a7a897.jpg,439,439,439,0,0
train/0439/779ceebd24004316a8d21d0e889b326d.jpg,439,717,344,0,0
train/0439/7c5d968ccae44468a5515cf703d5395e.jpg,439,439,439,0,0
train/0439/7e3293e1f34041f5913ec9a9bc2da304.jpg,439,439,439,0,0
train/0439/858d980179034077973e5898845a1b90.jpg,439,439,439,0,0
train/0439/89e99e315d8d47179f596776c0e39801.jpg,439,439,439,0,0
train/0439/92a81ca22388414cb42d18e9e00685fb.jpg,439,439,654,0,1
train/0439/9884d23f32514897bfe479428eca2957.jpg,439,439,439,0,0
train/0439/a997587d59644232b57b227e12af19d9.jpg,439,439,439,0,0
train/0439/c194987a233f46fb8eb9a8a83be80b10.jpg,439,439,439,0,0
train/0439/d56cebd163d546c59b63be3405df512c.jpg,439,439,439,0,0
train/0439/d9a7e9f809194ae387f70df846ab1b16.jpg,439,439,439,0,0
train/0439/ef6dfcf5af72405480aae114d7551597.jpg,439,654,654,0,0
train/0440/0c5ead9f7587449d97cbbf97a796d478.jpg,440,25,25,0,0
train/0440/0e0972eeb8f14ddd9983006d5f393f02.jpg,440,25,591,0,0
train/0440/15d8db43291849b2bcf252006cc054cb.jpg,440,25,25,0,0
train/0440/16637436d9fa43698ff849d19364f61f.jpg,440,25,25,0,0
train/0440/391505cc55f74455b2e4a4bfba7893d2.jpg,440,440,25,0,1
train/0440/59e12ccd03b8463ebc0814f57a3a0802.jpg,440,440,440,0,0
train/0440/74111333e8444bbdbdbc6210d0ef407f.jpg,440,475,225,0,0
train/0440/74ecb2d6e5a34299ab071cdc794ab12c.jpg,440,25,25,0,0
train/0440/86fe9f85c81c40029dfe8ca44e6290c2.jpg,440,440,440,0,0
train/0440/886823964f7f44cf9a89fe16bfecf8a9.jpg,440,440,440,0,0
train/0440/8ee39eeeba8245eca1cd6ef5f2a60337.jpg,440,25,25,0,0
train/0440/970dd1559ac0402f81b6d77b5aaff999.jpg,440,25,25,0,0
train/0440/b12211265a154237850943c4d609c993.jpg,440,10,10,0,0
train/0440/c136b51e4d0a45e7bb5cd76ba3ae2c9c.jpg,440,440,440,0,0
train/0440/c4034a978ff8446da2243acb889921c5.jpg,440,25,25,0,0
train/0440/caf38562c5e94fb180b500d63c324494.jpg,440,440,440,0,0
train/0440/d02eefc1a359409ca8c7d2146a7693eb.jpg,440,440,440,0,0
train/0440/dc92e54d5d934da8af31cf634f269072.jpg,440,440,440,0,0
train/0440/dfe338453fc446989f9396cd68330427.jpg,440,25,25,0,0
train/0441/0261bc761a214e5584f5c3ffeb1a6b5a.jpg,441,331,331,0,0
train/0441/123d23b222964c2c9a64bc8f1c4cdd05.jpg,441,441,441,0,0
train/0441/17f8cc98127b4086ae4c5eef822f13f3.jpg,441,441,441,0,0
train/0441/257ac07d472c46dcbfb8b44846f8eac7.jpg,441,441,316,0,1
train/0441/45ad54fc19bf4371bed8f5158894bc32.jpg,441,316,441,1,0
train/0441/54a3cee80e084c0b82f5b730c7e4a3d1.jpg,441,441,441,0,0
train/0441/59bebbbcdf824774ae9e588fe54e383a.jpg,441,316,316,0,0
train/0441/65080d188dbe43b8b10bb22ca522d267.jpg,441,173,173,0,0
train/0441/675cd1f57de346ed92c9caaf5fc80210.jpg,441,441,441,0,0
train/0441/6d7ba571700d4f30b2285634146e11fa.jpg,441,441,441,0,0
train/0441/8a8b0a457cb74053be8a6c34bd8400b8.jpg,441,219,219,0,0
train/0441/a005bebb01ff4a7a931344fd3b391a28.jpg,441,441,441,0,0
train/0441/a84231a7ca5246f2bb17900314585bb4.jpg,441,316,316,0,0
train/0441/a8db3e0108c943eba974feb4945f2031.jpg,441,316,316,0,0
train/0441/c480dcb6e0ed4fae9251179363805480.jpg,441,441,441,0,0
train/0441/cac3f6b5f2304eee99a0ae433b51bf19.jpg,441,67,67,0,0
train/0441/d2c37876ed234881bcd3ab0a83036ff9.jpg,441,441,441,0,0
train/0441/d49ac8c977544f06842fd822baea79d2.jpg,441,441,441,0,0
train/0441/e5534146e5b746ceac6429379356c664.jpg,441,441,441,0,0
train/0441/ecb49bc4488b43bb89176fc173ee0490.jpg,441,441,441,0,0
train/0441/edfa30bccfe84bceaab662e31b191a79.jpg,441,441,441,0,0
train/0442/02cb4aed3c94414f9bbba93b27d9b47e.jpg,442,195,195,0,0
train/0442/04fe10b7b57045f5ae50622ba4b1722e.jpg,442,90,387,0,0
train/0442/2283b273b71e46c689c429b9953a01dc.jpg,442,442,442,0,0
train/0442/262b418702d34d218f7d0fe8e00fb0d9.jpg,442,442,442,0,0
train/0442/26915b0365534d40ace879b40240c954.jpg,442,150,150,0,0
train/0442/39095d0b5f1c4f46a803b247ab0e173c.jpg,442,44,44,0,0
train/0442/4c789eaf2e544039bbcd539186e29afd.jpg,442,280,512,0,0
train/0442/90bfdd68b4c14eec99579240737c8d9f.jpg,442,44,44,0,0
train/0442/99731c0c5a9d4809bb7e5354bd5f00b3.jpg,442,442,442,0,0
train/0442/9bded588494f4b089ea939ff0a99aba6.jpg,442,442,442,0,0
train/0442/a1fece2daff94068a05e424ee2fdbd70.jpg,442,22,519,0,0
train/0442/aebf41726f9247ea8923b50ff162b2e6.jpg,442,274,369,0,0
train/0442/bfcc437255c94bf4a788523fdc6ff2da.jpg,442,274,369,0,0
train/0442/bffb4d7ff42d428b9881cb1fddad6ce0.jpg,442,274,369,0,0
train/0442/c5b3bf8e6bdc4d1d8b59b28e85ca2865.jpg,442,442,442,0,0
train/0442/c7c644b0a8314a74a93af1a8f2a9fe98.jpg,442,442,442,0,0
train/0442/cd133ff7cccd4a2dbd83a41adb11e4c5.jpg,442,442,44,0,1
train/0442/f50d406029284fbd9a5d7c99d805406b.jpg,442,442,44,0,1
train/0443/094d4877974143c5acb81eee9c36e114.jpg,443,443,443,0,0
train/0443/1f4fe597e9cd4756ad2b5a62b69db8e1.jpg,443,443,443,0,0
train/0443/2e02e0cc1d134862b682c16c955db83a.jpg,443,532,532,0,0
train/0443/404431cfdc5b45639e6759609bb65404.jpg,443,443,443,0,0
train/0443/4e0728ab34574b53b12b92ade387c03d.jpg,443,443,443,0,0
train/0443/5559b0ebf92440caa0b8bfcbf6e6238e.jpg,443,443,443,0,0
train/0443/57816a82cc8d4472acac137b5fa984f6.jpg,443,515,515,0,0
train/0443/5b8d9f8d62de40dab1e58d35ae017740.jpg,443,443,113,0,1
train/0443/71e30b75abde4de8b30768d1ecaf14c8.jpg,443,443,443,0,0
train/0443/8e0bc709faf04d8cb65bd79c56ebc594.jpg,443,109,109,0,0
train/0443/a2270d5b308f48aeb849a70474adff2b.jpg,443,515,515,0,0
train/0443/a34164dd12164daeafed94167ebd5813.jpg,443,443,443,0,0
train/0443/c2d96876ea0e41c18f06159120dd15cb.jpg,443,443,150,0,1
train/0443/dee3a283f6f74de688e22800ad13f5bd.jpg,443,443,443,0,0
train/0443/e9b5bcbaa7004836a5ca3b7d7cc99a27.jpg,443,443,443,0,0
train/0443/fa6f16a6217c4edb894ae06d87b9e60a.jpg,443,443,443,0,0
train/0443/fe4e1ad1da92465fa0a148ad32d1fd75.jpg,443,443,443,0,0
train/0444/1393a2c5dc214ac5ba39e4ef66ca5476.jpg,444,444,444,0,0
train/0444/313676a398334b08b96ffb6858812c3f.jpg,444,444,444,0,0
train/0444/452dfd177eb54cbb864b18ab7691fb27.jpg,444,444,444,0,0
train/0444/48386d534b73445a939f6849c0803611.jpg,444,444,444,0,0
train/0444/4c6cfd2859124a50bd4e1e57e142e420.jpg,444,444,444,0,0
train/0444/4eb333b1d19a43ea8c54a8c61b5ddee7.jpg,444,444,444,0,0
train/0444/565b05f7ff23402b9f49d663e6dee8d7.jpg,444,444,444,0,0
train/0444/786271ca085646aa9707fb692c51e42a.jpg,444,444,277,0,1
train/0444/80d068936aae4edda6d2657d8a1aa0b2.jpg,444,444,444,0,0
train/0444/8acf31b9d00643278d12817318f45340.jpg,444,444,444,0,0
train/0444/93729ebae8114fd1884d0a8b9a8c292e.jpg,444,444,444,0,0
train/0444/a525696921a44e22b3b74e8130cf912e.jpg,444,444,444,0,0
train/0444/d1d77ad4880e4fe39839793ee6e46874.jpg,444,444,444,0,0
train/0444/d4e4d69364f44599b5a602d90a0972d6.jpg,444,391,169,0,0
train/0444/d8362cf9e8e344e08bb70121e9b780e5.jpg,444,444,444,0,0
train/0444/e7fbdbf59dd94e42842f8bfba689ffa1.jpg,444,444,444,0,0
train/0444/ee3a55ba0f1745a0a6b92e474af4931e.jpg,444,444,444,0,0
train/0444/ee5bceb60e4d49869041c49743ab1465.jpg,444,444,444,0,0
train/0444/f9bc8e8fe8aa4d1bacf31d21e0f7f54a.jpg,444,444,444,0,0
train/0445/04d8f1bafbd24104a568d47d2c52f918.jpg,445,445,445,0,0
train/0445/151f449ea16349e7826407af34acd43e.jpg,445,412,376,0,0
train/0445/19cceb4b128f4639a0b12b97312318bf.jpg,445,427,427,0,0
train/0445/26c332ecd8cf4b36b6ac987a60da8191.jpg,445,100,387,0,0
train/0445/48a3f811c3fc4958900343425b475f40.jpg,445,445,445,0,0
train/0445/651da7f5e08240bdb9bd9a2076bc4dd8.jpg,445,445,427,0,1
train/0445/6971db14c83f48a3b0f01b87ca5ff66c.jpg,445,445,445,0,0
train/0445/73f37549849345598caf5851bbdf25bd.jpg,445,445,445,0,0
train/0445/7bdb80835019489196578976dd84f874.jpg,445,540,295,0,0
train/0445/83ecf6abe53a46cdbbb00899099db2e4.jpg,445,445,445,0,0
train/0445/84e922ff305940d989f2624a3299087d.jpg,445,319,319,0,0
train/0445/8f9a0130ab2a45c89cc1c28cb89be00c.jpg,445,445,445,0,0
train/0445/939f3a59c0a8429d8765af75088c13a8.jpg,445,445,445,0,0
train/0445/a46e0ea35271434cbb403d2d2aa4bfe0.jpg,445,709,709,0,0
train/0445/ae8c1d7a1dae4176a4d73524c8b4df40.jpg,445,445,445,0,0
train/0445/c6282ab1d57949f6ba495813f6eb0a91.jpg,445,445,445,0,0
train/0445/c6c306d3130e45f291d5ab33106b7fc6.jpg,445,100,100,0,0
train/0445/d8467273af5945a3995293a6f789d756.jpg,445,180,180,0,0
train/0445/f5d52fb38d114e449b72ba2102948602.jpg,445,387,387,0,0
train/0445/fb46ec140c6e4f9cbf6f70afc65701b7.jpg,445,445,445,0,0
train/0446/078fec5af608440cafd964364fa2e974.jpg,446,100,67,0,0
train/0446/0c5678367cea4ed2a108574d7e29aa47.jpg,446,166,166,0,0
train/0446/1275b308e00042f49f9318908aa7fbb8.jpg,446,203,203,0,0
train/0446/38351f52032c4468a46161436378cbb8.jpg,446,203,203,0,0
train/0446/3bca30fe0f19410a93508ccf9386ac6f.jpg,446,203,446,1,0
train/0446/3c09939f810149a18dfb4cca1987d706.jpg,446,203,446,1,0
train/0446/40bac90fac514d648ae5edc4c56bfdef.jpg,446,203,203,0,0
train/0446/413ad3ee1c964bf2b0f0f7a01bf6886e.jpg,446,203,203,0,0
train/0446/62a61a900d0c4f06b752380e004a0b43.jpg,446,422,195,0,0
train/0446/6817bb4bb8c54050b4a617bc0d0ab7e1.jpg,446,446,446,0,0
train/0446/6c2fc157855942fe9170e6015f8033dc.jpg,446,203,422,0,0
train/0446/6d5151927788486b917da4617eaa1809.jpg,446,203,166,0,0
train/0446/7a8de15a089148dbb982b04f98b90159.jpg,446,714,366,0,0
train/0446/805bd85e6fde4836b95305aef50a2f06.jpg,446,203,446,1,0
train/0446/930718782bd54246bf295fa1955de78e.jpg,446,28,28,0,0
train/0446/a22c3fd5465848c8a62085e189fb0b92.jpg,446,203,203,0,0
train/0446/a3528b92d31c4dc5b6c6a85765a2c207.jpg,446,199,578,0,0
train/0446/a60aba47fe1a4b62b03e856e129419c5.jpg,446,199,166,0,0
train/0446/bb222630105746fa8344a15ed16651dc.jpg,446,39,446,1,0
train/0446/c6abf17c5886473d9b321871be0f74fd.jpg,446,104,104,0,0
train/0446/e6a7d626e3ae48a1903c6dc501ce86d2.jpg,446,39,166,0,0
train/0446/fac8108cb5394287bc3c4cadde3d088f.jpg,446,564,564,0,0
train/0446/fdfa6da0bae44d69ab7c78201f0a6389.jpg,446,203,203,0,0
train/0447/0573ee68ab89426995617d4b8d9e7c70.jpg,447,639,639,0,0
train/0447/0685053ec9144772ac954972776fcf11.jpg,447,447,447,0,0
train/0447/1c2f8fad89d245d3b94009b3b0c150f3.jpg,447,447,447,0,0
train/0447/3081da6ecdce4f31a6c783d90a37d2ef.jpg,447,447,447,0,0
train/0447/350ea419d61f4243bd97d387945dd896.jpg,447,447,447,0,0
train/0447/40568a1be93d424b840acf7e4f71c382.jpg,447,447,447,0,0
train/0447/464ae762c2194682acd6f9be8ca92e57.jpg,447,447,447,0,0
train/0447/544da5b092914ae5af240f6c3e6880ea.jpg,447,447,447,0,0
train/0447/60562a83cef3436798b6da5698edcb37.jpg,447,447,447,0,0
train/0447/76db30b5f8e94b858a3240cda5fe47a9.jpg,447,447,447,0,0
train/0447/7b86acb966b74dad83364a53dc9ca167.jpg,447,447,447,0,0
train/0447/921055ee33a04fd7b6bf0aab19cb098d.jpg,447,447,447,0,0
train/0447/a459366d9c59432b890b93d44a583ba1.jpg,447,447,447,0,0
train/0447/a72c8623fab848f4b0184464753058d4.jpg,447,447,447,0,0
train/0447/c6e51cb1fc824ac09efafcd488f9fa80.jpg,447,447,447,0,0
train/0447/cd38c840843e4d2cb5795b5de650974e.jpg,447,447,447,0,0
train/0447/ddb505619d0b480090bee06833f37018.jpg,447,447,447,0,0
train/0447/e6a8607d01c84baeb8726416301c1d78.jpg,447,447,447,0,0
train/0447/e93c34ba10be43579f41abde9fd2f8b4.jpg,447,447,447,0,0
train/0448/096fea6ab1cd46478e5d411e8786d545.jpg,448,14,363,0,0
train/0448/0a0e1663ebb041e799a62405cbeab34e.jpg,448,542,542,0,0
train/0448/1ab44c62bcb441239774c6c980fe2869.jpg,448,448,448,0,0
train/0448/1f033497f497476391ce7a07d6dc2803.jpg,448,583,454,0,0
train/0448/1f3c0e3925754aa1a7a7de02ce196444.jpg,448,448,363,0,1
train/0448/2405c5afc6e74d11bcc7760630667d54.jpg,448,448,448,0,0
train/0448/2d570249571d42868fdfad7e9ef3f01a.jpg,448,14,129,0,0
train/0448/3415ed52492446869023ff5fa71cbe66.jpg,448,448,448,0,0
train/0448/466c4c376d0749feb12fd71e8b78ac2d.jpg,448,448,448,0,0
train/0448/65d04fabddd545dcb7d253f5a0c8e627.jpg,448,448,448,0,0
train/0448/7cfc51a8a28f40cd89eaa0f9f6674cb3.jpg,448,448,407,0,1
train/0448/82372772c42d46c7bb02a3573394da25.jpg,448,448,448,0,0
train/0448/a6952481a6e241acaf6e7b9d76ab1308.jpg,448,448,448,0,0
train/0448/a80c61b6ae534f29a0bab632200c92f6.jpg,448,448,448,0,0
train/0448/b0aacf7f21004483920a58981c975dff.jpg,448,448,448,0,0
train/0448/b3373ffe3e944c4aa4052dc1f880274e.jpg,448,363,363,0,0
train/0448/b5bcc9e948fb4ae4841081624487dac1.jpg,448,448,448,0,0
train/0448/b5d102be5a904d55a47c83d4987a4a32.jpg,448,279,312,0,0
train/0448/c24aa9d00f7f44e1810968da19db3d93.jpg,448,363,448,1,0
train/0448/c4dfecc04f9a4974b2b2b9061c7ee8d4.jpg,448,448,448,0,0
train/0448/c989a04ad9924ea095888030dab08a53.jpg,448,363,448,1,0
train/0448/d7453b1bcf4a4f5db8a5c6700cd9f154.jpg,448,52,52,0,0
train/0448/f4d3d551c7374e07b72d29f3373d7516.jpg,448,448,448,0,0
train/0448/fb8c106ffa364f6c82ce62368e60eb46.jpg,448,312,320,0,0
train/0449/00f88807880c48a19eb4f250d92f17de.jpg,449,328,449,1,0
train/0449/26c02d958a7241a996cde425b8144b48.jpg,449,449,449,0,0
train/0449/273e0b717ba941dc89931ec337d5627f.jpg,449,449,449,0,0
train/0449/30ec1540139042a8979e50716ba77fd8.jpg,449,449,449,0,0
train/0449/315d4fbbddd84bc3b97964e1ab9a550a.jpg,449,449,449,0,0
train/0449/5814b4623f6c46deadb91c979c1a6de1.jpg,449,449,449,0,0
train/0449/5dfde4fd745247c5bb3ae90d5d9fabc1.jpg,449,449,449,0,0
train/0449/70266a1161824888a02c3fdd5a35b700.jpg,449,449,449,0,0
train/0449/7215ed15e69e428699680237f7594624.jpg,449,449,449,0,0
train/0449/7837c4eaae1446beb676120612114b90.jpg,449,564,710,0,0
train/0449/7af7f46a221a4c7987a0822f6d0f9727.jpg,449,449,449,0,0
train/0449/86e38b8b7fc042a4a44655813a61abf8.jpg,449,449,449,0,0
train/0449/8e61782cde53441691f9cd9758949189.jpg,449,449,449,0,0
train/0449/a3afd20886514a3d98ee574b63c18e71.jpg,449,328,449,1,0
train/0449/b1b047058f474c6183211fc0b21c59d3.jpg,449,328,328,0,0
train/0449/b4755dc7a6b342ce86c1e382b3170cf5.jpg,449,328,328,0,0
train/0449/c0f3c2690d144f77abdc0cb3d50288ba.jpg,449,449,449,0,0
train/0449/c65b703345c345be972f78b33eb43c20.jpg,449,449,449,0,0
train/0449/d456b1425d954b6a877f919e34ccafd4.jpg,449,449,449,0,0
train/0449/ecb0f0e36cfd4d7db31ac36df5124754.jpg,449,449,449,0,0
train/0450/03156a220cd04281acc7bc13e8b32379.jpg,450,450,499,0,1
train/0450/062df0a627fe44739d8823972af84ffc.jpg,450,259,259,0,0
train/0450/0c989be5c4af44d29bce61988bee1e42.jpg,450,450,450,0,0
train/0450/0d976f1211b948da9e468eb63b64026d.jpg,450,450,450,0,0
train/0450/0f6a3a973c434b9b83da3d5ccf7513df.jpg,450,259,259,0,0
train/0450/15538a9b2d904c05aca6754d3a1ae7ab.jpg,450,553,553,0,0
train/0450/2c9d3f80f3ba4bcb86ba2153ebac7294.jpg,450,450,450,0,0
train/0450/32a501d7b7334eaab40d2fc363608f57.jpg,450,259,358,0,0
train/0450/37ec19d3c7dd43ac99b0df2eed92f603.jpg,450,165,165,0,0
train/0450/5da0c17e46904242972800a6aadc80f5.jpg,450,538,717,0,0
train/0450/6e5054caabaf4a2b85b9fa269f276d16.jpg,450,546,546,0,0
train/0450/74b4be728eff4507a3a52b625c9dc30b.jpg,450,259,259,0,0
train/0450/878b0d6bc8994ee999e656855535a6f3.jpg,450,450,450,0,0
train/0450/9edbd145b560422faeb43a2d87b2c7e4.jpg,450,717,717,0,0
train/0450/ae5f7cb5ba3e4058b8ed64c51b173733.jpg,450,450,450,0,0
train/0450/b184a6a894f44d96a44687fa4c1d40d2.jpg,450,259,450,1,0
train/0450/c7a2723c316d488db2dbbbabb6f4669a.jpg,450,450,450,0,0
train/0450/d0b5ba3619324feb9ecc35743e4b5807.jpg,450,499,499,0,0
train/0450/d6dc3beb23db4639a6f42a2f77c6a48b.jpg,450,53,53,0,0
train/0450/d88462911a8b4f9d8a11a5f43450ed95.jpg,450,450,450,0,0
train/0450/df5be1c369154187be91c9d213bfdecf.jpg,450,490,490,0,0
train/0450/e4c256478c8c41fea1138e99011556e5.jpg,450,450,259,0,1
train/0450/efd34c26f4104d2c9994ec9f23a13819.jpg,450,259,259,0,0
train/0450/ff88e98881354a94827787855a05bb24.jpg,450,518,518,0,0
train/0451/17eaeebf53ae4edd9c12f27d8aad6e51.jpg,451,614,542,0,0
train/0451/1951511ce60a44d0bcb3228029056706.jpg,451,451,542,0,1
train/0451/262e1e2de4574d149faa462ad7aaa71b.jpg,451,614,217,0,0
train/0451/2736007ac88f4325b6f4a1c641132e39.jpg,451,457,457,0,0
train/0451/3b1f29d8fa154750931ca0b33479a7c8.jpg,451,706,740,0,0
train/0451/49160ee869014e27ba08706bdcbd7503.jpg,451,675,675,0,0
train/0451/52ede2ef9e3344569512825c523e2c5b.jpg,451,191,344,0,0
train/0451/7852fdbf09794bbda1e5e31374524aae.jpg,451,542,542,0,0
train/0451/87f9a4eae2ee499ea6c0d3df50e26f27.jpg,451,451,451,0,0
train/0451/8f425b2420264886b1515cfbae9766c6.jpg,451,140,508,0,0
train/0451/907424c7a8704efba7206189b5af642d.jpg,451,312,312,0,0
train/0451/a0eb8d053f7b4dcc8a6ce05424cbf65f.jpg,451,217,542,0,0
train/0451/a34a7e1a5dc64bb1bb7a9e741fc5fadd.jpg,451,241,241,0,0
train/0451/b8a380845b99462ebae948bdea102974.jpg,451,675,722,0,0
train/0451/c0d8b9849edc46d8a0fe27710363ee6c.jpg,451,583,583,0,0
train/0451/c763f12f2dd44ba4ad86b6edb8e0ebd3.jpg,451,717,344,0,0
train/0451/cc0dccb3fe8547c5a1850f6abfb753b0.jpg,451,10,10,0,0
train/0451/ce07aa66701943aaba6a1a027182fef5.jpg,451,249,249,0,0
train/0451/e3172ec0916e4ca1aa92de7de3b68acc.jpg,451,10,10,0,0
train/0451/e5f9cf2444d34710aa5850d09442fa30.jpg,451,249,249,0,0
train/0451/ea7d2b08985c49c89f2e8f63c74c365d.jpg,451,583,583,0,0
train/0451/ed7832e38d11426582e85cd21851fab7.jpg,451,675,675,0,0
train/0451/f693936d17c24b1c8a31966431a66732.jpg,451,706,217,0,0
train/0451/fcd27183b91b43aa8298e89b5c240f89.jpg,451,249,249,0,0
train/0452/03ac443ddafd44fc8c67531019e0f29b.jpg,452,71,71,0,0
train/0452/0ade2a54ba3e4a8d8c9ef2d95e9d12b2.jpg,452,452,452,0,0
train/0452/159e217f76ab47fd8a43cb6a1b25d6bd.jpg,452,452,452,0,0
train/0452/2773e1f7aa464d53a4a5e6b07050d661.jpg,452,259,499,0,0
train/0452/2d6686307291466bbd14f2ef9de8358f.jpg,452,362,362,0,0
train/0452/32cbfdee5e8c4f3ba01cf40e393e783a.jpg,452,452,452,0,0
train/0452/33050233697042db963b673e65baa7df.jpg,452,452,452,0,0
train/0452/3f3a945a84d841859c3ce7b61241cf74.jpg,452,452,452,0,0
train/0452/4740c556475c4ba1a8ae76ec63e51028.jpg,452,452,452,0,0
train/0452/4831081f04ef4817b439f0b01761cfe0.jpg,452,546,546,0,0
train/0452/487729c201be4584b6ac00db5a35c01c.jpg,452,452,452,0,0
train/0452/53b00e9a9b734f56960bd4e4b842a4e3.jpg,452,452,452,0,0
train/0452/5a916892a8504015bad5188f924764be.jpg,452,452,452,0,0
train/0452/6c2debb16a014c28bd2a0b413b038122.jpg,452,452,452,0,0
train/0452/96cb5b038e2a4ba88e2bc972146c13cb.jpg,452,452,452,0,0
train/0452/f0cd4b38a96d45579a1ff5d5392d8197.jpg,452,452,452,0,0
train/0452/f1165325ddb84324baf1c3357fc4d432.jpg,452,452,452,0,0
train/0452/f2c1490e01fe4c14b60b72629f528c51.jpg,452,452,452,0,0
train/0453/0590f4d6dd0e4aba89e6c2bf31984a2a.jpg,453,453,453,0,0
train/0453/08faff365d6d49f59deff9539f538ace.jpg,453,295,295,0,0
train/0453/0f85166741534ffa94719bf06e7ce2b0.jpg,453,453,453,0,0
train/0453/2d2aa80659db4257be36e630f184fe96.jpg,453,453,77,0,1
train/0453/4df4b5998b854f27864da5e1a4a189af.jpg,453,453,10,0,1
train/0453/592c1e63bbff409581ed6d8035734ebe.jpg,453,453,453,0,0
train/0453/604d1ab4fa03497db97bcffc10fec51d.jpg,453,453,241,0,1
train/0453/70a19e4e71c842f99dd9447fbe892ab5.jpg,453,241,241,0,0
train/0453/8996cdc184444c20bbecd54713087dd5.jpg,453,100,100,0,0
train/0453/8fee75f1cd91424091a727e1a1063f95.jpg,453,453,241,0,1
train/0453/96b0324911de4d08adb518d894c50a69.jpg,453,295,295,0,0
train/0453/a66267c24b9445a48cae47772413cdfd.jpg,453,67,67,0,0
train/0453/c2be7fedb1ba4239bc67de1a94562c8b.jpg,453,431,274,0,0
train/0453/c31d0a7f84794c958c080e4624432385.jpg,453,584,261,0,0
train/0453/c659cc2d96594b479e6fd45f2797f038.jpg,453,453,453,0,0
train/0453/d05f1a0e933c46dfbad71e677b58cc13.jpg,453,453,10,0,1
train/0453/efa067ddc3cf4e90a08a3915f3c16f23.jpg,453,453,453,0,0
train/0453/f2722f0731954f32b3b2e33a89a61cff.jpg,453,453,241,0,1
train/0454/0e0e94ba471a4733a9e6e0bef13d710c.jpg,454,374,571,0,0
train/0454/0fd039ee04964a03ad302082167ea344.jpg,454,454,454,0,0
train/0454/11a728872d274d3ea305fc0f9b655cb2.jpg,454,457,457,0,0
train/0454/21dc60bac6854f8c9eb62aac804fc0eb.jpg,454,454,454,0,0
train/0454/38e048a098424b43bc52cb529e1a23f7.jpg,454,454,454,0,0
train/0454/4462951a3ccc4cb19f16afc81eecc452.jpg,454,454,454,0,0
train/0454/5fac1b4bf6384a0f830b07e51f944998.jpg,454,374,253,0,0
train/0454/60a8154cd7a5492da21b19e9b43bc89b.jpg,454,454,454,0,0
train/0454/77108936a6cd40bf93a1627cf6a2c1c9.jpg,454,454,509,0,1
train/0454/7796669b920a4dd58a0a5f10e48ecf04.jpg,454,454,312,0,1
train/0454/77be83a928034c0ab8660c811f09cb84.jpg,454,454,454,0,0
train/0454/786545e645b04506ba128c1aad3a51cd.jpg,454,454,454,0,0
train/0454/94bee1ce6c8d46bf9efa477497fd1bc3.jpg,454,454,454,0,0
train/0454/9cad1d91c3a34113b7199136c6434ad8.jpg,454,454,454,0,0
train/0454/a0ef227f64074c2d9fecca6e37c32cd7.jpg,454,639,639,0,0
train/0454/a3596965d3e44be1949a1d872c97e32c.jpg,454,454,454,0,0
train/0454/a6bbb69ac1074dd6b487752a19a7bbbf.jpg,454,454,454,0,0
train/0454/af86695ce6874f65aaef161ececbd018.jpg,454,454,259,0,1
train/0454/cc14fc43f0b540a4a41579034c26bbad.jpg,454,454,454,0,0
train/0454/cce4349c5e7f47229a345447acf4e6b3.jpg,454,454,454,0,0
train/0454/d36542c926314a9781e6aaf63baf9ac0.jpg,454,312,412,0,0
train/0454/d5a5449438f44f449377cc8c52651224.jpg,454,454,454,0,0
train/0454/decf5cb3006f4f03bec52d310950b3cd.jpg,454,583,583,0,0
train/0455/03881f8cbfaa42e2a3691963d67bf247.jpg,455,455,455,0,0
train/0455/2fb8f7e0c8e44b8aba48be2ecf1930a0.jpg,455,381,455,1,0
train/0455/3a75e84fff94450881dd9fcf0beca6c7.jpg,455,455,455,0,0
train/0455/445d8ba06d204b7f8a86990141e06175.jpg,455,455,455,0,0
train/0455/4aa2f8a9b3bf4643be91d96eaf747d42.jpg,455,282,282,0,0
train/0455/51dfac5fba484a6fbf5cba762a88e8f2.jpg,455,455,455,0,0
train/0455/76ae714551c94ed8bfe48b9fefa0572e.jpg,455,455,455,0,0
train/0455/83650baeebfc40e6937739615acfc094.jpg,455,455,455,0,0
train/0455/8b628fefd3cc40a48f7376390c2cbb36.jpg,455,455,455,0,0
train/0455/a272cea5806748129e8c72420be9e2ee.jpg,455,455,455,0,0
train/0455/b60084fd2d7a460ea47d32d73ac7f36a.jpg,455,455,455,0,0
train/0455/bbd3d49ea43d4398ab69a68baa7bac38.jpg,455,455,455,0,0
train/0455/c26060e52558461191af1a764d7dd8f4.jpg,455,455,455,0,0
train/0455/d6e71b819b8b4bcba8806cb08a0cc4e3.jpg,455,724,724,0,0
train/0455/e32fb0736f46418e8f907731a2fa2875.jpg,455,455,455,0,0
train/0455/e3b85002365643249830f3901725f5ad.jpg,455,455,455,0,0
train/0455/f223917203fa45a8b16bccbbd3ac7739.jpg,455,455,455,0,0
train/0455/fc881c1b673240dc915d52bfd9749502.jpg,455,455,455,0,0
train/0455/fe71c2b6c4864083b1b2776e33ec30c1.jpg,455,455,455,0,0
train/0456/01548cb2f0964a08860dc40a52e40953.jpg,456,157,157,0,0
train/0456/2dc4ef8743d147f59df67c79000ef5be.jpg,456,266,266,0,0
train/0456/43878472c62f46759d4a02d7019d70ab.jpg,456,456,456,0,0
train/0456/45b61e293f51465085856bbc27e05222.jpg,456,61,61,0,0
train/0456/6235a130b6af4f50b67713c2cca18102.jpg,456,456,58,0,1
train/0456/6862f149e49c49bdb40367c3ddcdcd71.jpg,456,471,471,0,0
train/0456/6d588c9d0ef44a6f82137ee60bf126a5.jpg,456,414,414,0,0
train/0456/6ece6527f2e345d5b6e0667bb50807f8.jpg,456,456,744,0,1
train/0456/8426f8a3c5fa470a8d51b58635c74097.jpg,456,576,127,0,0
train/0456/86fa273dbb394e05b8488befabaf10aa.jpg,456,447,447,0,0
train/0456/9131888d7cb94c28a0cddd53a2cdd67a.jpg,456,552,552,0,0
train/0456/923f488ca00c40089dc3bf3473e82f4d.jpg,456,280,280,0,0
train/0456/965e38d1e3984d5281b60cd6425eb23d.jpg,456,154,154,0,0
train/0456/a880b2b918c2433fae8af69ac9b3a916.jpg,456,744,744,0,0
train/0456/ad0a8c0149a94b94b8efa93839dd7525.jpg,456,456,744,0,1
train/0456/bd6ec5a8d38e43498112621e58dba9f0.jpg,456,673,206,0,0
train/0456/c105d8c49090405a9748482c2193b536.jpg,456,456,676,0,1
train/0456/c8b2fc5b3b18445bb39e73b8b9c728cb.jpg,456,599,157,0,0
train/0456/c9fdb351bd904f289036b927924635af.jpg,456,58,327,0,0
train/0456/d518808b6de845acae4730214b2ad49f.jpg,456,749,749,0,0
train/0456/e562fc6338ed4a10b40a43729f2717a0.jpg,456,61,61,0,0
train/0456/eda6ffc68ac54fa7b14134ac77844984.jpg,456,744,744,0,0
train/0456/efa4c2aca24d416a930c92a6432b5b2d.jpg,456,621,61,0,0
train/0456/fadb3908e95d48cfa18eedde58881c0a.jpg,456,157,157,0,0
train/0457/079690432c5f44009fdc1c3efbd7c0fa.jpg,457,508,663,0,0
train/0457/11e3b0d75c4a4c269e4963e31de72862.jpg,457,457,457,0,0
train/0457/1275d5634142473f8d326ce8b0743c6f.jpg,457,457,457,0,0
train/0457/2018a76135b84453be05114ce5bfec6b.jpg,457,225,457,1,0
train/0457/2e9b405a6fdb43a8b6d043143c1bd3f0.jpg,457,457,457,0,0
train/0457/32aad070ab394ac383311fd6ffcf7449.jpg,457,493,457,1,0
train/0457/340c6581c82743f1bd1b5717cf9a9f88.jpg,457,457,457,0,0
train/0457/3f416c7e5d1b489fa21e8e8c41c742f6.jpg,457,457,457,0,0
train/0457/43d67f28f6874618b3840315dfe94148.jpg,457,457,457,0,0
train/0457/447e750a6821405f802ea59309c64994.jpg,457,725,725,0,0
train/0457/49a0dfd7fe6a491e8b48dcfba1495544.jpg,457,725,499,0,0
train/0457/4c2c8d8af3e940dfa10b4ca8afa5dc0a.jpg,457,457,457,0,0
train/0457/52c0201f763e4de9b70b87eaf6c9831c.jpg,457,457,457,0,0
train/0457/5482a96a46594139af85109e609ceed1.jpg,457,457,457,0,0
train/0457/5804e4e916b04303939db2de431c184e.jpg,457,508,300,0,0
train/0457/5d11171883644541b0f47250d0bddcc6.jpg,457,457,457,0,0
train/0457/82db29d4b8ac4ee9abd2745a3b62e8c3.jpg,457,457,533,0,1
train/0457/8930193526c24c93990041c902e7ce63.jpg,457,499,499,0,0
train/0457/8e2bdf8015be4ebdb687ba528bff2730.jpg,457,457,457,0,0
train/0457/93992ade864e41988521c6fc576114f0.jpg,457,508,300,0,0
train/0457/aad852f4f03549d8934dd8c71f3d83cd.jpg,457,722,722,0,0
train/0457/abd822888e3d4c7783bd98e73547c263.jpg,457,457,259,0,1
train/0457/c140f021f60e434abd9e81c3dc4cf6f6.jpg,457,457,457,0,0
train/0457/d6f7aab50b134f1498430e25e325f36b.jpg,457,457,457,0,0
train/0457/e3054f54b2cb4ed8b7a3623151fc04de.jpg,457,457,457,0,0
train/0458/0bdec02a89df435cbf756d2309e0553c.jpg,458,458,458,0,0
train/0458/46dc23c6ee804e52922d40725431a59a.jpg,458,458,458,0,0
train/0458/6a3988f9b69d471ea64cc92ecc22842b.jpg,458,98,98,0,0
train/0458/7a8e87035b49486cb256afe071086b77.jpg,458,681,681,0,0
train/0458/7f465a6c3327412a8304eab48e97c33e.jpg,458,334,334,0,0
train/0458/900212b7b1e545729ae58c96044ec8d4.jpg,458,458,458,0,0
train/0458/90b27046bcd149ae8ef9ffb4fd06e3eb.jpg,458,458,458,0,0
train/0458/9a5661e7f6bd43bbb07ed5ff95e04784.jpg,458,732,732,0,0
train/0458/9dd3b5dbe04d4fd6b13b6cad2ff8e840.jpg,458,139,434,0,0
train/0458/b35f4bc9dd274bb8bc1b752e0e3a5dff.jpg,458,458,458,0,0
train/0458/cae8a290cb334e5c8b9ad92834b1ca1b.jpg,458,270,219,0,0
train/0458/d5c7fe55d0d54479820b51f8c01796a7.jpg,458,293,293,0,0
train/0458/df8321f9d4b44c6c88a1cdec0d0fb6e9.jpg,458,458,458,0,0
train/0458/f17fa87f515444989ec8f437d1afa577.jpg,458,491,41,0,0
train/0459/0002fb335a0048388d9cb9841159b7c2.jpg,459,459,16,0,1
train/0459/09007dff447042cfa29643db893f4eb3.jpg,459,700,700,0,0
train/0459/2874a528877344468fd4a1f43b780d77.jpg,459,303,16,0,0
train/0459/3f903279477248c79330788fa946644b.jpg,459,303,580,0,0
train/0459/44379fa823334c1e969909c763dd1911.jpg,459,303,234,0,0
train/0459/457ebfeff55a4a2a972ea75edd1f395d.jpg,459,34,34,0,0
train/0459/542ce6bf21ba49bea7f6e9eceb4bd7a5.jpg,459,459,16,0,1
train/0459/63d184e275584e5db582bafdd337a68c.jpg,459,253,16,0,0
train/0459/76db333196274bc1befb984de8641fe5.jpg,459,74,502,0,0
train/0459/9414a9d7d8a845bf8620af391db6d9ba.jpg,459,459,16,0,1
train/0459/9ba8b8ec44a74402806a69ae4d27b31d.jpg,459,459,234,0,1
train/0459/a15552ebb64f4530a7747b07e06e4585.jpg,459,380,234,0,0
train/0459/b0ecebb256fe42589eea8113c0ec417c.jpg,459,480,480,0,0
train/0459/b259aa31effa46d6af58e7c0ef856e76.jpg,459,243,16,0,0
train/0459/bc6874e4d9f4484bb713a2f1af384c89.jpg,459,253,253,0,0
train/0459/bd13545a8a7745ef97e8b26463fc679a.jpg,459,480,480,0,0
train/0459/be66afa58f1340359455ab047609f474.jpg,459,459,16,0,1
train/0459/c1e4b8e5761c44deb064400d62433dce.jpg,459,700,469,0,0
train/0459/f2ac5ebe7a734fbb85fded13afd11552.jpg,459,303,16,0,0
train/0460/0beb4269003a4f25b03ae3e2e0f86d14.jpg,460,460,460,0,0
train/0460/0c598137f50448258d16b49ccda4069a.jpg,460,460,460,0,0
train/0460/1134fcfc6ffb4faabb9968cde9f50c7a.jpg,460,408,334,0,0
train/0460/1457d2bae83442eeb465186eed5f774b.jpg,460,460,460,0,0
train/0460/1f759d33918a4b089f73ce2901b28983.jpg,460,460,460,0,0
train/0460/43ef003f74fe47519990d4548621959a.jpg,460,460,460,0,0
train/0460/4bdacf4db5e641fca53ad468819b4c98.jpg,460,460,460,0,0
train/0460/4bf6291e516741a2a53cd89cb4813f80.jpg,460,460,460,0,0
train/0460/4ed537399fc7443aa15ad633f1707a6c.jpg,460,408,334,0,0
train/0460/5526075e4ec94231b6bd37b5c1dd9375.jpg,460,460,460,0,0
train/0460/5cdbfe29b759497593e653def0e9da9d.jpg,460,460,460,0,0
train/0460/5ef5bc2d921e47d7a3667d310007c317.jpg,460,408,480,0,0
train/0460/71b1167ae0f243f1aa4f089b30ea6320.jpg,460,480,9,0,0
train/0460/7218d64c31724c9b967ee64a5c26bda0.jpg,460,334,334,0,0
train/0460/7fbb23b61d8e4f508ee0d6ae0b71f481.jpg,460,460,460,0,0
train/0460/a11e4a1235444e608adf453e74e04421.jpg,460,460,460,0,0
train/0460/a5d2ab7b7c814f0192386c036f30c775.jpg,460,460,460,0,0
train/0460/b49225167926425a8090ab067c160595.jpg,460,392,460,1,0
train/0460/bc5458cb591544d1a27f754b316a3536.jpg,460,392,460,1,0
train/0460/bd89177a4da44633b937e3490ca15fa8.jpg,460,392,460,1,0
train/0460/d5dcfe7d95cd44a6a92e72ebba5d72cc.jpg,460,460,460,0,0
train/0460/dc2c52abfa8e4e2e90325255d4e1f850.jpg,460,460,460,0,0
train/0460/e873b69698714e4ebc59e6a85819f4db.jpg,460,460,460,0,0
train/0461/0f842c55bc61406aa86b35c77f7bff78.jpg,461,401,401,0,0
train/0461/12e514c3084a479fa3766fb805f3aaa6.jpg,461,461,461,0,0
train/0461/25010ce30250491cba93d4172e967cb0.jpg,461,461,461,0,0
train/0461/2ffae2cdde44468f9d5ad67cc838fcc5.jpg,461,401,461,1,0
train/0461/4180bb6e537440a3a40e9f32bbe05c24.jpg,461,401,401,0,0
train/0461/44a19ddc5df4476dbf5afdecff9f5d61.jpg,461,461,461,0,0
train/0461/4c01a5e0080c4ec7b625c332d3df4fa3.jpg,461,401,461,1,0
train/0461/5389729ece364519acd5eac5afde6ab1.jpg,461,461,461,0,0
train/0461/549e6943d4534d3c95886274c2c22f52.jpg,461,461,461,0,0
train/0461/5e1280f153844bf88a27b0aad91ff7b7.jpg,461,461,461,0,0
train/0461/61fe074e8ed24bd2900aa9f0788b18f0.jpg,461,461,461,0,0
train/0461/640ff18b6f55421a92890273343b8988.jpg,461,401,401,0,0
train/0461/6efb805b0f274b05bd49e508bba4aa35.jpg,461,461,461,0,0
train/0461/836539b4647b4f09b6ed70a5d4fcbdfc.jpg,461,461,461,0,0
train/0461/aaae41414d7f4d60a3cc140f696bbb3c.jpg,461,401,401,0,0
train/0461/b70c2cfd6fae4207870744b0da042f04.jpg,461,461,461,0,0
train/0461/c92ff0538c45434b979863beb849d0b9.jpg,461,461,461,0,0
train/0461/cb36738d09f84eab9cb98f4b3fefa6dd.jpg,461,401,401,0,0
train/0461/e18b7479be7145ecaafb43b4891982fb.jpg,461,401,461,1,0
train/0461/e2376a6763ce47a5850af68fc0a88f6e.jpg,461,461,461,0,0
train/0461/f2a9ad410d1546e2bb984d37b3e2b021.jpg,461,461,461,0,0
train/0461/f7ef5001c5ac405a92d6fe48e893125b.jpg,461,401,461,1,0
train/0462/000a530b3ebd4e60b3c1f9f7989bf8ec.jpg,462,184,184,0,0
train/0462/0772821872954202b84fda4d56e3df6f.jpg,462,462,462,0,0
train/0462/18b2773ae31345a983e45bc075897fa6.jpg,462,462,462,0,0
train/0462/23e34715578e4910a907301f2502b232.jpg,462,462,462,0,0
train/0462/59dc20bee5a8436393d2f95b0adb1369.jpg,462,462,462,0,0
train/0462/5d3d4d40de43464780a5fd3dcf1561f7.jpg,462,462,462,0,0
train/0462/687032369e444aad927120730f7b6475.jpg,462,462,71,0,1
train/0462/6c8de87ba5f34f97a541b20338aa15d7.jpg,462,416,320,0,0
train/0462/762f6c8e3a8a4ecb9281c26ac0806ccd.jpg,462,462,166,0,1
train/0462/8451ca487bdd42c290c61d2a0f50b1d3.jpg,462,129,129,0,0
train/0462/8d1bd897ab1c4808b36321ccebb6cf30.jpg,462,177,177,0,0
train/0462/8d42c301d201480195528143cf3b1ffd.jpg,462,462,462,0,0
train/0462/91cd4ecf4cca4c06be68159bbf82b603.jpg,462,462,462,0,0
train/0462/92c49ec8d7c44f24b7f8cef184013a0f.jpg,462,71,71,0,0
train/0462/9e20772490b64a3fb51e59f3d28e6c71.jpg,462,462,462,0,0
train/0462/c21810aad725463f88f3717162ab94e1.jpg,462,546,546,0,0
train/0462/c234683fb67a4e5887ae359a47e8b261.jpg,462,462,462,0,0
train/0462/c8693eb996e3494e907a957eb1a5e71a.jpg,462,462,462,0,0
train/0462/c86d64f952264631996a0fb47f8b9794.jpg,462,406,227,0,0
train/0462/d39ef8157edc4f46ace43f9fd7b8948f.jpg,462,462,462,0,0
train/0462/d815b7f7e90947e3ae32313008f48a9d.jpg,462,462,462,0,0
train/0462/f2799accbbfb4258b2e5ffeecbaa4531.jpg,462,112,295,0,0
train/0462/fc7c8f5a7f774adc82a61d521a4363bf.jpg,462,462,462,0,0
train/0463/0ef59910a88a486f8273fe87ce7461d3.jpg,463,310,488,0,0
train/0463/171cbee673d14983b522f53db019410d.jpg,463,740,740,0,0
train/0463/2e32aff97adc4316b767a20b00051b0f.jpg,463,463,463,0,0
train/0463/34a4ecc1ac094d50a961ca6ce06bcd2f.jpg,463,714,714,0,0
train/0463/5f5e2c593af8429c93fb38a10c826879.jpg,463,463,463,0,0
train/0463/64303ae2e6e7475eac1543a0c08b7df3.jpg,463,463,463,0,0
train/0463/6c24968e1d31433e8fe4137e1d27b3a1.jpg,463,165,165,0,0
train/0463/7a4ebefc1ad74f2087ba42b77a000b1b.jpg,463,550,28,0,0
train/0463/9209cfca5b1f4e8d93188bf16d2ed1f3.jpg,463,463,463,0,0
train/0463/a8298fd108564704bfc631a3e40548f5.jpg,463,661,661,0,0
train/0463/ac69a3d430cd4cd5a2f9bda3fe50dd33.jpg,463,31,602,0,0
train/0463/b799e4ab6dbd40af874677a0a415edfd.jpg,463,438,465,0,0
train/0463/b8fb5c595aa84fa78736bb1bcec039c1.jpg,463,327,327,0,0
train/0463/c514a95383ec4aba8c0fa5e899d9d751.jpg,463,182,749,0,0
train/0463/cbeadb71bc95480b9bb36547e3ada26b.jpg,463,605,605,0,0
train/0463/ccdfcdbd4fa049818be54179f5c048ae.jpg,463,483,327,0,0
train/0463/ce533676ac464a3fb5b244da3c30e323.jpg,463,681,681,0,0
train/0463/d15aa82738e14f61b6cab329d63b8d0e.jpg,463,101,101,0,0
train/0463/e97f310efd97425d9139ab8aec93d099.jpg,463,620,620,0,0
train/0463/eeb339866c6444e8b2b42330ec518e4a.jpg,463,497,497,0,0
train/0463/f2b240c67cd54dad9d4467f90b4c6bca.jpg,463,227,227,0,0
train/0463/f66703d9b7124567bd16a49e2d9fd0fb.jpg,463,661,661,0,0
train/0464/039dfc827ea44b0e8bc58faaf311dc3e.jpg,464,608,608,0,0
train/0464/0450eaa67fd14720b6fd7becebe53bd3.jpg,464,464,464,0,0
train/0464/22c8b22d3d604b848a0252fa55d1ba7d.jpg,464,464,175,0,1
train/0464/3dedf5a95fa842d7b580161e1d2be756.jpg,464,309,464,1,0
train/0464/3f1e6d9bdd5047a79e8540458e161e2a.jpg,464,40,40,0,0
train/0464/4717d4ec00a34d2ba9448894deaa3b52.jpg,464,5,619,0,0
train/0464/54e6df0edc244c68b426abedc733fe73.jpg,464,309,309,0,0
train/0464/675b8ee1fb084a72ace649e5f68d50eb.jpg,464,480,480,0,0
train/0464/76d2f2c8ac134b3eb85e5e5aa81927f8.jpg,464,480,480,0,0
train/0464/88619934e5144e079ba9af788852a4ec.jpg,464,4,647,0,0
train/0464/92e6ee34f268481594a663e82467a14c.jpg,464,335,334,0,0
train/0464/94d895538cf4451e88a976ec5c8f2ec7.jpg,464,476,689,0,0
train/0464/988c5eff01314981a784d81196298c6a.jpg,464,583,583,0,0
train/0464/9f0f3fd84bb4484f8dcce22226465bba.jpg,464,518,518,0,0
train/0464/a627434cbe854fbabd5576907efbdf51.jpg,464,480,480,0,0
train/0464/a822e54833ed4b64a8f7d7260680d9fb.jpg,464,582,582,0,0
train/0464/db0792ea20ae4904aaee7d02880b8711.jpg,464,582,582,0,0
train/0464/e977ba5165e941a5be2990b523a6e943.jpg,464,393,393,0,0
train/0465/21dce16e5d034b14bd93b35c30355be0.jpg,465,465,465,0,0
train/0465/26d6ffcefcf748f6b7f83713e0ed0e96.jpg,465,465,465,0,0
train/0465/27810ed22f2c48538b2e299dd405b08f.jpg,465,465,465,0,0
train/0465/2efa8280f854492b99931a89516a6f29.jpg,465,465,465,0,0
train/0465/5a4ca64582904ec4b6ad909abf91f3a3.jpg,465,465,465,0,0
train/0465/6265f8679da2442390b51148ef4a38e8.jpg,465,465,465,0,0
train/0465/6a492c0b2d9a46ee826c36d7765284a8.jpg,465,465,465,0,0
train/0465/789b928126f545b9b177769792807867.jpg,465,465,465,0,0
train/0465/82d56219f99b4baaaa21a28d1ad94b41.jpg,465,465,465,0,0
train/0465/90d0c01aa9744a7598e966ccff364381.jpg,465,447,465,1,0
train/0465/90d54d6e554c47288e2e5f05c07f165b.jpg,465,465,465,0,0
train/0465/a26085e35f1f4e6e82ed7de208d2dcd0.jpg,465,465,465,0,0
train/0465/ad10457ebd7c4a5ea63618bc1a97485b.jpg,465,465,465,0,0
train/0465/b55b6987c8b54a5da7193be34d0e9364.jpg,465,465,465,0,0
train/0465/b7d05cf2182c41ff8b5b4ef932660185.jpg,465,465,465,0,0
train/0465/bb1652576e8e4443ba51011cd3de2c1e.jpg,465,465,465,0,0
train/0465/c1122c956e1741e3b05508148ee3c4e6.jpg,465,669,465,1,0
train/0465/db949f8f1d6d4e83a46eefbc188b90ff.jpg,465,465,465,0,0
train/0465/fa8afc7269714da4bd6373ff6a6f680b.jpg,465,465,465,0,0
train/0465/facf4f39db37400fa62a642589b94b24.jpg,465,465,465,0,0
train/0466/0116626e78554a3cad50adf8d1e4eb08.jpg,466,466,466,0,0
train/0466/051e57b3fdb541d0a7b1021e240fae42.jpg,466,466,466,0,0
train/0466/3624ea421ae940a1b2bf053fc2d1b57b.jpg,466,466,466,0,0
train/0466/374ccef0340d43bdbe92eaffae2d4439.jpg,466,389,389,0,0
train/0466/49b46df0983e48bdb18c324d10d5c6fc.jpg,466,466,466,0,0
train/0466/4be601e75dc14332a8ca2216c3a36bce.jpg,466,681,466,1,0
train/0466/66e6887e978245a690a06504ff6916e8.jpg,466,466,466,0,0
train/0466/6ad1e32ffc4249c9b4640e5e21e00960.jpg,466,466,466,0,0
train/0466/76ba1a2c49cf4e3998dc1a573d36e46f.jpg,466,466,466,0,0
train/0466/7b978c5b480c46baa1053102699f4868.jpg,466,466,466,0,0
train/0466/a389d79191b742daaba4314d2027d948.jpg,466,466,466,0,0
train/0466/b8df56c47ac94a5bab03ef8ab64afd2f.jpg,466,71,71,0,0
train/0466/bb2d0f4277e44f24b1bde5d47353f2c8.jpg,466,466,466,0,0
train/0466/c3224586a4364923b7b52d21d3e44738.jpg,466,466,466,0,0
train/0466/cf23d0af3dec4992a0248afe2285e0bf.jpg,466,466,466,0,0
train/0466/d280c200a9af4d09b4130191adeebc76.jpg,466,129,129,0,0
train/0466/d51febdc49a54bf99c141c11faa2a2b2.jpg,466,466,466,0,0
train/0466/dc64e55c3f75498da50f3e098bc4e09b.jpg,466,71,89,0,0
train/0466/e79741c1cbcb4b688c8debbb1feadef3.jpg,466,466,466,0,0
train/0466/f20ced04f71a4b56a40c9848d0250d54.jpg,466,466,466,0,0
train/0466/f28ccc4bb1004d369ff614f6ca2bd07b.jpg,466,466,466,0,0
train/0466/fd89aa1b0ff5495aaaac502ec1f278a5.jpg,466,466,466,0,0
train/0467/17bd9369f52e41dbb5d73bf15b92bf68.jpg,467,186,186,0,0
train/0467/1e9630426d6a4678aa26243ae6181404.jpg,467,129,129,0,0
train/0467/1ff38ae5f92545daa9404baa4e7a9587.jpg,467,740,740,0,0
train/0467/22833d222e724a7dbd40d2dda35a0f4b.jpg,467,317,703,0,0
train/0467/35a148f6073241c7826c4e76d58407db.jpg,467,347,347,0,0
train/0467/3a31be45cc9f4ee99b1edd7de29617f0.jpg,467,467,639,0,1
train/0467/682e3ff03edd49e489653dbff530e996.jpg,467,347,362,0,0
train/0467/7faa61af94574dde80238c17a9d081a5.jpg,467,225,225,0,0
train/0467/9aa44e902e294d5dbec065586fce7795.jpg,467,417,417,0,0
train/0467/9b83ee7c6c864de29a8d7f745f2ab3c7.jpg,467,467,177,0,1
train/0467/aa55419bd9d2445488bfc5dd7a8eb0d6.jpg,467,673,592,0,0
train/0467/abe3d56b5d2e44529f21f8c2cda9e7ef.jpg,467,232,232,0,0
train/0467/b05ed0b4c99e4a49835d17a69a3132a6.jpg,467,182,744,0,0
train/0467/b146fc79822246f28631ed7271c4bdb4.jpg,467,691,691,0,0
train/0467/d162b0ae3cfc4a20904ad8179cdb9d19.jpg,467,101,89,0,0
train/0467/d933aa7f99b546fa91c3eb809308df8e.jpg,467,597,557,0,0
train/0467/deeea0874383415d99104653e7d6a168.jpg,467,316,115,0,0
train/0467/e1c1cb9a6fc545a0b669ca70a3c2b864.jpg,467,565,565,0,0
train/0467/e2c44a84feac4878ab11c215d5d9db68.jpg,467,509,509,0,0
train/0467/e83ee43daf8c4e109d6b35425a1e774f.jpg,467,362,645,0,0
train/0468/06ac47d3af3a47bb998ba7b4ec2c4854.jpg,468,468,468,0,0
train/0468/14f27ee57ed24cc18726d2a547aa2968.jpg,468,468,468,0,0
train/0468/16268baaae7247d481bf81c3cf101665.jpg,468,513,231,0,0
train/0468/2bcd340a1b81409e9f83b68715f73c9f.jpg,468,468,468,0,0
train/0468/34c3253d4de248ceb7c33adab1de41df.jpg,468,468,468,0,0
train/0468/368a2102df344ee6963a001c05b91359.jpg,468,168,168,0,0
train/0468/5a09bcec566c4f368ce9993a0bd48f22.jpg,468,468,468,0,0
train/0468/5c6754a640114688b5ea81e348f3d98b.jpg,468,468,468,0,0
train/0468/71f7739f2c08439c99c9349fd1251752.jpg,468,468,468,0,0
train/0468/79c584f6a5d349c38c36c414f8f394ce.jpg,468,468,468,0,0
train/0468/7a363bdea56945d090f30c1ad35b9297.jpg,468,468,468,0,0
train/0468/8bd3b6ac92c743178f4b7a03e7bd22c5.jpg,468,468,468,0,0
train/0468/8bfc7e25c2d14400b0609bde0e3688ed.jpg,468,468,468,0,0
train/0468/bf791056658c49798f0c77d6b9bda915.jpg,468,468,468,0,0
train/0468/c6ec6e0c3d6a40d58471a986f3b5bdb3.jpg,468,468,468,0,0
train/0468/d329440181ad44f1be54d4c41c8ce52d.jpg,468,468,468,0,0
train/0468/d9c5c1f24f2e41b0a00d681be48c47b1.jpg,468,468,468,0,0
train/0468/e39696c116dd498d9a55faaecc88d493.jpg,468,468,468,0,0
train/0468/efe1ebe8a9c44db99cff3227311c54b5.jpg,468,468,468,0,0
train/0468/f93662a530784060beaea38fae00c84d.jpg,468,468,468,0,0
train/0468/fa9b188d49ae40e380ced10ce9e9b761.jpg,468,468,468,0,0
train/0468/fd8f0a322e2e4d109289652c83fc2df6.jpg,468,468,468,0,0
train/0469/2408496993a44850a1cdd041ad2ff56d.jpg,469,469,469,0,0
train/0469/24a2599d9c044a1eaa0e4cab8bf52ca9.jpg,469,34,95,0,0
train/0469/28f666a1eb6f4ecd810d309205126a80.jpg,469,469,95,0,1
train/0469/38f7a8f4a7b34a84921c0c2b8b2c3976.jpg,469,640,95,0,0
train/0469/3aaba796864a434f9328d17aa996521e.jpg,469,469,34,0,1
train/0469/41d21d2074fe4cc69690fe6f2a5675e7.jpg,469,34,34,0,0
train/0469/4216aafaf25b43c9b34357804098029b.jpg,469,469,380,0,1
train/0469/42d53e3fa5784a478656d43a0f1ce28e.jpg,469,34,469,1,0
train/0469/4694956431cf4c3d835812950383afd1.jpg,469,469,16,0,1
train/0469/4c0e3ba07eba47ae9a625e9dc417f2a3.jpg,469,45,45,0,0
train/0469/60bdbd554a0f4722a9c73a71e185bfda.jpg,469,539,539,0,0
train/0469/6b50e3f14d5f41b2a23becce87b5199c.jpg,469,95,95,0,0
train/0469/79b0fd03581c46599b7c9838e4ab5f7f.jpg,469,469,469,0,0
train/0469/7d5e03ffbe794d4c8daaddb9ed1fb165.jpg,469,469,469,0,0
train/0469/8a1a4e5c5942424bac6223649685726b.jpg,469,502,95,0,0
train/0469/8c985a1c8d1347409baad223cafe3670.jpg,469,469,95,0,1
train/0469/8d38a668be3a46c0b6024236b87795b6.jpg,469,469,469,0,0
train/0469/8d5cb3964fba43ed97e15f8434be497a.jpg,469,167,95,0,0
train/0469/9c6f8aab33b64832b6bd773cda1cbce9.jpg,469,539,580,0,0
train/0469/a25e3db8ae7e4e2d8e92a2d384a5fd23.jpg,469,469,469,0,0
train/0469/d58096d8451f486ebc3861a02a5665fb.jpg,469,34,95,0,0
train/0469/d78e714b6ae94071881379d5972a5aac.jpg,469,629,99,0,0
train/0469/ee9389ab68d14353a136c753b9957f88.jpg,469,34,469,1,0
train/0470/09b7f455f8974dfc8b2c5c78dfda1438.jpg,470,470,470,0,0
train/0470/1a1f49420cfb442b935294a352c25786.jpg,470,470,470,0,0
train/0470/2f6e0ca0c1d74129b3d1b3f0e591f6ab.jpg,470,470,470,0,0
train/0470/372fb675baab409eabf562a877d26060.jpg,470,224,470,1,0
train/0470/40da77352ec44ac39000a96b80ad6f4a.jpg,470,470,470,0,0
train/0470/5c5876efa41c43e0a7c1025392e8476a.jpg,470,470,470,0,0
train/0470/5e10cdac09fa4f958e4b4ce70a40426d.jpg,470,103,103,0,0
train/0470/666cb14b83ff4dc09dc41e6c24582410.jpg,470,470,470,0,0
train/0470/6bb370906164462eac0090f15f2d8bdd.jpg,470,470,470,0,0
train/0470/7754230ee3c243ad81e85b17dcbd8e75.jpg,470,470,470,0,0
train/0470/786aecbc9cc34345b7549dcc0967e1c2.jpg,470,470,470,0,0
train/0470/83b1656a51844f9d8065d7c8953f3a62.jpg,470,470,470,0,0
train/0470/885119e6674c4dea83b771a13c94c387.jpg,470,626,560,0,0
train/0470/8bc4dce8a06246fdba1ac1db8ba4081c.jpg,470,470,470,0,0
train/0470/8c6d65ad1b91402cacc74f900bb24b04.jpg,470,470,470,0,0
train/0470/b8ee9e6072f248548273716ab87b215c.jpg,470,470,470,0,0
train/0470/c1e758cd200947819ca10c07e9be279a.jpg,470,470,470,0,0
train/0470/cb3cfa62b48f4780bf193f0378b71667.jpg,470,287,287,0,0
train/0470/e8c6d084ab684d648f0b404ef286e4ba.jpg,470,470,470,0,0
train/0470/fed10c79b0c547b38e6d83fe191337f6.jpg,470,470,470,0,0
train/0471/040dc82df6b0476f8e48788cfb31c229.jpg,471,259,259,0,0
train/0471/0e134ca01e654db3b8d0f53100e8b4fb.jpg,471,663,663,0,0
train/0471/0f2c399193824b6694627ce10b340911.jpg,471,744,248,0,0
train/0471/1794f5a25cf643e3b4f0488d7e1c1c69.jpg,471,542,542,0,0
train/0471/2423fc2c7b7e4bd2980a417902ad4289.jpg,471,471,471,0,0
train/0471/2be4f91a4585473a94a926a188d3dce9.jpg,471,663,663,0,0
train/0471/33990e2c0673409e8b73bac9f6ea6d04.jpg,471,259,259,0,0
train/0471/40a5259f746f47718b4b647315a509d4.jpg,471,471,471,0,0
train/0471/56b025f0416640a3bdea87d5c6506479.jpg,471,2,2,0,0
train/0471/59d066730c624fc2a82e19d04883d3f2.jpg,471,471,300,0,1
train/0471/5fd8d86426c04d20b9882ae2546b9039.jpg,471,259,134,0,0
train/0471/7b349787437a4d9dbd46512a67c35761.jpg,471,471,471,0,0
train/0471/9c9ba4fff39048d68b8f8366fe9baf85.jpg,471,675,660,0,0
train/0471/c6e7e95978e54eac9eb73278c77da7b6.jpg,471,298,511,0,0
train/0471/cd711d8e395a46de9d5f97501806d93f.jpg,471,259,259,0,0
train/0471/d0faaa571c3646f19eb90244e8308644.jpg,471,471,471,0,0
train/0471/d9311a97494d4eb78253398fa7017575.jpg,471,471,134,0,1
train/0471/e060741950804b1cb20c0b0377cc283a.jpg,471,259,663,0,0
train/0471/f91930bfcd764a2c8974e0f16e9b63b9.jpg,471,471,2,0,1
train/0471/fa8ca829a3184ffeb62d90d5f0e64869.jpg,471,259,259,0,0
train/0471/fbf13ad3f7624ee99596204d0c5f0188.jpg,471,663,663,0,0
train/0472/02e2c9196674430999e6827dbbfdbd26.jpg,472,472,472,0,0
train/0472/0810d1d77d514d829810852628a1e759.jpg,472,496,496,0,0
train/0472/239e17af5d674ca0a6fd1f57a53c20c6.jpg,472,472,472,0,0
train/0472/255f87074a90402abc8348580ae1a9b1.jpg,472,496,496,0,0
train/0472/2d6d85d0e3f940419f2bc348113badf7.jpg,472,748,573,0,0
train/0472/39ed3bcc786f40298f369ecf3135cba7.jpg,472,200,496,0,0
train/0472/51a6ededc7af47fa9fb48c507a5bc8de.jpg,472,496,496,0,0
train/0472/6de65274b2cd450fb9c79a1c63b6dbc0.jpg,472,748,748,0,0
train/0472/71c859b083f7403386bbd1e8dba6bc9a.jpg,472,472,472,0,0
train/0472/77028e562b80413ea35a2ba4f1d78586.jpg,472,472,472,0,0
train/0472/814c4f892f7548839dae1c1571e501cc.jpg,472,98,133,0,0
train/0472/929993db8be74df3b9ebb399467e5e7b.jpg,472,550,550,0,0
train/0472/98af948a6fd94004b11f230a2be6e843.jpg,472,472,496,0,1
train/0472/99ec7cd873f7465e813bd62579c96276.jpg,472,200,496,0,0
train/0472/b3810cf8ab114357b615169efa88e191.jpg,472,133,133,0,0
train/0472/b656e6de019246208c8497def4667529.jpg,472,496,496,0,0
train/0472/bf11fbc8ad0b4647a40f6f3ac49d3071.jpg,472,472,472,0,0
train/0472/c3deac14ea0d4ebaa33df8f379955d40.jpg,472,472,472,0,0
train/0472/d6700fc905804178a3ca1b598354dc37.jpg,472,200,496,0,0
train/0472/daa81592b3d44eae826fe552a73d4b19.jpg,472,472,496,0,1
train/0472/e05be3f5a2334e51864baff8f1d33101.jpg,472,472,472,0,0
train/0472/ea889ae606dc494fac62b9644a30980d.jpg,472,748,496,0,0
train/0472/fbe2b5f985e4467bb6c180ef096a501d.jpg,472,496,496,0,0
train/0472/fe9660cdfcbc4129b09c590f6e5f13bc.jpg,472,472,33,0,1
train/0473/0197467a706349208244e9bf4e627d98.jpg,473,473,473,0,0
train/0473/01a1caa45c48435ba17ab7ee31c010d7.jpg,473,232,232,0,0
train/0473/04c1c56342704d95886dc79f0b30064d.jpg,473,479,298,0,0
train/0473/0b3972019e6c4166a7a6b6470311598b.jpg,473,473,473,0,0
train/0473/0fa6c79538ce4a5eb457e46db0d3e451.jpg,473,473,473,0,0
train/0473/1f06cd335d5944d9965dc18b952804f7.jpg,473,681,681,0,0
train/0473/213e0d5abf844186bb54f4509425011c.jpg,473,473,473,0,0
train/0473/2a0f620d168f4401a7c50b85415245c3.jpg,473,473,473,0,0
train/0473/2cbaf24d910144128d3044288751c790.jpg,473,148,148,0,0
train/0473/2ede84af12d641829d37f3429fc10a34.jpg,473,186,347,0,0
train/0473/3c4c382a145a488d8636393c9db3ad23.jpg,473,473,473,0,0
train/0473/4c6ebbe33b2e494c94f2a1f37bf115e0.jpg,473,232,232,0,0
train/0473/4ceebffa43af462fa6bc0e4ce2727e82.jpg,473,473,473,0,0
train/0473/70c32ec4add548c1a878c786c7533a3b.jpg,473,473,473,0,0
train/0473/788d03153e5942fc81f505191f4d5e18.jpg,473,473,473,0,0
train/0473/8018c84fa11d4c22af57e2a58edad944.jpg,473,473,473,0,0
train/0473/af986177d3924bc78ece09db3538203e.jpg,473,362,362,0,0
train/0473/b3a63492260e4e3ca5b534e48224a330.jpg,473,327,327,0,0
train/0473/b7bd2aa600124221af9d637ee7ba085d.jpg,473,27,27,0,0
train/0473/caea5765ece64e1cb4f51cfb1fed917d.jpg,473,148,148,0,0
train/0473/d84abb75819241e3956c2703b5e94ac0.jpg,473,552,552,0,0
train/0473/ef00222e7ae74c1ab0c70ecf074739a4.jpg,473,352,387,0,0
train/0473/f9367466d56340ec825cb153c808570e.jpg,473,127,127,0,0
train/0473/feaf2f496cd448d3a849e00427f19a51.jpg,473,248,248,0,0
train/0474/07604237169741cbaf31f2e4a22822a6.jpg,474,474,520,0,1
train/0474/088b8a9035624177b5082deed387fcf6.jpg,474,474,520,0,1
train/0474/1fffb191aa8c483da62aef9cb742d2cd.jpg,474,331,331,0,0
train/0474/23066d3367be4b72ac0a6ea0ad79252e.jpg,474,474,474,0,0
train/0474/35590ba4dbb9410c94e6a416ea2f589d.jpg,474,43,43,0,0
train/0474/37c1a195440b4b12b1eef59a2b08b77b.jpg,474,43,43,0,0
train/0474/383c1d1b7a494648a83f77c23ebb50aa.jpg,474,474,520,0,1
train/0474/7fc84cb4b9ae4083a27ca029c3a9fb05.jpg,474,546,546,0,0
train/0474/8b6bed9e3950462d98b63bfd64d2e850.jpg,474,474,474,0,0
train/0474/9b8874b13b5d47638846fd8365ebc34f.jpg,474,474,520,0,1
train/0474/a768aea47376484a8acbea14229af480.jpg,474,474,520,0,1
train/0474/a84ca4cc53c74655b43a2c74e38d6ca4.jpg,474,43,520,0,0
train/0474/bf29ab2395bd4413ac9bfcf0a163a91a.jpg,474,474,520,0,1
train/0474/ce75d6610583421c9eac212861017c96.jpg,474,474,474,0,0
train/0474/dd7fb9ca75104dfe9d9f22b2e9a4377a.jpg,474,474,520,0,1
train/0474/e4bce39b728d4ccaab5c6692ba5901b0.jpg,474,520,520,0,0
train/0475/0a9b7fb1b3dc482290e2fa8994fde402.jpg,475,719,289,0,0
train/0475/0c1b06f8835e47d7a209e62bbe66bd89.jpg,475,344,344,0,0
train/0475/0e92074b58044f86b8b2f19777a35b76.jpg,475,509,509,0,0
train/0475/13b8f1fbe3bd4c6c85a812e0a36503d0.jpg,475,720,720,0,0
train/0475/1e18ee7630b94bb2a03fa0d91e416292.jpg,475,52,52,0,0
train/0475/240fbe4aa5d34dddbd8bffd2374e1f99.jpg,475,574,599,0,0
train/0475/4532abe62bf0400b9debb069f83b49bb.jpg,475,741,369,0,0
train/0475/52041d8082194af9a4952ef13a8957fe.jpg,475,259,663,0,0
train/0475/53f961efc43c45c39079fe017d49927b.jpg,475,71,71,0,0
train/0475/5a9116185d6b47c6b226083bc42e6bf1.jpg,475,574,574,0,0
train/0475/8281d21f01844b31b21243ecee9ee647.jpg,475,620,161,0,0
train/0475/82a310acb235402caa9505ab0f919a33.jpg,475,499,499,0,0
train/0475/89d161f4762d42f9ac0f7074a5b382be.jpg,475,574,574,0,0
train/0475/8bc4bf6c71a0479ebd1449b77fc07840.jpg,475,717,259,0,0
train/0475/b4284708f6b84fba89503895c25f888a.jpg,475,331,331,0,0
train/0475/dfa56e5311b84a2e9bf9cc029d0eece5.jpg,475,54,54,0,0
train/0475/edc35b194ba84578add5e57d62e17638.jpg,475,548,548,0,0
train/0475/f057eec419e74999946a698bc872435b.jpg,475,112,112,0,0
train/0475/fe3e46970267490d86754fdc1922f55b.jpg,475,274,152,0,0
train/0476/0132dfb449934156ab0b2fe6ccb2aa3b.jpg,476,376,376,0,0
train/0476/0a4702ede7ee45ad8dda1d0f841909b0.jpg,476,476,476,0,0
train/0476/0ca2c3cadbbc4cfea61dc68cd021f888.jpg,476,476,476,0,0
train/0476/0cfe372bed21413e83df4f2d45f301f2.jpg,476,476,476,0,0
train/0476/226d3065ee9b450bb845b2d556cd9a9e.jpg,476,2,2,0,0
train/0476/227318dffeec4816b7659b1c7dff98d0.jpg,476,476,476,0,0
train/0476/22e5a2c559c84d3b9a9b4b4442d84af2.jpg,476,520,520,0,0
train/0476/2e80ab6c337a4c0da1b554122641e21d.jpg,476,476,476,0,0
train/0476/671c2cbf353e4353b935a2ecddedadfc.jpg,476,460,608,0,0
train/0476/845f1d9e267243849ba4f157dd4d4f9a.jpg,476,175,175,0,0
train/0476/849a285b8ba34763995901b5ad08baa0.jpg,476,540,540,0,0
train/0476/8805ca5229f94f03bb70f9c413de04ee.jpg,476,689,689,0,0
train/0476/9a9664466c5d40dc85c3f704d10bad0e.jpg,476,376,376,0,0
train/0476/9ee256ac2be642c18a67f71423c210ba.jpg,476,476,476,0,0
train/0476/a1095ba0c6b54fa3ae96e5ca35e6c766.jpg,476,695,695,0,0
train/0476/a852aa4494114de8962b16ee18b9021c.jpg,476,476,476,0,0
train/0476/a993ad2b6dca4787a499c97650ebaf15.jpg,476,476,476,0,0
train/0476/be211d40d45a4aee8a99ee693e73da28.jpg,476,332,332,0,0
train/0476/c1ec36c564c741279659d072822b6e88.jpg,476,478,478,0,0
train/0476/d79a4468ccdf4b94995358b8ea17996c.jpg,476,476,476,0,0
train/0476/d97c66df2cdf4555b5188f61368c68fd.jpg,476,476,476,0,0
train/0476/e4cf8e8508534b8e8a4f389fe094a6fe.jpg,476,476,476,0,0
train/0477/0ab78eda64684853a69acf2486d79ec7.jpg,477,506,506,0,0
train/0477/10fdd94e516f4bff86e201e47127f413.jpg,477,477,477,0,0
train/0477/12a6f13e15d3485da85b1bd7e002fa6d.jpg,477,674,674,0,0
train/0477/19e82728287c4e42bd808b6663c1b4c9.jpg,477,674,674,0,0
train/0477/2c03b480fd0f40fb8acb213cd51c0f81.jpg,477,477,477,0,0
train/0477/37b5c1b99c13412e94eaf7c306c2c60a.jpg,477,477,477,0,0
train/0477/3f35ac2142824d79801176b0a74d3144.jpg,477,477,477,0,0
train/0477/455f44fcf1454a39adca5e8ea071df45.jpg,477,657,477,1,0
train/0477/4e9ee1a02728472897eacf8b9aeafe37.jpg,477,674,477,1,0
train/0477/86748140e7fc45a889ced1866d326f15.jpg,477,657,657,0,0
train/0477/9bb8cefa2d134208b8b3dab9ba241035.jpg,477,477,477,0,0
train/0477/9bd65b80f1334fc8b710ca590be19447.jpg,477,477,477,0,0
train/0477/9f1f30a446214936b6f2251b18ee602f.jpg,477,477,477,0,0
train/0477/ae8d23d2132944219e6302458443300f.jpg,477,477,477,0,0
train/0477/b23fe557e201460285a57c045335f892.jpg,477,657,477,1,0
train/0477/cb7d5fdd20cc4f79b98af2c9ba02c101.jpg,477,477,477,0,0
train/0477/de7d058b67f3441992955ddc31eac17b.jpg,477,657,63,0,0
train/0477/e0ade38c694d4b6db33aaa1e103a076b.jpg,477,657,477,1,0
train/0477/e3d75fae45f740ca803dbbb61e7a8e90.jpg,477,477,477,0,0
train/0477/ed84c92afbb44a94bf40b0ab483fb5e1.jpg,477,477,477,0,0
train/0478/01a07900357744909dfe4588eee41da0.jpg,478,602,58,0,0
train/0478/122e0c2e4cbb4098aa087c20d9dc62df.jpg,478,478,478,0,0
train/0478/18fd29a79ed847c898941e274407722d.jpg,478,540,540,0,0
train/0478/23d09d65ae86482c87aa731e33124e20.jpg,478,339,339,0,0
train/0478/37d4b51429194f05a85e8ee3fbf3a218.jpg,478,332,88,0,0
train/0478/39d95b817fe34a36945e9fb8595c27d7.jpg,478,478,383,0,1
train/0478/3a5e4958108d4c89baac92ad99842475.jpg,478,673,673,0,0
train/0478/58164431866643ceb8cfcb633bf8a296.jpg,478,478,478,0,0
train/0478/621d124183374fae9be916f72eaf8cab.jpg,478,360,360,0,0
train/0478/63a77fd003214d7ea3b93c75a85d6d59.jpg,478,313,313,0,0
train/0478/6ceb4ae373b844f987a7a634878983b2.jpg,478,478,478,0,0
train/0478/77e45e5f07aa4cd08a2dfa452f97d7df.jpg,478,201,201,0,0
train/0478/7843b589d22a486fb2b1cdf1a9f97667.jpg,478,187,187,0,0
train/0478/8348d8bf064b4f0d9f7af91b55cff06c.jpg,478,478,478,0,0
train/0478/c3eca70d22ec40149a35c89668ff434c.jpg,478,478,177,0,1
train/0478/c501678b7e3d4387b860c3a3ef66f4d1.jpg,478,58,58,0,0
train/0478/ccf5172071e44e11b258a84b4c4cf1e6.jpg,478,478,478,0,0
train/0478/cdf3799364964f3e94a2dc64355f8dc0.jpg,478,478,478,0,0
train/0478/e618aeeebe6146c6b227ca127295641c.jpg,478,478,478,0,0
train/0478/f245986cd3004e08a5d85efcd729a665.jpg,478,478,478,0,0
train/0478/f3428f78de064907bdee55375fda2c20.jpg,478,101,101,0,0
train/0478/fe3863f06c584ece9a8e3de72c1f2d81.jpg,478,141,349,0,0
train/0479/045a58a8c3ec4217ae9cf2ac7d1ca56d.jpg,479,690,690,0,0
train/0479/2404a5b936dd43918efdd3baa723e12d.jpg,479,466,466,0,0
train/0479/296c740e15fa4abb93125391ac6dfa1b.jpg,479,479,479,0,0
train/0479/2eb65e8453a74eeea327dcb0537ba261.jpg,479,524,479,1,0
train/0479/31db16c5acfb408e827e3cc30a93bae3.jpg,479,165,590,0,0
train/0479/453a75b234ab4aed99eca5795b5ea1cc.jpg,479,479,479,0,0
train/0479/48aa0c3693a5402a8de99346039f8cec.jpg,479,479,479,0,0
train/0479/57d1b48f50e44f0594d54d179efcc37f.jpg,479,479,479,0,0
train/0479/78eb5fa58ae8494b8f18c50dd9f0730e.jpg,479,479,479,0,0
train/0479/81259328ae95418db7862a60fe31c1b2.jpg,479,479,479,0,0
train/0479/8e421f11d6c9441e8c3a4f03963470bb.jpg,479,101,462,0,0
train/0479/93e1e6999a554014b3a7973c35a27529.jpg,479,479,479,0,0
train/0479/b4f1f09fae3542f9bc014164f546cd90.jpg,479,479,479,0,0
train/0479/d2661cfe40944c9ca925669d224d08cf.jpg,479,524,479,1,0
train/0479/d5ef0b3422584e238f76ea686cbaa58e.jpg,479,479,479,0,0
train/0479/e50a550fd295429fb664eb8c9291979e.jpg,479,479,479,0,0
train/0479/ef2abda0486849a58ed19b4a8efd7a6a.jpg,479,366,450,0,0
train/0479/f16a1d7856fc4116ad5af77b1bb28341.jpg,479,524,479,1,0
train/0480/19b9d97786494f6ab21fffd23f86644e.jpg,480,480,480,0,0
train/0480/31457d3243fc429e8cb52a1b9c30a31c.jpg,480,480,480,0,0
train/0480/4027d0b06f6840b8be0d8eee42cd948d.jpg,480,569,480,1,0
train/0480/698ba72e751a4bfd9aa5ea333b745e8b.jpg,480,480,480,0,0
train/0480/7643cd20fe76407a91a02060ab6e2b1e.jpg,480,480,480,0,0
train/0480/7a8ee615a5b440b1914a0a41c01ac2a4.jpg,480,480,480,0,0
train/0480/8a047ae4c8814eaea0f4887b481fcd08.jpg,480,480,480,0,0
train/0480/8e4d31b0efe342d885978f010b5d5aa0.jpg,480,480,480,0,0
train/0480/8ff635c86e3d4cb0b4c3a59ac9d40315.jpg,480,480,480,0,0
train/0480/9204ce5989e143fba9d5740b17da169f.jpg,480,480,480,0,0
train/0480/a72ebebf29b14947ac40b97b291a228a.jpg,480,480,480,0,0
train/0480/bbaaab99636846278ab121b6280434bb.jpg,480,480,480,0,0
train/0480/c046494f9d534d1c9c4be896f43a8cf5.jpg,480,480,480,0,0
train/0480/e11a9461ab9b458aba4868459db7616c.jpg,480,480,480,0,0
train/0480/e35313b953964f61a24600c3fbf1e9f0.jpg,480,480,480,0,0
train/0480/f6eb8c896f584c5fb080b918ab351dc7.jpg,480,408,672,0,0
train/0481/0438d1dadf69439fbc060860f8f10478.jpg,481,160,481,1,0
train/0481/1dda5222a8f44dc4802a407632df5f68.jpg,481,481,481,0,0
train/0481/2d19e27e9060428eb1de6fb0b5919a7c.jpg,481,481,267,0,1
train/0481/3d72b56b4f434613978110bcb3c563be.jpg,481,481,481,0,0
train/0481/5eb8b48ab09c4c90833a57441f98f452.jpg,481,481,481,0,0
train/0481/75e874b57ada43a29544061f9459b3ed.jpg,481,481,481,0,0
train/0481/78964dc075294efc836a2106ae16656e.jpg,481,481,481,0,0
train/0481/825b4b53286945d7918dd1768860d65f.jpg,481,481,481,0,0
train/0481/a10c1d4d75e048c1b42affb92125e9a6.jpg,481,481,481,0,0
train/0481/ba4719228d4c4e0ba43ef00b53fb8441.jpg,481,481,481,0,0
train/0481/c520db4666914afc910a2142c25b7cad.jpg,481,382,481,1,0
train/0481/e30d6155d7644c82978e1b09ca2e451b.jpg,481,267,267,0,0
train/0481/e70f4414d1d24bb9a15b50b5bcf5cd4a.jpg,481,481,481,0,0
train/0481/ea06e2db080245358969c32e4690674e.jpg,481,481,481,0,0
train/0481/f123b588de644e148f48083012dfa570.jpg,481,481,481,0,0
train/0481/f139966e401143828fd16a127b3f3e5f.jpg,481,481,481,0,0
train/0481/f311140cf34c46928fc45e1160b40be9.jpg,481,481,481,0,0
train/0481/f5630881074047599ade66e0bbc71d05.jpg,481,481,481,0,0
train/0482/010f31454d0d4d04a112e642b65fba22.jpg,482,21,171,0,0
train/0482/0c65a755dd9b4d69b26d58bb1e3e8012.jpg,482,172,386,0,0
train/0482/0cae47c1004c4bcb879e6328c10d267e.jpg,482,482,321,0,1
train/0482/1614b66eed734b08ba018012b7b3f301.jpg,482,386,476,0,0
train/0482/3275a404b365490f9730192cb7dec39c.jpg,482,172,386,0,0
train/0482/526bfd7c05764fb5bb67016e21db4e0f.jpg,482,629,476,0,0
train/0482/571c58383fde460cb39a51103f1dfcb4.jpg,482,386,386,0,0
train/0482/68c82252ed1b4de281befc0a2f327229.jpg,482,561,694,0,0
train/0482/69e3e1e008f64434b2745e041b547114.jpg,482,482,239,0,1
train/0482/69ead8388ca14bda9e1a628f768fac43.jpg,482,386,21,0,0
train/0482/71ea57dbc31444b08c235c27081fff6f.jpg,482,172,21,0,0
train/0482/721a4f815eb944568a89b3ccbf14b28f.jpg,482,386,386,0,0
train/0482/7b0944c41ba941c4abf7ae2d2629bc5a.jpg,482,172,21,0,0
train/0482/7ca20ce016064d569bdaa44435ec1046.jpg,482,91,91,0,0
train/0482/7ddd96302b19434b93ba1b0ceb390754.jpg,482,386,386,0,0
train/0482/82889ab765524a76bb844e0d1dda07fd.jpg,482,604,476,0,0
train/0482/86f87a345d5142108de6f99d0e64c22d.jpg,482,26,476,0,0
train/0482/878f626efe4c45d0b2c50e055fbf4f7f.jpg,482,482,386,0,1
train/0482/a9dc29bee4924e0e967368adf10877b9.jpg,482,172,476,0,0
train/0482/b5d0b3ebcd474c6793a9f127381a0a19.jpg,482,21,21,0,0
train/0482/b7771c13a11445edb2a2972e567a76da.jpg,482,321,321,0,0
train/0482/e611e75f6e3048e9a5dd794d81d255dc.jpg,482,21,476,0,0
train/0482/ff50c0f628ff40feb54767caf6701987.jpg,482,172,340,0,0
train/0483/044cd268c8ab499e9263e7a7ba73e986.jpg,483,320,320,0,0
train/0483/20af23b06cd341bb86d6bce0e85bd54b.jpg,483,483,327,0,1
train/0483/366ecd9cf85544cf91e0f4604461d44b.jpg,483,53,483,1,0
train/0483/3ef2943457144db388809f3ed47fb68a.jpg,483,695,206,0,0
train/0483/46076fbc82f648f4be699953e54309b0.jpg,483,274,369,0,0
train/0483/47b0f7763a8b40ca852393e5f19cdd18.jpg,483,483,483,0,0
train/0483/53e4754cda83480e8d47d38d4ce97ec0.jpg,483,348,348,0,0
train/0483/6770e8286b8f449f991710ef0fec522d.jpg,483,499,499,0,0
train/0483/694eae875614444ba96a3d6be65a57ae.jpg,483,320,320,0,0
train/0483/7ac0b71abb364dc799ffe37fa455454d.jpg,483,43,520,0,0
train/0483/7df2784b0a3443d6bcd3bdbd832caed4.jpg,483,595,520,0,0
train/0483/805fac06dddd4972baf499e9c18537a4.jpg,483,476,476,0,0
train/0483/82fff37dc8e54e3aad34d983d591e4c4.jpg,483,320,412,0,0
train/0483/8647feefe06244949806bb53d74667e9.jpg,483,58,58,0,0
train/0483/8c9ffa78501c4bb686ee5424cf124982.jpg,483,320,320,0,0
train/0483/8fd4090cb881451abbb1e1aaea7eb1ef.jpg,483,362,703,0,0
train/0483/9b63998bff634f56b9b3e79fc063c051.jpg,483,43,43,0,0
train/0483/a24a2311591d4eafb70fb23476ce8180.jpg,483,400,400,0,0
train/0483/a7f4dd6956574546a30237bb93322f32.jpg,483,695,695,0,0
train/0483/b14ff81aab794ebf8fafccf5b77ec085.jpg,483,320,320,0,0
train/0483/b2e23f21fd72492e82fbc4fadc748f9f.jpg,483,326,326,0,0
train/0483/c4712cfa88914f02a2fd6b991099f691.jpg,483,695,695,0,0
train/0483/cc603cb884fd4d0aa045c03120c6b3ef.jpg,483,115,115,0,0
train/0483/d82d319751834131a2531d6df9ce87d9.jpg,483,695,695,0,0
train/0483/fbc3cca4970a438d969014558d264f46.jpg,483,320,320,0,0
train/0484/036a122114d04cb59d6ac3e1e91d121d.jpg,484,72,710,0,0
train/0484/0fc168c46b51425c854253dd25a9f71d.jpg,484,203,484,1,0
train/0484/262656dfaedb4542b4ae8fe46477b308.jpg,484,166,166,0,0
train/0484/2bb1e54aff1541ab982b778c399be121.jpg,484,262,262,0,0
train/0484/2c9eeaedf7644d81a0893e4e64648c18.jpg,484,484,484,0,0
train/0484/2d33b3339cd5403ba868f4e4b35c1b10.jpg,484,203,203,0,0
train/0484/34f772e0de1c4249aa67626521832e86.jpg,484,484,484,0,0
train/0484/39b67ac8e0d742c795dd996af845d91f.jpg,484,203,203,0,0
train/0484/3a48633b2ebf4a40b5a74f930709c97a.jpg,484,484,262,0,1
train/0484/52ebc82cc670487bbf0da4894ad55f3c.jpg,484,203,103,0,0
train/0484/5e6ee1ee97ab4685b8e40b0798047483.jpg,484,262,262,0,0
train/0484/609d11264b484ac2925660d5d77cd169.jpg,484,28,216,0,0
train/0484/61c293056f75425e9e80f5e70944fe12.jpg,484,203,203,0,0
train/0484/8866151a3bf9400b97ade9465e2a20ee.jpg,484,484,578,0,1
train/0484/8b5eda0dceaa4ea5a15f60f703998c6d.jpg,484,203,203,0,0
train/0484/9bee7f1b4de646979a8a5bdfd6b02196.jpg,484,166,422,0,0
train/0484/9dc430d7a7f44602b00b8df40354992b.jpg,484,262,262,0,0
train/0484/a43b98da0f7143619194e0c77d301563.jpg,484,484,553,0,1
train/0484/b505846ffef64b738610086b64c22825.jpg,484,262,262,0,0
train/0484/c08597a0ef37496197dc580181b654fa.jpg,484,262,262,0,0
train/0484/cf055618d6844b819aa2d45bc1436c41.jpg,484,672,672,0,0
train/0484/e27a4eda0fcc4a0a88a41cae65389be7.jpg,484,166,166,0,0
train/0484/e2c2d875f5cb445bac2ca3155d38f36f.jpg,484,103,103,0,0
train/0484/fb648dc155554f67807d1571e4a820e5.jpg,484,166,166,0,0
train/0485/00e7e5967ceb4112905332b264e214af.jpg,485,608,608,0,0
train/0485/0d3ca0b326c34989b596b74a16086358.jpg,485,526,538,0,0
train/0485/145cc25d2ab64079b41d75fa4ee41761.jpg,485,328,387,0,0
train/0485/22f1c592d1c14bf2bc86b5ca761ba1b1.jpg,485,714,714,0,0
train/0485/2ccebe86fd3b4c46b254cb3117aec2dc.jpg,485,450,450,0,0
train/0485/3437296a799c4d6780c8080d10e52376.jpg,485,130,334,0,0
train/0485/5dd4eb24a9b746b183d7f1a84c4c754c.jpg,485,293,596,0,0
train/0485/6a4eeebc23f145cfae8a1f94ffa292d1.jpg,485,596,334,0,0
train/0485/99c0f26f422448abbdb74d7e4b9333a8.jpg,485,596,596,0,0
train/0485/9b9ae1eccc4b432d84f266a279d1a1bc.jpg,485,380,380,0,0
train/0485/a9e670c1bad549f28524e43e97a7e017.jpg,485,619,619,0,0
train/0485/aea99e4b4c5143d3970afeda8e5a3689.jpg,485,564,564,0,0
train/0485/b069b32ac25b409caea07ea1880e63c6.jpg,485,387,387,0,0
train/0485/b276aadb92b94c4c924c05644b5ad965.jpg,485,424,636,0,0
train/0485/b768b20f97724d668573d786a58b2020.jpg,485,152,152,0,0
train/0485/dd1b069bcfa4440494262d0229e98f1b.jpg,485,596,596,0,0
train/0485/e9fa98838f36486995aaf894e063c33b.jpg,485,280,280,0,0
train/0485/eb6954508ee742e4bbc2345a0914af56.jpg,485,387,387,0,0
train/0485/eb7b49370322439884494ffc641dc08e.jpg,485,419,419,0,0
train/0485/f76097ccb4834213a5bd703c6b76368e.jpg,485,334,334,0,0
train/0486/046abc4d9d6444728fb650ea37476928.jpg,486,486,486,0,0
train/0486/25bd8ebe626f44d4b9c23f174b8c9a29.jpg,486,486,486,0,0
train/0486/2b7184b689a14f08940bda7994b2436f.jpg,486,486,486,0,0
train/0486/2ead8de7a75343b69a0fff59c9b58695.jpg,486,351,486,1,0
train/0486/2f23a964627d45c68b0f8783b1d02ff1.jpg,486,486,486,0,0
train/0486/3b82a73048c24767a78e1d01d853ed71.jpg,486,486,486,0,0
train/0486/3cf0177b7fbb49d19a3db4e6a2d30ffb.jpg,486,486,486,0,0
train/0486/484baa97a1084b81a58b85682ab1d0a7.jpg,486,486,486,0,0
train/0486/4da5d9288ad04eebb7c86c1ab69e2df1.jpg,486,486,486,0,0
train/0486/5330a3827ca643bbb19fe7ca6d4c5315.jpg,486,79,79,0,0
train/0486/7cc2ca3a0d5046b79d58fa600b7b1b7b.jpg,486,486,486,0,0
train/0486/81f86bfd28cf46ddb4dc093d1db7326b.jpg,486,111,651,0,0
train/0486/9e939ebf3dfb434fb698dee653cdd06d.jpg,486,486,486,0,0
train/0486/a530630c5fbf4d85aea6814b4e5cfab2.jpg,486,486,486,0,0
train/0486/a8466a02e6594b9aa4eb63cbe853e589.jpg,486,486,486,0,0
train/0486/bcec973318c442e08f4f55d9d31314e3.jpg,486,486,486,0,0
train/0486/d8cf3a3ee7474bc48e9fd46cac99ed8d.jpg,486,486,486,0,0
train/0486/da18097cf61e412e9b40bdb4d92dcd09.jpg,486,486,486,0,0
train/0486/f08c3ee34ba5478ba6899440cbf6267a.jpg,486,486,486,0,0
train/0487/0b7d31926edb4068bd3ef5897e8acfc5.jpg,487,559,230,0,0
train/0487/1669a7f17be847c9bc0ac68a5902fd2a.jpg,487,492,131,0,0
train/0487/1ee396a73d95458394a2e8417c4f9c2f.jpg,487,566,108,0,0
train/0487/26513549ac2a40459dac583c9b9edc04.jpg,487,576,576,0,0
train/0487/2a9a918943e5486ca4787464bc84956f.jpg,487,134,206,0,0
train/0487/3927a41329f84036be915d16ce4592e9.jpg,487,566,360,0,0
train/0487/421baeeab28845e6b553819308310098.jpg,487,681,639,0,0
train/0487/4dcd1f0a65454f0298cb4598ca15cfab.jpg,487,487,487,0,0
train/0487/716e97429eb849208b91fe4fa07799d6.jpg,487,667,327,0,0
train/0487/887ee1ef5e5d4720ac648f8fe9a0c4e6.jpg,487,445,445,0,0
train/0487/bd95bb14b378464cb2f37fa7c417e08a.jpg,487,454,454,0,0
train/0487/c06182043ed3410f904b471502ed19cc.jpg,487,38,38,0,0
train/0487/de9bdaf6abb9446ab95ede25a97bc48f.jpg,487,327,327,0,0
train/0487/efa4e0942d25490880c4709909013c07.jpg,487,237,237,0,0
train/0487/fa7885561c03448cb6db2bdb2c1f4c78.jpg,487,429,429,0,0
train/0487/fea9e2b469984a66acd6b046f4f201b8.jpg,487,327,327,0,0
train/0488/1eda4ce6b3a5469299652cdfcddcc0e5.jpg,488,488,488,0,0
train/0488/26f8003906f94a34aa21f94509286274.jpg,488,488,488,0,0
train/0488/2a48a487d6ce44fc98e0438e66a3548a.jpg,488,379,379,0,0
train/0488/2e0b9304031340889ce0ff7af11e407c.jpg,488,488,488,0,0
train/0488/3a12da7e584b41a5aa28d8aa0b8db99b.jpg,488,488,488,0,0
train/0488/460888bbb0eb43509da755f60cff273a.jpg,488,488,488,0,0
train/0488/4d09fffa72464dd4b389bc678e089fdd.jpg,488,534,534,0,0
train/0488/5483e93a0e9c4f32a5dd73ee6410c0a2.jpg,488,488,488,0,0
train/0488/57d7b1954d30465d9e237eff8c07a21a.jpg,488,681,681,0,0
train/0488/896ee3d428974f6f9314b5586772884b.jpg,488,488,488,0,0
train/0488/b202228c1415469a8a756657eeff6e12.jpg,488,488,488,0,0
train/0488/bb6ea4c4aa8d4042be8aac8743ac4db5.jpg,488,611,540,0,0
train/0488/be4776373adf4c3f9982af9c3669aa20.jpg,488,488,488,0,0
train/0488/c5c12ba928be4bf39e2a74297543ab7c.jpg,488,266,488,1,0
train/0488/cd9b510ce71d4e689543153fa9440e36.jpg,488,447,447,0,0
train/0488/de6bf8a9847947459ad3ca6a27fc0062.jpg,488,488,488,0,0
train/0488/df336fb7f3b54390b03afb9d5e3492df.jpg,488,488,488,0,0
train/0488/ebe99603977f4211875938843a8a08a6.jpg,488,488,488,0,0
train/0488/fe7b6640c4724d8ebbf2e8c4037b8b32.jpg,488,488,488,0,0
train/0489/0274222f9d9b4b6cbc76d6c45086b380.jpg,489,489,489,0,0
train/0489/048672ca1dd840febcfbd3b234d3983c.jpg,489,489,489,0,0
train/0489/0ead816ef94246f2957c38d9c9766902.jpg,489,489,489,0,0
train/0489/1835e15f5c7e4ee6ab7ef63ec82637e6.jpg,489,325,489,1,0
train/0489/233e1e75563b4615bfcc7bb25def0510.jpg,489,489,489,0,0
train/0489/268c91acfee043b380275401fdd9df5e.jpg,489,489,489,0,0
train/0489/2f7ce00caf314291ab35e4b60ecea9dc.jpg,489,491,665,0,0
train/0489/3e0c7221cbf14a419bffbff60bbf737e.jpg,489,489,489,0,0
train/0489/60e054c09c5042f1951b799400db3e92.jpg,489,666,666,0,0
train/0489/6ee025b0fa4349e18520f22696df13c9.jpg,489,489,489,0,0
train/0489/7c887a2164d540cfb90cc46a9ead066c.jpg,489,489,489,0,0
train/0489/8580d176e6e1485a8544f21411d05b64.jpg,489,489,489,0,0
train/0489/8c0e032cd406417ea40bda347da26c80.jpg,489,489,489,0,0
train/0489/9ca87740fd3b44598eb1d24768943463.jpg,489,489,489,0,0
train/0489/a2fd61e95aaf4c72adf08375e95170e6.jpg,489,634,634,0,0
train/0489/a606d39a2d954205afd77ba3a1bd5cce.jpg,489,489,489,0,0
train/0489/a77a3a1d8b40462c92252546761b9ae3.jpg,489,489,489,0,0
train/0489/d001158fecd34e718bd8047131ae80c2.jpg,489,489,634,0,1
train/0489/e1ce90a6e6b84fb28d362e09bea8da1b.jpg,489,489,489,0,0
train/0490/028c833bc38d40dc8679de60d56f5158.jpg,490,349,349,0,0
train/0490/2213f4b67da348a1ae9ae203f2b321bd.jpg,490,410,410,0,0
train/0490/3306ea02e64e4a26b2d5c21af2c12be9.jpg,490,326,602,0,0
train/0490/36b35c7a907a4c8487ff27e163b5fca9.jpg,490,311,266,0,0
train/0490/3910b45e910348df93839d514c887f5a.jpg,490,548,548,0,0
train/0490/53d2d1f285804aa9a9b98e34f9a6c025.jpg,490,28,28,0,0
train/0490/56238af1a8ad4e5e8a4193b40b62bb5f.jpg,490,49,49,0,0
train/0490/87506aee2e0a484dbc8b65bd0144b5b3.jpg,490,49,49,0,0
train/0490/9a328034a723426d99094ad55e49b74e.jpg,490,184,115,0,0
train/0490/9e7237952f094e59b63453db44ca636e.jpg,490,327,327,0,0
train/0490/a0286ace0ea448208e85a913fcb37dd8.jpg,490,347,347,0,0
train/0490/b6f91a2c77d842eea08dc42d82667bfa.jpg,490,147,362,0,0
train/0490/bc4024f4ea424e888c7cda237aae9cf6.jpg,490,602,602,0,0
train/0490/c5d16616a82b452b837f76023d8b6422.jpg,490,490,602,0,1
train/0490/cf060587c13f44b39ac11ecd1e034dc1.jpg,490,127,347,0,0
train/0490/d215f643eed24feebab14efcd4e4bc60.jpg,490,447,638,0,0
train/0490/e84e759539d944d5b46f51bd2b95274d.jpg,490,546,546,0,0
train/0490/eb2a05a442de4a00b1fe65d577c72617.jpg,490,362,645,0,0
train/0491/07bf72bf19464d2db119be7bea80c06b.jpg,491,491,491,0,0
train/0491/1403ade4f13a48198e6cc12644dbb06a.jpg,491,491,491,0,0
train/0491/154ccc38dba84a4294539c07f5d23dd0.jpg,491,491,491,0,0
train/0491/25b449e3928743bca1114406c0cfc4fa.jpg,491,665,665,0,0
train/0491/312803272a034bd3ae82a7d701fd6a53.jpg,491,491,491,0,0
train/0491/366fe6caefd24a2b91d242f029c331f5.jpg,491,491,491,0,0
train/0491/3b94c3079c2a4ec28f49982bc76cf296.jpg,491,269,491,1,0
train/0491/40ff7cab87db4d4db3ef5507eddc9643.jpg,491,269,269,0,0
train/0491/48102578833745a3a91050fa6ff92e8e.jpg,491,77,77,0,0
train/0491/4d605f29c03b43bb89a8cd2fd762764d.jpg,491,491,491,0,0
train/0491/64274a453396428eb542738f0a54aab8.jpg,491,491,363,0,1
train/0491/6c72025c716e4d159d46adf5d084371d.jpg,491,665,665,0,0
train/0491/87fb6a3c38974da6b316726a86b5b88b.jpg,491,491,665,0,1
train/0491/911a80b7858f4b54a115566cdf923f15.jpg,491,491,491,0,0
train/0491/92cfa3dfdb8a4f46a0a95e6a0165f9bc.jpg,491,52,52,0,0
train/0491/9a5cee480b3d4cfca534cb16b4479b2c.jpg,491,269,269,0,0
train/0491/ad52fbe08be34b5999006dc404b1811a.jpg,491,491,491,0,0
train/0491/b4383ad3f3ad4076a3f739d387211016.jpg,491,491,491,0,0
train/0491/b46878cf64644d1c9158662e3b3632f2.jpg,491,665,491,1,0
train/0491/c19451f746c840ed9ee059612cc5e2f1.jpg,491,491,491,0,0
train/0491/c1dcabae131d43d6875e3251dae65895.jpg,491,491,491,0,0
train/0491/d0a998c87404400f8f2ddc5b75986aa6.jpg,491,665,665,0,0
train/0491/f03d96e1a63344f286fbfa39190d6ffb.jpg,491,665,491,1,0
train/0492/03a3439712cf461ebccb79371c13fb82.jpg,492,101,89,0,0
train/0492/05b9dc3f02d14aeeaba3c881449e6895.jpg,492,131,131,0,0
train/0492/2256d51a1d9342c687302d45fa3288d8.jpg,492,129,129,0,0
train/0492/29b00114b1424b489089839fad5233c4.jpg,492,232,28,0,0
train/0492/2fb33da83b88468baa28864de518120e.jpg,492,645,645,0,0
train/0492/3f6515159e114417801b146b462ee947.jpg,492,456,127,0,0
train/0492/5576e477d25b44d4b976b2b47b131416.jpg,492,131,131,0,0
train/0492/57a561536f004dac91d21e3b6ac928d8.jpg,492,310,497,0,0
train/0492/58338ee25cd145cda590e7894b2bc6ab.jpg,492,492,347,0,1
train/0492/5d6efc0437524e7eb7bf59a61c00a1b8.jpg,492,347,347,0,0
train/0492/5ed1a622acc94c86bd29916a38a61090.jpg,492,661,661,0,0
train/0492/661c08bbce29474c9181d57dbd34c8ee.jpg,492,483,327,0,0
train/0492/6e023237a7ff4132aa092530b45c9011.jpg,492,311,92,0,0
train/0492/70ba6d2c9deb4552b2adc9e8ced89b35.jpg,492,127,58,0,0
train/0492/7140e964396a44759c5f2a479c6e47b1.jpg,492,311,311,0,0
train/0492/743de2f4055a42bcb400b6cb228395ea.jpg,492,347,661,0,0
train/0492/757025d854374a56a36c11cf126b9351.jpg,492,131,131,0,0
train/0492/89dcf38896b2458392408ebcf9c80523.jpg,492,492,92,0,1
train/0492/8e1ac01e787147b6b63a382a0eb74e9d.jpg,492,466,466,0,0
train/0492/92676e7572f84b6fb908ec665a94bedb.jpg,492,707,707,0,0
train/0492/9bb4a658602740c386fb6522be16ae01.jpg,492,661,661,0,0
train/0492/bb863cb0486347008fd5ccb15b399a5c.jpg,492,467,546,0,0
train/0492/cbc07e6f82ae4207a2f4018796101f41.jpg,492,245,58,0,0
train/0493/210a4fa1a5eb4ddd8349e4ff8e45d1e0.jpg,493,675,675,0,0
train/0493/393eed0b109145519985e7cc88650cc9.jpg,493,457,457,0,0
train/0493/416f84a149f14c1594f054f7def13359.jpg,493,457,457,0,0
train/0493/48bff30bb0be4b679d33433decf31267.jpg,493,493,493,0,0
train/0493/570a3b3d817744798a1d1e03578a0640.jpg,493,583,583,0,0
train/0493/5b0e40b4199a429db2443ab811a3da93.jpg,493,675,675,0,0
train/0493/681f511314ab49c08f925748e077de3a.jpg,493,2,2,0,0
train/0493/6a117593c55d48aa858bf2b2fd88529d.jpg,493,2,2,0,0
train/0493/6a7d9ca187804fec9a5e958fb95cd78e.jpg,493,675,675,0,0
train/0493/77219679e85e4beeacfeee71f261d361.jpg,493,457,457,0,0
train/0493/944aa764a29e4b41a670322be32a2ed8.jpg,493,675,675,0,0
train/0493/a29f8b0ef7cf4f5d98fcb45202dd381f.jpg,493,675,675,0,0
train/0493/b6b2c5b2f2c64631a76b12de4b9cbe7d.jpg,493,675,675,0,0
train/0493/cc77d8268f3e454490e71155f9f8a7c6.jpg,493,675,675,0,0
train/0493/cdb5a2bc359c420e92b207722577a8e9.jpg,493,675,675,0,0
train/0493/d166125f253f4e6680089e4c9ecddd37.jpg,493,583,583,0,0
train/0493/ddb5e5a39deb4819b6a48eeaff878008.jpg,493,493,496,0,1
train/0493/e77d50ce0d5f4f16860eec4e3d4918e4.jpg,493,583,583,0,0
train/0493/ec964989d64e437f858bb5a40a0f79fc.jpg,493,457,457,0,0
train/0493/ed875a62887e4edea0e606432cf3a1b9.jpg,493,493,493,0,0
train/0493/eeaa1d20241249e4a9e8da7cdf2c072c.jpg,493,493,493,0,0
train/0493/f42a92156d3b4a03b8f9dd925b8c304f.jpg,493,493,225,0,1
train/0494/133fb773dea24a4c937a137fa450fb78.jpg,494,494,494,0,0
train/0494/15b15407659f495e9020ebc73f5c4e32.jpg,494,368,368,0,0
train/0494/192c68d4aeea43b2a7c2e35580a1166c.jpg,494,494,494,0,0
train/0494/2021c1e89c774eebb58b159025abe804.jpg,494,494,494,0,0
train/0494/367801e333e94521a323d9aa817bf16e.jpg,494,494,494,0,0
train/0494/3762c735d6944f08b133183b0da7e980.jpg,494,494,494,0,0
train/0494/4679be7347964644a14f5404270b3446.jpg,494,337,337,0,0
train/0494/6cc094b2166f4c3eade5b3c3dc47830d.jpg,494,494,494,0,0
train/0494/72c5a95bbad84796845b5fe1552dba85.jpg,494,494,494,0,0
train/0494/7437c1204563490ea0b40a5271e23187.jpg,494,494,494,0,0
train/0494/749a52b163374e8799d706132245194e.jpg,494,494,494,0,0
train/0494/7978bdbfa1564f6f9b3db48f52b5dff1.jpg,494,494,494,0,0
train/0494/7f9314ebd32f44b4b1249b7a49f7c87f.jpg,494,337,337,0,0
train/0494/83269d8b1dbb4f2cabe5f85266426ec0.jpg,494,494,494,0,0
train/0494/86c08bd5b1dd4b42ab6743dcc51bbee6.jpg,494,494,494,0,0
train/0494/96b6f4d42b594d90bd847983271298d7.jpg,494,494,494,0,0
train/0494/a76f26b44d8040edb5523621a9529830.jpg,494,494,494,0,0
train/0494/ba2bac8bb1c5435bbba4da0bb189dfea.jpg,494,494,494,0,0
train/0494/bd623371c8ce458d8f58e9ca7ca8f9b2.jpg,494,368,368,0,0
train/0494/c2cfb4ae8ff94f56966ca4e3bb3e6f5c.jpg,494,494,494,0,0
train/0494/e8d1f3660a6c47d0a448dbb72c90c775.jpg,494,494,494,0,0
train/0494/ef0c2f87f5bc4fd18876655f94cb5e65.jpg,494,494,494,0,0
train/0495/0adcbd6e1e5a4a30a439e0bbb654babe.jpg,495,129,371,0,0
train/0495/0dd09a7af423438486a09732a786e0b9.jpg,495,495,153,0,1
train/0495/0f469ec8bc014be3af51d219bc8e348a.jpg,495,157,157,0,0
train/0495/103a9b42ed3b4b73b0bc42bd3d500813.jpg,495,14,363,0,0
train/0495/1fc269efb5f94232a149a22fbb74a0b5.jpg,495,363,363,0,0
train/0495/213055cfdbc241a5a5e42e4d0fd57759.jpg,495,416,129,0,0
train/0495/2b6308872e8b4088ac4356a3644b1c64.jpg,495,621,222,0,0
train/0495/3db88230f3d44efea2cd21276a779c74.jpg,495,495,153,0,1
train/0495/556d355ee3874f7f9b639e4c0d307a9f.jpg,495,363,363,0,0
train/0495/5bd928941e7c4833b5bd59ad28899338.jpg,495,495,153,0,1
train/0495/66b26f3a4a904831b95ba203be8c484f.jpg,495,495,153,0,1
train/0495/6739239d039341d993270fbe87c90e08.jpg,495,363,363,0,0
train/0495/744e90dccf7a4d8eaf78ca29a591ef1f.jpg,495,681,681,0,0
train/0495/8a70b3e5920e497e9b73e70e4cb5bba0.jpg,495,457,454,0,0
train/0495/ae051e8b38ee41debd42ce052d9bd8fc.jpg,495,416,509,0,0
train/0495/b7e294664b8841869c80e0e4f28fd3ca.jpg,495,138,138,0,0
train/0495/b92a6bc53b1248d8b9ac902474a55ece.jpg,495,363,363,0,0
train/0495/c3373fef62bb4e84b392d6c25e179bca.jpg,495,271,161,0,0
train/0495/d004c05d683447ae9701a597478a866e.jpg,495,363,363,0,0
train/0496/02ed7577dbcc4c7e8ba3444a6233edc8.jpg,496,496,496,0,0
train/0496/083c642c3c0f44d8890bb3a9fb243b8c.jpg,496,353,350,0,0
train/0496/0bf0c736ea944047a7cee47c32dbcf81.jpg,496,496,496,0,0
train/0496/0e5218524277431a9c21019f9e0a7456.jpg,496,496,496,0,0
train/0496/15ac095354f84b45be8e0040e81c117c.jpg,496,496,496,0,0
train/0496/2523b9cf480842489f3767ddd0300b26.jpg,496,496,496,0,0
train/0496/2eba178e3fd74d4ea522e0e92ca2823c.jpg,496,748,748,0,0
train/0496/36c23d31d014450d816f52f6017efc54.jpg,496,496,496,0,0
train/0496/3835717834104d35ac074cbb05656d18.jpg,496,534,534,0,0
train/0496/4e25bb0eb4ff45bb811eb7a7838915da.jpg,496,496,496,0,0
train/0496/577079e5879e4d74ae4a99567a70fe2d.jpg,496,624,624,0,0
train/0496/5d5f0b6f575e45d1b1404e815cdbc285.jpg,496,496,496,0,0
train/0496/6717961fffe24a458d39c51661081dcb.jpg,496,496,496,0,0
train/0496/6b4504e0c03641c799054c84b29f9c3a.jpg,496,496,496,0,0
train/0496/6bdd2278e324443cad11f96e27e2242e.jpg,496,496,496,0,0
train/0496/c43109c565cf4177bea855998aa84a86.jpg,496,496,496,0,0
train/0496/c5273a0c32294f0bb17e617a5e3c3055.jpg,496,496,496,0,0
train/0496/cd71f8a0f21343c1bef0e02c22a4f1b8.jpg,496,496,496,0,0
train/0496/d0056cc4f8f24157b0166209c97b05d8.jpg,496,496,496,0,0
train/0496/d40786a237884e8296cabb7461dbf682.jpg,496,496,496,0,0
train/0496/d603eb90e1a748ecacab70de7fd636f1.jpg,496,496,496,0,0
train/0496/e04cb8c5e9d24b1e878223379e10b518.jpg,496,373,569,0,0
train/0496/f3aafab5f1104af6af8e8c14f2917ce3.jpg,496,496,496,0,0
train/0496/fe64e0729e7a4cb7bc2edd6e89e11a67.jpg,496,496,496,0,0
train/0497/065e80e4af0245beb00d345454e339c7.jpg,497,497,497,0,0
train/0497/0dd51ca751bc411e9ee3bcbd33ebcc10.jpg,497,497,497,0,0
train/0497/22a14d8cb71e4bc796b74548f2a4ec95.jpg,497,497,497,0,0
train/0497/2357e61dda714104a6a9a1a71fc44361.jpg,497,497,497,0,0
train/0497/24bdc61b38d34ecabbf252cad9a16557.jpg,497,497,497,0,0
train/0497/28c679c225964c2e97125e82a456a029.jpg,497,497,497,0,0
train/0497/2bb39ee560d3457f98ae074f750f93ff.jpg,497,497,497,0,0
train/0497/3125c86eb87c427eaeaae3013d10bd0f.jpg,497,497,497,0,0
train/0497/6804b9bf561d42479b1c58d75710d1d1.jpg,497,497,497,0,0
train/0497/69c171bffb0f4df9957f21a41d78bfb9.jpg,497,497,497,0,0
train/0497/73efe8d1cb3b4c47bc1a5309ed149efa.jpg,497,497,497,0,0
train/0497/9ff40a6f6bf642e9b22bed075ed452e6.jpg,497,497,497,0,0
train/0497/a2e75fea2a6d4c448e417a3cc0d61051.jpg,497,703,703,0,0
train/0497/ad2274e90efe4b438818686ad115d3d4.jpg,497,69,703,0,0
train/0497/ad29286ec41a4233a152d94279c91891.jpg,497,362,362,0,0
train/0497/b56247266a3e4b588de60343e355b5be.jpg,497,497,497,0,0
train/0497/c0349d9137164a20a964ea501cc832d0.jpg,497,497,497,0,0
train/0497/fe81b8ecbfea408faaebb8eeead1a0ed.jpg,497,497,497,0,0
train/0498/2145613ac6d844f8badcef78dd79f007.jpg,498,377,600,0,0
train/0498/261b792a09774bde8d02fb4f82166cea.jpg,498,121,377,0,0
train/0498/2eb35611e8294e04b568e178fedaf1aa.jpg,498,600,600,0,0
train/0498/3b6829d5bc864faca9c3c213a36b8b6f.jpg,498,377,377,0,0
train/0498/5344d294780f405bbd1372253ba71083.jpg,498,372,117,0,0
train/0498/73ebdbabda94435c97621b910e317fba.jpg,498,510,276,0,0
train/0498/79db8163fe28471bb657d8008e432dd2.jpg,498,498,498,0,0
train/0498/9924624e9f9e48ccb5344d792589af57.jpg,498,600,600,0,0
train/0498/99c6448517d34da49b5011e7cba825df.jpg,498,732,732,0,0
train/0498/d0e7bb31ef594a0d976a2a71cd6890f0.jpg,498,498,600,0,1
train/0498/d4e1ea5951814c708bf2b227ae289f84.jpg,498,498,498,0,0
train/0498/d9d140fadb8f42d6b5f4aa0cdede330a.jpg,498,372,377,0,0
train/0498/da9137227cdc463dba95e8b1cb4bddd3.jpg,498,235,276,0,0
train/0499/1a4eb772a096479c9b86f97f56e4c062.jpg,499,499,499,0,0
train/0499/2d5addb7b74945209704f69ab9155d86.jpg,499,499,499,0,0
train/0499/30ecb007f4c74112ae01a2bc3b6687f2.jpg,499,499,499,0,0
train/0499/355adc10fd1b4148ae183e45e627def1.jpg,499,499,499,0,0
train/0499/3914ff2c10e640ca8c43496c203ae0a4.jpg,499,499,499,0,0
train/0499/4452bbc118274852a3e56602d7497444.jpg,499,534,241,0,0
train/0499/491f72f9207d4cc7a0b325be0fb35c02.jpg,499,499,499,0,0
train/0499/77d3a91630ea405e96a0087b22eee5c9.jpg,499,499,499,0,0
train/0499/8e143fa0f9dd47bd938817ebe02d91ea.jpg,499,499,499,0,0
train/0499/9ef3898f7cdb45b8a4f7d506c9fe9da6.jpg,499,61,61,0,0
train/0499/a0a047bb672043b69360916140c85643.jpg,499,499,499,0,0
train/0499/b5bdbb1f971b4be788776554e5fd6801.jpg,499,499,499,0,0
train/0499/bf025aa436874d3fac5052afdf2ebf7b.jpg,499,499,499,0,0
train/0499/c578e67763c24e7b972b548c0f7ba9be.jpg,499,499,499,0,0
train/0499/ce6ffd6c03584e4cb9e277df557552f3.jpg,499,499,499,0,0
train/0499/d6941e8d9d524644bc8baa6b02241147.jpg,499,499,499,0,0
train/0499/d9dbb3bc363c4f0ba9121abdac1300eb.jpg,499,620,620,0,0
train/0499/da2ff586e9954064b343651955e148a7.jpg,499,228,173,0,0
train/0499/ea2f2404cb9a4285948a92c14446e92b.jpg,499,499,645,0,1
train/0499/ee67041be6d44c5780f2b07b36e270a8.jpg,499,559,499,1,0
train/0499/f1f94fca807544c59160a26cb6fa16b3.jpg,499,2,206,0,0
train/0499/f8a319ab3fcc43c1ae20d3bc0b91aff3.jpg,499,499,499,0,0
train/0499/fb123aca4fb846f98b541462dce2ffcb.jpg,499,181,181,0,0
train/0500/086223dfea814f859c599f5317d2b72a.jpg,500,334,334,0,0
train/0500/086b6458b50540adb9fe04a923bd8ff9.jpg,500,460,334,0,0
train/0500/0f8a10e97caf4276acb84c68d07f05bf.jpg,500,53,100,0,0
train/0500/0fdeba0c67d14697a83eafd5d4026382.jpg,500,334,334,0,0
train/0500/1afaf51e3a8d4b9b88e7a6f9205050e0.jpg,500,218,564,0,0
train/0500/53b5bb9457ab4b0aa2c705fb722ec6e4.jpg,500,500,328,0,1
train/0500/66694c9db6aa42eeba42609a872f937b.jpg,500,500,233,0,1
train/0500/88075eb3cb5b49869f44107ebaa74e6a.jpg,500,582,582,0,0
train/0500/9315abeee546460aa2c7f8e244a6ad2b.jpg,500,500,500,0,0
train/0500/96218f20c33a4236b77b3b2b448df729.jpg,500,500,500,0,0
train/0500/a8f690f4597c4a37b68af3a294953399.jpg,500,218,218,0,0
train/0500/aa5ba7fb306640c8adc9480123a0e429.jpg,500,499,608,0,0
train/0500/ab877bf32aa04ef0a22ef5b147c08228.jpg,500,582,582,0,0
train/0500/ac6528a636b04a58a92949e9f740895a.jpg,500,218,619,0,0
train/0500/b444fe0dfbe24b80adb7503fffecc536.jpg,500,328,328,0,0
train/0500/c9c1d99ed8854ee583fb2b4b6c02152d.jpg,500,500,218,0,1
train/0500/cda81b112b5d49eaa2c9a71963805d87.jpg,500,500,582,0,1
train/0500/e48b10deebf4470299d4fa2167654fb7.jpg,500,500,582,0,1
train/0500/f31088e0d5df4deea7f8f5c53c81e6cc.jpg,500,583,583,0,0
train/0500/f35344a6a27f41928c7750bc5fcf739b.jpg,500,500,328,0,1
train/0500/fcf73988bdfe4d908eba22b048a2f9a5.jpg,500,334,334,0,0
train/0500/fd2f71ea08ab4cb4b79b20a121713af3.jpg,500,233,334,0,0
train/0500/ff676115a9c94dcf8e3794965a05fff2.jpg,500,334,334,0,0
train/0501/13a3b260faa34650bb86b78482eed30d.jpg,501,501,501,0,0
train/0501/2ab175456757496f9273139bb7084c4e.jpg,501,501,501,0,0
train/0501/2f3d4c8ba0e24c5f997dc33857f8134d.jpg,501,232,232,0,0
train/0501/410b1aee7f0b43388a2b799af23f3262.jpg,501,501,501,0,0
train/0501/43d2a02b7b37417bb7dcd5963931adc0.jpg,501,501,501,0,0
train/0501/53884e70c1164414b562f33a77b30b2c.jpg,501,501,501,0,0
train/0501/70467fe450484494bc8fe1c78a5a97ef.jpg,501,501,501,0,0
train/0501/b64b65de2ba6462f93887516d832e384.jpg,501,501,501,0,0
train/0501/b80565b1c024445d9377413e7898596a.jpg,501,509,509,0,0
train/0501/c3dac0b587d249d3954d887556185b63.jpg,501,499,499,0,0
train/0501/c610bb28e41943879f452de280e29ac1.jpg,501,501,501,0,0
train/0501/c853a36973c04a6ab6430948a39ba259.jpg,501,499,499,0,0
train/0501/cafa3f98231c45c4975c29f1b472a67c.jpg,501,501,501,0,0
train/0501/d44aaf7186494b3e8235cdd3136a694c.jpg,501,546,129,0,0
train/0501/da5fa4476e1541419b0e00e80b4bfd98.jpg,501,501,501,0,0
train/0501/dbafdc756bb74ab494c022faf76dbc57.jpg,501,501,501,0,0
train/0501/dc35952f5ba94e7ba251b4cb977399bb.jpg,501,141,501,1,0
train/0501/e4fa0914b5d84926ab8fbb35dadf4b82.jpg,501,501,186,0,1
train/0501/f899fd70eef04df0acfa41dc0a998ace.jpg,501,61,61,0,0
train/0502/082f13c290bd4cbaa1c420274d0a5770.jpg,502,8,502,1,0
train/0502/1ae15541472945d7991b5c533c4aa661.jpg,502,502,502,0,0
train/0502/23c33654148b4e24bdbff39570408722.jpg,502,8,502,1,0
train/0502/337a4a37d2654669b774f74d0c6b045e.jpg,502,640,95,0,0
train/0502/3f69dc6710f54f4db9bcf7de0b8a0586.jpg,502,640,95,0,0
train/0502/424c25da16554a0b8705fee717acfca4.jpg,502,8,502,1,0
train/0502/4bab097de41c49f494b0fa30125297ef.jpg,502,8,502,1,0
train/0502/4d32ec8f962c443f884fdc0919b23a50.jpg,502,640,502,1,0
train/0502/4df5cc551e144da78ba4ec1a29386084.jpg,502,74,95,0,0
train/0502/67e77541b4944ea499961aeb6cbf66bb.jpg,502,74,95,0,0
train/0502/6bf951ce03d6491c84fc7201238a1da0.jpg,502,640,34,0,0
train/0502/8331840b1c0e47eaaa49bb0052ec019e.jpg,502,8,502,1,0
train/0502/9a809e31eb584b09b34d62b9edf62575.jpg,502,640,95,0,0
train/0502/a0a81f09cd5e4c1499420a4ce3bcb7ea.jpg,502,640,95,0,0
train/0502/a9e45c4bdfd24bc891ddf58d78cb19eb.jpg,502,8,502,1,0
train/0502/ad04c9c3a90e484ab773c58239b79648.jpg,502,74,74,0,0
train/0502/b1ccbc2ead174ae1a1f0d17d60fb250b.jpg,502,8,95,0,0
train/0502/cd65068c2b964d2bbdb3e6adfeaad86c.jpg,502,8,8,0,0
train/0502/d3533ac5978246218a00d986a09c1e91.jpg,502,8,502,1,0
train/0502/dbfeef113a7241baa43a8daaac6004e3.jpg,502,34,16,0,0
train/0502/de8e7e61682a477bb7c5cbff4c38ad79.jpg,502,95,95,0,0
train/0502/e635b2ae7b9a4d63af4ea3a4e14c48b0.jpg,502,502,502,0,0
train/0502/eee4cba87da94bf28278f6e220ff83a3.jpg,502,34,95,0,0
train/0502/f687d9881f3142ddbceb0bc06a542fc1.jpg,502,243,243,0,0
train/0503/02a9d1712faf4a07aac0590c75bb36a5.jpg,503,503,503,0,0
train/0503/03808031dc2d43b3a52a8365c64763a8.jpg,503,129,161,0,0
train/0503/03e46469eef54a239fa3bbe91f066275.jpg,503,503,503,0,0
train/0503/21efc4be4d1648aa94cb2aebf287fc9b.jpg,503,503,503,0,0
train/0503/3bb1aeafe9c140838149075e22cc9079.jpg,503,503,503,0,0
train/0503/53f4746d154f41c18d139a2bcbaf82fa.jpg,503,503,503,0,0
train/0503/60c39100a2924d80ad27aa8434afc3bb.jpg,503,503,503,0,0
train/0503/61ec5806863c44aa96ff7d8ced2cace6.jpg,503,503,503,0,0
train/0503/66e48c7e154e4f2c84c9661f4138e240.jpg,503,503,503,0,0
train/0503/684a61871bd64bc19c58fb58714ce247.jpg,503,503,503,0,0
train/0503/69e53a36cb9f4f19a8c16f8a3df47da1.jpg,503,503,503,0,0
train/0503/71e2a41eb80d45e9bdc8d85caa12f878.jpg,503,483,483,0,0
train/0503/7306f453f0844288b96e8bff5aec4d50.jpg,503,503,503,0,0
train/0503/833454b4fceb48e488435a45e937b536.jpg,503,503,129,0,1
train/0503/94d21db4031b43959ee82660b59a6c50.jpg,503,503,503,0,0
train/0503/a90ad5ba59e74785be472854b958ec2a.jpg,503,97,97,0,0
train/0503/c91daebdea0249aa91096bab53b62cd9.jpg,503,503,503,0,0
train/0503/cbfa5e9908f94e4fb302b9561ea03f00.jpg,503,503,503,0,0
train/0503/df86dcaf1b884ceb84d1e968eac526e4.jpg,503,129,129,0,0
train/0504/0bf152015cfb444a8f1262ed8fd8f1d6.jpg,504,580,580,0,0
train/0504/3dd17f74849542eaabe6fc2cdf2cc2ec.jpg,504,253,253,0,0
train/0504/487db788d2934c838a7b3f048c8d6bf6.jpg,504,539,580,0,0
train/0504/57f8bf7df67945f78d95982158dca969.jpg,504,580,580,0,0
train/0504/7aa06c5825af405c9f6cd3bfe049a3d3.jpg,504,167,95,0,0
train/0504/7e197dda9faf4b2f8437181ec2ef9752.jpg,504,539,539,0,0
train/0504/7e57cd4df295413283164f39bb4093f8.jpg,504,580,580,0,0
train/0504/82a41800405d4f2b8cd382c2710d5e8d.jpg,504,580,7,0,0
train/0504/83f63a09771c45b18b6324971bf1479c.jpg,504,72,387,0,0
train/0504/939e4fb7caf54673b6469e6b34d74d53.jpg,504,539,234,0,0
train/0504/99a4db4a129f4bc39339ae9a33480405.jpg,504,99,7,0,0
train/0504/9c7760c1c0f4442087742962f3c8146a.jpg,504,303,303,0,0
train/0504/a7c2c1ef0a254e46a08a29d2274047cc.jpg,504,539,539,0,0
train/0504/bb4488a81a5142108143dcc5176582ee.jpg,504,95,95,0,0
train/0504/bb6a7bc0a4b54bcabf3351ac728b31fa.jpg,504,194,194,0,0
train/0504/bf125c57f20449808a689bda84f15c91.jpg,504,224,103,0,0
train/0504/c27135ddb99043448c3454aa872714c6.jpg,504,580,580,0,0
train/0504/cccfd72868bc4b5489145e12d3aded9e.jpg,504,539,580,0,0
train/0504/d3b33f5fd5724b24a7e325a94f816d90.jpg,504,539,580,0,0
train/0504/e005408d8db34f6d8112c0540ad785cf.jpg,504,725,157,0,0
train/0504/ed784e81f50f452bb0f44f7461b7e30c.jpg,504,539,580,0,0
train/0504/eee6108f1f224583afeaa12d204f49a0.jpg,504,344,344,0,0
train/0504/f40bd816db584c52a6d6256c29614252.jpg,504,580,580,0,0
train/0505/356a70bf14394071b97f9f825bcaf8be.jpg,505,505,505,0,0
train/0505/3b7d56256ece42ba8260526a713cd6a9.jpg,505,505,505,0,0
train/0505/49b3592dbb2340de9b1b38535963f716.jpg,505,505,505,0,0
train/0505/5c8e953a0aaa42e2b7dcfe650fa3f66b.jpg,505,505,505,0,0
train/0505/709119d75a5a48ee9bdc4589205efb82.jpg,505,453,378,0,0
train/0505/735bbcaa082541c8b63080459b5d940c.jpg,505,505,505,0,0
train/0505/7556ac2e50064a83b5a10766cdb04026.jpg,505,505,505,0,0
train/0505/84e93f60946642e4a552d16db66e4e3b.jpg,505,505,505,0,0
train/0505/a939e4f0c8ed4b0ba98bfa4499d1235f.jpg,505,295,295,0,0
train/0505/addb2ad9ebd44547b502b37d329ea6b9.jpg,505,425,505,1,0
train/0505/ae6f81cb95f3474696ac8be450fddd69.jpg,505,505,505,0,0
train/0505/be434c632f2543da8677ae12a0ac60a4.jpg,505,505,505,0,0
train/0505/c05dec73da5541449dafd9d833739066.jpg,505,505,505,0,0
train/0505/cf1b11eb891f46efbd2c1fa837ca3586.jpg,505,505,505,0,0
train/0505/f4206395503540aa8ac6a1e86cd0f830.jpg,505,505,505,0,0
train/0505/f4fb690ccc1a4cc68576d2c849ed6cde.jpg,505,505,505,0,0
train/0505/fd3edaaa57604e399f97ea623c9a33db.jpg,505,505,505,0,0
train/0505/fd4eeaf518ea41ad8f36cc87d6f418b1.jpg,505,505,505,0,0
train/0506/04b40460f3f84c18aa81c0c821a934f7.jpg,506,506,506,0,0
train/0506/04fdefcf30964ae7b575f703993ead86.jpg,506,732,732,0,0
train/0506/08c5e18f7bc14775863d6266a1ed0817.jpg,506,464,464,0,0
train/0506/0cd5de9a0da84f03b437053789dc0497.jpg,506,506,233,0,1
train/0506/32d47cc777234c2886ae39543221c945.jpg,506,506,506,0,0
train/0506/41cf9ca0f83b475ba44f5e09ef339f10.jpg,506,506,732,0,1
train/0506/45a0cbcf41254336bb671a59293b6b73.jpg,506,506,506,0,0
train/0506/4b3ec74a89db412388a0efb821ec2fd4.jpg,506,506,506,0,0
train/0506/4cb49eccdb88446387bdd65f486b8cfd.jpg,506,506,506,0,0
train/0506/6be1701c5ed3490f928a8ebffaaa5918.jpg,506,393,393,0,0
train/0506/6e8be8f665584e148906264b6cadeeec.jpg,506,393,166,0,0
train/0506/74a26061f1074ab7ae05222adc8a72f0.jpg,506,732,732,0,0
train/0506/80dab2957ac44b359e882c79b5ee78f7.jpg,506,233,233,0,0
train/0506/95a0fa8958324b9aa0091c4767e98bfc.jpg,506,10,10,0,0
train/0506/a6e322d8c38e49e7b7b2a69663908a1f.jpg,506,108,108,0,0
train/0506/a9be9435ade6416689e21c3ebeb5aea5.jpg,506,506,732,0,1
train/0506/c3b9489a69684339a5057c6b1ef3b724.jpg,506,506,506,0,0
train/0506/c7b8ca8abbcd4fd68453ba1800e39b0e.jpg,506,506,732,0,1
train/0506/d859420a8b594054b52eb51cdf0ad6f9.jpg,506,569,569,0,0
train/0506/fba540d411184ac6b6504d6bb0cac53c.jpg,506,300,300,0,0
train/0506/fe28228e4b054863acccd42067ae922a.jpg,506,506,393,0,1
train/0506/ff2ff46dede2422ba8fc955f135d00a4.jpg,506,506,506,0,0
train/0507/05c6f4c2cddb40eb8dbf8478799ee39f.jpg,507,507,507,0,0
train/0507/06c3edbc1e1c4454b40e47a39e5def04.jpg,507,507,507,0,0
train/0507/301c4a5237044d2f8751171c0d268cbb.jpg,507,507,507,0,0
train/0507/392864ef96cc46d794d9704d2b9f1bd5.jpg,507,507,507,0,0
train/0507/4e82a84f394d46c58e9db890c882acc9.jpg,507,507,507,0,0
train/0507/70e2f56c45ae42b787d6936224233159.jpg,507,507,507,0,0
train/0507/74215d83132a4d6f979b7f6731a70ad1.jpg,507,507,507,0,0
train/0507/98c90c0b315f46e1808200c9b133a460.jpg,507,507,507,0,0
train/0507/a0ada5d653d54d91b3f1b7f18b286379.jpg,507,507,507,0,0
train/0507/a2987f9e7ba146c0800760192e8deb15.jpg,507,507,507,0,0
train/0507/ac55e3c1d7034de3a29e60974b6a91c1.jpg,507,507,507,0,0
train/0507/b899437659c749dda284cc81b14d6057.jpg,507,507,507,0,0
train/0507/c360800242da447fa3196a6a9f18a384.jpg,507,507,507,0,0
train/0507/c4d7eec293394f639dd85597984fe5fe.jpg,507,168,168,0,0
train/0507/cfef19ad08be4468aca07d43c950ff58.jpg,507,634,634,0,0
train/0507/e2ef7021dc44404dbe1ccbe8355da3b0.jpg,507,507,507,0,0
train/0508/3408cedcf77b4e0ebcaf8e099b045688.jpg,508,508,300,0,1
train/0508/3e432bc4005b4fe0a60b6c671a65d847.jpg,508,508,565,0,1
train/0508/531f00e5936a48738652c42a55bc9e9c.jpg,508,508,508,0,0
train/0508/6e8bbd832c124c4b9644f5b099429799.jpg,508,508,457,0,1
train/0508/7b1b3aeddd5549f19347a04d445ed284.jpg,508,457,457,0,0
train/0508/7e7c2c66b0294875880e5acda13f663a.jpg,508,225,225,0,0
train/0508/85151e1d2b9342a9a23ac97ec8902ca5.jpg,508,457,457,0,0
train/0508/888b5d9652d242dfa8fd96586f21b113.jpg,508,533,533,0,0
train/0508/8f70a4d18d014c05993498ae5d8bef72.jpg,508,140,542,0,0
train/0508/949e9a2631854a5ba9ec5456c8e9020f.jpg,508,457,457,0,0
train/0508/9c7cc6d82b654a0d965b736c2813c665.jpg,508,508,389,0,1
train/0508/a319d54cb9f54899a931729448a98890.jpg,508,508,508,0,0
train/0508/a33ce170a54142038adc87acd1131f0a.jpg,508,140,140,0,0
train/0508/bf03f657b06f4f9aa28d99678712c10b.jpg,508,583,583,0,0
train/0508/dc7bce6eb7f64dabbd946de138f1c4bb.jpg,508,508,499,0,1
train/0508/f5ace77ea8684ca583a2d9bb14114597.jpg,508,620,466,0,0
train/0508/fbb7a400fc4e4bfeb6514c51db6e6508.jpg,508,225,225,0,0
train/0509/01057eba834d4050bb238b1ae10f2912.jpg,509,509,509,0,0
train/0509/0281a20dca4a4e1b96e27eb01248058e.jpg,509,509,509,0,0
train/0509/137f2c56df1147f685fd4adb1cb07eb5.jpg,509,509,219,0,1
train/0509/310b6f680c0a43399d7fa85758907394.jpg,509,509,509,0,0
train/0509/3709fb8e43ec4ce8a42f49fb4c9c35e0.jpg,509,97,97,0,0
train/0509/43051fc0a6d44ed3a048948382bd9df9.jpg,509,503,458,0,0
train/0509/4eb3afcf655b449da91c11e09e83d2fc.jpg,509,509,509,0,0
train/0509/4ef03530c3bd4065b60199bddf97ab2c.jpg,509,592,509,1,0
train/0509/527775f7770846f18d856bbb1c38fe2f.jpg,509,52,52,0,0
train/0509/54a2660397ec46b1afbe0c6af13b24c1.jpg,509,509,509,0,0
train/0509/5809f47afa7a4bb09e8b2e540550cd6c.jpg,509,509,509,0,0
train/0509/592c4a9e75144bfabc9fbb9675a3de97.jpg,509,509,509,0,0
train/0509/5c309b54ee334709b704bdb12dae3540.jpg,509,509,509,0,0
train/0509/76698876bfad4880b8bb712889d0c015.jpg,509,509,509,0,0
train/0509/7a560fce0edd420daedde4e5a6d8779d.jpg,509,509,509,0,0
train/0509/85ae713780e24d86a0da3780cc59a7c5.jpg,509,509,509,0,0
train/0509/8a90e52da700426a97375f5ef926c6d9.jpg,509,509,509,0,0
train/0509/8d73c68a562f4514a4450338c6cfcbe7.jpg,509,509,552,0,1
train/0509/a782a3731c774d11869f00a567ea6f11.jpg,509,524,349,0,0
train/0509/b7666b1cc9b64d7aa0e6b3470135c598.jpg,509,509,509,0,0
train/0509/bb66275e1828470ab4787ba6fbdebdac.jpg,509,524,524,0,0
train/0509/bd624ecd4afb458c9539a10a4831fbd6.jpg,509,509,509,0,0
train/0509/f491a649d88e4900861ea0ce32ffd745.jpg,509,509,509,0,0
train/0509/fea00c797ed44fe3bf7d29dc58d3174d.jpg,509,306,306,0,0
train/0510/022d1a3d76ae4b359c9358c2bcd760ab.jpg,510,510,510,0,0
train/0510/047a7ce9f1ec4aff80c17c1caf778e0b.jpg,510,732,732,0,0
train/0510/08cd0613b5094183b9fdfdf5aa671711.jpg,510,510,510,0,0
train/0510/090bd6bdf29849fbaa905b80918a885a.jpg,510,510,510,0,0
train/0510/0dfb9e380d4f4dc7bd2946f845f6cb3a.jpg,510,510,510,0,0
train/0510/11635b7563f649c08ea09accb1c660e7.jpg,510,107,235,0,0
train/0510/1336c24664384367a583112c14348f46.jpg,510,510,510,0,0
train/0510/27034c57818b47489550d284902baccf.jpg,510,510,510,0,0
train/0510/2a013d09a3de4d00a253924e9d739dee.jpg,510,510,510,0,0
train/0510/2a6cdcd114c44b89b1307e0e54100fc3.jpg,510,510,510,0,0
train/0510/3fd9054c5f5646f0ac974a90045d68f0.jpg,510,510,510,0,0
train/0510/4c3a1f8cb7cc436f8bfe21692b18a8d0.jpg,510,510,510,0,0
train/0510/5243b1ddea1f4b36b0a3508b96ad33d6.jpg,510,510,510,0,0
train/0510/59f9bff42a164facb77b868e149caaa7.jpg,510,510,510,0,0
train/0510/6f42305c5b8146e7876718a297ba66b2.jpg,510,510,510,0,0
train/0510/85c35c942508444db5086a71b9c35207.jpg,510,510,510,0,0
train/0510/904e3170b4fc4c459e7bc6fa6bb07b3d.jpg,510,732,732,0,0
train/0510/aaa24a26f07143aeaf2d3b194a4ac7d0.jpg,510,510,510,0,0
train/0510/bc0305c7b7984320b1f2d9f421a8b83c.jpg,510,510,510,0,0
train/0510/d2bb30a403aa460eb72a8ccc60dd979a.jpg,510,510,510,0,0
train/0510/ea3ab2cf7fd548adb748d542e3f9f2f0.jpg,510,510,510,0,0
train/0510/f7a9487e2ed841ef868fcc2906d41ebc.jpg,510,510,510,0,0
train/0511/02c7a1db01b5451086caf7c6b075c8db.jpg,511,511,511,0,0
train/0511/0a879a053d954651afa51bd514c6b2b7.jpg,511,511,511,0,0
train/0511/0aba3dc2211140b19fd7a3a60537db4a.jpg,511,471,471,0,0
train/0511/0c495eeff3b34af98b5ea3551daa6526.jpg,511,471,471,0,0
train/0511/1a0d24f1ad8647058e7f3f6ace651e80.jpg,511,511,511,0,0
train/0511/1a3a0be88a51409ea8eb465d8488e040.jpg,511,511,511,0,0
train/0511/7763b30e9c464abc9e998112788565e8.jpg,511,511,511,0,0
train/0511/8677d03296a44a0a98a645e26b8a1aaf.jpg,511,180,180,0,0
train/0511/9ede1643275c4268b4aebcbd42daee9c.jpg,511,511,511,0,0
train/0511/c5c8940820fc432ab16b00391fb7b7a6.jpg,511,511,511,0,0
train/0511/ce655b2ea6a04efb8151e6023f55bb39.jpg,511,511,511,0,0
train/0511/cebcff9d479440f99e09e9fd65035f0e.jpg,511,52,52,0,0
train/0511/e0fff12f7600408286b47d0fcfacc4bd.jpg,511,511,511,0,0
train/0511/e881ea746eb94e49bb0df0b8b40b1f02.jpg,511,511,511,0,0
train/0511/fe88d7b2b97440d6909fa0f81a00d944.jpg,511,511,511,0,0
train/0511/ff8c7ef2a2e84474a65b6f87e13e70ee.jpg,511,511,511,0,0
train/0512/1abbd0aa083a44138e1a44fce846fef0.jpg,512,512,512,0,0
train/0512/43fd37dd07b44fba9ce42f6ec4d21052.jpg,512,512,512,0,0
train/0512/4ffd3445848947f19702c955dacb3e41.jpg,512,512,512,0,0
train/0512/6d9450ab466942538c252c9edd3ed29f.jpg,512,512,512,0,0
train/0512/6df563519024448081b25260eaaeaf3b.jpg,512,512,512,0,0
train/0512/7953f871e5354b288a93079a96c6c7ea.jpg,512,512,512,0,0
train/0512/7ffb045fb3e04f22b877d7a6a24bc145.jpg,512,512,512,0,0
train/0512/a21ac337def2432e901fcfeeba7b9845.jpg,512,512,512,0,0
train/0512/b68e9f131b28424e8ec1e4519bcabe7e.jpg,512,512,512,0,0
train/0512/b8b78a98c53644d28d24c0ffb882f5aa.jpg,512,512,512,0,0
train/0512/bfa03edaa96047af87dcf90bb52c8535.jpg,512,512,512,0,0
train/0512/c1358996bbf043d095180c2eec246ddb.jpg,512,512,512,0,0
train/0512/cb0eadfc817144a4822debdca7b11d30.jpg,512,512,512,0,0
train/0512/d211989623894f31aa2ac894a4497bd4.jpg,512,512,512,0,0
train/0512/d4dbf1f20144425a81aa67803a8d9b00.jpg,512,512,512,0,0
train/0512/e297b1deb4324ce9ac5ed2ee0eebf64a.jpg,512,512,512,0,0
train/0512/f35b7362c7514cbab6a550c5534248f5.jpg,512,512,512,0,0
train/0513/0204915d9dd844dfa8491e550457338d.jpg,513,513,513,0,0
train/0513/07b721c6afb54637a65c7a0d40b0327d.jpg,513,513,513,0,0
train/0513/1cc0dc83273f4187814c7f2a0c1cb481.jpg,513,513,513,0,0
train/0513/28377db4620b4b8799222d44aa13ab71.jpg,513,513,513,0,0
train/0513/2d713ff5c8034e39b2bab9003810b896.jpg,513,513,513,0,0
train/0513/3649d37276954f678ae295570f08fd66.jpg,513,513,513,0,0
train/0513/42fb480410e7483eb00630bb6b5f0fd5.jpg,513,513,513,0,0
train/0513/4d391eba207043e8be216d375e73744e.jpg,513,513,513,0,0
train/0513/72ca98ce1d3d4f10b183818a47f8e66a.jpg,513,513,513,0,0
train/0513/9afd6885727c47209c9b4bc67602388e.jpg,513,513,513,0,0
train/0513/9d188989dde5425895f59b717b412ac4.jpg,513,513,513,0,0
train/0513/a0d5724e156f4f06a7ba4b4e253b947f.jpg,513,513,513,0,0
train/0513/a2ffbea500014360800490302d2ca371.jpg,513,513,513,0,0
train/0513/a456d38efe064dc9be30ea0428d5e11a.jpg,513,513,513,0,0
train/0513/ab263dff8853454991ee09e5bae70683.jpg,513,513,513,0,0
train/0513/c8616df23c574dfe82eded92d0e3feae.jpg,513,513,513,0,0
train/0513/cfacf13405d34063b133a2256aa02c9b.jpg,513,513,513,0,0
train/0513/d55732ef795f4a42b0f8c8d3f4eb193a.jpg,513,513,513,0,0
train/0513/d653197adbe14c24ae1e911652cd4681.jpg,513,513,513,0,0
train/0513/d83bc9cd2e4046ab9e2f134f825d8b59.jpg,513,513,513,0,0
train/0513/db1aa6e239ab4f3a9daf4876489d4c72.jpg,513,513,513,0,0
train/0513/e37746c2825a4cfbb1ab1ed616d9b863.jpg,513,513,513,0,0
train/0513/e9b75d8c811445bc9c1ea6fabe24847c.jpg,513,283,283,0,0
train/0514/0f1d2ba9657b4b55b55277f74c5eaa70.jpg,514,514,514,0,0
train/0514/23f7f514418f4feb9174050e6b5a53aa.jpg,514,514,514,0,0
train/0514/2c1f7f0de0574a9c95a3b690dd0982ce.jpg,514,665,412,0,0
train/0514/430e91fc0d94460aaece037076fe37a4.jpg,514,514,514,0,0
train/0514/523894301677446d862394792dae41fc.jpg,514,410,410,0,0
train/0514/5a6325c99bf846c5adc3e6495b03eb40.jpg,514,514,514,0,0
train/0514/5a6e1e1f1a9b4d2a9934d54c916daf8c.jpg,514,514,514,0,0
train/0514/606b35e243034543bd79debcda0406e9.jpg,514,129,129,0,0
train/0514/7844d339f8644eed8fa39b00a1997f50.jpg,514,514,514,0,0
train/0514/7f1c2df384464f0d8ef5cb71f5aa88f7.jpg,514,514,514,0,0
train/0514/8070cd6d43de48dabfd59fccb29fd510.jpg,514,514,514,0,0
train/0514/a3c26ddaa54a46ff8cce8a9ee6980402.jpg,514,514,514,0,0
train/0514/cbf0607aecb34df08da8ceb34790c612.jpg,514,129,129,0,0
train/0514/ccf58039db344edbb4baf7f6c3d3a4b0.jpg,514,592,212,0,0
train/0514/cdac3991a45b42c990b3e76bb080a6f6.jpg,514,514,514,0,0
train/0514/dbe8b6c1bd9c47e8acae579399f7072b.jpg,514,416,736,0,0
train/0514/df15de08170d49b0937124edfa547688.jpg,514,514,514,0,0
train/0514/fb3ff24dbb84413ea971e05e9be137bd.jpg,514,514,514,0,0
train/0515/09770d6fc1684b19bc2acc36d61af68c.jpg,515,515,515,0,0
train/0515/121e13d558ec404eabfd68ccccb68535.jpg,515,515,701,0,1
train/0515/1f7e8a9b47bb40f58b2b2d4bf9c37c0f.jpg,515,515,515,0,0
train/0515/3920a452fa8c47068f4be0187e7d31c5.jpg,515,515,515,0,0
train/0515/5a78345c2897405ba17011174511ae71.jpg,515,515,515,0,0
train/0515/5b165c541260491ba3e271b74645054d.jpg,515,515,515,0,0
train/0515/5e8a136a9fda4e5bbfd4fb523070af5f.jpg,515,515,515,0,0
train/0515/63757a9fa532499c84f3da667594c3c7.jpg,515,515,515,0,0
train/0515/670b39bf6dab4c0792c80a93dee600e6.jpg,515,515,515,0,0
train/0515/a804bd156ec64df1899d851ac207fc95.jpg,515,515,515,0,0
train/0515/bf8ddd3e12174e2c80d53b34b65ffb08.jpg,515,515,515,0,0
train/0515/c9d5cbb5967347e1b00aaf1c335a6b2f.jpg,515,150,150,0,0
train/0515/d4d613c708b041ee939e09c9178e139c.jpg,515,515,515,0,0
train/0515/d6a10e0feaee4bf6b439911a55ba8883.jpg,515,283,150,0,0
train/0515/f5b61b14f5a24efca51818bbf7b04bc2.jpg,515,515,515,0,0
train/0516/0b91fe6c1fb747ed8ea2441c760c03fe.jpg,516,480,516,1,0
train/0516/164a1301cfef4632af5afd4078d7d907.jpg,516,516,516,0,0
train/0516/3aa958022fc34943a4a08e1668d38a65.jpg,516,516,516,0,0
train/0516/40980fc6344f429ab1c351c35c7aa3f8.jpg,516,636,636,0,0
train/0516/42791908f5f841e7b0452ea1d6afb825.jpg,516,499,509,0,0
train/0516/4586eb8e8c564023ba0fd32d565cebe1.jpg,516,516,136,0,1
train/0516/5f9d8a9ad2bd44bdbfbc726671bc407c.jpg,516,18,710,0,0
train/0516/72083bdd5b904bb0b21e74a3af677edb.jpg,516,516,516,0,0
train/0516/765cbca9cb31430cbbd4ff5352bf9f6a.jpg,516,516,516,0,0
train/0516/8c31a399eb2d4ce58dc2bf7a1b0608bd.jpg,516,559,717,0,0
train/0516/9e5b4f537a2a4f2f8fb18c7725eea0f7.jpg,516,139,344,0,0
train/0516/a2159b2e2cd341e1be90328cd0cde97c.jpg,516,480,480,0,0
train/0516/a92c7946f54b465d8fc3d980bf70d6df.jpg,516,516,516,0,0
train/0516/b1858546b17845bb9c60cc04b5a2fa19.jpg,516,516,516,0,0
train/0516/e212cbe1c93646eca6c19a267f05ba03.jpg,516,241,67,0,0
train/0516/ebdf63d8174e431f86fc454d9a0dcce8.jpg,516,516,516,0,0
train/0516/f779764109a0475e843b222589c62900.jpg,516,516,516,0,0
train/0516/f89572b44d3744b193ef1ba7773f788f.jpg,516,589,278,0,0
train/0516/ff85fd7ab9e64748b323cae2088e067d.jpg,516,516,516,0,0
train/0517/0ebd41805c544cf1bbcff36eb8d7398b.jpg,517,517,47,0,1
train/0517/131f427c837146249cfd42c5b02c13a6.jpg,517,684,684,0,0
train/0517/2d4c189950864cd2be146b6b60ef7767.jpg,517,517,517,0,0
train/0517/34b266562ff349a8bfc3d075489421c9.jpg,517,517,517,0,0
train/0517/66083705e1ff47e09e6783cdd2685410.jpg,517,517,517,0,0
train/0517/7cd8350bcc054c60b6721405ded867f6.jpg,517,517,517,0,0
train/0517/890fbc7d60144fffb930ca1854e270b5.jpg,517,517,517,0,0
train/0517/8ccb25d6515145c0ab79127017f1e618.jpg,517,517,517,0,0
train/0517/a6854bb94feb44bd96ace95c45bcb3e8.jpg,517,517,517,0,0
train/0517/ae66e6a910cb41ddb8b21e4006def0f9.jpg,517,517,517,0,0
train/0517/b428e6f5a8a945299693f3067fefc5e5.jpg,517,517,517,0,0
train/0517/b8c2efbbe1eb44aab0df3295aa30e4da.jpg,517,721,517,1,0
train/0517/c04389dd08f74f5e99dec5d31a11f6d5.jpg,517,517,517,0,0
train/0517/c08fb209aa934571822b821f8d4d0196.jpg,517,517,517,0,0
train/0517/cf286769821344429bd3be927207aca7.jpg,517,262,470,0,0
train/0517/dd066fce7b4248659cc0f680b71bfe09.jpg,517,517,517,0,0
train/0517/e92f737b51cf467ab610914f52621747.jpg,517,314,721,0,0
train/0517/f7083b345b614dfc9ce9487551d71924.jpg,517,517,517,0,0
train/0518/0117e482654a44e38ae135345ad6f4b4.jpg,518,518,369,0,1
train/0518/10af3f1b90ec42cbac066264e4f32938.jpg,518,518,518,0,0
train/0518/1ae3507d4f524e5e95bc27fd01cef593.jpg,518,518,518,0,0
train/0518/1ae83466d32748cc813d22ab1e40f474.jpg,518,518,518,0,0
train/0518/2370818812574bb28a9c4af08401bcb4.jpg,518,369,369,0,0
train/0518/2c72211396d344e6a50194c03da2ad34.jpg,518,518,518,0,0
train/0518/3489ba9081d54680813f6c361de3b869.jpg,518,420,439,0,0
train/0518/3cda0dcddcea491093e72981363bdd0d.jpg,518,175,175,0,0
train/0518/5edbe5d3ce884b1aaf921bedbae10716.jpg,518,518,518,0,0
train/0518/64444e983e1643089210d747fc6cd9f9.jpg,518,350,518,1,0
train/0518/6726d09ade7648459e5ac0149530bd33.jpg,518,518,518,0,0
train/0518/6980b80195524f5ca7910b40d487dd4b.jpg,518,518,518,0,0
train/0518/75782af36b744eef83984e149429da68.jpg,518,518,518,0,0
train/0518/a264ee4bde0f4c31930235b6112e381a.jpg,518,518,518,0,0
train/0518/a86e0d81aaf645a9bf14f9a3ee55bee8.jpg,518,518,518,0,0
train/0518/db466cfccb104c33927a59e2d625faee.jpg,518,518,518,0,0
train/0518/e494134d8bcb414491ddbb846e8df843.jpg,518,518,518,0,0
train/0518/e772340ca56e4eb59a8c6b95009a5f4c.jpg,518,369,518,1,0
train/0518/efc37aff4e06451c822953e2adaefc0a.jpg,518,518,518,0,0
train/0519/0a71d6165b2443519fead877ce58ad08.jpg,519,519,519,0,0
train/0519/0e8c6df15cbf45e983b82ed89696af42.jpg,519,57,57,0,0
train/0519/114aef58552140c599ed1acc99a0f78f.jpg,519,57,57,0,0
train/0519/29f0bd7040b14ab6b17382bb771046f0.jpg,519,57,57,0,0
train/0519/30836ec31d8c4c80b906ffe39f808aa9.jpg,519,519,519,0,0
train/0519/52088b54b634480fa89cedecc2773f12.jpg,519,519,519,0,0
train/0519/6bd5afc2e084499daaf5759d08c8bb75.jpg,519,519,519,0,0
train/0519/6c5ec315bef54d958dbc40e3bdc70b82.jpg,519,57,57,0,0
train/0519/727d549d8a25493496530d9a0b8d25a4.jpg,519,519,519,0,0
train/0519/84bc2b8d55c04ad39ae497f60362b39f.jpg,519,519,57,0,1
train/0519/96b7bc99404b4dd0b6b047a4b2c0d7b6.jpg,519,57,57,0,0
train/0519/9a7bef5ae4f34b2bb60fe4d3f59bc72d.jpg,519,519,57,0,1
train/0519/9d8bf597627c47f6afb851c592d140f8.jpg,519,57,519,1,0
train/0519/a059c4d7d442452694f0263a442ae761.jpg,519,486,486,0,0
train/0519/c9ab0a248081491c90fb88e806eb384f.jpg,519,519,519,0,0
train/0519/cc7136f5734e4ec3a106513cb838e575.jpg,519,519,519,0,0
train/0519/d874a3681fd645449c8623956ac53f7c.jpg,519,519,519,0,0
train/0519/e5262955979647e3833e94db5698c14e.jpg,519,57,57,0,0
train/0519/ef5869f573974afbbf651507fbc4e6f8.jpg,519,519,519,0,0
train/0519/f93c652d498f4e21bae33e6d8f585577.jpg,519,519,519,0,0
train/0519/fd2c8aa372c7420fa5240e471e038e18.jpg,519,519,519,0,0
train/0519/fe16c4cb8c82485aa858ce4485fd5ef9.jpg,519,519,519,0,0
train/0520/10e943ad714048aca49a676a1d964ce6.jpg,520,520,520,0,0
train/0520/12313e16f4ea4bbb8288e6baddffd82d.jpg,520,474,520,1,0
train/0520/1b28fcaed1f447a68714c6ee01762c15.jpg,520,520,520,0,0
train/0520/25a1e207014e4be7b4e5d1982ddca05b.jpg,520,520,520,0,0
train/0520/46d4a4a077544194b23dca961f3902af.jpg,520,474,520,1,0
train/0520/512297f852dd46f995b4085a444aeb1d.jpg,520,635,520,1,0
train/0520/7dc1e0c9d90d4708a49608cfdc49a2df.jpg,520,520,520,0,0
train/0520/80650b08c3c34841b9ff77a787c7060f.jpg,520,520,520,0,0
train/0520/920b0293169a4135806ab7912fa29bf6.jpg,520,520,520,0,0
train/0520/95a107fceb9f4eb2a4ef631bdf516bc5.jpg,520,520,520,0,0
train/0520/a0149962b1fb45758449123e2e376366.jpg,520,520,520,0,0
train/0520/aab1f2f707b14b3a919f86f357350a45.jpg,520,520,520,0,0
train/0520/aeb1d1b0687c4bad93dd048d49c1a4cc.jpg,520,669,669,0,0
train/0520/b80c804de3634bd1a03b9c4eefd99a84.jpg,520,520,520,0,0
train/0520/bea8b911924b4de88f2b1123af821ee7.jpg,520,520,520,0,0
train/0520/c8e743e50ece4a14aa9ae160b1bc958e.jpg,520,520,520,0,0
train/0520/ca95c8cfbeff4582bf3a5040d76b5d8a.jpg,520,520,520,0,0
train/0520/d74fd388af9a440d96f9f5b0322148dc.jpg,520,520,520,0,0
train/0520/d863bee424414b7c956cdcfaa9d51876.jpg,520,474,520,1,0
train/0520/e3316a2388854fae94698783f698d5f5.jpg,520,520,520,0,0
train/0520/e578464bcf5448e486db40150e35be9d.jpg,520,520,520,0,0
train/0520/ed52791b01654528b51ecf40156e125c.jpg,520,520,520,0,0
train/0520/f21e09163e804c53994857af007b59a7.jpg,520,520,520,0,0
train/0521/03c3c7e2f9de423e9d226c92ec0d05bd.jpg,521,521,521,0,0
train/0521/297beb74345a44fc9d4f1f5e36f7ea8b.jpg,521,521,521,0,0
train/0521/2a6d30695e3f46f3ab932f55339e01ae.jpg,521,521,521,0,0
train/0521/2df1bb8a14d94d92a98f77cdaa0395b3.jpg,521,521,521,0,0
train/0521/544acce253c44077a500d5fc10598358.jpg,521,521,521,0,0
train/0521/54dbe99b5e1646208569152b80a08a67.jpg,521,521,521,0,0
train/0521/796cbd52a8c042058a7bacce4121a70e.jpg,521,521,521,0,0
train/0521/82f443564a8f49e784300dd794e24883.jpg,521,521,521,0,0
train/0521/8ece0b81c8724e028bf2b3053c279f67.jpg,521,521,521,0,0
train/0521/90bf06abfa1f42dc96ada3a864da49c2.jpg,521,521,521,0,0
train/0521/915424b710274d559f980b7502633dc4.jpg,521,286,350,0,0
train/0521/91beb3baebe24bf0a2a29b6789f3c4fe.jpg,521,521,521,0,0
train/0521/a5fe02c6ea7e497f9c935ff2f6b3d074.jpg,521,521,521,0,0
train/0521/ab1980458c474b83901cda3d5828e3d6.jpg,521,521,521,0,0
train/0521/b3451049bca944fbb8d0d17d5df4934d.jpg,521,521,521,0,0
train/0521/c7657cab3b5f404f938dde6e67f47fe8.jpg,521,521,521,0,0
train/0521/d2966ea14cc54eb6ac9c68145ac00a6e.jpg,521,521,521,0,0
train/0521/e02ca23765564e8d8af365e5a82532f3.jpg,521,286,387,0,0
train/0521/eab98bd493db40dd81d5f98a53ccc187.jpg,521,521,521,0,0
train/0521/fb6129764a9346d8bba2611d8e42a20e.jpg,521,521,521,0,0
train/0522/014605e3e5794bd4a93f71d3d40ea17e.jpg,522,522,349,0,1
train/0522/03a3a2d8fea9421ba814ad2e3d566fe5.jpg,522,608,608,0,0
train/0522/05ad11011f874d80837754329e7f5515.jpg,522,566,566,0,0
train/0522/074e20e17ae74d2ba8e8c1f81b7483f0.jpg,522,71,71,0,0
train/0522/09702d9ad351409d96ff06f27c349629.jpg,522,522,558,0,1
train/0522/0fead6abc31e4fccb8e4140244d82471.jpg,522,474,474,0,0
train/0522/23024211c1804241a0e287cba3bdd662.jpg,522,557,557,0,0
train/0522/24832bb99ba44d9d954904d35a15c680.jpg,522,43,558,0,0
train/0522/2f152541ddcf4334bbfdca459ca2767a.jpg,522,546,546,0,0
train/0522/356b2bb75bef4e37969050fdd07fc48a.jpg,522,316,546,0,0
train/0522/41bfe4f8d9b34f008efa0d58c6fcb485.jpg,522,509,509,0,0
train/0522/4a2e5c4468bf4385b5982c17353f19ef.jpg,522,310,310,0,0
train/0522/78e0c70e81954e6db8a5eb952fb528b2.jpg,522,592,509,0,0
train/0522/a590216b0bf747f782f69e65f9173387.jpg,522,206,206,0,0
train/0522/b1c0c5358b394b10a2193c82a4fd6955.jpg,522,558,509,0,0
train/0522/b6e08b52c77c49e8b742acb79e62b3d1.jpg,522,522,509,0,1
train/0522/d132259240614efbb698126e646f5421.jpg,522,566,108,0,0
train/0522/d70609858ed048318f8ccc438509b331.jpg,522,509,509,0,0
train/0522/e13680bc85ea49979cb5382bb90f498d.jpg,522,592,592,0,0
train/0522/f1ceceb145fc4765b0635d88ca500147.jpg,522,362,129,0,0
train/0522/fb222e9a9c9c43578b8b38797455ace9.jpg,522,566,576,0,0
train/0522/fb69bd51ecc64548be675f423a68b0f9.jpg,522,522,576,0,1
train/0522/ffaacf104a3c4a77a8c0f82d313aaf98.jpg,522,558,558,0,0
train/0523/01a6eee71ae44cf3909608529723887a.jpg,523,523,523,0,0
train/0523/07d277bc5d6d41c4aa7a580288769aa9.jpg,523,523,523,0,0
train/0523/07f615ebfed849e1b1cf4a510a2c5983.jpg,523,259,259,0,0
train/0523/147d7d3d8f054a3ab8c52870d73d1f21.jpg,523,523,523,0,0
train/0523/16f4b3b3788d412887cf10539c7586b1.jpg,523,523,523,0,0
train/0523/24e5050ede6944e8b81c401f0b8e8a6e.jpg,523,501,454,0,0
train/0523/2b7eecf3069b4f3da1c1ac8273db4d3b.jpg,523,523,49,0,1
train/0523/3acca761bb3543469ca8973926bac20b.jpg,523,548,523,1,0
train/0523/6ae38f7ce1ed4b95a54c311ec1ec36c8.jpg,523,259,259,0,0
train/0523/73534258a2804d9bbf475fced9317fb7.jpg,523,523,523,0,0
train/0523/9158ef56be6c4d62988e0dd2b9c5dc55.jpg,523,523,523,0,0
train/0523/9480c6b4cfc84a5fbedbd599c112ecd6.jpg,523,230,523,1,0
train/0523/9aa8e356ecf94c7bafe73e0df49de536.jpg,523,523,523,0,0
train/0523/9db19369e1d1476cbe2aad4d99a15dbc.jpg,523,523,523,0,0
train/0523/ab6ad129d1734c598b59e2363c1bd811.jpg,523,230,523,1,0
train/0523/b2eba48cca50418f9ab43988b65a7a65.jpg,523,49,3,0,0
train/0523/b3793dc56b514327b7226972a3e1ade1.jpg,523,523,523,0,0
train/0523/d767a944ce0d4f8889d1e86b4272c8dd.jpg,523,523,523,0,0
train/0523/df2535c57efc4d6db80ef8df3ab2a352.jpg,523,523,523,0,0
train/0523/e9606698e74a443e85a576d0c4b776ed.jpg,523,523,523,0,0
train/0523/f3991bc92a0345bdaeb1a610d33af51e.jpg,523,259,523,1,0
train/0523/ff5dbc083c1d4074b079b707c0185854.jpg,523,574,574,0,0
train/0524/0913934378dc46b6a9a02d6e1143ec7a.jpg,524,524,524,0,0
train/0524/1fc437997c854f78be029bbbf2868f08.jpg,524,524,479,0,1
train/0524/3c2e340438bd4aacb87baa83952625d9.jpg,524,331,58,0,0
train/0524/411f7ac587d3447faa865b2dc727f565.jpg,524,524,524,0,0
train/0524/4d398f29bf6b461b8d5334d8e8eb4d0d.jpg,524,28,28,0,0
train/0524/62669cffbc954016958ba27f27e76cde.jpg,524,362,327,0,0
train/0524/7547d57fbd3c490d9543e9bd594e1632.jpg,524,127,206,0,0
train/0524/75e5730be34a4726a0aa94f915f80024.jpg,524,524,479,0,1
train/0524/77c5c722c4fb41f186fcb9eae4b08a2e.jpg,524,524,524,0,0
train/0524/8960cf7de81c4bfb8c7979f7d258069a.jpg,524,524,524,0,0
train/0524/903326f9f11f40aba746351020f2bfc8.jpg,524,524,524,0,0
train/0524/953b3d6a64cf40959d4aef0334dc059d.jpg,524,661,310,0,0
train/0524/a508e64018c04d0fb4cc94292d709ded.jpg,524,127,127,0,0
train/0524/bdecca5ba71e45169179b5a49ae54b4e.jpg,524,524,524,0,0
train/0524/c0b612409b4a40ae884fb5d96e387969.jpg,524,592,703,0,0
train/0524/c72e1c4d2dc1450291e2214ccef0e0df.jpg,524,364,131,0,0
train/0524/ddf59a17c6b74f26b3343a171d6cfc7b.jpg,524,186,131,0,0
train/0524/f1718fb849d144d688949dc0e341e846.jpg,524,524,524,0,0
train/0524/f5ecc2a6159946469d28b576bf8b2a9b.jpg,524,524,524,0,0
train/0525/0d13bb7d097148848b253ab2d00a03c6.jpg,525,456,707,0,0
train/0525/29f101df72124cb487d25d2b9f400fb3.jpg,525,679,58,0,0
train/0525/32bf086d93bb4e4d905c06780f8dbdca.jpg,525,574,226,0,0
train/0525/3ae24bc18c4d46a19747471994ddae69.jpg,525,205,722,0,0
train/0525/3b5ce60d51774b71bdbf1ffa331885af.jpg,525,69,71,0,0
train/0525/6a287c99a14f47898c780442944a7837.jpg,525,620,620,0,0
train/0525/7e6d62a33c6549f6a276ccae03297fc4.jpg,525,525,525,0,0
train/0525/8095bcb06858436c9be7f60618e84294.jpg,525,722,722,0,0
train/0525/9ca199ce58ad4fd6b8a18fe62b915979.jpg,525,579,27,0,0
train/0525/a2c200afc6e84fbcbb1786f276a0c722.jpg,525,525,525,0,0
train/0525/a45992acd24446ceb6cc45cf341ead92.jpg,525,525,89,0,1
train/0525/a89b545e2a054e1884357299ae551b89.jpg,525,410,27,0,0
train/0525/b0cea27236884cabbd2fa56174fb80f5.jpg,525,552,125,0,0
train/0525/b66da5f507b3475b9c7d8a67d0f570b6.jpg,525,450,450,0,0
train/0525/b66df3f9192d410192f959744a9ff5fc.jpg,525,163,230,0,0
train/0525/b6ebab2c327c4bfdb300dd458d54891d.jpg,525,228,157,0,0
train/0525/b77e282656d04458baab93c8a37d251c.jpg,525,131,131,0,0
train/0525/bc9a5a0a2fd6404490194d5e4e6bd848.jpg,525,71,71,0,0
train/0525/d5b02763cdb843d4b062e91ebe09fd8f.jpg,525,707,707,0,0
train/0525/d656f90748ce4e1883dae381e1ce47ce.jpg,525,546,673,0,0
train/0525/daeb0efa20cd426c91123c29c8a85c48.jpg,525,205,525,1,0
train/0525/e30bb13b477d46788025b370e0079bf0.jpg,525,127,707,0,0
train/0525/e79a191d42a64e2192de4e219827d674.jpg,525,707,707,0,0
train/0525/ffa58303c77f4585a699fddb5dd0003e.jpg,525,570,298,0,0
train/0526/029158f9e05742a79ae314d4bd224f60.jpg,526,300,722,0,0
train/0526/08f62ad9b455452abadf34bea9f0a468.jpg,526,300,206,0,0
train/0526/0c93d4eb4cda45d2a3fe6c7f1c140649.jpg,526,526,10,0,1
train/0526/177c0a1037ec42cb853d5114d2440ced.jpg,526,717,533,0,0
train/0526/4f639741cfff4ea2956decb130847936.jpg,526,300,300,0,0
train/0526/5022a303becd4bf4a44515cd18def182.jpg,526,140,508,0,0
train/0526/58d4cbf02d25485ca3a94624ecb4d2cf.jpg,526,717,717,0,0
train/0526/6ca645f1b1e043f1b5e7f4f3a7d088de.jpg,526,734,457,0,0
train/0526/7097961937c74ff18abb6b3e6305cca3.jpg,526,312,312,0,0
train/0526/83441b24e32749b19d44e8e97eac4522.jpg,526,457,457,0,0
train/0526/85c37c26e0f641aebdf9f059ae780d37.jpg,526,531,574,0,0
train/0526/961653cb01c0445988837213941970f6.jpg,526,483,327,0,0
train/0526/a4bd748e4a09423f86e39f93bd104f3d.jpg,526,454,454,0,0
train/0526/ab67a019c07840b9841638baf618770c.jpg,526,454,454,0,0
train/0526/af889e20431a454ab18ef19796f60619.jpg,526,526,725,0,1
train/0526/b51e92610df5413596412231b1269a2e.jpg,526,526,457,0,1
train/0526/b6d0a7f50c4d41708e94b75adc0a6198.jpg,526,300,663,0,0
train/0526/d44af4f6ed524c2c9e6bbd654acdbc36.jpg,526,585,134,0,0
train/0526/dcd2ad8ce0674048993297b81d2536ec.jpg,526,725,725,0,0
train/0527/150fb171f1794d7cbacaacc47f3dd611.jpg,527,527,527,0,0
train/0527/37a79abcd01f493db9c201676001aa89.jpg,527,527,527,0,0
train/0527/39d5b419c17c4f3a8cfe213fbeb5db6e.jpg,527,656,656,0,0
train/0527/3b1188d0806a412eb7d4a670b6d7d205.jpg,527,527,527,0,0
train/0527/47d20403b9844b239d7772ece691b28a.jpg,527,527,527,0,0
train/0527/48d81b8a6fbd4be8aef41d06187034d2.jpg,527,527,527,0,0
train/0527/579a8cfae1334c339fd4746fdddec5b0.jpg,527,452,452,0,0
train/0527/6abab48196d740699b33f41cb3843330.jpg,527,527,527,0,0
train/0527/6e75230f506545afb97961c7858d0ad8.jpg,527,527,527,0,0
train/0527/8d0ade48785b41468cd7c524700b5b61.jpg,527,527,527,0,0
train/0527/a0e57c579d554dc98e37221fed7463d2.jpg,527,310,691,0,0
train/0527/a70fc3f16fd0441da4cdb0228f9bed71.jpg,527,527,527,0,0
train/0527/b87290949d7841bfb3751a585473b6d0.jpg,527,527,527,0,0
train/0527/d2e51b88f77c42c0833c6ebb31e8d608.jpg,527,452,452,0,0
train/0527/eb7d3802b67d4129acac39076e6815c6.jpg,527,527,527,0,0
train/0527/ef996845a1c44755b2d535209ccc9443.jpg,527,527,527,0,0
train/0527/efae96034bfb492db85e98f43cb82891.jpg,527,527,527,0,0
train/0528/13587fea74974d3d96299447cae9bfba.jpg,528,28,28,0,0
train/0528/18b7f34964ab4ba4b3bd19ecfa8292d4.jpg,528,123,123,0,0
train/0528/375d4280966c456186616a5600d5083e.jpg,528,314,376,0,0
train/0528/45d2dc017b8147e38df080e907341cb9.jpg,528,123,123,0,0
train/0528/4fe1571fea3b4888854b27f9d781bf3e.jpg,528,123,123,0,0
train/0528/568ec255487c4b588a432fa5b5aad445.jpg,528,63,63,0,0
train/0528/593d9a88730643b1811057f5d9545ac9.jpg,528,123,123,0,0
train/0528/698c024d85744e66bf103f90c90b8b44.jpg,528,123,123,0,0
train/0528/6ffaa42791e448f69755af510d8d6fd3.jpg,528,528,349,0,1
train/0528/77816f0ec427475b87c1ef8199f761a6.jpg,528,698,123,0,0
train/0528/8921d3fc471746f39839f0db3a5e0cc0.jpg,528,241,241,0,0
train/0528/92dc992b5cbb4e16bbcba978805c387b.jpg,528,28,117,0,0
train/0528/9450dfd1deb447a9ad459514ef7075c3.jpg,528,123,123,0,0
train/0528/9764467a9a0943b286dcedf1f8e63c34.jpg,528,149,149,0,0
train/0528/992cc80762fb4ce5b5678f7493a77b62.jpg,528,589,278,0,0
train/0528/a57afd82c1124a21ac1723d8ad82c92d.jpg,528,528,123,0,1
train/0528/a5a9d961ee454f1995235d3a2516b9aa.jpg,528,123,123,0,0
train/0528/a639fe89b2aa4f31a072add945d6ba80.jpg,528,123,123,0,0
train/0528/d063c3e50c8548528c8643f8535bbb88.jpg,528,123,123,0,0
train/0528/d8736874a3ab43f888f3f69a0164b5e8.jpg,528,171,21,0,0
train/0528/e629844c83224ea8a252b6a80fee4253.jpg,528,53,10,0,0
train/0528/f5e77ba617f943d7a7d89e53df8a0bae.jpg,528,123,123,0,0
train/0529/09a0895183404105b00d916638577b18.jpg,529,50,289,0,0
train/0529/125e348c1ef24fcca2b2e7ea3263b826.jpg,529,50,50,0,0
train/0529/14c3e130400549d89096d09e56070893.jpg,529,50,289,0,0
train/0529/260b15a3398a4fe3a18d0707729a0d34.jpg,529,289,289,0,0
train/0529/2c8488d7a5a5454eac68b3aec1240975.jpg,529,50,289,0,0
train/0529/2f2e83d95b3942b1b81b077ea545c673.jpg,529,251,168,0,0
train/0529/32c3b8bac44b4d12a3b0ae518177e09e.jpg,529,50,50,0,0
train/0529/57197eb125594a859d95e02019406247.jpg,529,387,387,0,0
train/0529/6615010e10d045a58797f9c0fb1a9aad.jpg,529,50,50,0,0
train/0529/70b18c8fa0744077951729a36046fdce.jpg,529,486,748,0,0
train/0529/8c83dc817d4241ceb097d28aa9588c01.jpg,529,50,50,0,0
train/0529/95c3b05f7a294d1cbe60936f1d540483.jpg,529,727,146,0,0
train/0529/9fbc30ef38884e49b4ee4b2716f45f5c.jpg,529,289,289,0,0
train/0529/a98402a4b72a4b3cb911ca317fc1e191.jpg,529,50,50,0,0
train/0529/b4a2960d3cfa4433a8904518baad11d9.jpg,529,289,289,0,0
train/0529/db180f9e4d2d4739934690f5aa07a708.jpg,529,50,50,0,0
train/0530/04a3ee7d82704873a0b2805bc5c05e99.jpg,530,370,370,0,0
train/0530/0ed6913010ce4b1eb3ecd908c93b1ae0.jpg,530,409,554,0,0
train/0530/1247e6ae66f346c9bf73de25fedd58e2.jpg,530,388,388,0,0
train/0530/12637145cdfe4ea5848e5810ec16bb82.jpg,530,388,388,0,0
train/0530/1e5683e8a9054b019ce99654196acf90.jpg,530,388,388,0,0
train/0530/2e37ca62ecab4a8a92187b5eec95545e.jpg,530,388,388,0,0
train/0530/3c955d05c4a74db699cac91ddcc28cc3.jpg,530,247,554,0,0
train/0530/4717b9b3cd534d7ea940bb1b6eddc55c.jpg,530,388,388,0,0
train/0530/5339a06efc7b4214acf98326e5935de2.jpg,530,388,388,0,0
train/0530/63f0520f38c541ca94f06746748fb4b3.jpg,530,388,219,0,0
train/0530/7274ac460ae04c12bca3265251bcf854.jpg,530,388,136,0,0
train/0530/8383b7e0acd241a19fec7eb1e169e6ed.jpg,530,260,554,0,0
train/0530/9723147bd5054af2a9b6d29022af527e.jpg,530,388,388,0,0
train/0530/98de12ccbae1456a8274c1d0c9978ffe.jpg,530,612,554,0,0
train/0530/9a46a5e61adb414997b448d3787e61ee.jpg,530,388,388,0,0
train/0530/9a89cf2c207f413488afeea5485a2ad5.jpg,530,247,247,0,0
train/0530/af790d528f594de3819f607720a74a8f.jpg,530,371,371,0,0
train/0530/b1160ece13544015aa17cef1d258a187.jpg,530,409,370,0,0
train/0530/bacd958d82cf4971af22364b7891c49b.jpg,530,388,388,0,0
train/0530/bff1d57bd6174d9cbe89a45aeb22c0b6.jpg,530,610,610,0,0
train/0530/e3ea33db22214c349d93177f1b107671.jpg,530,388,388,0,0
train/0530/e543478a4646406484624d958181eeaf.jpg,530,388,388,0,0
train/0530/f60aefc2ef30451c9be84c432d83a8f2.jpg,530,530,422,0,1
train/0531/0908903efb34490cb80571b82845ffa1.jpg,531,531,259,0,1
train/0531/11598784b236466898a7c87309bc988d.jpg,531,182,182,0,0
train/0531/19492f56e3c14aef8567e3f7aa0bd669.jpg,531,493,583,0,0
train/0531/1ca84e83b86d464da8c8e664237183ca.jpg,531,720,678,0,0
train/0531/257a31aebd6e4dd48c64a382fec38f69.jpg,531,10,133,0,0
train/0531/2813e9a2063f4b83845ed23c624d94f0.jpg,531,583,583,0,0
train/0531/287391c025734a6fa6937aafe16f4011.jpg,531,531,531,0,0
train/0531/2be9d0d392764bdca586101e3026b7aa.jpg,531,538,54,0,0
train/0531/329d8903286a45c7959bcb9d12a6fe87.jpg,531,599,599,0,0
train/0531/3f393e75ee814a5abad3cf803920e456.jpg,531,225,225,0,0
train/0531/4d5f7f5932a44c1b9f11aa0cc5b90036.jpg,531,225,225,0,0
train/0531/4f5e76446eb240e591be663110c39fb6.jpg,531,599,599,0,0
train/0531/50a16ae0a36346de88c838b63c4382c6.jpg,531,206,206,0,0
train/0531/64730fec886e4ada870c672d9dfea453.jpg,531,531,574,0,1
train/0531/68911007bf03403ca871d2db875b0af4.jpg,531,531,577,0,1
train/0531/69933b719e354a7d8b95b7d194c03392.jpg,531,203,232,0,0
train/0531/703d6d30979a4f09bac39c37a7bcea4f.jpg,531,225,225,0,0
train/0531/cb0ee1934a114a1faf23342bb6cece2f.jpg,531,191,191,0,0
train/0531/cc308b6be8874f36bd2ab2ee333ca7ee.jpg,531,493,493,0,0
train/0531/e24e2b06ff244291886c719e114ea52a.jpg,531,531,92,0,1
train/0531/f35b276eae94409e8394349cd7ac76eb.jpg,531,531,577,0,1
train/0531/f8504a257be1474697ab29abe1945421.jpg,531,476,476,0,0
train/0531/fc1e62f6fd474551b8810425782138fc.jpg,531,531,577,0,1
train/0531/ff26635fce1c49c4ba570c25ddffd2ea.jpg,531,675,476,0,0
train/0532/0eb5cb08b33f4642a98c7012d84a6d5d.jpg,532,532,532,0,0
train/0532/136e2c3672cd41e8a6feb4d99109065f.jpg,532,532,532,0,0
train/0532/1b1052aab1374c518a6082661fb0a2b8.jpg,532,404,156,0,0
train/0532/2ada8a06675044a5b9d8d8d77f1b868c.jpg,532,532,532,0,0
train/0532/2cf442f306084c0e9f699720a77986c1.jpg,532,532,532,0,0
train/0532/45d4a76a2f024cc5bb32ceb8b057feec.jpg,532,532,532,0,0
train/0532/50ce3d810080445da04e610200995848.jpg,532,532,532,0,0
train/0532/6d008aab797a4e0aa1a1ad4a70e7ae4c.jpg,532,532,532,0,0
train/0532/71429e82c10741cea084be20edfdfb5b.jpg,532,532,532,0,0
train/0532/7e3e986598e44aefa3b83fd9622bf824.jpg,532,532,232,0,1
train/0532/7ea69d1aaa1849e4a9aefab0928e1345.jpg,532,666,666,0,0
train/0532/82ffce778ced46efa92c899fc2bf1e5c.jpg,532,532,532,0,0
train/0532/99523e2c4b05436bbf6ad82cbcb53621.jpg,532,170,170,0,0
train/0532/a543342acddd4aaba6266690157e2a80.jpg,532,532,532,0,0
train/0532/aaed32fac89c4eb99a27f749dc86c3db.jpg,532,527,527,0,0
train/0532/b38d0c712e0a4f09af4019418982bac2.jpg,532,532,532,0,0
train/0532/b3aa4c776c92428597696f9938308ee3.jpg,532,532,748,0,1
train/0532/d7937e5200b148f894a61a32f124e617.jpg,532,532,532,0,0
train/0532/e4945e0e61b74ac19d286d975fcc7da9.jpg,532,532,532,0,0
train/0532/e5b5d93819e14dac8d890549f394088c.jpg,532,532,532,0,0
train/0532/e673c694366049acbc0545c87cc3ea8e.jpg,532,532,532,0,0
train/0532/f449aec99a2349d985b199d38d57cea3.jpg,532,532,532,0,0
train/0532/f7a44a4673c341318d7968d955f19fba.jpg,532,532,532,0,0
train/0533/067c94c0a9554bf19b94e516cff4c7e5.jpg,533,695,695,0,0
train/0533/1b357ca2dbdd49e093bf7c73aa794827.jpg,533,471,471,0,0
train/0533/3026b1b6598a4c0d8bc56bb2ecb653a6.jpg,533,734,225,0,0
train/0533/374dcfa51c154143b2cf55e5b18b3e68.jpg,533,508,508,0,0
train/0533/3c624e0db46845a4a1473e799447e1b5.jpg,533,225,225,0,0
train/0533/3cdd277cd2d34979aba7ae49067c3e79.jpg,533,614,614,0,0
train/0533/4001dc1a345343199054314bc19b5fd4.jpg,533,526,663,0,0
train/0533/614969c6510d4343b700a635980e57e7.jpg,533,533,533,0,0
train/0533/7dc64d5704004c31840da1cad29bf2b1.jpg,533,533,533,0,0
train/0533/8a9c280040394ae68527d1aa2904e733.jpg,533,725,725,0,0
train/0533/a1e551b41bef4e6c98576916ddc3732b.jpg,533,725,725,0,0
train/0533/a33e25b1b5d84dc88c67d8d0772e7927.jpg,533,344,344,0,0
train/0533/ac23d27ae10b4fd08eb3518079b3338c.jpg,533,725,725,0,0
train/0533/d31db3d502f049b9bcb2b8c1ebd42341.jpg,533,533,533,0,0
train/0533/de2de386115a492eb99978dc7c40988e.jpg,533,499,499,0,0
train/0533/edad6bad637745c7a94c3f6c5d20e728.jpg,533,533,725,0,1
train/0533/f4026e9532c44123ab56636e7fab9082.jpg,533,300,300,0,0
train/0533/f893c36d561840d494eadcf1e6090160.jpg,533,725,725,0,0
train/0534/1ef5f97ad1424763a19227956869119a.jpg,534,534,534,0,0
train/0534/258b947e308d4f1f8398d752ddbab50c.jpg,534,534,534,0,0
train/0534/2e7be1b9e85942b7b5169c52f5ffa494.jpg,534,534,534,0,0
train/0534/32431862704f4a12a3c2ba272010e4b8.jpg,534,534,534,0,0
train/0534/3471c0c9fcb940b994df2da36aa5ad6d.jpg,534,285,285,0,0
train/0534/416c06def1b34f38804a14f950679b54.jpg,534,534,534,0,0
train/0534/5eeff8158f124f5687a75b60653ae790.jpg,534,534,534,0,0
train/0534/65ccd3d4adb14d99b304da896ee8ee88.jpg,534,534,534,0,0
train/0534/743ac6d0ee014ac5a84a2400d74cadc5.jpg,534,534,534,0,0
train/0534/7b1d342fe3e347bfb6fb373e76d678df.jpg,534,534,534,0,0
train/0534/7b5e753e829c4191986a2217f6bc4465.jpg,534,285,285,0,0
train/0534/94b83d8ddda247b691cd18f0d6b7383f.jpg,534,285,285,0,0
train/0534/a084e14a750a47a7a89ddbd690c8b9ec.jpg,534,72,189,0,0
train/0534/a42b1a3a76ad4f0db8824ee4ebc897f0.jpg,534,534,534,0,0
train/0534/bc6279c42f9247d38926fd3523570c7e.jpg,534,534,534,0,0
train/0534/c241d50880bc4f54884983f23bbbb537.jpg,534,534,534,0,0
train/0534/cc09b31febd048d08236ee49983caa43.jpg,534,534,534,0,0
train/0534/d2ec31fbfeb44be5a14091ba19b6e4bc.jpg,534,534,534,0,0
train/0534/da2382f9f53b4ddeb696ecd9137dd95e.jpg,534,534,534,0,0
train/0534/eacfd962c6344813b8531a056095efb6.jpg,534,39,534,1,0
train/0534/ec2cc39e3950437f829355656625a6db.jpg,534,285,285,0,0
train/0534/f03f33e998f7473a9847515d0a443f26.jpg,534,534,534,0,0
train/0535/1f392cb752a847e3816b378b6bf31a46.jpg,535,591,591,0,0
train/0535/26307faa4f3b4ee19cf6e84e0f907c22.jpg,535,255,25,0,0
train/0535/54ceb8c3e3a54c8fa53849620dc84802.jpg,535,591,591,0,0
train/0535/5d6d9656e6e448639736d25c9e44b181.jpg,535,260,517,0,0
train/0535/61e102a1f5ed490e84201e31d564cf79.jpg,535,366,366,0,0
train/0535/7cda191c32fb4cacb6f65767e971bb9a.jpg,535,554,554,0,0
train/0535/7cf005a7cb73409489f0edcfa024b49e.jpg,535,18,388,0,0
train/0535/8cdd1b48d30f467a94410a7f2ea610fb.jpg,535,255,25,0,0
train/0535/9495aee050654fd4b95cd13804c9fc7e.jpg,535,255,25,0,0
train/0535/9aa9f8c928df442d88e5cf954cf8e668.jpg,535,25,25,0,0
train/0535/9d31b0be86b7462b9499a2e811119d1d.jpg,535,25,25,0,0
train/0535/a6be522bb3564095a9de7205fe95d3a0.jpg,535,202,554,0,0
train/0535/c4aee0314d384c868c7a1fdef9fcbf52.jpg,535,470,470,0,0
train/0535/c93be04577be42e695c2d24faba4502e.jpg,535,255,440,0,0
train/0535/daaed985872541b88986664b15b606d8.jpg,535,370,612,0,0
train/0535/fe2675765d71412e8399151c4d3bb073.jpg,535,103,103,0,0
train/0536/1b10c9ba491d4c8988b217a66036eaae.jpg,536,536,536,0,0
train/0536/329b8c35c37740a984e1c3fb5c47186a.jpg,536,287,290,0,0
train/0536/32ea05e30151454ba034cd77864ee7bb.jpg,536,536,536,0,0
train/0536/35b7472b5b644de4abfdc375bc42444a.jpg,536,105,219,0,0
train/0536/3bf3bb2e096f4ba6b7a18218e48d4b0a.jpg,536,27,27,0,0
train/0536/3cc44b2f34104cf4bddc8a129a5cda8b.jpg,536,536,536,0,0
train/0536/520751550e7b4abfbf19e2a10b4c0f60.jpg,536,536,536,0,0
train/0536/56f092a6f94045d5beeb241c02cc0e29.jpg,536,536,536,0,0
train/0536/57c0d2665d9c4253b4c2ee79f47d9df3.jpg,536,536,536,0,0
train/0536/7aad56379de541c3b157cca6a8c4e494.jpg,536,180,180,0,0
train/0536/80f055d12ae548bb8ac087358c33f8f2.jpg,536,536,536,0,0
train/0536/81d5a799df3044cfb6f90236f29c8e7b.jpg,536,536,536,0,0
train/0536/8d128a9c86f345879954db41d1751102.jpg,536,536,536,0,0
train/0536/9fc303f8cd734c54a217f7c6cb56bff4.jpg,536,536,536,0,0
train/0536/a6ce4a8706874f1db389dbfabf5dd715.jpg,536,88,88,0,0
train/0536/abd89de51301486384472041f395b174.jpg,536,536,536,0,0
train/0536/c3c50eba8ed548fc829f5c0287973ed6.jpg,536,518,358,0,0
train/0536/c4c47ae38d9248d9adf4d455aa5b0edc.jpg,536,536,536,0,0
train/0536/c723444bc9e64992aa5f816e5eac3052.jpg,536,536,536,0,0
train/0536/cf41a9678c8141379b1c3b4eb730f22a.jpg,536,536,536,0,0
train/0536/d8ecc5c2b9b94b11815a6591e8e78beb.jpg,536,536,536,0,0
train/0536/dc5f295dfa1a4532a10d183660c05ae5.jpg,536,536,536,0,0
train/0536/ecc7e6ddbc4c4aa7ab01799f8faaa05a.jpg,536,536,536,0,0
train/0536/edfe63e0f0504a8886238c60938ad786.jpg,536,536,180,0,1
train/0536/f9b6a25f96124a81b7cec73579cdedb5.jpg,536,536,536,0,0
train/0537/14189eda3b504a788acfb0349cc43189.jpg,537,25,25,0,0
train/0537/1f7a9495b45b48bca645888ccda29b80.jpg,537,202,554,0,0
train/0537/2f14dd5377544cd4b813b40186532aa4.jpg,537,255,47,0,0
train/0537/4e11dd2eede54c0fb1b3d8febdc26dea.jpg,537,202,25,0,0
train/0537/509f3ef01e67452d97bbe7d3a356c6f1.jpg,537,25,25,0,0
train/0537/627c7ed5e2854888838daebc8ec34fbd.jpg,537,260,554,0,0
train/0537/6f57c35f511f421db029b639b388e3ca.jpg,537,25,25,0,0
train/0537/714254c2f3364e9cb3146b1e17e9ab36.jpg,537,562,562,0,0
train/0537/775a768082714fd2bde1277b7934e4c3.jpg,537,683,683,0,0
train/0537/a146a135096842b09e7e239da233154b.jpg,537,25,25,0,0
train/0537/c55fed7ae6f8441ba719068151d18ffb.jpg,537,25,25,0,0
train/0537/c5afe5bb760a4bffa5fb15000e59c0bc.jpg,537,116,562,0,0
train/0537/c5d65381723f446bb10c620461197fd2.jpg,537,260,554,0,0
train/0537/d5053a6cc919450b91c0f765462925ba.jpg,537,25,25,0,0
train/0537/d9052bd5be16496a85c6379f6169f956.jpg,537,25,25,0,0
train/0537/e55d22c6acb345ada7f5f62d965b1cd0.jpg,537,25,25,0,0
train/0537/e70215593c6645c8ab37197bdfae4cbc.jpg,537,202,25,0,0
train/0537/f2841c8e782e480db86a3397e6051d72.jpg,537,25,25,0,0
train/0538/11c5bfd67f0d4914b1a46a551c8f7406.jpg,538,499,499,0,0
train/0538/1b739eab2e854d8ea1ea5900ff0b3760.jpg,538,450,725,0,0
train/0538/2b246499f2d64a67976838ef4d60a221.jpg,538,538,499,0,1
train/0538/2c36d9136f2f43619314728c448c8f0d.jpg,538,717,717,0,0
train/0538/30a44f63954f4883b5b18716b61017c2.jpg,538,717,259,0,0
train/0538/322b4b30c44449cba912963b519661bb.jpg,538,717,717,0,0
train/0538/5dc3068866d14ddaa58328a29988bca1.jpg,538,538,259,0,1
train/0538/68c5745d262845d3ada66dd3ed190506.jpg,538,343,274,0,0
train/0538/717e8d28dad04207933952b77e18fc98.jpg,538,663,499,0,0
train/0538/718e8c091012453d9c4facd4fab1eed4.jpg,538,742,742,0,0
train/0538/77c5238edf6c46aca6bae007cbe624e1.jpg,538,717,344,0,0
train/0538/88fe9bf6dff24134b924b2c8eb08b55e.jpg,538,499,499,0,0
train/0538/92537f89d4fb43f18c746b5cd208cbd7.jpg,538,491,491,0,0
train/0538/9e882d1e1c84415ca038d952a1ec4079.jpg,538,206,206,0,0
train/0538/ad6a4dbe4f4441ea80b0c144c93b7e9a.jpg,538,499,499,0,0
train/0538/af26dbcbadf14527bad9cc936fe97f09.jpg,538,344,344,0,0
train/0538/afbf6b10efbe4e46bef8480046ba6f01.jpg,538,717,717,0,0
train/0538/b0e3c46f017e4db6b9ca83f5799cdf1b.jpg,538,725,717,0,0
train/0538/bddb9b71152b4c69bf4faf99b2f04ee5.jpg,538,259,259,0,0
train/0538/c154ff5f7f2e4346b2404b0deb4c45a0.jpg,538,583,464,0,0
train/0538/e5e5e34b51bd406081911bebb4c017a4.jpg,538,538,538,0,0
train/0538/e84d31d1b5224395bd8965c85b6e1871.jpg,538,300,499,0,0
train/0538/fec6fff076784b00a3bc06be4834b668.jpg,538,663,499,0,0
train/0539/073df62e186b4f9cb578a41936e3eea1.jpg,539,539,234,0,1
train/0539/0a8b9fca9fee4343ae574f519e5871a2.jpg,539,539,234,0,1
train/0539/118f26d63c334369b0b22046c9770599.jpg,539,539,234,0,1
train/0539/14a15088bd2344bd91c01e57136b16ff.jpg,539,539,580,0,1
train/0539/1830749c9a6a410ba7e1e1c7f74a2da5.jpg,539,331,28,0,0
train/0539/2d59eb00e36e4c53877ff6507318025b.jpg,539,16,16,0,0
train/0539/642f9cd69a3b49d28c5c9b1f3bbea573.jpg,539,539,580,0,1
train/0539/6b2de3eb653f424f99dd61d12422bbb5.jpg,539,539,580,0,1
train/0539/72fa3224323346758748dd9d8e314bf4.jpg,539,539,539,0,0
train/0539/7d283444cd3a496aa4bcfeac6a23d7ae.jpg,539,539,580,0,1
train/0539/b06c7944be2d41cca5f4e71340723942.jpg,539,539,539,0,0
train/0539/b0d45dc7e7a84e36ae1f827bfae47d64.jpg,539,714,293,0,0
train/0539/b0e1fa4ff69d4f50b251d96faebed352.jpg,539,539,539,0,0
train/0539/d39172653b124b82ad453128d16c5415.jpg,539,539,234,0,1
train/0539/d4984dc44b2840e0b83cc032b67632cd.jpg,539,539,580,0,1
train/0539/ed10d4bca8b04488b810ee6dbde43174.jpg,539,539,580,0,1
train/0539/f0f00a5596f7495d95cc7f215bf9e419.jpg,539,539,539,0,0
train/0540/19971c29a0c749c5b92bf2c88902a94b.jpg,540,327,327,0,0
train/0540/1bc0062de5ca4cf6a275173c33dc5017.jpg,540,112,112,0,0
train/0540/20ea8a2e4a5c4938bdb87f9bcbdf65b8.jpg,540,540,29,0,1
train/0540/2c8da16947b74a0b813f11b3fc16578b.jpg,540,540,540,0,0
train/0540/32c5f20f5be04aa9b0e57f4487298627.jpg,540,584,540,1,0
train/0540/37834d0480c640bfa82ef6121d88346e.jpg,540,540,540,0,0
train/0540/4f1d5dd5a1f244a4834be724739576ff.jpg,540,540,540,0,0
train/0540/4f6ed3ca666745de996d5d2de301aa4b.jpg,540,540,540,0,0
train/0540/5165b0c2f0a54b5694f636869b09e7b4.jpg,540,427,540,1,0
train/0540/58c1226849f94d77932ba05b7f1f7fec.jpg,540,175,534,0,0
train/0540/63ff1c5403c3478ba570cc0ac17a9d30.jpg,540,540,540,0,0
train/0540/6a461f39e9014464a38b4abf59b24376.jpg,540,613,613,0,0
train/0540/7121a1a586ce4c4382aafdc8710b0bf1.jpg,540,584,15,0,0
train/0540/7970d06c6e4d422da629000e53769770.jpg,540,540,540,0,0
train/0540/95b9250bae89493ca79e129e77b008c5.jpg,540,540,540,0,0
train/0540/96f400fb02f44b3ea47402a8c05e16d3.jpg,540,650,650,0,0
train/0540/9ebdb2924bd8401089f67478abfc94e7.jpg,540,175,540,1,0
train/0540/a1cda17a631e445caad053e72a7effb6.jpg,540,540,540,0,0
train/0540/b099884546f34cab8c5c6a0def6afc05.jpg,540,71,71,0,0
train/0540/b1f2161175224ce08087d280c17339fd.jpg,540,540,540,0,0
train/0540/c8ebbfc8f7a4408a83bf93efc65741cf.jpg,540,540,540,0,0
train/0540/d31a98eff3f44ded8718188f10ce46db.jpg,540,344,344,0,0
train/0540/e80c5952494e400c98997f2760832b52.jpg,540,540,358,0,1
train/0540/fffa0c334277477290093860a2a91c30.jpg,540,540,540,0,0
train/0541/01585c5d230b42919b1c4bcb1c113834.jpg,541,541,481,0,1
train/0541/0960b1e1283a431dac8a303709a70935.jpg,541,160,50,0,0
train/0541/21c0e2bc68d34d2f86efaa0a827b26c4.jpg,541,481,481,0,0
train/0541/33f78f3505904368b8895c1c7e3ed0f8.jpg,541,283,267,0,0
train/0541/340cddbd871345faa8cf3db8f10df19a.jpg,541,277,169,0,0
train/0541/364828933de747b6b61f1837af6de679.jpg,541,568,568,0,0
train/0541/3c259a047741445b97399fda8e8c3781.jpg,541,541,568,0,1
train/0541/48db0db19a3d4433ba78171cff2ae66a.jpg,541,664,664,0,0
train/0541/4eee34d6d75e46fd8c1a50efd6522b30.jpg,541,568,267,0,0
train/0541/5124ee913862457197715c0ddffc37aa.jpg,541,541,267,0,1
train/0541/5b90271517b441cb969368ce989cdc8a.jpg,541,541,541,0,0
train/0541/614929fdcfaf453281ef7459b6182eee.jpg,541,481,267,0,0
train/0541/69f89c1844cc490c8463765f3582a22f.jpg,541,28,28,0,0
train/0541/6d02b6044fd8487d9cdd9670112ec7c5.jpg,541,541,357,0,1
train/0541/7cadc44b2e57437e820bf2fc7bafc186.jpg,541,541,541,0,0
train/0541/a59f505006bc40e78c4a67ee1f9b20b2.jpg,541,481,481,0,0
train/0541/bbc06e52a4c74fac941cdd61a5f6d298.jpg,541,267,267,0,0
train/0541/c457f9fdacc64a5ca762ad06b556536d.jpg,541,280,512,0,0
train/0541/ce735478f513401bb30abebd48fe2941.jpg,541,541,541,0,0
train/0541/d253d0ea540b41c6a7810be129aff265.jpg,541,541,541,0,0
train/0541/dc75dcb6cd3e4450a6061e2272ccda43.jpg,541,541,541,0,0
train/0541/e7058bc8998d4cfa86407cb20672b3ef.jpg,541,568,568,0,0
train/0541/e70e5b50cf5645bebb005a68fd41ad41.jpg,541,541,541,0,0
train/0541/ed110905d89f49d3acc845808b5462f7.jpg,541,541,568,0,1
train/0542/02a0762163224c95a0063f3d60f7591b.jpg,542,542,542,0,0
train/0542/1039e936688a41d1a1916c41dd867ff9.jpg,542,542,542,0,0
train/0542/1515c4feec3e476cbef0220742f175c9.jpg,542,542,542,0,0
train/0542/1f2fe57df26e42af892354bf0605b1f1.jpg,542,542,542,0,0
train/0542/20c0f8210e9949fda98680f606980c31.jpg,542,542,542,0,0
train/0542/471731c1d30b488eba382e3f7650f39c.jpg,542,542,542,0,0
train/0542/580c71f0b82647c28367994640fe01a1.jpg,542,565,565,0,0
train/0542/5b3e7882c0d94fbe9e6e13b2b6033bd1.jpg,542,542,542,0,0
train/0542/61d8785e820b4e6d99d65d4cbe08edd3.jpg,542,663,574,0,0
train/0542/68234c5cb0df4251af1ffd1853c0e696.jpg,542,542,542,0,0
train/0542/77760893e5f4410b927eea50cec7791c.jpg,542,542,542,0,0
train/0542/780700cf16c54067b5e1d789cf25a949.jpg,542,542,542,0,0
train/0542/7a1f07ac00bf49ba949547f23695ffab.jpg,542,542,542,0,0
train/0542/b585b90045d7413eb96c637f659d322c.jpg,542,542,542,0,0
train/0542/ba90db9fc3794ef4a36b47b69529e278.jpg,542,542,542,0,0
train/0542/c04b1063c089429a84aee7e166a24756.jpg,542,180,180,0,0
train/0542/cb94ca06a30a4fea94e05ebc706a3649.jpg,542,542,542,0,0
train/0542/cc6b3d6d032b46e8b948f407ba10c8f5.jpg,542,217,217,0,0
train/0542/d29c669f62674c4a83b8ecdf38eccc25.jpg,542,542,542,0,0
train/0542/d506c5b266d14afc8636bf62901202ca.jpg,542,249,410,0,0
train/0542/e0231d025b0e4342b46a50c2ca0e0eb4.jpg,542,542,542,0,0
train/0542/e8c9544cd46c4c2cb4781b1d3c7f1914.jpg,542,542,542,0,0
train/0542/fdcb64a434e246f0a1b1dffff1270cea.jpg,542,542,542,0,0
train/0543/57b859fe8a6b430fbf9b69b5212fe796.jpg,543,479,479,0,0
train/0543/5ace70848fcc47448134864a72ee2f3e.jpg,543,177,125,0,0
train/0543/70ad452a2846456091f5dfa7e8a686be.jpg,543,703,703,0,0
train/0543/7f61153e009c400c8be339a4deabe0fe.jpg,543,686,571,0,0
train/0543/815669ebeed84772bd70474705067cb8.jpg,543,571,571,0,0
train/0543/84e3ed4980dd4d26806a967858680122.jpg,543,361,641,0,0
train/0543/8d74c315cf1c4a9bbafab9c0ba4b6a6f.jpg,543,101,129,0,0
train/0543/929eed3e19eb4349a5ca49a20fb1b4f0.jpg,543,686,686,0,0
train/0543/97195ff3e952429da2ff61f50f7100ce.jpg,543,396,412,0,0
train/0543/976345bad7b746bdb1c424497a331319.jpg,543,374,374,0,0
train/0543/9a3fe80dbcc1412ba9bd33d66fc2fc4f.jpg,543,598,598,0,0
train/0543/a8e3834adb20414b9d4c5aae768477dd.jpg,543,378,295,0,0
train/0543/c9a5715f8fac429ea75763e78f59d06e.jpg,543,157,157,0,0
train/0543/cff61843e9064018a045c1bc268f8e45.jpg,543,686,686,0,0
train/0543/d20414b706f04e78894291e120c0b8b3.jpg,543,571,571,0,0
train/0543/d24c266360194bb8942783be31a2d3d7.jpg,543,543,742,0,1
train/0543/d384c309c91d416c8b852c5b6b8c75ec.jpg,543,598,571,0,0
train/0543/d70b79a614a14ce7bf17bd92accf8b1f.jpg,543,362,129,0,0
train/0543/e5ca3e002615436a9c03a3a816c53986.jpg,543,327,327,0,0
train/0543/ecd347434a874c808f718a3d1fa80d4f.jpg,543,129,129,0,0
train/0543/f15b80c338ae4b6395f2dcc7a882ca23.jpg,543,565,565,0,0
train/0543/f758c4d4f9454d10925310c494cd4426.jpg,543,571,571,0,0
train/0543/fa502cbe57664f91909c5106371d452b.jpg,543,213,565,0,0
train/0544/0f7c95313275494a8f40d872425f421f.jpg,544,343,2,0,0
train/0544/36aec43c9f934b1f9ea86053ffedad26.jpg,544,544,544,0,0
train/0544/6b19bc2eb6ba44b9adfe88444e2cb89c.jpg,544,544,544,0,0
train/0544/780376bf359948fa9a8eb09a89b5763d.jpg,544,645,645,0,0
train/0544/7f6f154925cc4f858dd8dcdaed5fc4d3.jpg,544,645,645,0,0
train/0544/7f8fb714536546a6abbd0daec914ac74.jpg,544,358,358,0,0
train/0544/828e9f79f9ee479080da26d97fa7cc50.jpg,544,274,274,0,0
train/0544/a9dfffd1ad6544a89240e2c372975acf.jpg,544,599,206,0,0
train/0544/c01b947e803c4c39a716d4b68363c3b9.jpg,544,544,511,0,1
train/0544/c49e5c63eaf24522b8ca6c0dfae625a4.jpg,544,511,511,0,0
train/0544/c560764fdc624001a60a4642148c41fa.jpg,544,77,77,0,0
train/0544/e45f619e18c7442cbf0eabb5893e8714.jpg,544,544,544,0,0
train/0544/e4b1a9def5534417b9b3ea86afc2d865.jpg,544,184,184,0,0
train/0544/ea6c33f1eade442ca1f3bae239a8a957.jpg,544,476,476,0,0
train/0544/f6e1cbe2899a40eabe0720bc02cf0a53.jpg,544,544,466,0,1
train/0544/f75930f02bcc4bf2a27b1ef31c7ca847.jpg,544,544,544,0,0
train/0544/f7f4752314bb4cd49cb5e9d2ae496886.jpg,544,611,611,0,0
train/0545/0fa461b483b7475e8a8a35dcd2d11486.jpg,545,6,6,0,0
train/0545/133d18c269f344098ebe861b4f90931c.jpg,545,40,40,0,0
train/0545/35072eafba4f4a24852213b7d921e3e6.jpg,545,654,654,0,0
train/0545/3a2bffc50f7a42d49bc914629ca4b72f.jpg,545,40,40,0,0
train/0545/402a0975f85c4de4bb22cbc9c86c60b5.jpg,545,564,564,0,0
train/0545/53632d168d0543dbab22d9512438716d.jpg,545,6,449,0,0
train/0545/aa12dc4fe42a4fb8a30895390822b07f.jpg,545,97,271,0,0
train/0545/c049cd60fa2b490a97beae2275b53d85.jpg,545,564,564,0,0
train/0545/cb7d301d88d945799c2dacf28aef9b3b.jpg,545,545,6,0,1
train/0545/cf3f79d29a904a4f8bee2d9e5ae6e1d6.jpg,545,564,6,0,0
train/0545/d443d23cc4434b8499c8e797c86e4c45.jpg,545,185,408,0,0
train/0545/d6410cd4c88c467fa597695abfa82e03.jpg,545,6,6,0,0
train/0545/dffea12d14dc4053a85e931489689e5b.jpg,545,54,54,0,0
train/0545/f97cb800a69b4fd8b5d51173acb2be23.jpg,545,564,564,0,0
train/0545/fd05196c9aef42659d67327627f4f906.jpg,545,564,6,0,0
train/0545/ff73debc0674476797bf5d0b09921552.jpg,545,6,630,0,0
train/0546/11f6b0814e954cb99209f70492c7dbba.jpg,546,274,327,0,0
train/0546/1807f61163ed4f2da35dc8f166da76ad.jpg,546,546,546,0,0
train/0546/230c90af7efa4518a23db872c696a61f.jpg,546,546,546,0,0
train/0546/2bb0b8ab01724b2e8bc7025dd933e1f6.jpg,546,546,546,0,0
train/0546/314a1704ab124953b8eecab136979949.jpg,546,362,362,0,0
train/0546/31fc9ba2fa3e421c944c5b207979df91.jpg,546,546,546,0,0
train/0546/39adb03cfcd24a91bee447760ee9909f.jpg,546,546,546,0,0
train/0546/3e4e984904174acb83d0742b64b1048b.jpg,546,546,546,0,0
train/0546/3eae4f4dfe334a7e9a40a0d15137944e.jpg,546,546,546,0,0
train/0546/3f670b616d9845cbbed46117aab99048.jpg,546,546,546,0,0
train/0546/68f7027f6d9447d2a021241cbafb9c39.jpg,546,546,546,0,0
train/0546/720f4b8446ca4181ac7b10d9098968d3.jpg,546,546,546,0,0
train/0546/77bbbed9effd4ce3abe3708cc53a05ae.jpg,546,546,546,0,0
train/0546/7c69f66990f543df9a103dba31bdeb04.jpg,546,546,546,0,0
train/0546/842b382b8a994b39a03c45007407d491.jpg,546,546,546,0,0
train/0546/a8fdc46d5110475cb9a3e0ab28835ea6.jpg,546,546,546,0,0
train/0546/a9115aec98f8449c847c82ffee6e4dbc.jpg,546,546,645,0,1
train/0546/bb25a3e503eb4d92afbf6d30cfafa42d.jpg,546,546,546,0,0
train/0546/ca8fec0558cd499e8879a8afec578062.jpg,546,645,362,0,0
train/0546/cc2d9ffc873743f49daea9952ede6c22.jpg,546,259,546,1,0
train/0546/d1b06e6d7da946e292bfefeab0562b27.jpg,546,546,546,0,0
train/0546/f821bdbbf3824d579cc8d7d43b65fd1c.jpg,546,259,546,1,0
train/0546/fd131de151f74c4b9fc0f5da4f499f85.jpg,546,546,546,0,0
train/0546/fd868e42f00a41c7960e5569e2813f9e.jpg,546,546,546,0,0
train/0547/02cf7f44bc8b4e5c848b141817e2fdc6.jpg,547,547,547,0,0
train/0547/0c86abce1b444fcb9f35b5a71a5c1031.jpg,547,135,626,0,0
train/0547/197b76b881fb4e8685ee40786012a965.jpg,547,547,547,0,0
train/0547/1b660a072789418294a0253c1c040482.jpg,547,286,286,0,0
train/0547/1ba09814a0f447c88f102cb58e12ccd6.jpg,547,547,547,0,0
train/0547/31500be07fdb4dafac02e175dbc42782.jpg,547,302,90,0,0
train/0547/38b0709743dc4de9b0f2a83df4cfc459.jpg,547,286,547,1,0
train/0547/40994a1f74904623816b30dc5b56e07b.jpg,547,547,547,0,0
train/0547/4a8c668123ee48b68a71eccf4da29508.jpg,547,437,701,0,0
train/0547/5286fdc9a302429ca2d66de9f0f32490.jpg,547,90,90,0,0
train/0547/664f0a7e07a14c798133dabbedbc0c8b.jpg,547,547,547,0,0
train/0547/6e46746d12b6400da9ceb881bbf27888.jpg,547,547,547,0,0
train/0547/95a632b252b84a72afae7f5aa82c40f5.jpg,547,746,746,0,0
train/0547/b038de2b74234316a810e7ff9e6f6bd6.jpg,547,547,547,0,0
train/0547/b5eb1b71b3134787849b4ca7cde3b713.jpg,547,547,547,0,0
train/0547/b8cb178e1df046d7b262eef523468bec.jpg,547,547,547,0,0
train/0547/cc2f8727b5e74f53a057dd3bd903cbeb.jpg,547,547,283,0,1
train/0547/cf31cd4e54bd4f6d957a4538dcf92d0e.jpg,547,547,547,0,0
train/0547/d1ff7cc629a74e369a40a9725bb569bc.jpg,547,547,547,0,0
train/0547/d53ed02a745742d28889032c0f71f0fe.jpg,547,666,666,0,0
train/0547/dcd1656eab3a45c6999a22e6e0ac9439.jpg,547,286,170,0,0
train/0547/ee07c3a7816d4d4491e1b8a394bf0753.jpg,547,547,65,0,1
train/0547/f64e78cd6f0f403e9139ca569a69504a.jpg,547,170,170,0,0
train/0548/2d509c6739e848cd8f3934f0f0a88c1b.jpg,548,49,49,0,0
train/0548/38b3844e0da54d95be16e991c649ba00.jpg,548,548,49,0,1
train/0548/56aa21a907224fd686642dc65231a11f.jpg,548,523,523,0,0
train/0548/5ae83e9f56ea48e5aec355a25aeb5f43.jpg,548,552,552,0,0
train/0548/5d4113c45c2246eab805da000596bfa9.jpg,548,523,523,0,0
train/0548/5e6da63167ef409ab104f0441332272f.jpg,548,548,548,0,0
train/0548/8334ea41d19847c196040c3ed10c8f95.jpg,548,548,122,0,1
train/0548/88c6529f0a6e401eb9aed4f99106d379.jpg,548,548,49,0,1
train/0548/9570c32f428646bfb4be643fd06849d2.jpg,548,245,499,0,0
train/0548/9d66e6ebcc4c45a2a262982adba9d8c4.jpg,548,49,49,0,0
train/0548/b43dd6e46c2a449198eb8374d319994b.jpg,548,259,259,0,0
train/0548/bf96f9c449f94860aa3c328e79c998b2.jpg,548,548,548,0,0
train/0548/c787b3a6b1a4481ba3b96ef05f89697b.jpg,548,548,49,0,1
train/0548/c879da01b90046cdb2c582b16dda955f.jpg,548,548,523,0,1
train/0548/f15046094d874d04b567f0b058093ba6.jpg,548,548,49,0,1
train/0548/ffaca15fa4684068a9724ae18330af92.jpg,548,122,523,0,0
train/0549/137df577d0aa4218b718013fdc444d4a.jpg,549,549,549,0,0
train/0549/18947e58f0934bd4af2cf0a734c3f971.jpg,549,549,549,0,0
train/0549/1d45df4533ed4b42ab3d3efe266dce69.jpg,549,244,740,0,0
train/0549/3fdecbeee5614f8fb5f45a66282834e3.jpg,549,549,549,0,0
train/0549/4088c41db306436dbe81c5e385859a0b.jpg,549,549,549,0,0
train/0549/44a66c6f7edd4d0fbf01a3007afe6b71.jpg,549,549,549,0,0
train/0549/67c6581fd5f14d0d876d2a096e830441.jpg,549,549,549,0,0
train/0549/696d2f8e080b407eb8c9face8a680c26.jpg,549,549,549,0,0
train/0549/8b21f4102fb54668819422cf72991ac3.jpg,549,549,549,0,0
train/0549/906adcdf3c704b80bc9bc5c49c652358.jpg,549,549,549,0,0
train/0549/97a9a190aeec48c5a1a098ae64259730.jpg,549,549,549,0,0
train/0549/a1e74fee4e5840028781d0869435d705.jpg,549,549,549,0,0
train/0549/b034cfb097744e1ab2d4a5aa022c9a91.jpg,549,549,549,0,0
train/0549/bd65ea26af464e17a4c9918fae8e4572.jpg,549,549,549,0,0
train/0549/ce7a802194b14ceeba0d6df745e11589.jpg,549,549,549,0,0
train/0549/e9f1122513b04fbfb80df32cf3d84dbe.jpg,549,549,549,0,0
train/0549/eee4119b566849bcad2472d1daa90371.jpg,549,549,549,0,0
train/0549/ef5cf751c1ae4cbe9f5695871ec23da8.jpg,549,549,549,0,0
train/0549/f03e9695bc564f9fb5510c2c9da9f45a.jpg,549,549,549,0,0
train/0549/f4db5c1ece3a42f89c80245a358a57a9.jpg,549,549,549,0,0
train/0550/1d1aa056e58e441283d470c2691a30c5.jpg,550,153,153,0,0
train/0550/39d8399a72624aa4a6fdb9ccc856d0f6.jpg,550,28,28,0,0
train/0550/3b0423f84a5641d0b4a3fbaa8357e464.jpg,550,662,662,0,0
train/0550/3d7a394c7a6c44078d1c81d99eccd4ee.jpg,550,662,662,0,0
train/0550/4911f5996321495eb7c7737890aa2450.jpg,550,25,25,0,0
train/0550/5065ade940b94bf2b023832bb8e0fea8.jpg,550,229,229,0,0
train/0550/5e4db6934bb74a92a73078cef196539e.jpg,550,224,224,0,0
train/0550/7898a95914654e95b8cdd73a59ddc817.jpg,550,28,28,0,0
train/0550/94fb9392fb9f42c3a9aebf6c251b893f.jpg,550,517,517,0,0
train/0550/9ad973aee5ac4770a2b77ee86fb61faa.jpg,550,28,28,0,0
train/0550/abcca3e0d5f5496aa15e8e99e4497c90.jpg,550,229,25,0,0
train/0550/b55698d20bed4d9caf665e8297835880.jpg,550,395,395,0,0
train/0550/bccba97fa8c94295ae6424758475a9f4.jpg,550,591,25,0,0
train/0550/e1df3ff453fb41e5aeaa892a5fc7f66c.jpg,550,84,103,0,0
train/0550/e57cdfd83d614590817e1ab4d9326730.jpg,550,23,42,0,0
train/0550/ef49772b87e4414c83c6370816db482f.jpg,550,297,297,0,0
train/0550/f6b88a7dc15d4c9cbc93c8db6476efd2.jpg,550,662,662,0,0
train/0551/024b3eae3e0249878902965318ff9d0a.jpg,551,386,386,0,0
train/0551/0cd918d35a38449f868c5fcfbc51a8b3.jpg,551,551,551,0,0
train/0551/0ce9ec17a0f94af5bb4c15409f28d11a.jpg,551,78,78,0,0
train/0551/254b6108ad3b465db0a7fdf8eb3aec9c.jpg,551,139,434,0,0
train/0551/298cfcaaa7a1474fa842e693f1e4ef3f.jpg,551,510,510,0,0
train/0551/34b45c1c4a904f628f9edd27aeaf920d.jpg,551,551,551,0,0
train/0551/3a24acaacfe14eaa88d36b453da2e96c.jpg,551,10,10,0,0
train/0551/3b1c3fd619ce4abf8974347a52c9b184.jpg,551,551,551,0,0
train/0551/456d7adba96846cea1973e517cecf4b7.jpg,551,171,353,0,0
train/0551/46b1fd72dd2c4a7a8e32faa38b70e32f.jpg,551,629,629,0,0
train/0551/564256f501c1470da1145c6108432d47.jpg,551,107,107,0,0
train/0551/56570460d5084cf3be21b6ac83a4ae87.jpg,551,551,569,0,1
train/0551/61b482eda49246c4a1bff0b811d969d6.jpg,551,498,551,1,0
train/0551/7d66d2960a824d7baf55ae2829acbfae.jpg,551,551,551,0,0
train/0551/95a2666e1cbe4aab82fb4e98b9cb0b13.jpg,551,139,698,0,0
train/0551/9d05ffa8082c465287fee538f06ccb82.jpg,551,107,551,1,0
train/0551/a8eeee93359243debc250d01d7f31fa5.jpg,551,235,235,0,0
train/0551/b8735dd084394af68174a484b578a5d2.jpg,551,551,630,0,1
train/0551/ceb4af09e58141acaac6b1540c434dfe.jpg,551,551,551,0,0
train/0551/d580918a1d994f4ca09870c201400152.jpg,551,551,551,0,0
train/0551/dddbea287ff24925a7553556dc3f1514.jpg,551,306,349,0,0
train/0551/ea5d9d834bf0410f9488eb69ee55bf5b.jpg,551,551,551,0,0
train/0552/03ae562c952943fbbc8958b43bb5cd95.jpg,552,552,552,0,0
train/0552/0a89845753184e59bae7f13f3d274c8d.jpg,552,552,590,0,1
train/0552/0b87e7de4c8046319ef93dfd185f729e.jpg,552,28,28,0,0
train/0552/106ea1b22f104d6e8da03c1067acaa04.jpg,552,670,670,0,0
train/0552/177f28134beb401c8dc73ae617d365fa.jpg,552,552,320,0,1
train/0552/4036a1009e1a46aba7038095e209a3f6.jpg,552,574,574,0,0
train/0552/5f02359bbf6b46a2854257e793694666.jpg,552,206,206,0,0
train/0552/6521484e2dfe4fe99e7cedcba990c6be.jpg,552,552,331,0,1
train/0552/7d55d12c2d9d417aa2e93fa0215d4b7b.jpg,552,552,552,0,0
train/0552/8521050319334ee59f56c17e0d83341b.jpg,552,552,590,0,1
train/0552/9f71d610822248408d8b2e2b505ab83e.jpg,552,211,206,0,0
train/0552/a7ca75cf4b634ab0a106c2afa7afde7f.jpg,552,552,552,0,0
train/0552/ce990477eb7f4f2ba85d9ab87a486d3d.jpg,552,127,127,0,0
train/0552/d528866c86dd4093828e432924709c85.jpg,552,552,552,0,0
train/0552/d7a804bcdf1e47ad904f617dc7e4c0d6.jpg,552,552,552,0,0
train/0552/e6f4dccada6149c4b68a361411f3cbaf.jpg,552,552,552,0,0
train/0552/ea2f3615304b4b99973264aa4982105a.jpg,552,552,590,0,1
train/0553/122fe68227bc4b539944b56da53babc8.jpg,553,553,553,0,0
train/0553/1e440349a8b84c21a1bdb662b645b27d.jpg,553,553,553,0,0
train/0553/4b3e3e4a167a4026a183153ae30e625c.jpg,553,553,553,0,0
train/0553/4d59d62e93974cfda1f7ff5a43dd5779.jpg,553,470,470,0,0
train/0553/5e0ad33f35064b0fb9d3268ebe324588.jpg,553,103,103,0,0
train/0553/60632aecef7741fc9549838ac64a45a9.jpg,553,553,103,0,1
train/0553/62d25d66902a4e538710bb2fcc169640.jpg,553,553,553,0,0
train/0553/8269558ac9424c1ea237ade9dd4b4e5b.jpg,553,553,553,0,0
train/0553/a933728015b74a3ba3a979f15c289023.jpg,553,553,553,0,0
train/0553/ab7bebd31b3543b49d2decd5d4b0dbdf.jpg,553,553,553,0,0
train/0553/ac41dc9969ef46a38014e233a321a3e0.jpg,553,553,553,0,0
train/0553/ad9caeedc93848a792c1c45682daa3c2.jpg,553,553,553,0,0
train/0553/bed8551711524100ab750e4d7bba0a3c.jpg,553,553,553,0,0
train/0553/c2056570a584464ea92fad4834bdc724.jpg,553,553,553,0,0
train/0553/c53f5c51339040d3b364be436051d33e.jpg,553,553,553,0,0
train/0553/cb4797fa360c4d048c89200083c5759c.jpg,553,553,553,0,0
train/0553/cd5de356b7094a69a06793adbf79973a.jpg,553,553,553,0,0
train/0553/d382ca27544f4d5eac7969ef5df10bbd.jpg,553,553,553,0,0
train/0553/d9a2f3bf6064457087619c7bc97d8602.jpg,553,553,553,0,0
train/0553/e142643c7bd446a4945874a368a3af03.jpg,553,553,553,0,0
train/0553/e3a1cea78f4844e089648b88001aefb0.jpg,553,553,553,0,0
train/0553/e5da9f33fd3d4a4495da58efb7ef3d9a.jpg,553,553,553,0,0
train/0553/fad33b0a86cd4d77b011db929d5c850e.jpg,553,553,553,0,0
train/0554/0477741311ea478e927f24c2bc27f6c8.jpg,554,710,710,0,0
train/0554/077325d22de843bea87163410d376920.jpg,554,537,554,1,0
train/0554/080cd1501aab49449a8785650a9f1c5c.jpg,554,554,554,0,0
train/0554/0b8440c883994479b1f4dac2d69ff932.jpg,554,562,562,0,0
train/0554/21a5c2d8272a423395ef238a177cec00.jpg,554,554,554,0,0
train/0554/23512ed4c9304a50a5a923b7c1313386.jpg,554,554,554,0,0
train/0554/28901e68f9ae428886c5d7a44a91af78.jpg,554,199,199,0,0
train/0554/3e5b96eae1df4289b7ab01e4de6d0fbf.jpg,554,554,562,0,1
train/0554/4830741478624f38b5e2ef4aa9c43f00.jpg,554,554,554,0,0
train/0554/4ef2ee654ebe48198875603662dbbd3f.jpg,554,554,554,0,0
train/0554/5c6fadc1085146048ab334d3dc1e6030.jpg,554,554,554,0,0
train/0554/5d37dbf4833e4f798bc2798f037674d0.jpg,554,554,554,0,0
train/0554/75cbedae77544a3a82d5faf4349d545b.jpg,554,554,554,0,0
train/0554/813926daac21421d906001dc19089a5f.jpg,554,554,554,0,0
train/0554/84cbae6fb7424aca85ac85e5ca4ee931.jpg,554,554,554,0,0
train/0554/8f45967137ed4a378f24301da255fe2a.jpg,554,203,232,0,0
train/0554/aa02579206ef49fd925b5c1eefccc083.jpg,554,710,710,0,0
train/0554/cdd83508edd44c1ca69e514f5d2648ce.jpg,554,554,554,0,0
train/0554/ceb34555b04a4830980605cd09466438.jpg,554,202,554,1,0
train/0554/d994ee5b131342d699b5e2648283e31c.jpg,554,554,554,0,0
train/0554/da1ee4ffb7a64994b903ef018c50bce8.jpg,554,683,10,0,0
train/0554/f04a190123fd4b53bc381247512f2273.jpg,554,554,554,0,0
train/0554/fdad1e95ed9b458689d45d1523067da1.jpg,554,554,554,0,0
train/0555/2341dd7ad99341ddba7673a60fc0c7be.jpg,555,527,527,0,0
train/0555/24e9a06f63764abe9f69f892dd1d417c.jpg,555,570,465,0,0
train/0555/76e916d1136a4bf98264e1da39a3c30a.jpg,555,127,206,0,0
train/0555/a456b5dde57a43f3b377f143c4f6a76a.jpg,555,246,246,0,0
train/0555/af5f411a73a84d7994cc1676871bd63d.jpg,555,317,658,0,0
train/0555/b7133b5b2d1c488ba57e2a3a2d039904.jpg,555,246,246,0,0
train/0556/0d036726b9a140db83c2f56991ea6a7f.jpg,556,556,556,0,0
train/0556/10a4a9c54dfa47eb94698a97080e0335.jpg,556,556,556,0,0
train/0556/13b0b7f6ba2d466c85a15aef1df70905.jpg,556,598,556,1,0
train/0556/2a81fc255696465e9e75769c65513cf6.jpg,556,556,556,0,0
train/0556/44798ea5c6434ab384dec74ae42f4de7.jpg,556,556,556,0,0
train/0556/5847865dc50141a289c59ea9d71dba7d.jpg,556,571,556,1,0
train/0556/666ac37ae1764d048f13544509b1a78d.jpg,556,571,571,0,0
train/0556/723328a59b3e4a5ebd9bf67ff731be72.jpg,556,571,556,1,0
train/0556/733695f763bb41efae896fa35e449ef7.jpg,556,571,571,0,0
train/0556/7ffa223c4a3d40d486ca8e5ae67f6321.jpg,556,556,556,0,0
train/0556/8edf8fa51f9c47b6a6e32ae560491aa4.jpg,556,556,556,0,0
train/0556/cc563c944c234c5ca12d9a9fef8a24c0.jpg,556,556,556,0,0
train/0556/ccbf7c0c3be1486cb2000fd46b406f7b.jpg,556,556,556,0,0
train/0556/ce7f16693333415f99f9f04b8bdc810a.jpg,556,598,598,0,0
train/0556/e4a39447d10342c2b961e7af80358122.jpg,556,556,556,0,0
train/0556/e9616c844e554bf4a620349d894cad6a.jpg,556,556,556,0,0
train/0556/efdc2b8915584bba9198677fcbda6910.jpg,556,571,556,1,0
train/0557/08856b70bd2342949a16ba8f42ea15b7.jpg,557,557,549,0,1
train/0557/0db133810f2c46f494a7dab5bbcf918d.jpg,557,557,557,0,0
train/0557/0dca20745cd2401b855bfd881e861882.jpg,557,557,557,0,0
train/0557/0f90f88f470c454da06772870ff0c20d.jpg,557,557,557,0,0
train/0557/30d11a0995504540abaecf035814dfb5.jpg,557,557,557,0,0
train/0557/3569d69c393e41e2b0b48bb958b810a4.jpg,557,557,557,0,0
train/0557/3eed771ca1c541ee9d38a4f41d3eebe8.jpg,557,576,201,0,0
train/0557/855ec0a3f46d499da2feafa38e7719a7.jpg,557,362,206,0,0
train/0557/8cf8edd0a96942a38f00a1a00e16f3c4.jpg,557,557,557,0,0
train/0557/a11b6f05f05e4358a1d8c0efa0b92872.jpg,557,557,557,0,0
train/0557/a95c47ae830f42db8be9e170a0101274.jpg,557,557,557,0,0
train/0557/afa5c38db89c468393a86be180592ee6.jpg,557,557,557,0,0
train/0557/c9cdcb15eae847439a12d6df59155fa9.jpg,557,557,557,0,0
train/0557/e6ebdb6a7f414660b776c85613060d36.jpg,557,557,557,0,0
train/0557/ef4df55b6bf74b6291d911532cc51128.jpg,557,645,645,0,0
train/0557/f8e7a9dac68b486bbc0ddc269e0d3431.jpg,557,557,557,0,0
train/0557/ff61519739224b57acec02b86ddc82f1.jpg,557,557,557,0,0
train/0558/095226a079ee4019a90a5ec5d1874de5.jpg,558,201,520,0,0
train/0558/134572178494412098fbc7da3a1fc82d.jpg,558,43,43,0,0
train/0558/2a71f9c974b043ed903db3bd5d1b5b44.jpg,558,43,43,0,0
train/0558/3786f77579e2433ab7bb40e601ef9066.jpg,558,557,557,0,0
train/0558/39d836d3b5d549a4a2bb9c4b69274993.jpg,558,43,558,1,0
train/0558/3e1f4832e7e34f89b0419400b0ebefb8.jpg,558,558,520,0,1
train/0558/44baa4b45c5540f2851e92baee7bce3c.jpg,558,520,520,0,0
train/0558/4991198072984d5f9db18f910a060370.jpg,558,43,43,0,0
train/0558/4f8369d4d17f49659abbf6ccf26642b5.jpg,558,43,520,0,0
train/0558/53156aa41b514615ad828657e3c2eaa3.jpg,558,520,520,0,0
train/0558/698ae3aace0e4bb588c1c3914fc5f40b.jpg,558,43,43,0,0
train/0558/6be4f2b7aabc4c6db327cc178a37d8fd.jpg,558,43,43,0,0
train/0558/8e5412c767df42e1938834fa91a26ce6.jpg,558,206,520,0,0
train/0558/9793d08427b54de09ae565b2bd33fabf.jpg,558,635,520,0,0
train/0558/9b96854ed7774d4186e929c78f4aa8a1.jpg,558,43,43,0,0
train/0558/a627c0fc5b4045739cae0f96849b79a5.jpg,558,219,219,0,0
train/0558/b0e42fde576e4b13ace5383ee91f33e2.jpg,558,566,540,0,0
train/0558/c1e85bddf27f44c2b6471b51e93677db.jpg,558,43,520,0,0
train/0558/c2c7cbdfaa81411f967515376f4bf163.jpg,558,43,43,0,0
train/0558/c5a31b118b3f4cb08323c98d7604307c.jpg,558,259,259,0,0
train/0559/1a1fce1958894dbc8582bab5d1ccb12d.jpg,559,559,565,0,1
train/0559/24006e9115424ff4a1a59bb9143deaf9.jpg,559,362,362,0,0
train/0559/4a83a84fa3764a578893b153b52925b2.jpg,559,559,559,0,0
train/0559/4cdb7e483cc64dc28f625932f002169d.jpg,559,559,559,0,0
train/0559/52e9baf8e4ac4d87b833854348ab5418.jpg,559,259,259,0,0
train/0559/584c96138c5643d9a3843149313d1b01.jpg,559,559,559,0,0
train/0559/633d05ef495844f38e4ffe1dfa7dbb2d.jpg,559,565,565,0,0
train/0559/6a6f88fc0924458491c07fcc6a176ccc.jpg,559,559,230,0,1
train/0559/7bd2006ad95d450281d98e838cccee53.jpg,559,559,559,0,0
train/0559/a2d758edb8a544a8bddb1ded71cb2185.jpg,559,559,559,0,0
train/0559/a8ff56d418ee4a53b5295cc069471ad3.jpg,559,559,559,0,0
train/0559/cd72e86a3bd842419a05c638eb4aee6b.jpg,559,559,259,0,1
train/0559/f0d7d9b35b4e4a94899544ff392e4c46.jpg,559,559,559,0,0
train/0559/f864437fb330432fa0f0c129ff9d960c.jpg,559,559,509,0,1
train/0559/fc6c2035b54e4f78ab003e5e93b57f28.jpg,559,559,559,0,0
train/0559/fc8dc973e2a046e78552c23b8b72285b.jpg,559,559,559,0,0
train/0560/012e3b6f59b548399b500b8f430350ab.jpg,560,387,387,0,0
train/0560/05aec00617e84a02920dacc3b2b62036.jpg,560,560,560,0,0
train/0560/221b3e288bba4113bc0f15d0a4de8d56.jpg,560,419,516,0,0
train/0560/242a2f4b383c46c88cdc7c0398b59d49.jpg,560,650,650,0,0
train/0560/455b1ba6af6640e6bf5d428d542b0885.jpg,560,112,727,0,0
train/0560/504c10884d3647e7bbab1a859339455b.jpg,560,10,10,0,0
train/0560/5339fa01743e4c8e983e955bba390b8c.jpg,560,714,387,0,0
train/0560/53ba86d136384fe5beabd9fecdf9672b.jpg,560,560,582,0,1
train/0560/58fa7ac6cdd745c6bf54bc546081ee41.jpg,560,54,330,0,0
train/0560/5f6cb93e39114297b989a7c273711682.jpg,560,560,560,0,0
train/0560/7578676956464ed782b146802d40695d.jpg,560,636,636,0,0
train/0560/771e2a3d00d44b69b76435041c640208.jpg,560,560,560,0,0
train/0560/78cd95e4c1254f7c9860927b9e85b8d8.jpg,560,714,369,0,0
train/0560/92346d6402354b67bfa5e3b6f69452da.jpg,560,518,518,0,0
train/0560/950bc6bd158044fc8ef080afe979271e.jpg,560,560,560,0,0
train/0560/9a6b3602623c4773b89a7daaf250f6ec.jpg,560,560,560,0,0
train/0560/b784301c410d432d8b3d30a085e10530.jpg,560,636,636,0,0
train/0560/c643caed7d1d46efa80339bfaddf1525.jpg,560,560,560,0,0
train/0560/d9e9e89ea5044ed6a2fd6ab40e38de53.jpg,560,516,516,0,0
train/0560/e2e0958d876849be98303e079f280fbe.jpg,560,516,636,0,0
train/0560/fe9fe29b29a14352929ac9d52b845ec8.jpg,560,560,560,0,0
train/0561/0350390984a8433cac9ed1805b1dcb6d.jpg,561,476,476,0,0
train/0561/039b437209824e42bfd9ad1859ec6a45.jpg,561,423,698,0,0
train/0561/0a53e45e12c64be18746bf365e153bb8.jpg,561,517,517,0,0
train/0561/0dbd0979f1a14eb28ccb78780cd11656.jpg,561,393,393,0,0
train/0561/12c77130f5a64b2792ec7d600cd55045.jpg,561,698,698,0,0
train/0561/21cf725e3ae0432e89b3a9d48a2fc930.jpg,561,130,403,0,0
train/0561/48241d8ff97b4b279572049c1e506362.jpg,561,353,353,0,0
train/0561/48b2dd236ae04a85a543ad8a69c8733a.jpg,561,698,293,0,0
train/0561/4d7dff82fb4f4119a56eefdd5acadbce.jpg,561,393,393,0,0
train/0561/574804df0d6c45b89072775a168ecfcf.jpg,561,206,131,0,0
train/0561/6be1c887190142438f82d3c8bfe8f774.jpg,561,339,339,0,0
train/0561/779c6dbca14f4893b2eef77c1875f464.jpg,561,694,476,0,0
train/0561/842d26fb6c344aee82ab12587d780958.jpg,561,353,353,0,0
train/0561/8bb31c7f2df34483923bf81bf67fb7e2.jpg,561,423,21,0,0
train/0561/8dc19756a2c040fca165949c4796e547.jpg,561,694,694,0,0
train/0561/9cf3bfa143e04f208bae4be1a9b55b76.jpg,561,353,353,0,0
train/0561/acdd7514768d4947a3e45cf55c2a23a7.jpg,561,694,694,0,0
train/0561/b6ff558ff6dd4d58bc99e3f670b11dc2.jpg,561,561,321,0,1
train/0561/cf7ecb8a069b4d8aa7068472eaf17fc9.jpg,561,569,569,0,0
train/0561/e1cad9d1104644348578a26c7919efd2.jpg,561,694,694,0,0
train/0561/eb1b566e78444b0589480bdf0b3f1316.jpg,561,694,694,0,0
train/0562/029689261aa74ba78630169aa84a74b2.jpg,562,103,103,0,0
train/0562/09b2a35438dd4c18b37231e75bd5e3dc.jpg,562,562,562,0,0
train/0562/132bd59c9a3447ef8f4053d908d33922.jpg,562,116,562,1,0
train/0562/1987281fc2c94b2ca822be0230a1e20b.jpg,562,562,562,0,0
train/0562/2bbe9dc0b75a4c019b316b97dea57275.jpg,562,554,554,0,0
train/0562/2f8bf492a68b45a8a9258fea89644fb4.jpg,562,537,591,0,0
train/0562/5a693bbdc2d74cbc8851db9cce0efc6d.jpg,562,562,562,0,0
train/0562/7aba3b88e8054dabab6dccbec28fe568.jpg,562,562,562,0,0
train/0562/88f48847b306406799bf4aad7a69af5b.jpg,562,562,562,0,0
train/0562/8a4d4c8966774d17bef48616a45f9d63.jpg,562,562,562,0,0
train/0562/96343ca8c54d4f488bb26d456625cf19.jpg,562,562,562,0,0
train/0562/9f63b1b388074245b080ef4057f12ec3.jpg,562,562,562,0,0
train/0562/a657a309e435470e83cb545af897267e.jpg,562,562,554,0,1
train/0562/ac6fa562e0824667b0dcf9cacec35c9d.jpg,562,562,562,0,0
train/0562/ae615f945aed434ca586ed47a351d2e3.jpg,562,247,562,1,0
train/0562/cac837ab18514de7892d1648bc2db397.jpg,562,562,562,0,0
train/0562/d52859e4a5184dc3a84b96d02e536777.jpg,562,562,562,0,0
train/0562/d6a6673b87a249aebf943b92ee454d9c.jpg,562,562,562,0,0
train/0563/04d8425cba8747e3a1bdad95574eb81c.jpg,563,563,563,0,0
train/0563/0771d5622e504ec4a1aac02ea1ad9c70.jpg,563,563,563,0,0
train/0563/08f67a6e8ec840c4a7969a2729fe3b29.jpg,563,563,563,0,0
train/0563/0bf0cb234a4b4333b22bab599a78b411.jpg,563,563,563,0,0
train/0563/1da93398ee064482a425010d83273625.jpg,563,563,563,0,0
train/0563/1e90a70b66aa4e2daaa6dbf1a9168275.jpg,563,563,563,0,0
train/0563/3d7a25b9ea6f47918a4edb6069f6ddc0.jpg,563,215,215,0,0
train/0563/455ac039ef6f482ea0bdd86b4e105653.jpg,563,563,563,0,0
train/0563/4e951697693047d68746ced548937139.jpg,563,563,563,0,0
train/0563/518ec47b123f4046b28ca8b5c6fd8515.jpg,563,563,563,0,0
train/0563/576cd717a927407e8e58a14eda698be1.jpg,563,563,563,0,0
train/0563/73c8131e5e2b493a863eaf6fe74e8a45.jpg,563,563,399,0,1
train/0563/7f35dd22f4cb4527aa2c00227e449b8a.jpg,563,709,709,0,0
train/0563/bcd2e5c9608e4430a3d9579948f3965f.jpg,563,709,709,0,0
train/0563/c0e6d598fe9747feb2509f0c4fcf64ed.jpg,563,563,563,0,0
train/0563/c3938a261c6141cd93d92500583f7663.jpg,563,563,494,0,1
train/0563/de3f174b429541a08c4658c122c8ff63.jpg,563,709,709,0,0
train/0563/f960320063d842c78d5038e40e70374b.jpg,563,709,709,0,0
train/0564/110184b8c4444b6ca7c391d3778817ba.jpg,564,564,564,0,0
train/0564/158323644244428a824246e6c02d99fb.jpg,564,564,564,0,0
train/0564/17c932560b0e4a1ab172bc90c29bbd8d.jpg,564,564,40,0,1
train/0564/2ac20cbb57ae4fa1b3b894739d1d7b2f.jpg,564,564,328,0,1
train/0564/34e0e41ed8524adda2e51d04cedec18d.jpg,564,564,564,0,0
train/0564/3a18487f463e42bd95090d1b263e7b1f.jpg,564,564,6,0,1
train/0564/49dd32b62c964952b1f3386bed29b240.jpg,564,40,40,0,0
train/0564/554bc40e700447f1ae8a94514877810d.jpg,564,564,564,0,0
train/0564/62fb88fd07774b309d683614d66dd307.jpg,564,564,564,0,0
train/0564/650f4dc006864c29b854abcca1f1641f.jpg,564,564,564,0,0
train/0564/6fcabfd563774634ac451a26e6dc5f99.jpg,564,564,564,0,0
train/0564/7a2c360ca9ab4f9c9add70e71099af50.jpg,564,564,564,0,0
train/0564/85290309785947dfb3a2e5efb21ded16.jpg,564,564,564,0,0
train/0564/8597d33e1bb94e9bb7ad8a6ac5a9e2f4.jpg,564,564,564,0,0
train/0564/9c26120c1b8a452b9010369e1988c920.jpg,564,564,564,0,0
train/0564/a4581dd46b4f46e294fad4f9a66a857f.jpg,564,564,564,0,0
train/0564/c70e7eb0d64a4f7495a0a97fea385e03.jpg,564,6,6,0,0
train/0564/e3a7342f109842aca9fcba9f978f8c75.jpg,564,564,564,0,0
train/0565/041cf12e977f44318fee54a6c1364980.jpg,565,565,565,0,0
train/0565/0bfe8d81aba945dd97b4435e22c62653.jpg,565,565,565,0,0
train/0565/0f5303a93bd84244bf72943ebb310ac7.jpg,565,565,565,0,0
train/0565/17659d3ea3fd490394f350529fee646a.jpg,565,565,565,0,0
train/0565/1835c9eaf8af4bbbb86ac9e34d0157fa.jpg,565,546,565,1,0
train/0565/266833ae420143e4896df28f0ea0684b.jpg,565,565,565,0,0
train/0565/365819a4281f44fbbf8495b1f64610cb.jpg,565,232,232,0,0
train/0565/3a143c9cbf104566902772c8f1462490.jpg,565,565,565,0,0
train/0565/3b9c020de4b94a25ba0217d04e782b1a.jpg,565,565,565,0,0
train/0565/424bf50dc3d64f49beb482ccc408a1d9.jpg,565,565,565,0,0
train/0565/44f75d2badff40e2be840fda0d767baa.jpg,565,565,565,0,0
train/0565/4e633fe3363b4270b2559630d3a20aa5.jpg,565,565,565,0,0
train/0565/53d9a9b4ca934c18a5fb9c1baf1634b5.jpg,565,565,320,0,1
train/0565/62df758013694227a8fd03dfef384d72.jpg,565,522,509,0,0
train/0565/6496774fa26347d6b5fc7e6b3f11972b.jpg,565,565,565,0,0
train/0565/83d39f8546fc4ccfbe046ceb597aaf1a.jpg,565,602,206,0,0
train/0565/8ba15f24426346adac9dd1a449eae3ee.jpg,565,597,565,1,0
train/0565/92ae9f83fbaf4a53bafafd9002ebc489.jpg,565,331,331,0,0
train/0565/d456858211524f4faa9b72161605089b.jpg,565,565,58,0,1
train/0565/ecad9d43dbe9493dacfc9956bf2ab029.jpg,565,132,620,0,0
train/0565/efd103f5ae1a48e6bdfe671f1afb67f0.jpg,565,509,509,0,0
train/0565/f8775777ee5f4b2089a587b5babaa7c5.jpg,565,565,565,0,0
train/0565/f89055eada5a435c8bc9ddc860de0213.jpg,565,565,565,0,0
train/0565/ff35256f81ab44dba7b7bfb7f93775a5.jpg,565,565,565,0,0
train/0566/0572d1c5abd64bdc9ea934fe4db98a0b.jpg,566,566,566,0,0
train/0566/10c83fc0cd2149148e548fa8703c1a18.jpg,566,566,108,0,1
train/0566/2c2f140056d74077b184a72a294dabe6.jpg,566,108,108,0,0
train/0566/2f2a4326a5ec44fc8d9943e854ab2492.jpg,566,670,670,0,0
train/0566/4d2ffe0ba9ab4d47b5d403013ac1d218.jpg,566,566,306,0,1
train/0566/65d2a0164e184160bcefd1e02dde1cdc.jpg,566,592,695,0,0
train/0566/7915e4c997dd4b7bbb6f56ed2ee5d504.jpg,566,360,27,0,0
train/0566/820d9f93229443778deacc8fbec7c85d.jpg,566,108,108,0,0
train/0566/86514e23b3b8471fb0abd126db83e8b8.jpg,566,566,566,0,0
train/0566/a981c94262f5498baa7f0559112b1991.jpg,566,566,566,0,0
train/0566/af080991a6b447cca4e5ad0706ec72bc.jpg,566,566,58,0,1
train/0566/b595f18220cb4a5ab20bf6e641661f12.jpg,566,566,566,0,0
train/0566/b88f65ab61b047e4be8bdbee58d0f92b.jpg,566,566,108,0,1
train/0566/ca85f6736f1b4621be21ae5fb55b80e1.jpg,566,449,449,0,0
train/0566/d1b894c88bbd4fc39df337d0b419726d.jpg,566,566,88,0,1
train/0566/df37e4880e6e4713abf49156aa10bafc.jpg,566,566,327,0,1
train/0566/e24568104bc642afb0586a5564cd46fe.jpg,566,566,108,0,1
train/0566/e549aee1a272413cb21f008f33db424a.jpg,566,566,566,0,0
train/0566/eb49e0502a544fb98fc756de65e1d0cc.jpg,566,566,566,0,0
train/0566/fbeb191f34f347d18c1a76afb5540715.jpg,566,306,306,0,0
train/0567/02c1c0b2fbef44e6858be2ce3df1df00.jpg,567,567,567,0,0
train/0567/085a3957321e4167aafa21dc9f1bd5e0.jpg,567,618,618,0,0
train/0567/20c35cc29d804dc1849ffc6eb9aa7c7f.jpg,567,110,110,0,0
train/0567/21d6c82a6c9649849eba8c0dd06383b2.jpg,567,376,376,0,0
train/0567/34240f182a694a2a9e7efb09d1a0baaf.jpg,567,567,567,0,0
train/0567/38df3175cfd845059bb33945c74f20c1.jpg,567,567,567,0,0
train/0567/3cec48d4b4c546dba6919cf981e22ed7.jpg,567,567,567,0,0
train/0567/414020fa817d48ebb21a7d0bbad19f41.jpg,567,257,257,0,0
train/0567/43ce11ca7ec7477b8075a7529ad61d4a.jpg,567,567,110,0,1
train/0567/44ef878040fd40d08ea25a9a73c0359e.jpg,567,567,567,0,0
train/0567/62993ac127f448de823818be1fe76041.jpg,567,110,110,0,0
train/0567/70eb7cafde9445fba670fe816a95301b.jpg,567,33,33,0,0
train/0567/749619eb6bc0412b9454f34668bcae28.jpg,567,618,618,0,0
train/0567/7da4ca1054c54f65bd302bd04b2d6ff5.jpg,567,257,257,0,0
train/0567/9ce3f22021e14d20922eb606618ac8e5.jpg,567,170,170,0,0
train/0567/a4b271c2a6954e80b3dc10d09303520e.jpg,567,655,655,0,0
train/0567/bb5c1e8057294e908bed5689b9942494.jpg,567,507,507,0,0
train/0567/c4a1ffe4f35a4c2db2a6fad27bd7362d.jpg,567,257,257,0,0
train/0567/c93b16ae049940fda3058ce88833ba16.jpg,567,455,455,0,0
train/0567/ddd536cde21c4ddb957cdd0de00df89d.jpg,567,655,655,0,0
train/0568/133104ec176745599cb66c344c984402.jpg,568,494,494,0,0
train/0568/2f5733ec75e243cbba5fe967ac6f9ac4.jpg,568,568,568,0,0
train/0568/30f36f2f194b4fc79a6a28caeae98909.jpg,568,568,568,0,0
train/0568/34fb5208ceb543bfa3ade93a00bb9170.jpg,568,481,481,0,0
train/0568/3627158f87e541e19e7b51b405d6743c.jpg,568,568,568,0,0
train/0568/46787e3e81bd486cb5e98e12318a7b9e.jpg,568,697,697,0,0
train/0568/528831d26ecd4aadba17cc88fede4b38.jpg,568,748,748,0,0
train/0568/54cbda44495e4b4fa5de2ec1edba911f.jpg,568,664,119,0,0
train/0568/5603d7adf0914324aba0e8c48181e2fb.jpg,568,160,160,0,0
train/0568/5ce6601cfb47496f85d5ecf65e34c6f4.jpg,568,481,481,0,0
train/0568/5f4c288eac6b43cc85326e9a6cfd03f5.jpg,568,541,481,0,0
train/0568/60d3d834795f44a18166df424b77008e.jpg,568,568,664,0,1
train/0568/64c25454a8904abf8c302d3e03b99106.jpg,568,568,664,0,1
train/0568/7f9488ffad2c4972b0c83bd8b5aec13e.jpg,568,481,481,0,0
train/0568/8cb18412e7834c65b09e8e4838a78e17.jpg,568,481,481,0,0
train/0568/95c04512fc434916927a04fb1c2db122.jpg,568,568,568,0,0
train/0568/99e2ae863de04460b5cfe2e5c05b4840.jpg,568,288,288,0,0
train/0568/9fb39c9eda0e4c398a2ff134fd084a2e.jpg,568,664,664,0,0
train/0568/a2f2bedeb4ec4a81b578f752b4fc0e8c.jpg,568,568,568,0,0
train/0568/a304b4ab81834237887f62ba5d52edd6.jpg,568,568,568,0,0
train/0568/a5f37e1e74e84c6b90d07731b3552f0c.jpg,568,481,283,0,0
train/0568/d709c0e357374e14921d74f0b98ee0ce.jpg,568,568,568,0,0
train/0568/f2c707e0c9af4591801d2b6c9baf5b71.jpg,568,541,481,0,0
train/0568/f41a3e7c04e1401ca7f23df910db784e.jpg,568,481,481,0,0
train/0569/1d29b3c33edb4a909063976ece51d3a3.jpg,569,480,480,0,0
train/0569/28069a8f56294d958007e6e198892b7d.jpg,569,569,569,0,0
train/0569/295cb8d4974c44eb841eafea5955a309.jpg,569,569,569,0,0
train/0569/2a437feb68914a91bb0273823d0d9c84.jpg,569,569,569,0,0
train/0569/322506e96f834e47a052dd1d9a5b3f9f.jpg,569,84,136,0,0
train/0569/38179a5b559542ec978fc9dc4b915281.jpg,569,569,569,0,0
train/0569/40a37fda66e447e0873c127742be81b8.jpg,569,569,683,0,1
train/0569/4490e36be2784cb28c04c96b3ae21472.jpg,569,569,423,0,1
train/0569/4d82d5e467ed4da0a434f12bdcf24472.jpg,569,339,339,0,0
train/0569/55dc552dbb564d058cb3b7141911b510.jpg,569,569,373,0,1
train/0569/58ac3e2b3db24954b4ce235730960eab.jpg,569,569,569,0,0
train/0569/6acdd4c5ac964521a933be2185298946.jpg,569,506,732,0,0
train/0569/837d3b700be5422d9dff37fbe3ab6b03.jpg,569,171,353,0,0
train/0569/8f8e05ab93764fa5ad40f0f9e472fcba.jpg,569,569,353,0,1
train/0569/9626a8ff92144b5b951c46c7613942c3.jpg,569,569,480,0,1
train/0569/96736348865a4cb99c7f0bf4534bdf6b.jpg,569,423,698,0,0
train/0569/aa87402c4f844de7b8ed40687f08403b.jpg,569,423,21,0,0
train/0569/c7e5416eaa524e5386389026c469b613.jpg,569,569,569,0,0
train/0569/c89ad61847ed40d5ad91ffff0b128369.jpg,569,393,476,0,0
train/0569/c90d89f43988448fbada9c5aa32a0f7a.jpg,569,506,103,0,0
train/0569/d1942ef901b64ae7854c290679076a66.jpg,569,569,569,0,0
train/0569/d1eaf08cd8fe4ecdadf08f0427c5eb9a.jpg,569,569,569,0,0
train/0569/d5c8556785d5465f9ce0505b44f78e16.jpg,569,569,569,0,0
train/0569/eeff9b9eb8024ab7bde8d4e411492487.jpg,569,569,569,0,0
train/0570/19d1f94ea93543d98e5ad421bd1ac14c.jpg,570,316,570,1,0
train/0570/31002d6d459a4c248e8c6aa45259e081.jpg,570,570,570,0,0
train/0570/3d01bd886f554fb3b8c876a5bd083294.jpg,570,570,24,0,1
train/0570/4b0bec44e8f54b3f9374dc24d8fc12ca.jpg,570,602,602,0,0
train/0570/52a4e21e69cb439ba387ac45e3104579.jpg,570,570,570,0,0
train/0570/53ad492169614bc5a28cba3e476750cb.jpg,570,742,742,0,0
train/0570/56ee497423b7456996e95f9a47372d41.jpg,570,525,525,0,0
train/0570/5a0b95ca84b548aca4129d1e25926565.jpg,570,570,105,0,1
train/0570/7d874ec6a93244cb9623f2a3b0de6229.jpg,570,570,570,0,0
train/0570/8bd710bee50649f98994d95947a29a5d.jpg,570,570,570,0,0
train/0570/8d94f1f907a94d2faa5ebaeffcf7ac9f.jpg,570,675,131,0,0
train/0570/914e2d4532a34006b967fa344481a14f.jpg,570,677,570,1,0
train/0570/97e136e098944ea89f7395272b63a2f3.jpg,570,577,577,0,0
train/0570/a44f2267751e4d909968ce5b6eff75af.jpg,570,24,570,1,0
train/0570/a7915edd14664e5b964dde991deab971.jpg,570,570,570,0,0
train/0570/ac9d91f0401b472caaff2495af505d63.jpg,570,570,570,0,0
train/0570/c220996adf0641eca834c61815e95e6c.jpg,570,570,570,0,0
train/0570/ccf825fadffa443ba5adce8190984adc.jpg,570,602,430,0,0
train/0570/fc21a488e02e419d85bad86cd31c0ea0.jpg,570,570,570,0,0
train/0571/14b3da26c08e4fe99a4619c5383e558a.jpg,571,571,493,0,1
train/0571/2a4f2728954c44849a0965f6a74678e1.jpg,571,571,571,0,0
train/0571/331080648182481fa96b20426880970d.jpg,571,471,650,0,0
train/0571/406740e3e08648bdb18d5feac7b43be3.jpg,571,571,571,0,0
train/0571/4428f6040adb4e43a47d1dbaf7e1ee61.jpg,571,584,584,0,0
train/0571/4e1ac6ed38124e48ab756ebd789117b9.jpg,571,571,571,0,0
train/0571/504d779ffc8e4bb7b6a3b4a8fe77a1fa.jpg,571,571,571,0,0
train/0571/563199a579574222bd86fb27bdec61b9.jpg,571,571,571,0,0
train/0571/64911f868fa94b9796da18e42e7bdb07.jpg,571,571,571,0,0
train/0571/67ae23bfee8c4762bc0e76b95bf95f6b.jpg,571,518,518,0,0
train/0571/6d166236e45d4a769e431d2f3161e3a4.jpg,571,571,565,0,1
train/0571/6d7fa679846b465bb38c0db3a244a384.jpg,571,571,571,0,0
train/0571/6e27b6e8a8144a0eae783a1846ca2bc6.jpg,571,571,571,0,0
train/0571/adaf96d4c7f44a1f9a7596c857d3b279.jpg,571,571,488,0,1
train/0571/af409d1141d247d1874e4e69a9ee40d8.jpg,571,571,320,0,1
train/0571/b1e6754be2d64507bf4834373ba28a55.jpg,571,571,571,0,0
train/0571/bd9904a63c804c608b24088cc70e58c5.jpg,571,571,571,0,0
train/0571/d2fd647fb8f44c6085eaf8c08f920461.jpg,571,556,556,0,0
train/0571/d52b47cdd18f4e03a9378e0cf0bdda26.jpg,571,571,571,0,0
train/0571/d9deb70f3abe45d88d9d0c1500ab4728.jpg,571,278,344,0,0
train/0571/ef09d395bcbf497a8f2a7d63db212b87.jpg,571,571,571,0,0
train/0571/f44a33cc5ded42c990683f419d9728c1.jpg,571,571,571,0,0
train/0571/fb62100e803041eb97ffc0e75df6aae5.jpg,571,571,613,0,1
train/0572/0e77e195d7ac482b8a5a2c394b054c57.jpg,572,572,572,0,0
train/0572/1e86bb22d818436caffb6f8b2951af91.jpg,572,572,572,0,0
train/0572/28881f39b5424c26a4e47b843cebed50.jpg,572,572,572,0,0
train/0572/2b582cb0ff7c4a219d62a927ac452e00.jpg,572,572,572,0,0
train/0572/44d2695f60e04c2fb7ef2d0f17c0c2fe.jpg,572,572,572,0,0
train/0572/46ee656379dd459a8d7775f5b5c00cb4.jpg,572,572,572,0,0
train/0572/472b1a8a06c54ce28e0b336e28bcb308.jpg,572,572,572,0,0
train/0572/5263a3dcc4504085933ba3941795e09c.jpg,572,120,572,1,0
train/0572/5f4bff0673144bab9b71fd3105623ab6.jpg,572,572,572,0,0
train/0572/627e2e9f1d314014a3ab2527ed13b903.jpg,572,572,572,0,0
train/0572/6ea88fd99557405cb613bc9bf0aba9f2.jpg,572,572,572,0,0
train/0572/7d4902146a5e425ba36d0612a753baf9.jpg,572,572,572,0,0
train/0572/946aa0a8042a40fab81d83da67a2ceaa.jpg,572,572,572,0,0
train/0572/9d726c78b02d4e958862734443d57708.jpg,572,572,572,0,0
train/0572/9fb38914d9b649edaab5ee84c67be58a.jpg,572,572,572,0,0
train/0572/bfa7cfcfe1f643c5ba6698bba135526d.jpg,572,572,572,0,0
train/0572/ea41cd6c3c374ad5b377d7c3f1b884f8.jpg,572,572,572,0,0
train/0573/051005e1d45543cf9361878ba8634094.jpg,573,573,573,0,0
train/0573/0a31059e5c9346d2809414ee46a4863a.jpg,573,573,573,0,0
train/0573/2dffe6c4842d4d999b6ce2c0000f3cbe.jpg,573,573,444,0,1
train/0573/35bd08a0da1441858a71bfba3b3f60b8.jpg,573,444,573,1,0
train/0573/40f09a91fd034fcda482de461f619688.jpg,573,573,444,0,1
train/0573/53c740b0446444929813a85956e16a12.jpg,573,573,573,0,0
train/0573/6b05dc1cc7204218a66ea87775e9c90e.jpg,573,444,444,0,0
train/0573/75e4de29d8a94b068afcb55f10cd11cb.jpg,573,444,397,0,0
train/0573/83c334dd1e4c45e1a17e87b9f696442e.jpg,573,573,573,0,0
train/0573/8a3df09cc095483b9ca03465c3336c69.jpg,573,573,573,0,0
train/0573/931fba9cda054da5bc1b5c17897ff6c8.jpg,573,573,444,0,1
train/0573/c1629e6e0b0147e09496fa206de510d3.jpg,573,444,573,1,0
train/0573/e2c3af8459fa48bdbb5e5f9b0e2e287a.jpg,573,573,573,0,0
train/0573/eb0fdca80bd64d30b4865dee4361baf1.jpg,573,277,277,0,0
train/0573/fcff8e36ec254c4d8bb3adc42a6df4f9.jpg,573,573,573,0,0
train/0574/118c04302f494e1b87e1196d7455c8b5.jpg,574,663,663,0,0
train/0574/2977fb83f8ea4b03a4233f51267de4d7.jpg,574,574,574,0,0
train/0574/30d8c44a2ec040d08765c8c6b843e220.jpg,574,483,483,0,0
train/0574/37def3a6b67b42dcb1e7a653fb22cb2b.jpg,574,259,259,0,0
train/0574/391c67418c7646d2ab2206a135315da1.jpg,574,720,574,1,0
train/0574/39b070bb3a6c4726bd8b08585c95cf4e.jpg,574,663,663,0,0
train/0574/565c3ecd16d94f18ac01e54284f9a59b.jpg,574,574,725,0,1
train/0574/5901fc6949424e138292f79f5d27ef52.jpg,574,2,343,0,0
train/0574/5b5c259c96a845029378de61d1d8b89b.jpg,574,483,483,0,0
train/0574/5d061f1f5bd74ff187bc75016106402f.jpg,574,300,300,0,0
train/0574/5d8c49ab42ad44afb40a3aa01568a3cf.jpg,574,725,583,0,0
train/0574/7d11bf99e0574f8c841ecd4e5f5267ee.jpg,574,61,61,0,0
train/0574/84b285dd664b41fca54a3e557f5184c1.jpg,574,2,259,0,0
train/0574/8feac737be774e34a48577536f7e154c.jpg,574,574,574,0,0
train/0574/a44c3555e2544f9a981ad02cee70e98a.jpg,574,574,574,0,0
train/0574/b310ecbc9343417f850efdf454db1eae.jpg,574,259,259,0,0
train/0574/b3cef7544d094178b501de5b33f7b79e.jpg,574,725,725,0,0
train/0574/bd142180c8b9466caf175e9d87bc1872.jpg,574,574,125,0,1
train/0574/c0d71df1834645eaab93b49fab5dcd14.jpg,574,300,663,0,0
train/0574/d0f8d0ce2a7043719a59bcba2842e00e.jpg,574,663,663,0,0
train/0574/dedc613b548d436ab45e0bdfd00bfdd5.jpg,574,574,574,0,0
train/0574/ffb7f63854db4289b179f053f3baaf0c.jpg,574,182,182,0,0
train/0575/0859eb9c611840e1b9a0ba58401feab7.jpg,575,156,156,0,0
train/0575/0cf39e64ba774571bb3d23d59763ce6d.jpg,575,232,232,0,0
train/0575/1d959963d34e41d6ae5eead76cabf6f0.jpg,575,575,156,0,1
train/0575/1fec490e2979422c9e0af270aaac45a6.jpg,575,442,44,0,0
train/0575/29bcd431aeaa4105b4d445b501fea514.jpg,575,575,401,0,1
train/0575/47659456ebde4c8ba4bf5bf456c4f380.jpg,575,575,156,0,1
train/0575/4cc8da5e0a574699b526da17d8bd0aa9.jpg,575,575,207,0,1
train/0575/5962e9d821354d3c952267f5cf7df872.jpg,575,575,44,0,1
train/0575/7fc58687cb554fa1bdbd17fccb3deeeb.jpg,575,207,44,0,0
train/0575/83b9e30e271e47f68c7f5528a53b617f.jpg,575,575,575,0,0
train/0575/8a7575b488774b7caa7d43200f867e33.jpg,575,207,401,0,0
train/0575/942d7e89e32e4623a1dd6005324674c4.jpg,575,575,575,0,0
train/0575/a03528c9b3604b1f87003c557208f395.jpg,575,575,575,0,0
train/0575/ae2596f24fb54a78a8994b1e08ad02b4.jpg,575,575,575,0,0
train/0575/c2ad6f7d6dfb4dfbaf0fefa72ab6871e.jpg,575,207,401,0,0
train/0575/d398e146c3ca43028d0bd5e9705e6682.jpg,575,280,280,0,0
train/0575/e4f5ee0d192c426d9171ecd5ae417f1b.jpg,575,207,401,0,0
train/0575/f2d3efeab9ae4a158720ac5c0e06b67b.jpg,575,575,575,0,0
train/0576/07edaba7070c43d0b7da780156939108.jpg,576,441,441,0,0
train/0576/0a22119b68de48d8ad682823d4a9a5e3.jpg,576,576,576,0,0
train/0576/1851635e3286422d896e1be997c9b37c.jpg,576,252,252,0,0
train/0576/1e85c2e0ff894f8e8f94dfe000f5369e.jpg,576,252,252,0,0
train/0576/26a381dad50d479bbfde39da0758ccad.jpg,576,576,576,0,0
train/0576/37a785159bf54e5b80b8fc3a2daf6275.jpg,576,206,206,0,0
train/0576/4732e34c9100476e86a9d6a80642d71b.jpg,576,576,252,0,1
train/0576/524dd4b40ed24ba78ce165f2a03c6b0e.jpg,576,576,576,0,0
train/0576/5c683fca6fe64d0782ce6358f168aad1.jpg,576,576,576,0,0
train/0576/7bb7a84f48ed4c75bcd94f4a2cad593d.jpg,576,576,576,0,0
train/0576/823cf0c5166146a4947b0f5582b44d60.jpg,576,576,576,0,0
train/0576/82d27d043fe449c8b0eee7d1f0ad5ef9.jpg,576,441,441,0,0
train/0576/9b4f1986629641ecbec1c0f6f7c5105e.jpg,576,576,219,0,1
train/0576/a164c9e766bb469cb801bcd387cc3a15.jpg,576,246,602,0,0
train/0576/a72ad7cca1ed483093db3d1a60569d43.jpg,576,576,576,0,0
train/0576/ac19f203b47d48a68ac826370151bea1.jpg,576,576,576,0,0
train/0576/d0d2a688492e4519ae7142f85e293591.jpg,576,576,576,0,0
train/0576/d2a697e5d4304d88bac6bd9e4679fc64.jpg,576,576,576,0,0
train/0576/d6892007a74b4aecb07115e336123fa2.jpg,576,576,576,0,0
train/0576/d6f945119dcf4be2b9481a51a58456da.jpg,576,576,576,0,0
train/0576/f6661aac07b941e282dd1758ab2e1b2b.jpg,576,576,576,0,0
train/0576/fe7b037ae5f74c29a1d7ceef39a17d26.jpg,576,576,576,0,0
train/0576/ff42a72577954d0b92fab70db69f2df3.jpg,576,576,576,0,0
train/0577/05989e3b997843458cad70822dd2e762.jpg,577,577,577,0,0
train/0577/068870423891493294b90cff45c01ca0.jpg,577,577,577,0,0
train/0577/13c27015cc084c959fbebc419687f58c.jpg,577,577,577,0,0
train/0577/18eb954182bd4a84a813402ea3f56f00.jpg,577,577,577,0,0
train/0577/3c8b71ecd6e54a96b7d1f83aa3aefda2.jpg,577,577,577,0,0
train/0577/4bd0ab384d82430aa62c0c4900a3b999.jpg,577,317,317,0,0
train/0577/51d9f63759c042bb9bfee75032ae0e86.jpg,577,577,577,0,0
train/0577/58d5ca5875dc421ca724af7f662d01f6.jpg,577,577,577,0,0
train/0577/6af1c603ef654fe0b62642233df59839.jpg,577,577,577,0,0
train/0577/6f3c800e36e04b4c8430fc61aea73e50.jpg,577,577,577,0,0
train/0577/773d5bc3bfc9410bbfcf2ee4dd732e36.jpg,577,577,577,0,0
train/0577/b881239bbfe54bd098c26ead98316872.jpg,577,577,577,0,0
train/0577/bc9fd88f568244d4bcc8d364e91788a4.jpg,577,577,577,0,0
train/0577/bdd6c31df2024d2c8bf43d4cf2898256.jpg,577,577,577,0,0
train/0577/ce2ca110e52c45b19d0db330b69038df.jpg,577,577,577,0,0
train/0577/cf0f3a9f2ebf47d08f3746dbc4c8bfc7.jpg,577,577,577,0,0
train/0577/d2e704d1818e4f9681d8c0d89e0462d9.jpg,577,577,577,0,0
train/0577/d3e9da38046b49d785cf7294b15b5f7c.jpg,577,577,577,0,0
train/0577/d4a1f9452aaa475a84a29fe89df363c5.jpg,577,577,577,0,0
train/0578/02ac30f05ebd4db4a4be18805df302c3.jpg,578,578,578,0,0
train/0578/0375229e0b6c4f1eb156af58f9c00b0c.jpg,578,578,578,0,0
train/0578/0da3e9c3c01c4afea72e1636c6f0c68e.jpg,578,578,578,0,0
train/0578/17212ab607194f13b2d7d1285d3a2b0d.jpg,578,578,578,0,0
train/0578/17b110f8e3224d45b2c4589d073468c8.jpg,578,578,578,0,0
train/0578/2bd51924fb4a4990970cd7f11872b144.jpg,578,578,578,0,0
train/0578/3a7b44dab4f84f6ea985b3a317e308ba.jpg,578,578,578,0,0
train/0578/4667a573cc84493fb2237f48ff7d8e03.jpg,578,578,578,0,0
train/0578/4d1b3b3429614c9e99452334c52a37dd.jpg,578,578,578,0,0
train/0578/4f1044cefd2e4e719ef8dd5660cfb50a.jpg,578,578,578,0,0
train/0578/965f776da6bc460da01f5e8b7321185d.jpg,578,578,578,0,0
train/0578/984f4961827b4260928bfd6eed78406d.jpg,578,578,578,0,0
train/0578/aa8826be664f4862917bf38b6f84b072.jpg,578,578,578,0,0
train/0578/dba0134592a543cd81cd7e64319f8ce3.jpg,578,578,578,0,0
train/0578/dd015ec85c854d949634a17986d6b46a.jpg,578,578,578,0,0
train/0578/f3f13fdb039846858201b0230333bbc3.jpg,578,578,578,0,0
train/0578/f8300c26651541b8800f6c9f75ccf198.jpg,578,578,578,0,0
train/0579/1100ee2c54394dca8d772fbc7e2da832.jpg,579,154,290,0,0
train/0579/2dcf049f64ad4ca78519ec52b6146d8e.jpg,579,579,579,0,0
train/0579/3473f67e40ca4997a4cb0ae5e49dfa5f.jpg,579,177,177,0,0
train/0579/3c71d684bac54fd598f11a115265f70a.jpg,579,290,290,0,0
train/0579/3c87ae4551cb438687d327721b80ee08.jpg,579,579,579,0,0
train/0579/547d4c1656744ddba040573e044392f4.jpg,579,462,462,0,0
train/0579/615d0737486349ef9a797fa1a1c0bc3b.jpg,579,579,579,0,0
train/0579/61daf849a20342ceb75ddc42dfff80d6.jpg,579,141,230,0,0
train/0579/8337f11b949f48f09f477c567c296d67.jpg,579,579,542,0,1
train/0579/b526cf23a0894302916dc9fc5c1a15e0.jpg,579,62,62,0,0
train/0579/bf9fc3e5f40d4132902f88743d1840fa.jpg,579,89,89,0,0
train/0579/cff7d75eb4cd4cec82ce3974820e32c3.jpg,579,579,579,0,0
train/0579/d90a5cf4f925405cb8ee5a47c494320a.jpg,579,579,579,0,0
train/0579/e753c1a6a3d946d0b0c69e7d44f65e6a.jpg,579,141,579,1,0
train/0579/ed6c5e9af6f244a296d0f2d449ae4914.jpg,579,290,290,0,0
train/0579/f4b584e2b7c04f6098c5ab0e1c93b8d7.jpg,579,154,290,0,0
train/0579/f4bdbb2e6b904009a073a7a1c208c410.jpg,579,579,131,0,1
train/0579/f742125e53bd474b8bbdfeb8cad14315.jpg,579,579,579,0,0
train/0580/06da52361aea4603814dd1bb13fb1e7d.jpg,580,580,580,0,0
train/0580/0ae995029f2f426d8e57e627c64ae45d.jpg,580,580,580,0,0
train/0580/0b7a0698ff8e43ed9ff26534d9b33c4c.jpg,580,539,580,1,0
train/0580/1073f9b889524f9382c6b0aeff04d61a.jpg,580,580,580,0,0
train/0580/26baa57abc6d4c0d86bf1e54bb04cb6c.jpg,580,539,40,0,0
train/0580/2a37220f6f414bd0b758e277ff98dc11.jpg,580,580,580,0,0
train/0580/2ce83c61dfa84f4fa620f4590354a31d.jpg,580,580,16,0,1
train/0580/551a6a75fd4d42198c972edfc1f0ac41.jpg,580,539,293,0,0
train/0580/5681924f61da485baaacfbc93356dfab.jpg,580,580,580,0,0
train/0580/56e1dd2876614a4fa0d296268f4c66c9.jpg,580,580,234,0,1
train/0580/579117a965e14e74aea5a1df61355f60.jpg,580,580,580,0,0
train/0580/68891c6e88124059a624cbebce36d3e4.jpg,580,580,580,0,0
train/0580/9683395749aa4e9c8eaaa7aff2a07940.jpg,580,539,234,0,0
train/0580/a089887e80214ef59d17d6bb5b3f119a.jpg,580,580,580,0,0
train/0580/a63714a9f1324df888727614590b7484.jpg,580,580,580,0,0
train/0580/b126e583fdef4f2c8f1adda7b8afb629.jpg,580,580,580,0,0
train/0580/b584683484da47e6a103e96005de88c4.jpg,580,580,580,0,0
train/0580/c3f3b55eb1f24b80b155f238ac8acdd8.jpg,580,580,580,0,0
train/0580/ea0c5a120fa443afaa2910d7098f4cee.jpg,580,580,580,0,0
train/0580/f0ffc91b22e8446886ae79cdcca6b1b7.jpg,580,539,580,1,0
train/0580/f255e1e738f04671886f82b5cd66446d.jpg,580,580,580,0,0
train/0580/fc5a011d1d5e4ba3a26f4499f558e150.jpg,580,580,580,0,0
train/0581/009ada6000e9421c92577ce32e2ab9ce.jpg,581,375,159,0,0
train/0581/48218930e54846c4b1e787f69b39aede.jpg,581,581,581,0,0
train/0581/4b1e6dee86e34562bfbd26d8c7fa72ed.jpg,581,72,711,0,0
train/0581/53a3d5cd753a4669add16c40e97e8833.jpg,581,76,76,0,0
train/0581/55a8a80ffa764c62a0c188cb18ad4177.jpg,581,654,76,0,0
train/0581/56aedb6e1a9945d782d5ec9f2a3aaa81.jpg,581,439,76,0,0
train/0581/5e0b299981224779ae225cd7edce02e3.jpg,581,581,581,0,0
train/0581/61383383ceb34935bea09f6b35e5f297.jpg,581,654,654,0,0
train/0581/954fb494ceaa4edeabe72a864691452b.jpg,581,654,654,0,0
train/0581/9b97f2c9967a423da3605aa710b7d8b2.jpg,581,654,76,0,0
train/0581/a289ab027cb348fa8980ca849d6d24b4.jpg,581,654,654,0,0
train/0581/b0c93bc85e414189a9bba5f957daf770.jpg,581,581,272,0,1
train/0581/ca1cfd192c2642f2b5b9cee3506b6f26.jpg,581,581,76,0,1
train/0581/dcfba21804534c86b0b12864c5840981.jpg,581,76,76,0,0
train/0581/e02b0ca3679f489dbcb3f010bb1488b6.jpg,581,581,581,0,0
train/0582/0665efad80b147b4bfef0a3fa883fba8.jpg,582,582,582,0,0
train/0582/06e8c661449549798ff804ca5e23e6e5.jpg,582,582,582,0,0
train/0582/115d1f9fcf944d70b0f11be3c7d37857.jpg,582,582,582,0,0
train/0582/13cc1bac74614d44adf58c387306f675.jpg,582,582,582,0,0
train/0582/158af293dd7a4cfd884e644653da5736.jpg,582,582,582,0,0
train/0582/30e25cbaf7824450b8dca7f756c3e067.jpg,582,582,582,0,0
train/0582/4140c9726ba948febb125d01133b2505.jpg,582,582,582,0,0
train/0582/45756d73486b4bb9aac715f2d5cca292.jpg,582,408,619,0,0
train/0582/575a1f874e8744bc95562f47819e3e92.jpg,582,582,582,0,0
train/0582/5900ae3e70f84f188baf41cb327b7549.jpg,582,582,582,0,0
train/0582/5cc624fb14a9468f8c80e52769275936.jpg,582,582,582,0,0
train/0582/65ec741ebbb742fb82bbecab35120778.jpg,582,582,582,0,0
train/0582/6fb340e4cc1c498bacaf4f67fe058c65.jpg,582,582,582,0,0
train/0582/76d9a8b6636a4087bda9391282f5f0bb.jpg,582,97,97,0,0
train/0582/7c1a3f442594418d8a12f79227535220.jpg,582,582,582,0,0
train/0582/82e3ae426267432bbbfbd08237f283b8.jpg,582,582,582,0,0
train/0582/8c7013819e494f308710a00c252745f3.jpg,582,582,582,0,0
train/0582/8fb0c8ae03e94107b8f0d44ecf95f4bf.jpg,582,582,582,0,0
train/0582/997f61b43f2e4684a195109e6d9ba22b.jpg,582,582,582,0,0
train/0582/c4dba4eb03ec422391200a3e1b4b1b39.jpg,582,582,582,0,0
train/0582/cebfb319f5014a46872335677b40ed07.jpg,582,582,582,0,0
train/0582/d4085f2072944efd9fdcc992f8aa26c3.jpg,582,582,582,0,0
train/0582/e7311576e373404e8607f7bdb618a0c9.jpg,582,608,608,0,0
train/0583/0354f7bc092849e9ba0de49defdd4631.jpg,583,725,725,0,0
train/0583/0733d4960aad471da16658457b10c0d0.jpg,583,140,493,0,0
train/0583/29202fc3f6e54470b7ee3f210dbb9761.jpg,583,583,725,0,1
train/0583/379b567114ac4761b96f2cf2405f7fc4.jpg,583,583,583,0,0
train/0583/3827713d22f2468389bc432c7ec84e73.jpg,583,583,583,0,0
train/0583/3a005248535c4639a77fe99f96ba5e75.jpg,583,725,583,1,0
train/0583/470215ea7286429daf2f2a539800223b.jpg,583,583,583,0,0
train/0583/4ea594c0cc3442b78c103d7153d900e0.jpg,583,583,583,0,0
train/0583/502e0ff44acf4e9b8e5b684ccb58a818.jpg,583,725,725,0,0
train/0583/527f5c65bb4648c3ab01971f43575bc8.jpg,583,583,583,0,0
train/0583/87138f39185d48899fc759c40c982498.jpg,583,725,725,0,0
train/0583/8fb575af2c9140d092dd7b6e8ba8e864.jpg,583,583,725,0,1
train/0583/9b000f280a0342508bff1afd30924163.jpg,583,583,725,0,1
train/0583/a9eb86f9c9644c3c95b195299131b467.jpg,583,583,583,0,0
train/0583/d9ded077315044d78503cd683b2ab77a.jpg,583,675,630,0,0
train/0583/dc0c5960a74748b7bd132af495daa04e.jpg,583,583,583,0,0
train/0583/e9228668236748df99879e099fb532d0.jpg,583,583,583,0,0
train/0583/ee5cc1c146fa421dad4f46ebc4ccafc8.jpg,583,583,583,0,0
train/0583/f06ddf5edeef434ebb1a77633000f502.jpg,583,583,583,0,0
train/0584/06406ef69925401487644e16947fe951.jpg,584,584,584,0,0
train/0584/1ab2f852895a4200903960b04f36306f.jpg,584,124,124,0,0
train/0584/2101f90db51040f887fcfd4f1e2dcfd3.jpg,584,540,540,0,0
train/0584/35441bb31f8f4c85b54fc37484c0fe13.jpg,584,584,584,0,0
train/0584/3698c8b5782742dd81208cd521829f05.jpg,584,453,241,0,0
train/0584/49e8e028784f48c594fe1aeb28abd10b.jpg,584,584,584,0,0
train/0584/61227f8139eb4f0896107fb62b21b422.jpg,584,709,709,0,0
train/0584/6bffb28c4f5d44c7a04759f1ac5f3286.jpg,584,112,112,0,0
train/0584/7040ba1d4ca54473bbe9d2940c5b136c.jpg,584,584,584,0,0
train/0584/75a4d6603ba84ba8baae2014a7f8613f.jpg,584,584,584,0,0
train/0584/78f62bc08d154c6ab70325305bfd8743.jpg,584,584,709,0,1
train/0584/8617dbbec8a647f39d0df286a731d1ae.jpg,584,676,448,0,0
train/0584/91d1b668feb8405d966ef5c1cade3bc5.jpg,584,67,67,0,0
train/0584/9fede19b62364f7f82d181181bb7c9f1.jpg,584,584,427,0,1
train/0584/b1f1324a85374e1283720f1593ebeea4.jpg,584,274,274,0,0
train/0584/b7deba5379f940cf9a8303b68b551c4f.jpg,584,28,518,0,0
train/0584/b8fb0410316a414b8ba9b460f7e86263.jpg,584,584,584,0,0
train/0584/bb43766ab12a443c9f44f4d541325ff4.jpg,584,112,112,0,0
train/0584/bba3fc3136ce403992747f22b789faa9.jpg,584,540,540,0,0
train/0584/d65c037a5ad84160a67377b2159cb549.jpg,584,584,584,0,0
train/0584/dffa115569e24281952295030b4c54dc.jpg,584,584,584,0,0
train/0584/e2938f28b61b4945beafeca714eb3e31.jpg,584,350,350,0,0
train/0584/ed9528c329ea4dfbab18fd3525c0669e.jpg,584,584,584,0,0
train/0584/f12e96a41e1b45789ca44c1a044e5008.jpg,584,584,584,0,0
train/0585/09ef7e573d194470b572ab88b244c89f.jpg,585,695,599,0,0
train/0585/17d0941369394e10a27bc68a32bbc5dc.jpg,585,574,574,0,0
train/0585/2186030da28d444c9ec9c094315eb125.jpg,585,585,585,0,0
train/0585/5543ab34153d42d6bb7eeba7c25630a4.jpg,585,585,585,0,0
train/0585/593af56b90bf405684122a233695d73f.jpg,585,585,585,0,0
train/0585/63ac4a3c7f4f4152a667efa7025bb61d.jpg,585,584,261,0,0
train/0585/70227937f2a84c18bb71773f2b2f52ca.jpg,585,585,585,0,0
train/0585/7f6ffda316254ac5a8162bf2b30c2c8c.jpg,585,585,358,0,1
train/0585/814c8b5f622747009297a3a0eb72e10f.jpg,585,585,411,0,1
train/0585/860751424ade461b9031887782a40488.jpg,585,585,115,0,1
train/0585/8dd6e36965df4452b8a2741ec2c41230.jpg,585,585,358,0,1
train/0585/a79ec4882be04996b8945633e0eb4206.jpg,585,656,656,0,0
train/0585/a88ed5effaff41dc93bda592bd77df69.jpg,585,585,115,0,1
train/0585/a9c71b9b03434392a1f1cb50c8741ce0.jpg,585,585,585,0,0
train/0585/c099a38e17aa4addbc4d29e2a19b30cb.jpg,585,134,134,0,0
train/0585/c71bfcf5e358420fac8cd22aba27d993.jpg,585,585,585,0,0
train/0585/d63149a87135405d8427e022ae6f138e.jpg,585,300,300,0,0
train/0586/15c912e3760b463c9b8025781dbf03c6.jpg,586,476,476,0,0
train/0586/15e8b717eba04f6998741e09419e92ef.jpg,586,320,320,0,0
train/0586/2209f5ba636e401f8a8014bc6149890a.jpg,586,586,586,0,0
train/0586/2499fd63a338484b8f8605e7f9b8ecab.jpg,586,586,679,0,1
train/0586/49c7bd19ad5740cf84bbb38150cc9331.jpg,586,249,249,0,0
train/0586/587b011894aa482981d984b2ce50e54d.jpg,586,586,586,0,0
train/0586/607b09a2b7c44be580a7031edbeb6004.jpg,586,586,586,0,0
train/0586/6272b3d079144dbaaec14d450cf53e6c.jpg,586,320,197,0,0
train/0586/799b63ce97764df8bee11785b226d922.jpg,586,679,679,0,0
train/0586/7f952d18480d46e08aca7c7fed8bc41d.jpg,586,320,320,0,0
train/0586/981e4b52eb57447398a5e7c9d38e0ec0.jpg,586,131,131,0,0
train/0586/98aac31e21ff4875a50c7726d2dae090.jpg,586,278,278,0,0
train/0586/c34fa1455291414093bc197eed3d03da.jpg,586,586,586,0,0
train/0586/c87219cc4de94b00903b6f4167a4659b.jpg,586,565,565,0,0
train/0586/d141376aad384d7bbff6622762902bd6.jpg,586,197,197,0,0
train/0586/ec11a9052a834f838e67dc4e6d11e73c.jpg,586,586,586,0,0
train/0586/f39830aee8ee42908233fb339eecf934.jpg,586,320,320,0,0
train/0586/f85770a9fc5f4fc4b55f11a8fef809d9.jpg,586,186,565,0,0
train/0587/0e44c606f22f46be885a4b6fc6e73bf9.jpg,587,587,125,0,1
train/0587/16bad4dcd3834e269f4d8798c93248cd.jpg,587,587,587,0,0
train/0587/1b2e0fd0b75c4ebc81e531c5ad0bb974.jpg,587,10,10,0,0
train/0587/230c5c061a1f4dee8341e636a5612159.jpg,587,88,88,0,0
train/0587/2a7ff58b144441b0aab6286c3b06b285.jpg,587,587,587,0,0
train/0587/3120b67bccbf4a26953ad4c6cee2e9d3.jpg,587,587,587,0,0
train/0587/3c83462c033344bbb1ac85f0066f6182.jpg,587,587,587,0,0
train/0587/4f085fdf4f024653a56567db57edd40c.jpg,587,632,749,0,0
train/0587/54806f20811348c281c5380ef6535b14.jpg,587,587,587,0,0
train/0587/572ca8d764544f59a8519e3aa23caebf.jpg,587,587,587,0,0
train/0587/58ff98b406ef428592c023044984e2a9.jpg,587,587,587,0,0
train/0587/60f10269c4224363804bcde0287db3bd.jpg,587,141,559,0,0
train/0587/851370eb17f449279c1b4d1e7855a0b7.jpg,587,587,587,0,0
train/0587/900f0950957c4c94b31b46ebcdecba08.jpg,587,587,587,0,0
train/0587/9b5b88eac1e64361a8990b560f8bc6c5.jpg,587,613,376,0,0
train/0587/a384ae2b660d4286bc58264ae94e04cf.jpg,587,583,300,0,0
train/0587/b6a270432e0048b1a8b5bf9ad7f3b281.jpg,587,587,125,0,1
train/0587/bd22dc9fa70e41b5ac7a87cabcb5fa65.jpg,587,509,509,0,0
train/0587/c3615305b45e4348aabc2a3a7fec31d6.jpg,587,587,587,0,0
train/0587/d9c3e66f33ab419b9667cc8d43e19810.jpg,587,177,587,1,0
train/0587/da0c6814282f420e8f4c853b76619ba0.jpg,587,219,219,0,0
train/0587/f5b343b7354849f799a553b5f2c00099.jpg,587,61,61,0,0
train/0587/fb4fb90e52a64c7b84eb710c2ff454d4.jpg,587,607,607,0,0
train/0588/028141054a0e46e98e8b1a695686fc8a.jpg,588,532,532,0,0
train/0588/101163f84c4a431bac51b4b076316e6c.jpg,588,588,588,0,0
train/0588/27e65844da86426584f0c623d237d5ed.jpg,588,274,274,0,0
train/0588/2ff62ce2d61e4edea7768a86fd472715.jpg,588,422,422,0,0
train/0588/37c8d7ab911b447e86a9c5b2fc41be97.jpg,588,588,588,0,0
train/0588/538d24fc50aa4521ac840d4cdc210d94.jpg,588,588,588,0,0
train/0588/5625b12f73f84282a8ff55c5c33928d1.jpg,588,588,588,0,0
train/0588/64994237f5b7497092b6712412623903.jpg,588,104,588,1,0
train/0588/68eba479d7354234abd30bf7d2e15571.jpg,588,588,588,0,0
train/0588/6ae14c54742944b1a5f974f30b732e8d.jpg,588,588,588,0,0
train/0588/6c3ae340de4f4f44be28ff26922e2b75.jpg,588,47,588,1,0
train/0588/8543acbf943747f69b78759f5f25717a.jpg,588,588,588,0,0
train/0588/9fc0de7b620f4a1cbcbb8216012333eb.jpg,588,588,588,0,0
train/0588/c9339c456f414e9e967ccb651bb6eaa2.jpg,588,588,588,0,0
train/0588/ce1f714395b441e09e79bd0b6a05c93b.jpg,588,84,422,0,0
train/0588/d495095f133e4cc5aa3b2d1e87d20817.jpg,588,588,588,0,0
train/0588/e79b8bef9dad46b9a5bf4e00de938748.jpg,588,588,553,0,1
train/0588/ee0065198dc84ea9b49f32bf585b3f4a.jpg,588,588,588,0,0
train/0589/2fe5eb190e394388beddfabd30d00ae2.jpg,589,229,229,0,0
train/0589/4f812828e5774e0884f3a680c4537234.jpg,589,274,274,0,0
train/0589/748d57e892f34be1b13acb146248248c.jpg,589,370,591,0,0
train/0589/d2cbbc1b44484438a97db5d8a67ca53c.jpg,589,224,224,0,0
train/0589/eba48afb3266482a8674bca3ba2097e1.jpg,589,224,224,0,0
train/0590/02346c74204b4d27969f1b2046691325.jpg,590,590,590,0,0
train/0590/04b180099d7d4a6492f47b5710b0e672.jpg,590,590,590,0,0
train/0590/0ff18bd610554c3bae811e36b8b4f13b.jpg,590,590,590,0,0
train/0590/1980520213b0421bbda4c4871882a143.jpg,590,165,165,0,0
train/0590/1e5eb2c0a5da45bc802640296bea4a1c.jpg,590,590,590,0,0
train/0590/4f796de3d4644eeaa436403b232946da.jpg,590,590,590,0,0
train/0590/5c2b946b01d248a99caae99c181e9d3d.jpg,590,590,590,0,0
train/0590/7944447a155f42bfbf76519e9e7630d1.jpg,590,590,590,0,0
train/0590/7e3422886d894cedae1a6b52b7184624.jpg,590,590,590,0,0
train/0590/9e8b8df6155546de93716aaf163013b2.jpg,590,590,590,0,0
train/0590/a53f23527e944bdbbb3be6baf0664673.jpg,590,590,590,0,0
train/0590/c22844dba7024d6e8dfc8e076a4f5691.jpg,590,590,590,0,0
train/0590/d87e3f64b2754e39a76325c59179dbd4.jpg,590,590,590,0,0
train/0590/e21053fc0a2e4d0ea7e282fe19d4baf4.jpg,590,590,590,0,0
train/0590/f183db362649458faeb4506867851669.jpg,590,590,125,0,1
train/0591/0e63b0af8fe34dbdadab068fca2f8b2f.jpg,591,591,591,0,0
train/0591/1406f55f57bc4a5da891d976f2271bd3.jpg,591,25,25,0,0
train/0591/2e8766704501467080f6a03a6bbe6e6a.jpg,591,25,25,0,0
train/0591/325f3db061f346bba13f6cc456d3157a.jpg,591,25,25,0,0
train/0591/3576be17bd294fc2b32c91400b42ee16.jpg,591,25,25,0,0
train/0591/3af24b45098f468b8cdabf68a7a437ec.jpg,591,591,591,0,0
train/0591/4b4765c21b8345acbd033130b517dba6.jpg,591,591,591,0,0
train/0591/4def3d59958a4c4db05b254229eb7428.jpg,591,591,229,0,1
train/0591/68fd3ba22efa4c4db710b537e2f3b3d2.jpg,591,591,591,0,0
train/0591/8090c825dd074d1ba837cc2cf087fdbc.jpg,591,591,591,0,0
train/0591/8298de29312a406e8a9b1e1a82f3a68a.jpg,591,662,662,0,0
train/0591/842fc2767550423d8fa649e575161d4b.jpg,591,260,388,0,0
train/0591/b52ea34e034e422c9b8813cd36ddeca4.jpg,591,546,204,0,0
train/0591/b5c9bafd8a31495b82498f0c1d990479.jpg,591,591,591,0,0
train/0591/b6a8b94a28104313b3e27bd1f9e3042b.jpg,591,591,591,0,0
train/0591/ba6e70c59789439da4526ad00917b065.jpg,591,25,67,0,0
train/0591/c98ec73b137c4caf8ec3c746a75c1ead.jpg,591,591,591,0,0
train/0591/ccc35f3e2b7e4438b0f9ca1703913286.jpg,591,540,540,0,0
train/0591/d478c962953d4fe78bcb3768b651d857.jpg,591,591,591,0,0
train/0591/e207a3e6baeb4fafa0da952d7705f27a.jpg,591,18,18,0,0
train/0591/e59fc63b4f92447b9574d83123c0cd45.jpg,591,25,25,0,0
train/0591/f4bf34c07d5744128607a55b6d1b1b53.jpg,591,538,344,0,0
train/0591/fdde555292c84b99b41d94abf95027eb.jpg,591,591,591,0,0
train/0592/31a51b0bb3e645028d4b3be6ba4875c1.jpg,592,592,592,0,0
train/0592/344ac77b9e87443f875035c773cacfc4.jpg,592,362,362,0,0
train/0592/41bb0bd5655744e0963b51ae96f44092.jpg,592,362,362,0,0
train/0592/48bb82fd858f4868b2ec18914e87fd9a.jpg,592,592,592,0,0
train/0592/4f47e9f1a32f4380aa1f4c743249a2e0.jpg,592,592,592,0,0
train/0592/5798dd33fb0547f4b3204d2b14ad3280.jpg,592,362,362,0,0
train/0592/65754f1ba6124ca18b5b908ca999c48c.jpg,592,592,592,0,0
train/0592/6a94b26e1f454c0d85b16be4208a1567.jpg,592,552,125,0,0
train/0592/6c79adb9009041f2824893b7c943a58f.jpg,592,327,327,0,0
train/0592/9c9a794e1b9f4bf0a7a9babd2fde2907.jpg,592,592,125,0,1
train/0592/9dc5411026044b25868533ea09c6bdc0.jpg,592,695,695,0,0
train/0592/bd7ef0142f6a4c3288d0ade81322c22a.jpg,592,369,369,0,0
train/0592/e00f7855574b46e9bd72e6f189a6471d.jpg,592,503,503,0,0
train/0592/e1ac06a0169b495da9e59ea67479d85b.jpg,592,592,552,0,1
train/0592/e584b165eace4100b7ef585f97070a68.jpg,592,592,58,0,1
train/0592/e9ec04dba94e435b9277189b79e78abc.jpg,592,656,97,0,0
train/0592/f863d25545dd48ae8f10f462237d54f9.jpg,592,592,592,0,0
train/0592/f94af8ad6c1240f38ce94ebcc86ed08b.jpg,592,592,509,0,1
train/0593/11b919f818e24476ac25d15804d78bdd.jpg,593,593,593,0,0
train/0593/1261f470356f4b028a365d0045dd5a4f.jpg,593,593,546,0,1
train/0593/1dfdd839ef354572b103401c39864aa6.jpg,593,593,245,0,1
train/0593/1e708d3b49f44a47a5acbc32c5358959.jpg,593,593,447,0,1
train/0593/2a48947a8c214f598a7a5be602339e21.jpg,593,362,362,0,0
train/0593/51d88947c82048218a8886712267433a.jpg,593,620,620,0,0
train/0593/53b67402416b4eec8e41575d4101f5d2.jpg,593,362,362,0,0
train/0593/6a61dddc653b44769fe0a3c25bdec06d.jpg,593,369,369,0,0
train/0593/8a3aac473f444349be46cbe564e401a1.jpg,593,593,593,0,0
train/0593/905d97d8af10408db090c5730c8cccb6.jpg,593,173,173,0,0
train/0593/917ed297f06149dca3fa7f7319f3d6dd.jpg,593,546,546,0,0
train/0593/9dce7f364e2f43ac808fd5ab3f58526e.jpg,593,593,365,0,1
train/0593/a2434a920af14298b7fc1d969b5b8a04.jpg,593,206,206,0,0
train/0593/ba7cf07e15e5476ea7bf0abe8b0b8cea.jpg,593,593,546,0,1
train/0593/d7776b3e5b124b08b81e9b6df7296343.jpg,593,593,593,0,0
train/0593/e5a49d902ff34e4c8d090270325df8a2.jpg,593,593,593,0,0
train/0593/fc9d61f9725740e5b98e33a607d49859.jpg,593,593,230,0,1
train/0594/04079aef39034e57945c59011ba2cae0.jpg,594,123,123,0,0
train/0594/0b0a4f307e404e1897dcd9c8cffc3a61.jpg,594,608,608,0,0
train/0594/193b28c8a4a646359abc8e07d1e5a098.jpg,594,123,123,0,0
train/0594/24439e104e49499da467c8b9f62f4073.jpg,594,600,600,0,0
train/0594/2c503b158c014f24be0528af9ff47337.jpg,594,590,590,0,0
train/0594/4ced6def15ab42ecb8204e24860b96b3.jpg,594,123,698,0,0
train/0594/6ba60f04ec194efeb2659ba48978059a.jpg,594,123,123,0,0
train/0594/6e44e8f070c143b0977dfb7d1182c4a6.jpg,594,293,419,0,0
train/0594/73cbbeaf127949a4974576c74c75a57c.jpg,594,51,51,0,0
train/0594/76c1b6dbe42249bc90e06d187f5a031d.jpg,594,328,328,0,0
train/0594/7f50c0f9c7c94373b485704fdae236af.jpg,594,123,123,0,0
train/0594/874c72952f5e4ef4aefa8294ec88f7b4.jpg,594,123,123,0,0
train/0594/87e641900edb40a09d8b18c9110d44b1.jpg,594,40,40,0,0
train/0594/885a8bdb119b4c16a423839baea33e5c.jpg,594,123,123,0,0
train/0594/9ee1aad3a09845cba3071742de1b2c19.jpg,594,123,123,0,0
train/0594/b4e4402d554544cda2281bec9addbf46.jpg,594,6,6,0,0
train/0594/c9587bc247754e229ff4c193a6ff8759.jpg,594,732,732,0,0
train/0594/d606ebcea186419893b2961cd66d84c6.jpg,594,21,123,0,0
train/0594/d6299e93c95a4397a3dd9672a3fa2173.jpg,594,313,313,0,0
train/0594/dddacbd856484fd496082fbd7b0fb517.jpg,594,123,123,0,0
train/0594/ee20dcd22de5479f8ce35136314b3e4d.jpg,594,123,123,0,0
train/0595/0328ec7227bb4eb49ab26b74e69f2b2f.jpg,595,602,602,0,0
train/0595/11505aa0c18e4aa1aba10710ceb5a2fd.jpg,595,595,595,0,0
train/0595/19628157eb2c4dce9d2aa9880870ffdc.jpg,595,35,35,0,0
train/0595/2c53f3fb4cc54a929d50a8fb3568ff42.jpg,595,595,595,0,0
train/0595/2f5702afadd7428fa7097773984b6735.jpg,595,595,595,0,0
train/0595/3f84beec26b74d1cbabc9d48a63abbbc.jpg,595,595,201,0,1
train/0595/40b843763fa44a258da2cd9b67713924.jpg,595,600,600,0,0
train/0595/430f90878cc942f5aba29562820a6248.jpg,595,595,595,0,0
train/0595/5058c26e17b1481f81ec09e334441c81.jpg,595,43,43,0,0
train/0595/6e222bf6774b48b799e14cb0ff3249ad.jpg,595,10,10,0,0
train/0595/6fe9f1c930ee4948bb00dbfe9a2b22f3.jpg,595,595,595,0,0
train/0595/75c6bf0e5bfa47979564947348aa1436.jpg,595,595,595,0,0
train/0595/7f1b61b8c5f343538ebd677ceee7ad1a.jpg,595,595,595,0,0
train/0595/932d284c914a4bd899aa8c5bf4a97b61.jpg,595,595,595,0,0
train/0595/996d0829bb884a32bd68ec54a94426eb.jpg,595,595,595,0,0
train/0595/a3f4224a02254cb583040e23d4bd619c.jpg,595,595,595,0,0
train/0595/b31b27da2a2a4bf989269742bd02703d.jpg,595,595,43,0,1
train/0595/b357df99eb714442b4f87db3e5ab7de2.jpg,595,595,595,0,0
train/0595/b5dfb3292ddf446182023f7c5c4d3675.jpg,595,595,595,0,0
train/0595/bc403563c5034ee6bcbd3edba27e0710.jpg,595,595,595,0,0
train/0595/c1a38f47dddc4695b1214dc21170daed.jpg,595,595,595,0,0
train/0595/c49f30461c3040a2ab923eda5e6ab9fb.jpg,595,595,595,0,0
train/0595/d07e3ef9b66841c7bb779fd4de3aca62.jpg,595,43,520,0,0
train/0595/ebacc72baceb47b2b005144f529df439.jpg,595,595,595,0,0
train/0595/ed5fa689148747478a8a114a54d36701.jpg,595,217,217,0,0
train/0596/0341493c2c8a4b49b6abd8844b74fd9c.jpg,596,596,596,0,0
train/0596/07bb85fe45304638a13de7e0b4c2f916.jpg,596,619,619,0,0
train/0596/0ff32c401302404691ad6da7e3e40296.jpg,596,419,419,0,0
train/0596/104a5e490f184d6082b6f84a159f05c5.jpg,596,9,9,0,0
train/0596/14b34fe713b349f4a27531ec825c03b0.jpg,596,419,608,0,0
train/0596/15852f7a86f849f5bceb0ba9fbf04656.jpg,596,596,596,0,0
train/0596/24d937b72dc34d14bcf161af8df2bace.jpg,596,698,698,0,0
train/0596/25d7a1ff65fa44a5ba19dd0b7b56d206.jpg,596,334,334,0,0
train/0596/2ecd0a89947547d98fd46290940e8729.jpg,596,151,151,0,0
train/0596/418537bbfe774dfa8529b27da355324b.jpg,596,596,596,0,0
train/0596/5199e35a55f54298ab9cc4d0c995987c.jpg,596,335,596,1,0
train/0596/5b43083c957745ea8698c8b16469e5e5.jpg,596,596,596,0,0
train/0596/62d1561dbe4849a9b5e78a6769f8706e.jpg,596,596,596,0,0
train/0596/73f5941e3c4d459ab9a1ca5d1287dfda.jpg,596,218,582,0,0
train/0596/7814b42c45c7493e9fcf44db3fa63789.jpg,596,151,151,0,0
train/0596/7a6f731892f8405aab190884fafe09e1.jpg,596,335,596,1,0
train/0596/87db9f47979241f394092308a1d212c1.jpg,596,334,334,0,0
train/0596/ae8ca1e2414a424f8cdab81387b6a565.jpg,596,517,103,0,0
train/0596/b218adf95d424eda9ad392cc56b16c0c.jpg,596,151,293,0,0
train/0596/c8e0e207ea2c43eab9088fb81561afca.jpg,596,596,596,0,0
train/0596/d1c4bdea12254c79b539af97c1d6a5a5.jpg,596,596,596,0,0
train/0596/d959f271b1e24e0bbfedfa14f0be526a.jpg,596,596,7,0,1
train/0596/e04d984b6ae1400ea0348918e39ff555.jpg,596,151,151,0,0
train/0597/0476121d6391433abd51336cd9b5d599.jpg,597,597,441,0,1
train/0597/08183486a84d41eaadff3f20f842bd98.jpg,597,320,320,0,0
train/0597/13e22dc1eed8468383b363319ff85b7b.jpg,597,576,576,0,0
train/0597/1bab135979b14f889fc106d7bf258348.jpg,597,597,597,0,0
train/0597/2789566f56544f5d9c7b829d9a9298a5.jpg,597,17,17,0,0
train/0597/2d0884f0fcb04b1aafad0fa5e940e28d.jpg,597,597,252,0,1
train/0597/34c9909446b64d34878243b7c42cd399.jpg,597,597,576,0,1
train/0597/6e1957232f82401482175782c73d3a89.jpg,597,557,557,0,0
train/0597/9fa1524d2ce349c8b045b826560e45e5.jpg,597,576,576,0,0
train/0597/a302797df5034f09bcbaf32f716f966d.jpg,597,625,410,0,0
train/0597/abed5461d15241f0a3c8ef52821a7422.jpg,597,165,165,0,0
train/0597/ba5ed48a45014956a5cc708d26306870.jpg,597,557,252,0,0
train/0597/cecadaf6cbf94c6e99cf66a5d26d1bb3.jpg,597,466,466,0,0
train/0597/da5bee81aa3a440a9d6f219e60a22866.jpg,597,43,43,0,0
train/0597/e726c76c746d4265a1ce909ef91a73a4.jpg,597,576,576,0,0
train/0598/001e070e7d5a4b22bc3b67c5a0f07a52.jpg,598,598,571,0,1
train/0598/02b41e0c735d40628d8f46515ee3a854.jpg,598,598,598,0,0
train/0598/0e1352aa493c49c2a628db4f28db9032.jpg,598,571,571,0,0
train/0598/2a22865385f14b6c815cc54535cdb3f3.jpg,598,598,598,0,0
train/0598/2a80fc5918f1407ca853dd7a3ffb39a8.jpg,598,598,556,0,1
train/0598/42e820391cac4675a043c1b9afc43b8f.jpg,598,598,556,0,1
train/0598/4b58395ff31d4d4f9300ac94befbd145.jpg,598,598,598,0,0
train/0598/4bcc0063ee2c4f889f3a7e0eb147d4a1.jpg,598,565,565,0,0
train/0598/4e6fb9d5a80046e681e54246edb8a16b.jpg,598,598,598,0,0
train/0598/5aa5e70c218b4bb98501419e5d81e22b.jpg,598,18,219,0,0
train/0598/6547074049c647a89fc74c2983fc7d3c.jpg,598,180,565,0,0
train/0598/92144ef6293d4178bad2392a3ac9b820.jpg,598,2,2,0,0
train/0598/935abdfc2c0d44ab80fa4e510c862e4a.jpg,598,571,571,0,0
train/0598/979fedaac4d24f428701b2ca7d6be56f.jpg,598,571,598,1,0
train/0598/9945fbb633ba4c9990f3ae276eced497.jpg,598,598,598,0,0
train/0598/a85bf962d868458db5f35655bdb514d0.jpg,598,571,430,0,0
train/0598/c2760316b4aa4936af9c0099850f6e37.jpg,598,571,571,0,0
train/0598/cfef14d2e2614ce9b5be0baf4141b2ca.jpg,598,2,476,0,0
train/0598/e8820194f0164052b673fe0af7216796.jpg,598,213,213,0,0
train/0598/ee81c897357a45a299f8804f0049194a.jpg,598,598,598,0,0
train/0598/f4fec54e23cd4042ba5d4cebe6be1526.jpg,598,598,556,0,1
train/0598/fd05a40d6814475f9258d5077a985877.jpg,598,374,598,1,0
train/0599/008aab991bbe410199bc2eb31018bf71.jpg,599,675,225,0,0
train/0599/07ada5ad83114d64bbb8ad3c486be888.jpg,599,574,599,1,0
train/0599/0bd014469978461f91d2dc40af1effc2.jpg,599,599,599,0,0
train/0599/10dfb852c5624ba49390553e0e52269f.jpg,599,599,599,0,0
train/0599/11737271ec714bb68635a60af85260ad.jpg,599,259,259,0,0
train/0599/221492c787a941e387cb37527c327e63.jpg,599,531,471,0,0
train/0599/3149bc0e90474306bc85c8938ee27f79.jpg,599,503,52,0,0
train/0599/4790e911ec56443fa15ec4440fed7caa.jpg,599,673,592,0,0
train/0599/48f3307712d247d9a104253c0914830d.jpg,599,450,717,0,0
train/0599/5029102b9ff544dbb226848ee603e28a.jpg,599,599,25,0,1
train/0599/7e71ea65c348409091d4f311920fdd1a.jpg,599,599,599,0,0
train/0599/9829308f61ef49bfa06994a23d0df3e2.jpg,599,599,599,0,0
train/0599/9c30b2fdb9a94895a541bf5e3de037bf.jpg,599,226,663,0,0
train/0599/bdc9f53463ce4b40ba28944c6d93f280.jpg,599,225,225,0,0
train/0599/c9a8c0099cd74f02bcb69a4c82f0181f.jpg,599,205,205,0,0
train/0599/cb6321cc4b994dbca170d98f1a4c2306.jpg,599,583,599,1,0
train/0599/e2adc995f292476499a8f169ffd06864.jpg,599,531,134,0,0
train/0600/0298c45f5c444d0db3a03dc7ab69320b.jpg,600,600,235,0,1
train/0600/0564483171d74e3da0ad33c8c55d90aa.jpg,600,600,600,0,0
train/0600/0a9802bb2ddb47d6b6505ceed80d99b5.jpg,600,600,600,0,0
train/0600/15e8406f7bf442c29b068ff7c422dfdd.jpg,600,600,600,0,0
train/0600/1b9d0f24d3ac49f187b4c76723111119.jpg,600,600,600,0,0
train/0600/1d62ed83f1ee403a99406f4d126034dc.jpg,600,600,600,0,0
train/0600/288038f7bae943018d2ba53dcd8958f2.jpg,600,600,600,0,0
train/0600/2b3d0561b049403c81beb632a4935656.jpg,600,600,600,0,0
train/0600/35c5cfef62184e78a83c13d53df5b3ed.jpg,600,600,600,0,0
train/0600/37d74a45e73641e28d59a799a3ba9f94.jpg,600,600,600,0,0
train/0600/3a8e1b176d434e7b9abe39ac9cffbe07.jpg,600,600,600,0,0
train/0600/418e9d64c8854a02b551ac64af52fa46.jpg,600,600,600,0,0
train/0600/560f056b49184e5b9236fbf12b127b60.jpg,600,600,600,0,0
train/0600/57e1734d37ca4b40ae138846380f2bb2.jpg,600,600,600,0,0
train/0600/6458afffc8824b8796368f1341ba8032.jpg,600,600,600,0,0
train/0600/67e4ff7084d6441790446d1ff092e117.jpg,600,600,600,0,0
train/0600/8b9b54b832bc46a8ab9a3d09ca2fad2c.jpg,600,600,600,0,0
train/0600/956cc581fc044e2da32563c3b4ab73d9.jpg,600,123,635,0,0
train/0600/9e8eb060e6cd44ae95b10f2a921a51f2.jpg,600,600,600,0,0
train/0600/a9c93bb32d8c4a55be9b3c714054ec5d.jpg,600,600,600,0,0
train/0600/ca79071e15f34c5599b3f0fb720bd0d9.jpg,600,600,600,0,0
train/0600/d2b609d94e1e49958722a394981b6c13.jpg,600,600,600,0,0
train/0600/dbd3df51265444209f292abde992cb66.jpg,600,600,600,0,0
train/0600/f94a39ab90f847f88d5ef58fa954acfd.jpg,600,600,600,0,0
train/0601/019f6e11e6174c5ea00317b79896add4.jpg,601,239,239,0,0
train/0601/0e3934fed28e4516a6bdd6ff56b6ef80.jpg,601,171,171,0,0
train/0601/356cf60e08c646119c49b6e11edafa48.jpg,601,172,476,0,0
train/0601/37e1af1a68954e9d9bea1fc159458e43.jpg,601,604,476,0,0
train/0601/58319c2b7c4f43d2bdfc041a07e56ec6.jpg,601,604,604,0,0
train/0601/6b4d46609e57405c8f5afbbfb3a199bf.jpg,601,171,21,0,0
train/0601/701028b3f15b4c11adc1ae2c47717255.jpg,601,604,604,0,0
train/0601/70eb13567aa74b56ae4e6c4ea5bbdb76.jpg,601,171,171,0,0
train/0601/71212dfb054f4cb3aa8f21a9a5b0ba56.jpg,601,694,476,0,0
train/0601/75ed779941684932bc229ba4ee9e1ff4.jpg,601,171,402,0,0
train/0601/81eaefa24c7f4dcc8b478f9a1d156996.jpg,601,239,239,0,0
train/0601/8ecc2ef5eaa24d409970d84f36594e87.jpg,601,172,476,0,0
train/0601/9bfdd0f248094d8b8f5056901547d7c3.jpg,601,239,239,0,0
train/0601/9c83465a8add4ab081a85cfdf5eeb341.jpg,601,172,149,0,0
train/0601/aa0a715f79a948299ec33d4839a17bb1.jpg,601,604,604,0,0
train/0601/ac5b313affc74e8682bb18c90955aa6e.jpg,601,172,386,0,0
train/0601/adb721affd6041138288789f6ae23417.jpg,601,172,386,0,0
train/0601/aec53ace9c06464686e847a3f60abb9d.jpg,601,171,353,0,0
train/0601/bae1e17726704cd69bb0a759e38cc6b0.jpg,601,21,21,0,0
train/0601/c248a11136d645f7b0fe0b2f9f97f654.jpg,601,91,601,1,0
train/0601/c536738da6d543c1b40c3917e5ed1933.jpg,601,171,171,0,0
train/0601/d43bcd9c0a414bd499546a55457e6a75.jpg,601,51,51,0,0
train/0601/ff55bb0cf7d84cd89a2c09984172c39c.jpg,601,172,239,0,0
train/0602/15ae40b89fc9494b825435cb1c814266.jpg,602,327,327,0,0
train/0602/19e5c8df3d704bc9921bd0193aa9f9f2.jpg,602,602,602,0,0
train/0602/1d80a65a40834fe184bb0b02c3b21dcd.jpg,602,602,602,0,0
train/0602/1f26c442d01f430488b8cd53199d9aa5.jpg,602,602,602,0,0
train/0602/3b8bf7662d12458db7f00d9a325e085d.jpg,602,206,206,0,0
train/0602/52b4412dd5ae4040836e6c540e9df8e7.jpg,602,602,602,0,0
train/0602/5b58c3425c0b46feafe90c99de4ab42e.jpg,602,369,518,0,0
train/0602/65bb5075965d4837801a1238e5a97de5.jpg,602,327,327,0,0
train/0602/69d685b1c5be40bea0ee7c60a27b40e4.jpg,602,602,602,0,0
train/0602/6ceac25266db4f98b01163980eaeb916.jpg,602,345,441,0,0
train/0602/75839a13d120465498e4bfa0814fea13.jpg,602,602,742,0,1
train/0602/75b543ef53834b6a9a0d558c61251970.jpg,602,602,602,0,0
train/0602/95719f382cfe4971bc73b6447151f1e8.jpg,602,602,602,0,0
train/0602/9ccd72e6626f4af6ae19527ba26c52d6.jpg,602,602,660,0,1
train/0602/a5c0918f7a8445468ea00588c0eb3969.jpg,602,602,602,0,0
train/0602/a746e13b9e8a4f12806c432e959c70ed.jpg,602,602,602,0,0
train/0602/ab32f903e264462aa1012f82de31b3ad.jpg,602,602,602,0,0
train/0602/c790d45a418b411eb5059c6cf5753d9b.jpg,602,602,602,0,0
train/0602/c796413c6696438a93212470eac9283e.jpg,602,327,327,0,0
train/0602/d256acffa23a4859b5234e377c39d659.jpg,602,602,327,0,1
train/0602/d8d9d08ea5f64d55befb9683c134f74f.jpg,602,602,602,0,0
train/0602/f1bf885a325d466fba3f8702cbb4fd89.jpg,602,565,327,0,0
train/0603/0b76605c8bc944869a9caa0ac947dca5.jpg,603,403,9,0,0
train/0603/51269a8937bf4209b3d8f0d26e91d003.jpg,603,402,402,0,0
train/0603/521a75182bb144c3bb86e5685c2bbc31.jpg,603,171,604,0,0
train/0603/5f21221356d6432091a02b8caf4c4fda.jpg,603,171,21,0,0
train/0603/6272acb155404a01930a0f3d053c030c.jpg,603,6,6,0,0
train/0603/674a95dba3174d2b91b1a65acbc9edf7.jpg,603,328,328,0,0
train/0603/6c16db3c55ef46418ba9f77c8f6f5332.jpg,603,21,21,0,0
train/0603/8338cd2907cb43788bc434db0711813b.jpg,603,604,604,0,0
train/0603/83a3615ee4824f0fa2d406a452b41bdb.jpg,603,604,604,0,0
train/0603/8c6c13ed75ac479587cf522892bd478c.jpg,603,21,604,0,0
train/0603/8deef6747fc64489bc17c632c1ced06d.jpg,603,321,321,0,0
train/0603/977d9c362a0640a4be26997ff3be2b6e.jpg,603,603,698,0,1
train/0603/9c03355799ac44d5907dfc9113e21d70.jpg,603,239,239,0,0
train/0603/ba6f3bb8111e4bbab9beb6537013ee05.jpg,603,218,328,0,0
train/0603/caefd122757d4e6f93c32a3cd6492ed9.jpg,603,171,373,0,0
train/0603/e42cdf99eca94f8eba314c4350535016.jpg,603,171,21,0,0
train/0603/e6917e8e5b774a1ba19ae44adf3f676c.jpg,603,123,123,0,0
train/0603/ea90a611e61146c8a89455defc84e5c1.jpg,603,293,293,0,0
train/0603/f3cc425f3fa1405a94c6b11819626406.jpg,603,423,171,0,0
train/0603/f41893db7c304f4abfe1ad5e8df479fd.jpg,603,629,233,0,0
train/0603/f528674d767c47f69ebe838c55e11096.jpg,603,603,423,0,1
train/0603/f77537d658c04b04aee521ea221d055a.jpg,603,21,123,0,0
train/0603/fde4c6624c9f4a769e6bcc8c36c1d926.jpg,603,604,698,0,0
train/0604/10079e3751ef4b8b811158eb6f32e116.jpg,604,171,21,0,0
train/0604/1081d6ed8c7e45ca80920ec2643a74cc.jpg,604,21,21,0,0
train/0604/2283fa4c497d44ae99d62e38b59d06c0.jpg,604,670,670,0,0
train/0604/246af10b0fc04e17b11b5f7c35810d62.jpg,604,604,604,0,0
train/0604/26bd3c0cee024dd2b0d9347a69af73b7.jpg,604,683,175,0,0
train/0604/2b23a4203f9d4cefbb3b7a8ee37d85a7.jpg,604,21,51,0,0
train/0604/32448b60f3b546e9944e9a5f2cce0a5d.jpg,604,239,239,0,0
train/0604/390c8ce8d0454dc7bc1a1129a7c829f6.jpg,604,340,340,0,0
train/0604/405756b52ddc4d9d854a4f426d4dd88a.jpg,604,21,21,0,0
train/0604/4062c6f227784aebb2af0b21f2e2dd7f.jpg,604,78,732,0,0
train/0604/487e895942d74ce8b1c9c78ec412f10c.jpg,604,434,434,0,0
train/0604/50c8f6eef37c4920a2f00e1b624d178c.jpg,604,171,309,0,0
train/0604/6eb425d75fa0445db00c08ed53a3be4a.jpg,604,476,476,0,0
train/0604/72fa7046ab304e40ab860626c03be6e2.jpg,604,171,171,0,0
train/0604/891dd3fa532f447087c86307e205270f.jpg,604,172,386,0,0
train/0604/955d32d243b6422fa85474e5aacd6ce9.jpg,604,604,476,0,1
train/0604/a50e2db7445d46cc82253d39433639f4.jpg,604,604,604,0,0
train/0604/bcf76b43927d4aecaebf291c6b0e316a.jpg,604,604,604,0,0
train/0604/c07478210ab54d399107b9cd31467bfd.jpg,604,616,616,0,0
train/0604/d09ba93d2b6b4445936d0dcbf1d1d890.jpg,604,171,21,0,0
train/0604/e0f98fc19d9d4dc8ad84ddfc9be328c3.jpg,604,604,604,0,0
train/0604/e7edab4e5fde452694ef7a88ea655fb1.jpg,604,604,149,0,1
train/0604/f0310aa921744f3aa1f68b3619f09278.jpg,604,604,604,0,0
train/0604/fa0d752fecd14cb8a85b7d2ef59202be.jpg,604,604,464,0,1
train/0605/29811ee143004d3dbb6049bfd8afbc24.jpg,605,360,360,0,0
train/0605/34233fab610841aea6eb49a1ceb20151.jpg,605,605,605,0,0
train/0605/39c3526210ed45c3b1e83b81227b2477.jpg,605,605,605,0,0
train/0605/41ac25b5261846eda82f7f6c714a9e6b.jpg,605,605,605,0,0
train/0605/424620fe9c0047709f98581deee24198.jpg,605,362,362,0,0
train/0605/43a261f96a8d494f9b138cee486eb88b.jpg,605,605,605,0,0
train/0605/56a54b4d5daa45b5916e058f94afadbe.jpg,605,605,605,0,0
train/0605/572493f9cc5d440c9da2282f42e3641c.jpg,605,339,339,0,0
train/0605/61ad3e86848b49d6af6be26733f4060a.jpg,605,605,605,0,0
train/0605/7b640249cf4d42c3854ab88402f9c474.jpg,605,605,605,0,0
train/0605/7e6039ec0e1f4d39a84d91659194820e.jpg,605,605,605,0,0
train/0605/914ba7617c6d45d58525200c117d1476.jpg,605,605,605,0,0
train/0605/a78e510548924d419515e0b063578817.jpg,605,163,452,0,0
train/0605/af8d3aec2f174bc3a97d1e8efea5586f.jpg,605,617,605,1,0
train/0605/cf1295e553514824917900d0a3f86f5d.jpg,605,605,605,0,0
train/0605/d247bcd7ddea4979bc6a6c533f042007.jpg,605,605,605,0,0
train/0605/e080964aa6d644f2af0a5c3e9bbe8254.jpg,605,565,58,0,0
train/0605/e5398528fc9942ad94f942aaabccc4e8.jpg,605,605,605,0,0
train/0606/022618c6dcf64fdb91c1d9f59efa99b8.jpg,606,275,24,0,0
train/0606/032c9453de234e2c82f2d9c87af9a240.jpg,606,310,310,0,0
train/0606/1d58bbbdec92414ebdcd3067b2de61cb.jpg,606,24,24,0,0
train/0606/20a2a61e1cf54cf6946975e3ad542c4e.jpg,606,142,126,0,0
train/0606/26f04f420f4e4ef6884b61067319586e.jpg,606,497,605,0,0
train/0606/5af9803428f84795858cc2655fc63e59.jpg,606,679,679,0,0
train/0606/71189576df5b4d8cb650ed56355ed60b.jpg,606,744,744,0,0
train/0606/7b96e2bbc81d49c39d46ad0d4063daeb.jpg,606,236,236,0,0
train/0606/85f705a03a4e4579a560546302deb549.jpg,606,232,232,0,0
train/0606/a27e9b2c54454bb897ad4624fa5540de.jpg,606,418,418,0,0
train/0606/ad1cf18bad2f4df4816f9cd2cbac15f5.jpg,606,418,418,0,0
train/0606/b228379927f0400c80cc656da1117f91.jpg,606,679,679,0,0
train/0606/c694300b7c594af8bb58f2fdb63d1c24.jpg,606,300,300,0,0
train/0606/ddc947d759c1425a91180615fbd65cd1.jpg,606,559,509,0,0
train/0606/e00be590a35e4d9bb74515f5b9f774b9.jpg,606,570,570,0,0
train/0606/e5846c74a17448a99012245d33c9d20c.jpg,606,536,536,0,0
train/0606/e88dfedbd32a4055b4ef5867cb5959b5.jpg,606,679,679,0,0
train/0606/f8b480a49ddb401a98d11199f63a281a.jpg,606,306,306,0,0
train/0607/1a160da30af14d9bb1af1045481c8a27.jpg,607,607,607,0,0
train/0607/1a4fd029452448548fc9dec5e7d086c7.jpg,607,362,362,0,0
train/0607/1dfed100c21a4a30a35003e1cd98c2d4.jpg,607,607,546,0,1
train/0607/365f97dd3550451aa972547876ca1085.jpg,607,740,740,0,0
train/0607/3a054065064843b39858abb2e8791926.jpg,607,607,607,0,0
train/0607/3ad0d4cce53e45fdaad425e8dbb39af3.jpg,607,71,71,0,0
train/0607/4f13ef769776479bafb25c6d789dc1ed.jpg,607,105,105,0,0
train/0607/66c0689376c34e85a54afccf7f6d7fe3.jpg,607,607,607,0,0
train/0607/7f835362bee94ead828b8b55961d5188.jpg,607,607,105,0,1
train/0607/81b31931b43b486581574972ea5f273b.jpg,607,134,669,0,0
train/0607/8ba8d35a9a5a430db40098fac0d0a64f.jpg,607,703,703,0,0
train/0607/b00c1186920a4986bc4c4238802e6c40.jpg,607,546,546,0,0
train/0607/c5048278924d4a94862934be1765756e.jpg,607,607,703,0,1
train/0607/c6e90a00e7c54f3bb453e6a9ad50fc05.jpg,607,105,105,0,0
train/0607/d36b4be9b30f4bb6933bc0f948b774fb.jpg,607,71,71,0,0
train/0607/d7c4291161b44617aa2a019ce870749d.jpg,607,607,703,0,1
train/0607/de7edee0ae3547afb1e93b45897500a1.jpg,607,105,105,0,0
train/0607/dfe98155bf7444ce95255de0604f2d19.jpg,607,129,362,0,0
train/0607/e1dedcdbfe964696b08f56f09bf6374c.jpg,607,703,703,0,0
train/0608/04dc5151bdd743118ba4a6102d7ee37f.jpg,608,608,608,0,0
train/0608/0d5f9d87f658415bbeb616d0337086f6.jpg,608,608,608,0,0
train/0608/185d830cbcf84a33b033f04bbae44de0.jpg,608,608,608,0,0
train/0608/264b0cf193e1428fa8b5fa7bc2c0c3b1.jpg,608,460,460,0,0
train/0608/3165313920544e78837a667ea18b7a5b.jpg,608,341,341,0,0
train/0608/345f598a5a9a4b1db77c1d9d280124fb.jpg,608,608,608,0,0
train/0608/3fac98a7eb5547d9b98a6b889dcacef6.jpg,608,608,608,0,0
train/0608/41a693752428407e84e6d7eb044c659b.jpg,608,608,608,0,0
train/0608/4e442f60b20c4e8ca0e903198cde6cee.jpg,608,608,608,0,0
train/0608/6f9b3f7404bf43b9a8090e388531a346.jpg,608,608,608,0,0
train/0608/74493315823b48468cbed75c31d5fb5f.jpg,608,608,608,0,0
train/0608/75fd562a25aa41ce8d215992bd471614.jpg,608,341,341,0,0
train/0608/78d2325545fc43d8be4f90108800fd7f.jpg,608,608,608,0,0
train/0608/7ccd38018fa84dea899e7ea844f305c9.jpg,608,341,341,0,0
train/0608/7ce27be324324332a2f16e3349c59ee0.jpg,608,608,608,0,0
train/0608/82769981e7ab47b8b49734028f87e96a.jpg,608,608,608,0,0
train/0608/8ec3b287e42b467b8d738e99f4e823f6.jpg,608,608,608,0,0
train/0608/938ccc7f7caa474dbd994d80e0914dd5.jpg,608,608,608,0,0
train/0608/b43fe17770a84c06ac2f01891749aa53.jpg,608,608,608,0,0
train/0608/bdca6e7f481042bb95fbed9594870f58.jpg,608,408,419,0,0
train/0608/c2d412752d284eb2a8387ba938d6107c.jpg,608,608,608,0,0
train/0608/c6f9b78977fe4b8aa54a08e654140f2e.jpg,608,608,608,0,0
train/0608/cece82b8e8874904a914644c46b35525.jpg,608,608,392,0,1
train/0608/e24abf67bd0543c6ab7fa6d4bc69215b.jpg,608,608,608,0,0
train/0608/e99d0533c8c84844999daae416311ea8.jpg,608,608,608,0,0
train/0609/0007b7d52e9144a9b9adebed41863a5c.jpg,609,39,672,0,0
train/0609/00aac6dddc9a46988e501ebbf0485c5c.jpg,609,672,672,0,0
train/0609/0932a9eb5d554e11a717efb04e489061.jpg,609,672,672,0,0
train/0609/09a6293efa9846feb239b910042c5b3e.jpg,609,672,672,0,0
train/0609/11ad8bd6739d4da8af737a481478350c.jpg,609,203,609,1,0
train/0609/1c0d7309f1714d42b05c091a7b690898.jpg,609,609,609,0,0
train/0609/1cae2f1545d04438bdeca5e02ede206a.jpg,609,357,357,0,0
train/0609/2f43f51e74ae47bd89f27d45e323a653.jpg,609,35,35,0,0
train/0609/424af382fc0041e69edf2d304d2c1ccd.jpg,609,672,672,0,0
train/0609/5e460b13cdcf4420b0b22420aca7a1a8.jpg,609,28,232,0,0
train/0609/69782607987f4e6d86fcfe2603213829.jpg,609,609,422,0,1
train/0609/7b27272a0d304cbdbd3aedee79a5b132.jpg,609,609,609,0,0
train/0609/836b431b8aa0425394d18b14685b6411.jpg,609,712,489,0,0
train/0609/9aa90322d7584858b4d6bf189ff6554c.jpg,609,118,47,0,0
train/0609/9ea9417d3e9544c8942e04817ff73cf7.jpg,609,672,609,1,0
train/0609/a6ad4ba4cd2346b0b6a0d0181f944ec2.jpg,609,609,609,0,0
train/0609/a6b90bef853347138a952c66ed86b32f.jpg,609,575,575,0,0
train/0609/bbeb34587aca4bcab4d9fdcd17d23db3.jpg,609,609,609,0,0
train/0609/d9f44ac991b7434d81a2ef66d230f253.jpg,609,672,672,0,0
train/0609/db55d2e32f1744f8ac54f0b59ad74b91.jpg,609,609,609,0,0
train/0609/e545d6628449411dbb3b2b33af50d421.jpg,609,609,356,0,1
train/0609/e77294ecef634d20883a5ef7cf72138c.jpg,609,286,231,0,0
train/0609/f1953febf37547f480fde1bdce53ee8e.jpg,609,672,609,1,0
train/0609/f95e41b5d3ff4833a9101d4348b9d225.jpg,609,47,47,0,0
train/0610/0390fa45c29848e395a8d015e95b677a.jpg,610,255,255,0,0
train/0610/05a95cfd919d4dcbbb3a381435fc427a.jpg,610,370,370,0,0
train/0610/0dcae46c606a42db88251e18b2d9dd79.jpg,610,370,370,0,0
train/0610/1224899f0a5349529aa73bfbed6f62bb.jpg,610,370,370,0,0
train/0610/159311e891494a5d94fedc8025e72251.jpg,610,33,472,0,0
train/0610/231cd123b0c9449bbd1297d5aa6cb3de.jpg,610,424,369,0,0
train/0610/24ba49afb2284e6687e153a819f5dff3.jpg,610,736,509,0,0
train/0610/3819b7c38091466bb3549b8067e1a7da.jpg,610,370,610,1,0
train/0610/3dfe1099558442579ddf737055e22187.jpg,610,229,554,0,0
train/0610/499021cf8eb342ffa43e392691699ab2.jpg,610,247,610,1,0
train/0610/63ab5dc7fa8f4dc6b26492849638d1a5.jpg,610,370,370,0,0
train/0610/67e089b4ceb74fddbfb662179527d4a1.jpg,610,260,12,0,0
train/0610/850cd0d7d7294b0587115e3dc233f278.jpg,610,370,370,0,0
train/0610/8597110f6c114d7d9fd6c2aaa3b1538a.jpg,610,370,370,0,0
train/0610/8b8e4a5e7c744b03830da79db990b044.jpg,610,610,562,0,1
train/0610/9088fe5f8b7044bca187d5210d3fbc54.jpg,610,247,610,1,0
train/0610/910452db7afb439584cd14f94dd2e63b.jpg,610,610,610,0,0
train/0610/9fcf5a8d4fbf47ee8c7871f3292f1024.jpg,610,247,247,0,0
train/0610/b14d1f336bd14b4faac85f0c2afead78.jpg,610,672,672,0,0
train/0610/b54d3a49eaf54489858a0a0b969f0b4e.jpg,610,370,370,0,0
train/0610/b8c16c8c65244b4da6f2578a6b6793b7.jpg,610,202,25,0,0
train/0610/c538c41574eb466288520bfe950ccffb.jpg,610,610,610,0,0
train/0610/cbd14e4a5d6340878028d4e4814f6daa.jpg,610,260,721,0,0
train/0610/d0b97c544c9345afbbc549c687f69e5c.jpg,610,202,255,0,0
train/0610/de4758f2e5b0460f83d9c80c8a23fe8a.jpg,610,370,370,0,0
train/0611/184706fa5aaa4b7884203e3e1895e0bd.jpg,611,448,665,0,0
train/0611/24f5434afae049b09c007fd4b1e7fa78.jpg,611,611,611,0,0
train/0611/32e1d34c7a47482592a95d7a6f01c67c.jpg,611,665,269,0,0
train/0611/3348f443f5004b19ab15697cd2fceee2.jpg,611,350,350,0,0
train/0611/52314aa9263f47ffa7610483f4188bcb.jpg,611,52,52,0,0
train/0611/589e8ada274e47ada886067085207c3c.jpg,611,414,414,0,0
train/0611/86ebb1f3144a47f8a7a62a5a774650b1.jpg,611,736,736,0,0
train/0611/8dd5286ee5334f37a96c523862da0a38.jpg,611,97,97,0,0
train/0611/9ba8bbbe6e074cd4bbdb2de80e29bba3.jpg,611,363,363,0,0
train/0611/bb0a338ada66406a86ec9c46ea48df4c.jpg,611,508,300,0,0
train/0611/bd17a6d8506a4252a6a78fd1ed8d6505.jpg,611,591,152,0,0
train/0611/c67becd15ee349a18a12ed40b387add4.jpg,611,663,663,0,0
train/0611/d1837c6d456546e6a1fa0d7f0a3ecd9d.jpg,611,249,249,0,0
train/0611/f64b5b651ccd4566bedb017efe332a6b.jpg,611,225,225,0,0
train/0611/fc9b2f52ab7c42659fc23904c8316198.jpg,611,363,363,0,0
train/0612/0179e9182c7445d48f60d3dc2306682e.jpg,612,247,554,0,0
train/0612/0a97ea7b715c40958499d3b1d4623a80.jpg,612,247,612,1,0
train/0612/1937118a3b95409594b132ade55c027e.jpg,612,247,247,0,0
train/0612/34e6eeb654994a7daad88924ff455937.jpg,612,44,44,0,0
train/0612/509fe68da1eb48ab8fbdb24e51ebfd73.jpg,612,247,247,0,0
train/0612/5d737e63e7b74048b4d4a6987d947c56.jpg,612,247,554,0,0
train/0612/5d754d38cdbc4b279570364786482010.jpg,612,18,295,0,0
train/0612/633bb405c54f4efe83efc53a39eb7a62.jpg,612,247,247,0,0
train/0612/70f87b2db10d41858cb656298c04f85b.jpg,612,286,28,0,0
train/0612/949ec3be229a4ac69233cc06856d2566.jpg,612,612,562,0,1
train/0612/9ad98d8ff77b46e3af6b336f8e8f1cd3.jpg,612,388,388,0,0
train/0612/a8e7d1c7ab58429eb69b43c53c20b0ff.jpg,612,203,388,0,0
train/0612/b16fc5b63a4749df9bddf377286ba76a.jpg,612,255,25,0,0
train/0612/b5c122869b9d464b9150fce1808c4a90.jpg,612,745,369,0,0
train/0612/b7b86914775f4644824cd5b25d4ef72d.jpg,612,370,202,0,0
train/0612/be3d84eb02da49fda80d819a3413d86e.jpg,612,612,612,0,0
train/0612/c6af572ec1664c2bac98ad8da9feb7cf.jpg,612,247,247,0,0
train/0612/cf71e66160b049f795c999dfde6902c5.jpg,612,554,554,0,0
train/0612/d73e319ce19941328ff168b8e8e8fde8.jpg,612,370,370,0,0
train/0612/d8bbdd0c108b43eda9bee9ab339d9057.jpg,612,247,721,0,0
train/0612/d9d98054cb5a4a9287ea67e9a515daa8.jpg,612,247,247,0,0
train/0612/ee17c44654b443aa90233f95b0fccd2e.jpg,612,247,247,0,0
train/0612/fe10ba8d9936432bad585a84b8387d64.jpg,612,247,247,0,0
train/0613/086aba506c134d988d7c91729862b2fe.jpg,613,278,278,0,0
train/0613/207a0b7bf78342159997d290475e0baf.jpg,613,613,613,0,0
train/0613/22f274209d654d14b73446efbbcd7218.jpg,613,571,571,0,0
train/0613/2525ce4fd98948d5bcd3786fb5d5df37.jpg,613,613,613,0,0
train/0613/2fab79da955b402db6c73a3abd887863.jpg,613,147,565,0,0
train/0613/3c7f4a7de6304a6595208d2ac22b050a.jpg,613,613,613,0,0
train/0613/63d01e2aeeb44a4a84503424af4ffd31.jpg,613,613,613,0,0
train/0613/6cd49e9bf6c542a39a631d8212b8b4bc.jpg,613,592,58,0,0
train/0613/6fe994e87b574575a5172ba7f477a5cb.jpg,613,427,175,0,0
train/0613/77d4e31d30794ec98d9f8039bb0091a4.jpg,613,613,613,0,0
train/0613/7edd47f4bf004fb181e623ec21e7c37a.jpg,613,686,686,0,0
train/0613/b478b60f42004476a72abfe0f9eb422a.jpg,613,584,58,0,0
train/0613/b71d472c97e2455f8b8659770464bb96.jpg,613,571,571,0,0
train/0613/b738ef3dbf1542b09b69390368ee207f.jpg,613,613,613,0,0
train/0613/c1895756888e4295a8ccc1b7889eb15a.jpg,613,686,613,1,0
train/0613/c9f4865a3f7e4552ab0072016e81bc9b.jpg,613,613,613,0,0
train/0613/d04accd754674d19a375b512203493ae.jpg,613,613,613,0,0
train/0613/d44513ba569c4a9b8db29c1709d6ec2d.jpg,613,89,579,0,0
train/0613/de5077f6bf02485cb243b2195651e606.jpg,613,320,320,0,0
train/0614/03bbaf386271488db6aaaa85d8cca377.jpg,614,614,180,0,1
train/0614/176c42a015404ec2a5f4d4a8d06d0dd5.jpg,614,614,614,0,0
train/0614/19400303729a443a8bd56f98ec9a0f4b.jpg,614,187,187,0,0
train/0614/1f9690d6955b4711a378a8cb4cc16eb5.jpg,614,614,614,0,0
train/0614/1fc9f845a9e2417a90a64361723b2f64.jpg,614,614,614,0,0
train/0614/3265e973c983414fa299bc5cf7d58a7b.jpg,614,583,583,0,0
train/0614/3e42797493c049658a876470baad71ca.jpg,614,531,577,0,0
train/0614/5858846629e341c9ada898a37feab264.jpg,614,344,344,0,0
train/0614/59a1bc8509594c94a2fbf7980313eae0.jpg,614,140,312,0,0
train/0614/5e39427d553046e6abe772bd56e6cabf.jpg,614,614,614,0,0
train/0614/733a33b619fc44c09bfcec6e601e0b65.jpg,614,614,614,0,0
train/0614/78ef67d6e54b4fe282dc7ea7730e191a.jpg,614,493,344,0,0
train/0614/7e72640b141949c1b93075e5a6b6b4f1.jpg,614,614,614,0,0
train/0614/8395d8f5d92d4b6180d7e54f3a54e170.jpg,614,614,614,0,0
train/0614/8bf38c8aaebf4ec080ce7a04877814c8.jpg,614,614,614,0,0
train/0614/90511078758f478589811a2d52a836b3.jpg,614,614,583,0,1
train/0614/999fa5790912498a9786c38024f2f627.jpg,614,614,614,0,0
train/0614/a27db2ee745a46abafa9b4161558bd72.jpg,614,614,614,0,0
train/0614/b94c60061a534bb4a4b4155702ffb987.jpg,614,457,344,0,0
train/0614/e6c593f06cc643348cca9983ff867fd8.jpg,614,614,241,0,1
train/0614/e8d7e80c31a14157ae35442c782b2905.jpg,614,614,614,0,0
train/0614/f0d25df8832a4c24958a525e08620f16.jpg,614,717,717,0,0
train/0614/f9de38e71ce04921b812d3da06183d65.jpg,614,614,614,0,0
train/0615/062438ff2ccf4a45b57fc29f8319f263.jpg,615,120,615,1,0
train/0615/0ece5159b0444ee1acac896345c10c26.jpg,615,120,615,1,0
train/0615/1656b1f9e5c341b1a57c4b099e512257.jpg,615,120,120,0,0
train/0615/1a87c212d090447fb81034abbdd110a3.jpg,615,120,120,0,0
train/0615/2156147d4d1d43139016535a93c9e3cf.jpg,615,120,120,0,0
train/0615/2911185c7e6e4bd280da7ea3964f9e8b.jpg,615,262,517,0,0
train/0615/382bf0691e844adbbaaff8452fa3a866.jpg,615,615,615,0,0
train/0615/41c99b4aa3094f9c94cec91682aac88b.jpg,615,120,120,0,0
train/0615/4293c69b10b34166bfab5b5bd892f26c.jpg,615,162,99,0,0
train/0615/45995683757e461880b9f19caf8d645e.jpg,615,120,120,0,0
train/0615/4e16f2346a89482998ef4c1f51e6c71c.jpg,615,120,120,0,0
train/0615/61b934b85af44321bd07ec0e82200aae.jpg,615,615,615,0,0
train/0615/627a06fbd42b4070a4974ab880e5026c.jpg,615,120,120,0,0
train/0615/93b664e8fd8448dab5ca1d0f8f37d4de.jpg,615,120,120,0,0
train/0615/9a1e9e233c0341a6bca57a9438d83e09.jpg,615,120,120,0,0
train/0615/a614397e3309490096fdffb7fa844d3e.jpg,615,615,615,0,0
train/0615/c9a57725825a4c15aabb5af6200b128a.jpg,615,615,120,0,1
train/0615/d15508806636429a819093eb64180745.jpg,615,120,120,0,0
train/0615/d8bd6faf5f81484c961463229c5bc6ff.jpg,615,120,120,0,0
train/0615/d9464e8c6a89453e875e9933d872d6a8.jpg,615,120,120,0,0
train/0615/e58a24a241bc449e9a9812e27400a4cf.jpg,615,120,120,0,0
train/0615/e6249430511d458296c95621f79f3fed.jpg,615,120,615,1,0
train/0615/ea322028f51842a4a0957311d36692e1.jpg,615,120,120,0,0
train/0615/ed02586284ca456dabe4bf86b2f28c8a.jpg,615,120,120,0,0
train/0616/11d7edd2f3344cb190c74350dc3f5119.jpg,616,107,107,0,0
train/0616/3cf989b690814f0bb731caa507760ddf.jpg,616,506,616,1,0
train/0616/3d972903a48e4d69b938ef19dba0c58e.jpg,616,732,732,0,0
train/0616/42ece7d9d4894e9eba05f2414494f1bf.jpg,616,107,107,0,0
train/0616/445a8961bdf847739fa96f4825ef4a8a.jpg,616,107,107,0,0
train/0616/4bfc45447aeb4556a8c479d05776af84.jpg,616,616,616,0,0
train/0616/4c813d07615b443098cd4aad54722620.jpg,616,17,134,0,0
train/0616/5f83a9664df240dfbe1d426c878642c8.jpg,616,276,276,0,0
train/0616/62c6e342739843ba9b4e11e4aeacc492.jpg,616,107,107,0,0
train/0616/6a5530c640474b8fa71e004abbf7702c.jpg,616,393,393,0,0
train/0616/7501cd8ca13d4ec38b1961e03d7d08e0.jpg,616,83,402,0,0
train/0616/9bd2353c9c6849968371dde705f425fd.jpg,616,107,276,0,0
train/0616/a257e66290d04d33907f08b48865b652.jpg,616,510,510,0,0
train/0616/a6a7d54dd90347fabc1334387c72bc71.jpg,616,732,732,0,0
train/0616/a7b780902fd64a318ab21183ac9e4796.jpg,616,107,107,0,0
train/0616/aae6dd3b122148e683a576bf15d204fa.jpg,616,107,107,0,0
train/0616/ba102bc71428430293e767566d4fc830.jpg,616,107,107,0,0
train/0616/d87cdec085cf41bc891d46f60a02c8cc.jpg,616,107,107,0,0
train/0616/e53f5dbcc29c43db90c73bbba235378c.jpg,616,107,107,0,0
train/0616/eb3fd8e6220445d683b38dcebc26c1ae.jpg,616,408,334,0,0
train/0617/00a2b647306b4b45adb1904411e9eef8.jpg,617,691,691,0,0
train/0617/1738017524324329ab4f4f7999d4588d.jpg,617,24,24,0,0
train/0617/318154c4905846e3a69b3f7273599dfa.jpg,617,621,71,0,0
train/0617/4ea3ad2f07e7472cb0ddc3c1d90c30df.jpg,617,527,617,1,0
train/0617/63c51f338d53402893d1713dab56cc69.jpg,617,617,617,0,0
train/0617/763ad11b790340fb96c6c7c9afe0ea8f.jpg,617,617,617,0,0
train/0617/8b6682bf734746a49c32acb1f21b9333.jpg,617,617,617,0,0
train/0617/96ad522ec8c444ad995854bca254bef6.jpg,617,617,617,0,0
train/0617/a592efc7aa8c4277bf064ab1570a4a7e.jpg,617,617,617,0,0
train/0617/ac805f92190644c3907755d2c3aa4686.jpg,617,245,61,0,0
train/0617/b5052979ed654dcb8b3b5ef2c6b2a744.jpg,617,617,617,0,0
train/0617/b849377d4c8d41a693278378cdfb5de5.jpg,617,673,673,0,0
train/0617/ce1166d0339b4618a32b295af513ebe6.jpg,617,105,105,0,0
train/0617/d301d7d08e704b8ba41106531b2bec6c.jpg,617,617,617,0,0
train/0617/f00b7a79008346059cb123860c997feb.jpg,617,158,617,1,0
train/0617/f7b3281df59d43a4bff95fa40f97b977.jpg,617,497,497,0,0
train/0618/014dc55b3db64fd6a58d1492e8639e67.jpg,618,618,618,0,0
train/0618/096f70c96943457391c2c7544b6ee259.jpg,618,521,521,0,0
train/0618/11ed7edc94974b7d819eaf76d27c99c4.jpg,618,618,618,0,0
train/0618/1236e4c6aaed4b1784490636d23281f2.jpg,618,618,618,0,0
train/0618/135b5c37ede749bfaf8e7ac1fe253032.jpg,618,618,618,0,0
train/0618/3dcf662d56d14b5282daa1633b02c303.jpg,618,618,618,0,0
train/0618/46f8d220b6d74a1c9dfd7241597b009d.jpg,618,618,618,0,0
train/0618/4d59996eeea24a7cad8fbae6c376e0a9.jpg,618,618,618,0,0
train/0618/643b0ecd3ab04e13962eff25de4ce5ed.jpg,618,618,618,0,0
train/0618/69c46abc230a498db38a767ad1695b37.jpg,618,618,618,0,0
train/0618/825c173f31aa425ea1b945f5505dfa92.jpg,618,618,618,0,0
train/0618/882d1a23e1e74ab28672aa3eb9f0cb11.jpg,618,618,618,0,0
train/0618/98d79449e1fa4277b8c8c6d1daecdb44.jpg,618,618,618,0,0
train/0618/993f672938f34cce94a6d86014d912d5.jpg,618,618,618,0,0
train/0618/99f1b8cbe6d74a9487e2195d4c9d0d6d.jpg,618,618,618,0,0
train/0618/a03715aabe434d10ac1d89b7f870e588.jpg,618,618,618,0,0
train/0618/b46acc71022c4168bf25a22f83ba63ac.jpg,618,618,618,0,0
train/0618/bd9a54e6cc1349d2a9bda2568b3af708.jpg,618,618,618,0,0
train/0618/e925bc5158814613b20d48760d5fb570.jpg,618,618,618,0,0
train/0618/ed08e590f9c144be9726a624a328b78a.jpg,618,618,618,0,0
train/0618/f14ef183452f480ebc3b588c51547693.jpg,618,618,618,0,0
train/0618/f78da8b36bb243689e7f4a9156ed3784.jpg,618,618,618,0,0
train/0619/0ce843ec61a640c887f42a6daefb99ba.jpg,619,619,619,0,0
train/0619/2a984a6b48ab430d8cddcc1f7c3db411.jpg,619,619,619,0,0
train/0619/34c0dbf4bcec4cbe9793ef53f7f414a2.jpg,619,619,619,0,0
train/0619/369845e95810449d9367955c1b42900f.jpg,619,608,608,0,0
train/0619/39e059baf6c343acbfdfbfdda53fc180.jpg,619,341,341,0,0
train/0619/41d70b6f5eb54a8e93b4492cc4499bc0.jpg,619,341,341,0,0
train/0619/4a8eb4e11fc24b79beab48e7272dce01.jpg,619,608,608,0,0
train/0619/51b1ed161b33449e9dfcba6d13ded386.jpg,619,403,403,0,0
train/0619/6bf751f248c143a6b46da1ec9c5bc3a4.jpg,619,408,619,1,0
train/0619/713b8edcfd794e50b4c8ee7708239b2e.jpg,619,619,619,0,0
train/0619/896a5c161dc94b8bbb30ba55d44eb250.jpg,619,107,233,0,0
train/0619/8bd8d1983f1f41dea487c5b29a8529e7.jpg,619,698,698,0,0
train/0619/9478e62378224ce8904f82aa19b5ca52.jpg,619,619,619,0,0
train/0619/95083274fc0e4a1da6c520afb4bef89c.jpg,619,341,341,0,0
train/0619/954427035c394f2fbbe86de92b9d974a.jpg,619,619,619,0,0
train/0619/9c2b8da1ee2a462192f334e5156867c5.jpg,619,619,619,0,0
train/0619/b0c950ce21a44d3f91fa89f4e217ba1f.jpg,619,619,619,0,0
train/0619/bb3c545aa7c145f09390ac87e289f0b9.jpg,619,334,334,0,0
train/0619/c0abee5ab2be45f2a2a32ad9974a7629.jpg,619,341,341,0,0
train/0619/c6b825a018da498681a00ba9a1056cfe.jpg,619,619,596,0,1
train/0619/cd218017a34a4c7fae3b8dd6c66a6828.jpg,619,619,619,0,0
train/0619/d5c2e064a3b74c6e83fc688134c2d956.jpg,619,619,619,0,0
train/0619/e395aa7890d14b50ab32f31ef7ae9e29.jpg,619,341,341,0,0
train/0619/eff1a125d6bc4fb7b427865e0f1aad33.jpg,619,405,341,0,0
train/0620/1e535a221ab84c0aa19e55fed29300c9.jpg,620,620,620,0,0
train/0620/1fca908066a348cbb19b47853b96e123.jpg,620,142,320,0,0
train/0620/261d7954d0a84de5a6a56890a0928504.jpg,620,61,331,0,0
train/0620/3a9e8c26606145938d935adeb553ba75.jpg,620,620,620,0,0
train/0620/4b3796f7ecf24f3ab4d91193f762625f.jpg,620,620,620,0,0
train/0620/4eb36569fbbf419884a6a3a0a6bd437a.jpg,620,620,620,0,0
train/0620/76a80eec0f1444b1950db994abbfc030.jpg,620,620,620,0,0
train/0620/97c44667d52e4313b8847269d1be11c3.jpg,620,620,620,0,0
train/0620/aaf6ce49a03b4e7abae61a85270f1891.jpg,620,620,620,0,0
train/0620/ac2416e892654d9293f4b87211ced095.jpg,620,620,620,0,0
train/0620/afb15b6d67814ea68252bafbec38ee3a.jpg,620,620,620,0,0
train/0620/c0130f9d141d4b57b0451d86380054f5.jpg,620,620,620,0,0
train/0620/e4b0ba0f69a34e2991d127eb27ab25e2.jpg,620,620,620,0,0
train/0620/edb6609eb2014bd99d92913bd9157e1e.jpg,620,546,245,0,0
train/0620/f4e7570ce2764dcaa12805b911a97a8f.jpg,620,620,620,0,0
train/0621/1486482584784a0382711f2cc99d9cf7.jpg,621,621,621,0,0
train/0621/1b72085436d04957b236cba9275e2136.jpg,621,621,621,0,0
train/0621/3d318d7d9ede4350b536ca74e5bc3998.jpg,621,621,621,0,0
train/0621/5ac17895c6d947a9953df71195a8c04a.jpg,621,679,466,0,0
train/0621/64338eaf53dc48889d9c4884f782e6b9.jpg,621,92,92,0,0
train/0621/7544a38292c04b7fbbfcd8dd177932bb.jpg,621,621,621,0,0
train/0621/78aec12847e94e3ca19141c49ac58eb9.jpg,621,14,14,0,0
train/0621/8dfdaeff47344fb3871a815e793fda7f.jpg,621,731,222,0,0
train/0621/a615e77365d046f0925409c0ccba8737.jpg,621,509,509,0,0
train/0621/c4ab6c770f1943dcb3d8f082f489283c.jpg,621,228,256,0,0
train/0621/cae6ea0f684b4738a495ef459a0cb042.jpg,621,679,320,0,0
train/0621/d1d8e3291dc44b69b38ee15fc11efe54.jpg,621,514,514,0,0
train/0621/d5c5186cce734d4da958e26dd10ba90f.jpg,621,656,576,0,0
train/0621/e0b52d0f7ba340f3a3f14f7694ad932f.jpg,621,621,621,0,0
train/0621/f893beec46ea46da8be0a5f49d7895e0.jpg,621,621,61,0,1
train/0621/fe0dfd745ec14560af4ee75ad8b62230.jpg,621,61,61,0,0
train/0622/0b044495d3be4c6a9a038704f6092cd6.jpg,622,622,622,0,0
train/0622/290b6c9a8a184ec68830d4bfa3e0a7e6.jpg,622,622,622,0,0
train/0622/39a1921b0842432aacaad36d2ca3cdfe.jpg,622,622,622,0,0
train/0622/4af1b983c1a7495f8c0e373502b93eb7.jpg,622,622,622,0,0
train/0622/4dc46967523a4b1fa9e811a0b860ed82.jpg,622,622,622,0,0
train/0622/52b22f98df5e4d83a7aa66a71b0c5823.jpg,622,622,622,0,0
train/0622/5bd77b37a1e44159ae6416f1b498fa65.jpg,622,622,622,0,0
train/0622/5d3d04ecfedd459ba3423f6de4f744b1.jpg,622,622,622,0,0
train/0622/71df7219af9942e08395916b4ba83016.jpg,622,622,622,0,0
train/0622/82233236d23f479bb9b4be8abb2e46df.jpg,622,622,622,0,0
train/0622/94e71629fde34165af76814e6360f95a.jpg,622,622,622,0,0
train/0622/96cba8bc7796480aa63e080290d2eb1b.jpg,622,622,622,0,0
train/0622/ae3a76a582204b88b2ae5ed62aa9410e.jpg,622,622,622,0,0
train/0622/ae7c2afd28cd41c29f87b272c9b5a62b.jpg,622,622,622,0,0
train/0622/bac9aefe6a4d4ab5852489ca7eaa9a82.jpg,622,622,622,0,0
train/0622/be165976f4c245a38b03cb984b76dabd.jpg,622,622,622,0,0
train/0622/c2ec4c5b70214afea19e26646d088f41.jpg,622,622,622,0,0
train/0622/ca1eac599f0a4884a5601d50b1facff3.jpg,622,622,622,0,0
train/0622/cf5cf105381949c6b8f84159b16dce44.jpg,622,622,622,0,0
train/0622/d6eb5e0b3f874a1c8f8fb8661cf09892.jpg,622,515,515,0,0
train/0622/df68cb6776ce40fc8f622ed765f44bb4.jpg,622,622,622,0,0
train/0622/e5248d75989840459fb2f6e74755cd68.jpg,622,622,622,0,0
train/0622/f795c6c3890b4805a6cadf8fb4037113.jpg,622,622,622,0,0
train/0623/27af357ddb9d4e89a0c7dc680524cb0d.jpg,623,623,623,0,0
train/0623/2bff63ffa69f4667b080c86c5608dba7.jpg,623,623,623,0,0
train/0623/2f52f2319c9b4088b1d18c6055d2fed4.jpg,623,623,623,0,0
train/0623/51a445c4937b4782ad3a6f0ac1b146ee.jpg,623,623,623,0,0
train/0623/57d645728f184dfc89721f09d9f1d905.jpg,623,623,623,0,0
train/0623/5a07879872184bcf9a377f2bbb6b2b0a.jpg,623,623,623,0,0
train/0623/5f01b9bddeab47f3b3d302d5f14f7d97.jpg,623,623,623,0,0
train/0623/62a3e17dbe814207b16b56b409b90ee7.jpg,623,623,623,0,0
train/0623/62beee5213574a5480167680f8be4736.jpg,623,623,623,0,0
train/0623/658508ab42934e7fb12b93a6bd371855.jpg,623,623,623,0,0
train/0623/80512df971a643dc99ed5301945da862.jpg,623,146,146,0,0
train/0623/8383f12b9e734e3db63a7e9a9ca38b54.jpg,623,277,623,1,0
train/0623/8a28a069c0654ef9928c43ebff5618bb.jpg,623,623,623,0,0
train/0623/9271233d11bb40c8a44ae71f42ca57ad.jpg,623,623,623,0,0
train/0623/9e7c4f27f262489fbc152de6c41f6262.jpg,623,623,623,0,0
train/0623/a3e763dbcfd44673bda17cad6834338f.jpg,623,397,397,0,0
train/0623/a7ea249c49584c58883a069bdf0f3504.jpg,623,397,623,1,0
train/0623/c2a18529eb2445d6abc271395f4c65d5.jpg,623,623,623,0,0
train/0623/d3025826f6a8484b97cfb6b25deefcfc.jpg,623,44,623,1,0
train/0624/03494d1a5be54d8b8d103e24cd5be2a3.jpg,624,624,624,0,0
train/0624/097ba025ee6041ce813ecf45c50ccf77.jpg,624,624,624,0,0
train/0624/1135886a55c049348c661de86476a7d2.jpg,624,624,624,0,0
train/0624/1c4f8980fb014497904851fc7a733666.jpg,624,624,624,0,0
train/0624/2f6bd3f0988f4066816fd10047e4dc36.jpg,624,98,98,0,0
train/0624/31ef446e7ba14c7295b614fcdff5b92a.jpg,624,624,624,0,0
train/0624/473b2640d5984a2cbab1411b32019972.jpg,624,624,624,0,0
train/0624/4f966b8314e943f6b4ebcfd5922cf3ec.jpg,624,624,624,0,0
train/0624/5a5ba84829e740fc8cee75c286851c2e.jpg,624,624,624,0,0
train/0624/60c0925677254f8ea1eca889e6e6b520.jpg,624,624,624,0,0
train/0624/7768d1cc0f074e5c8a259ad880047038.jpg,624,624,624,0,0
train/0624/7fb5369361f643098ce8581384182f83.jpg,624,624,624,0,0
train/0624/856caf771ed7457c95559f12ba79a6c5.jpg,624,624,624,0,0
train/0624/870d89c6cea14be9acc8209606268e9f.jpg,624,624,624,0,0
train/0624/87bec3ae2082441d9d0afaf9c46e2977.jpg,624,624,624,0,0
train/0624/a235290fce3540f3993011f9034db17d.jpg,624,624,624,0,0
train/0624/ae73076c044544798d145bf82e2c24ab.jpg,624,624,624,0,0
train/0624/c924733c226948f59c769b4335d95135.jpg,624,624,624,0,0
train/0624/c9507d2bf3c24a399b7149b1cf727bbd.jpg,624,624,624,0,0
train/0624/d74448f0f3b5496faa71b2d101c2b78c.jpg,624,624,624,0,0
train/0624/e1b89fc904174177858a08bc2549a5e0.jpg,624,624,624,0,0
train/0624/e7542af4bb1d4207b707188c68c52b10.jpg,624,624,624,0,0
train/0625/073e6237f7e3416db768e8c1c8b90dde.jpg,625,625,625,0,0
train/0625/0c629c67d04d497f9e5364f7175a1fbc.jpg,625,579,201,0,0
train/0625/1c7e86c37b414a3c8284af345cf7f270.jpg,625,641,641,0,0
train/0625/24696b1dd370409f9aac964b64cc2ad3.jpg,625,625,259,0,1
train/0625/2a745b8315164a6286edb47f91077461.jpg,625,625,105,0,1
train/0625/2b4456771b62446690fd1d98b975b7bc.jpg,625,686,412,0,0
train/0625/444e0e4b3ea64b62bd292a9dfb0ec6d9.jpg,625,625,625,0,0
train/0625/5409217eae884e609b39a7a13392edf6.jpg,625,641,641,0,0
train/0625/7270d5b4a9e342ffb39d519b05504354.jpg,625,641,641,0,0
train/0625/7965c4afac384060ad7a1bb54953fec5.jpg,625,344,344,0,0
train/0625/82cd108c89554cb4a5678061bc30d558.jpg,625,641,641,0,0
train/0625/a55249c290374a109152d0fbb750da59.jpg,625,686,686,0,0
train/0625/a8337d283432464cb61b3afb8d541cb6.jpg,625,625,269,0,1
train/0625/abb01349efa049a9be2c7ad36b200dd8.jpg,625,625,625,0,0
train/0625/d43e27a87ed1480382d71a031c72e54f.jpg,625,736,736,0,0
train/0625/d7d007275dbb44248a351640a5583ce3.jpg,625,625,641,0,1
train/0625/ef9f4869b7ec47fda50c3b5e47815147.jpg,625,625,546,0,1
train/0625/f0a87779730b40a1b095aa172fe83e8d.jpg,625,686,686,0,0
train/0626/0c29c104950740cf92e1b2b816ef7f58.jpg,626,532,232,0,0
train/0626/135aeb656c1c4e4f81ef6ef1ae9a7928.jpg,626,626,626,0,0
train/0626/29b4a047e3294f1a8cec2f624ae442c7.jpg,626,94,94,0,0
train/0626/2c70e3e95519483bbba5f94be95c2f57.jpg,626,626,626,0,0
train/0626/31ce308fe7544b73825f563b9529cfb8.jpg,626,626,626,0,0
train/0626/344e2151b723491482596711de5a2611.jpg,626,626,626,0,0
train/0626/40eb5ac0b811403bbef242aa25f56928.jpg,626,626,626,0,0
train/0626/4698b80241624970abde0a4bad555dbb.jpg,626,626,626,0,0
train/0626/48824ed774014f31b4bb3e057c529621.jpg,626,415,626,1,0
train/0626/7869c4dec3b34c1c9ff57ffbd7cc084f.jpg,626,135,135,0,0
train/0626/a496d70c013a4ceb83bbce27a82c75f2.jpg,626,152,152,0,0
train/0626/abc9fc2355504fb99162c296f5aa3083.jpg,626,626,626,0,0
train/0626/b76c4e8034dc4c1387c6f783eed5c4bd.jpg,626,626,626,0,0
train/0626/cf5830d1a66d490e9ae5e855a5f61b8e.jpg,626,626,626,0,0
train/0626/d1aece5675af4139a68c587baabaa483.jpg,626,532,748,0,0
train/0626/d7f925728c1f4bddbdf941d84b05a43b.jpg,626,532,532,0,0
train/0626/f82c653d0c394b4ebdea4d854a2252da.jpg,626,532,28,0,0
train/0626/f98003e4d99341dabd9bb6326f73f506.jpg,626,626,626,0,0
train/0626/febb9bf26d694329954434d0bb035b99.jpg,626,626,626,0,0
train/0627/17298318e3ba425091463f88f93bcba7.jpg,627,2,493,0,0
train/0627/1f050be0b3b2456e9501a45f89cf2efd.jpg,627,182,182,0,0
train/0627/45c32b55a2d54cd0a505e463b8b20d8e.jpg,627,483,58,0,0
train/0627/54527172702040fb95e1e6deaf871b81.jpg,627,226,722,0,0
train/0627/7bc2a0bbcf0849a1afa902d5be5c4f70.jpg,627,627,542,0,1
train/0627/7d4cef179c564148aff13954d5c14eb0.jpg,627,714,714,0,0
train/0627/80d54ad1b433462380b070d8b1a17174.jpg,627,182,182,0,0
train/0627/85a9d7296650425e823f190d68c63bf1.jpg,627,599,722,0,0
train/0627/ab8d03841f284064bba152b3c8d94455.jpg,627,559,219,0,0
train/0627/bb9707b42f424ac79de826fd77c7abae.jpg,627,182,182,0,0
train/0627/c168deb92667454bba93defa5f90c36d.jpg,627,217,217,0,0
train/0627/d49177bac0c74602b36e6eb687b8de4f.jpg,627,627,217,0,1
train/0627/eaca474fecc6432daf377fe256d1eff0.jpg,627,182,182,0,0
train/0627/ed7dae4258ea4115a70e98eb1b8f78e2.jpg,627,182,182,0,0
train/0627/fc495dfde92c4480a0ee4f739863177e.jpg,627,518,369,0,0
train/0628/10494b7bd21545d68e8e6bafae78b317.jpg,628,345,331,0,0
train/0628/15f25dc080c1415c9b02e9d2006d01df.jpg,628,248,248,0,0
train/0628/1aee5c4f437b4c2384a6768bbb36afbc.jpg,628,345,441,0,0
train/0628/2899558cf2874c39ba9c152fa5aab58e.jpg,628,248,248,0,0
train/0628/4b73a95328974ba08ef68e3e341e5166.jpg,628,628,165,0,1
train/0628/58a8c386338e4c22be59801b131ddd81.jpg,628,311,248,0,0
train/0628/6d32306d3b754ec1b3fa382fd59885ca.jpg,628,345,691,0,0
train/0628/7526043a41ce4e34886acba0e386e946.jpg,628,628,628,0,0
train/0628/775ab5e66a2048668d659dda8b50a31a.jpg,628,744,248,0,0
train/0628/7fd5cfbfa7344fb9a5b897cd57ddb6ce.jpg,628,628,441,0,1
train/0628/9c03264fbca148b8939f7af1fb5633e5.jpg,628,628,628,0,0
train/0628/b1fa69bbcbbe492788533c80b95bf166.jpg,628,628,628,0,0
train/0628/c210b808712a49ce97e42a0b0e0e9c72.jpg,628,649,649,0,0
train/0628/c458b736caf8466fbfb37a14228af0ae.jpg,628,744,744,0,0
train/0628/cc7a55af3fa341ed9a4fb887079770ba.jpg,628,744,248,0,0
train/0629/0459b61f737b40afbc8de26f9dd01574.jpg,629,423,569,0,0
train/0629/0f1f2552761a4fa4a766c540d59fe2bf.jpg,629,629,239,0,1
train/0629/1dd9ff22164545b8acd11ee23514cd61.jpg,629,629,239,0,1
train/0629/257d2953e1d943c58ddd1c3bcc37ea40.jpg,629,423,683,0,0
train/0629/2c65105601c24cf8b5a9e4b3a88420bd.jpg,629,629,239,0,1
train/0629/2e94231e255c45cb9f1c34b5bf08d3a8.jpg,629,629,629,0,0
train/0629/316a65cf20254a9fa6c1c8279845da41.jpg,629,629,629,0,0
train/0629/42ce7c70d4bf40b6a6c8877606027a8c.jpg,629,476,476,0,0
train/0629/6679886e9d984f918d4143d92622dc7f.jpg,629,629,629,0,0
train/0629/72f3199c63b34d3a9e621349b3fcf52d.jpg,629,21,21,0,0
train/0629/8986392678cb4f19819d13fda0309d0d.jpg,629,629,629,0,0
train/0629/8c3dc9491a12412f9c56c5f9271292ad.jpg,629,464,464,0,0
train/0629/a50544d252734b35bdf6eec7ca0d8efc.jpg,629,629,569,0,1
train/0629/b5ab15b486b641dba91c72e6c5ed8ca5.jpg,629,604,233,0,0
train/0629/b72dc5c817dc478aa2a7464ac17b99bb.jpg,629,239,239,0,0
train/0629/c2b01680b73a41858d62ec352e9c62bb.jpg,629,629,476,0,1
train/0629/cb623eb95e6e4ea9b7096dcae71e5933.jpg,629,629,629,0,0
train/0629/ccb79eb115e6435ebb317ffff5764578.jpg,629,10,10,0,0
train/0629/e5deb5db579c4e27b33d4e79656aae7d.jpg,629,629,21,0,1
train/0629/e86b15809fe446ebbb723589cb371ce1.jpg,629,629,629,0,0
train/0629/fe9aebe5a08c41c0baf4539f4d921ac1.jpg,629,601,604,0,0
train/0630/0039aeadd69544ab83e2e76484e93b43.jpg,630,630,630,0,0
train/0630/115cd0788ced488b8b7ea2021939b5ef.jpg,630,630,630,0,0
train/0630/19a2c5a5a0c04d8eabb7d349509a3cd2.jpg,630,630,630,0,0
train/0630/22fadafe9f124c4ba982e828d1b85c97.jpg,630,6,630,1,0
train/0630/3200cb3dad7c4f0ba174a1aae1f239fe.jpg,630,630,630,0,0
train/0630/34d7f29de77b4ffc84be962bc81a8fd3.jpg,630,608,608,0,0
train/0630/3acba2b02a7c467c96f13ba99aa87f6b.jpg,630,630,630,0,0
train/0630/3e2b24d2fa384a32b7484322364bc7eb.jpg,630,630,630,0,0
train/0630/3e5f151379de4636a3cfab81619ebd3c.jpg,630,630,630,0,0
train/0630/5318415de61d44768bd55bf8fe575ede.jpg,630,630,630,0,0
train/0630/5d9504d637e943e683c7b9bf9a5d05d9.jpg,630,630,630,0,0
train/0630/6ba8763e9519470a9e0595a9f535973c.jpg,630,630,630,0,0
train/0630/944063411d014e6abc95ec569c20183a.jpg,630,6,6,0,0
train/0630/983a69fdebf444cea53ca8a42bef4d18.jpg,630,630,630,0,0
train/0630/a01e9c7b4c9443959c989b0f3e2be4d5.jpg,630,630,630,0,0
train/0630/a07d3b21212c4863ba8464ee6ea193d9.jpg,630,630,630,0,0
train/0630/a0ec1945da2a473582469da328531adb.jpg,630,630,630,0,0
train/0630/a6474d156f3a4bcab5e2ee612e4421b5.jpg,630,630,630,0,0
train/0630/a9dd74900a0149d0a1a5b35b94e640bc.jpg,630,630,630,0,0
train/0630/a9e6d5d0c5ea467abb1f05e29ac06cf6.jpg,630,630,630,0,0
train/0630/e6a1000f0f2c4021947869dac397de78.jpg,630,630,630,0,0
train/0630/e8d06a6615c14727a8ffdec5a4de8a85.jpg,630,630,630,0,0
train/0631/1b8e5d7806494781ba67863194a7e346.jpg,631,631,631,0,0
train/0631/1eca8030479741f3af419154c1ddc2f0.jpg,631,631,631,0,0
train/0631/49d2177565ae441794a0c1b6cff10edc.jpg,631,631,631,0,0
train/0631/51551aaa55a04d43b5afe3e52290ccb7.jpg,631,631,631,0,0
train/0631/59df50f490544c5186391dad4f59e717.jpg,631,631,631,0,0
train/0631/5a2796ffce00474d94c10751c83c1ab7.jpg,631,631,631,0,0
train/0631/6e61e87def4d4c6db4c8711cb0493a21.jpg,631,631,631,0,0
train/0631/7444dce6e7c2451fa99a0d76f1bf710a.jpg,631,631,631,0,0
train/0631/86a52fc7d83f4e13bc55d986fe5571de.jpg,631,631,631,0,0
train/0631/917ffcb88d6e4e8ead4e3b922348c9ef.jpg,631,631,631,0,0
train/0631/922bb12c0c324bc285bd3121cbd7b42e.jpg,631,631,631,0,0
train/0631/a80852cc056d42888ba168a2dacc8e19.jpg,631,631,631,0,0
train/0631/a8444df2510044a2b2802d4264d42b46.jpg,631,631,631,0,0
train/0631/ae5d85f1e8ea4ddd9698b9d63b5f16b8.jpg,631,631,631,0,0
train/0631/b147a63aa47a489499de551a862fbf06.jpg,631,631,631,0,0
train/0631/b5cfd7efa041492ba73121471638d3ea.jpg,631,631,631,0,0
train/0631/b7a2d3b665d343b59d4309230ba5eb06.jpg,631,631,631,0,0
train/0631/bcd798ec9e584f598af71a84046a29ee.jpg,631,631,631,0,0
train/0631/dcd26b66549f401e8a052b295fd94cf7.jpg,631,631,631,0,0
train/0631/e2901f8d95ca432cae75c6e985003898.jpg,631,631,631,0,0
train/0631/e2a1b1c317424048a1b8111385a73c18.jpg,631,631,631,0,0
train/0631/e81e7685fa504ebda0248b765d05d102.jpg,631,631,631,0,0
train/0631/ea039c8adf1b4d378ce5e949e627ad73.jpg,631,631,631,0,0
train/0631/ee3045b381cc47768292dbc522bc725f.jpg,631,631,631,0,0
train/0632/04e4b73c28184738a171e2fc67418251.jpg,632,749,749,0,0
train/0632/20a9e65582734024a788cd3d9715968f.jpg,632,749,749,0,0
train/0632/2f46e0241e3b473fa3da0eebd0b7c48b.jpg,632,525,525,0,0
train/0632/31eea16051624084833863d6f604ef9f.jpg,632,749,749,0,0
train/0632/3fa1c67384f54c9e9a760728aa46251b.jpg,632,749,749,0,0
train/0632/444a3bbfa06e42d1b3f72612655b09d7.jpg,632,632,749,0,1
train/0632/4b8ef8ba83a448318afa1a8ab7b68877.jpg,632,749,749,0,0
train/0632/5775c3af930d412d93642c7a2e99f4ff.jpg,632,706,706,0,0
train/0632/5ac3718af57741d9b82c2fe2ba1d0c7e.jpg,632,2,2,0,0
train/0632/7d0b4af3cfbf4377baa8f6476ebab1b2.jpg,632,749,744,0,0
train/0632/80ae191c66784d8b8026504ee7026c31.jpg,632,695,736,0,0
train/0632/abc2863a16ee48c382c8eeb09d2c1522.jpg,632,61,61,0,0
train/0632/b62244796a7c4e2b9a4292044cc598c9.jpg,632,621,61,0,0
train/0632/b7616a99ef234640bbe14812298cbc3b.jpg,632,632,632,0,0
train/0632/c13ecc2045ca458c938d793c8ecaecdf.jpg,632,141,182,0,0
train/0632/db3c869f21124367b9abfc85a90ed8d0.jpg,632,632,632,0,0
train/0632/e49b8f51bd504ec8b8bca66058b1cf65.jpg,632,632,61,0,1
train/0632/e949064d9c07491983099b528fb72d7a.jpg,632,326,326,0,0
train/0633/143723b77b75405c84c6fb1b1e80a4a7.jpg,633,203,203,0,0
train/0633/154255ae120a4ec59ee3fb51e864afe0.jpg,633,569,569,0,0
train/0633/539cf39db9ec45e793d0492476c62a8b.jpg,633,633,633,0,0
train/0633/543d9ae0a33e43bc84f4875a87083e3b.jpg,633,203,262,0,0
train/0633/56b2f7c31860493491786d3970abda9b.jpg,633,203,203,0,0
train/0633/62076c1f77c54e088aee2ffda9eb0844.jpg,633,262,166,0,0
train/0633/688b91e369e642b98a28df83d4b5c6fd.jpg,633,203,203,0,0
train/0633/83726bb0b6b04ec18be02631fc9b40c7.jpg,633,633,166,0,1
train/0633/8c60202b86764bbf8ac9b656d92c49e0.jpg,633,203,203,0,0
train/0633/9618a98a943040139d367eec85de6d32.jpg,633,262,446,0,0
train/0633/ad7c9ae7e4af4271a9a32a0d8132fab3.jpg,633,203,203,0,0
train/0633/b6ac49ecab5e4d66ba15d7ff6737237e.jpg,633,203,203,0,0
train/0633/bac100a5afaf4067b24c6fc101a494b1.jpg,633,203,203,0,0
train/0633/c3c0165690084fc286a491a996db3d15.jpg,633,262,166,0,0
train/0633/c49674b1a453449b8464a2cfff75de3a.jpg,633,203,203,0,0
train/0633/cd92c0cc4a274c87bf5163a6b4338e8d.jpg,633,203,203,0,0
train/0633/e33c9975c5264330853e3d15e15165d2.jpg,633,104,103,0,0
train/0633/f15799e1d6a3440281099b40398abe93.jpg,633,199,199,0,0
train/0633/fdc4d949f9294d6993295a72940907b8.jpg,633,203,203,0,0
train/0634/255ad00c61fc4fb097ca74312778360b.jpg,634,634,634,0,0
train/0634/2706cfc5cb614120b8d07fe9519fc166.jpg,634,634,634,0,0
train/0634/3f8265be854c40a5816b74781b338feb.jpg,634,634,634,0,0
train/0634/4ea946a9724d4930abafe07fb35a997c.jpg,634,748,391,0,0
train/0634/518a634a367e45c2b7bca988a459fe2d.jpg,634,634,634,0,0
train/0634/5f9f5c61912b468fa747537ff0252659.jpg,634,634,634,0,0
train/0634/6bddb9749d944933ad41623186a4707c.jpg,634,634,634,0,0
train/0634/77010c4483724807b3b3ef4e615ff155.jpg,634,232,232,0,0
train/0634/86e69ea585cd44728fbb75d0815b18a1.jpg,634,634,634,0,0
train/0634/8af2f90e217a44ea915b5ecfe3c409cf.jpg,634,634,634,0,0
train/0634/a48ad7fef3954794aec77a8718a5f0cb.jpg,634,634,634,0,0
train/0634/b249bcc3d60146b7b519daa3c574cd51.jpg,634,634,634,0,0
train/0634/b2971144986c4a49ac7d8484452fbeb4.jpg,634,634,634,0,0
train/0634/ccfb2df60689454b85be09dd356c9730.jpg,634,390,748,0,0
train/0634/dd6129fd5cb241d6b734efe93e4794f9.jpg,634,507,507,0,0
train/0634/e872455ffde748dbb6033c94a8999856.jpg,634,634,634,0,0
train/0634/fa607ba219f445bfb82079df3e8cc4c4.jpg,634,634,634,0,0
train/0634/fb1351d4342a48c8a57924f513f12e72.jpg,634,634,634,0,0
train/0635/09ed8a71c1b74decb23428469c1fc6f6.jpg,635,43,43,0,0
train/0635/12e47c52328a4f1b93fe2d36dbfc78cd.jpg,635,112,650,0,0
train/0635/490d596f5a6e4f05b684892556643fe4.jpg,635,43,520,0,0
train/0635/6f6fe82cbeb344ed95b708c96a47f83e.jpg,635,695,695,0,0
train/0635/750796e735e14eadba33b0d701ed3f35.jpg,635,474,520,0,0
train/0635/7e35534701e24b8ea626bcc6dbfd6a3c.jpg,635,602,602,0,0
train/0635/95e2d6d451f24601bf1205f00cb38331.jpg,635,509,509,0,0
train/0635/a75438eba262467da4f0bacd3a82176c.jpg,635,558,520,0,0
train/0635/b3d2a81c71294a65affb2f087d716cf9.jpg,635,43,520,0,0
train/0635/b7f20a7368ff41008713c00619d0968f.jpg,635,695,695,0,0
train/0635/c6eeccf5036a422cbdde3fdac8c9cf54.jpg,635,43,43,0,0
train/0635/c9c75f6071fd40e19bcd2f4440885910.jpg,635,732,732,0,0
train/0635/cff2b46680a74b50b7440f3144ce6bb0.jpg,635,219,219,0,0
train/0635/dc4aae0dd2cb4928826b3a9e02badb0a.jpg,635,43,520,0,0
train/0635/e07797080cc74a6ba865eae86a2b4078.jpg,635,206,206,0,0
train/0635/e8857cd547e84c2f87ffed794de2f073.jpg,635,43,520,0,0
train/0635/f2cd163f0ca044b9a349d40c90f87c8a.jpg,635,217,217,0,0
train/0635/f3d0a10329ec43f0932b228ea082d33c.jpg,635,558,520,0,0
train/0636/0e9b97cb1d564c1eb1949cbb273fc146.jpg,636,704,582,0,0
train/0636/19a9d664c88d442d8f3174abef6eddbd.jpg,636,560,560,0,0
train/0636/28ddff41421f4b549d269065cafa9e0b.jpg,636,636,636,0,0
train/0636/4536a22185be4a1e9934b2575e9642e8.jpg,636,636,636,0,0
train/0636/47e643fc0dad4673bb2ecd7c1629a906.jpg,636,28,28,0,0
train/0636/699c04ff24274601996f9225542e0804.jpg,636,636,636,0,0
train/0636/7650220b643644098b89339ef1d36f69.jpg,636,636,636,0,0
train/0636/77b4a1ef191f4d0796632b622e160e89.jpg,636,560,560,0,0
train/0636/9330d2ed776a4b3f999b305ca265d2d0.jpg,636,636,636,0,0
train/0636/951eb0f8fe2f4264ae3ef0850fe02807.jpg,636,636,636,0,0
train/0636/9fb6ee5d1a04486aadca9f5ee3cdfe46.jpg,636,636,636,0,0
train/0636/a453740199aa44b7bf65603caa6f83de.jpg,636,368,387,0,0
train/0636/bb588b6b7ac446a4b62dc91b1582cc90.jpg,636,715,560,0,0
train/0636/cb63d550760e443cb9789bf8a092e60c.jpg,636,636,636,0,0
train/0636/e1c39233286647859006e211f864189a.jpg,636,636,636,0,0
train/0636/e37291eacff548eb9278c4d9c376728a.jpg,636,636,636,0,0
train/0636/efd84fd29c4a4506a8dff78a7fc256cc.jpg,636,636,636,0,0
train/0636/fef847eaecd14b77aeb2bab478e821f5.jpg,636,714,369,0,0
train/0637/08a6adf213d84f1885c1067a59c28047.jpg,637,517,553,0,0
train/0637/09de4613503341249e48cfc0f53edc02.jpg,637,229,229,0,0
train/0637/148ee762dcd54e659bf73fb3eeaa3cc9.jpg,637,721,255,0,0
train/0637/226988469c844664a9bbb9ac4958c343.jpg,637,721,721,0,0
train/0637/4d9a731d7eba4b72969206ad2254678e.jpg,637,422,521,0,0
train/0637/582897db8ee647088961da16bc5474ab.jpg,637,517,517,0,0
train/0637/65c1b179166347fa998b1c9c044d6bc1.jpg,637,84,136,0,0
train/0637/67f9282ce97143e19a2fa3367f7bbb7d.jpg,637,42,103,0,0
train/0637/a8c3e53d7ad8499382beea2bb9493f11.jpg,637,84,103,0,0
train/0637/ae7021b737354ab1a1ffa1f20280e023.jpg,637,336,336,0,0
train/0637/b9f433729b3a44fca18f073b015c6d3b.jpg,637,336,672,0,0
train/0637/bed11e0c816c417a9c66d3cc46d12ed7.jpg,637,517,517,0,0
train/0637/c2c4334afb84419c829e9be8624a05d3.jpg,637,517,517,0,0
train/0637/cd741897bc0c4d6c94481da6b5e5180c.jpg,637,136,136,0,0
train/0637/d1cdc0c937b144ed891fe4d14de6641a.jpg,637,748,748,0,0
train/0637/f6cde0a6ef234d4888b95b4aada27eb9.jpg,637,229,662,0,0
train/0637/f82687e928034ff28d90110c6dbefdbf.jpg,637,100,387,0,0
train/0637/fbef1d443fce4d4a898689ba4cadaee6.jpg,637,517,517,0,0
train/0638/09146b40050c4fb4bf88abe341f5f5dd.jpg,638,638,638,0,0
train/0638/0c22aba5119a48808ec3320297a51100.jpg,638,638,638,0,0
train/0638/0dfe997cd71248e3969e47fff52fdbdb.jpg,638,638,638,0,0
train/0638/10db29aac038406787a418322c23e503.jpg,638,638,638,0,0
train/0638/1e494cb03eb145d5a45a993b90d96532.jpg,638,638,638,0,0
train/0638/3050f047047444748413f0f7339f43f7.jpg,638,638,638,0,0
train/0638/436e7ac619d849df949a2858943322ea.jpg,638,690,638,1,0
train/0638/4a1e2460f7c24dc9a811a2c7103d22a9.jpg,638,638,638,0,0
train/0638/53dc556f4c75438a9d622b3b8810e5f5.jpg,638,638,638,0,0
train/0638/57b4c448696a499d964e4e9619668aa2.jpg,638,638,638,0,0
train/0638/5a5600f6ac5042a2bd1137baa6fd03ca.jpg,638,638,638,0,0
train/0638/626cf8cdae80495bbe80ee2587d2fb6c.jpg,638,638,638,0,0
train/0638/666a44c0a0de40f59e5b87d5134f47cb.jpg,638,638,638,0,0
train/0638/7a4276598bfc4fd0a501e84b359e441d.jpg,638,638,638,0,0
train/0638/8be40a2118324da98e4771fe16d08ae6.jpg,638,638,638,0,0
train/0638/9b57fbab89354e979057c2badae1afaf.jpg,638,638,638,0,0
train/0638/cfc3bfbff7214b8b89f36ff6daedb19d.jpg,638,638,638,0,0
train/0638/dab1c20e967441e2ad75b7d9bcf4faff.jpg,638,638,638,0,0
train/0638/dc8fe9314a8b47e3b3769f7423b7c2f9.jpg,638,638,638,0,0
train/0638/e3f461eb0f2a4bca991c0066acf2f0ba.jpg,638,638,638,0,0
train/0638/e7fc068e796c4ffaa2b4e4efa86bac88.jpg,638,245,722,0,0
train/0639/0004b90346b245229d28a23e36f317b4.jpg,639,639,639,0,0
train/0639/0c0cadf26e324ef7bd99e93265303a0e.jpg,639,127,206,0,0
train/0639/0c9b5f04fead4a6ab0c606f967b8bbfe.jpg,639,639,639,0,0
train/0639/25951979bfff4a979d68590f3fe1547b.jpg,639,639,639,0,0
train/0639/27627731a0a74cb78ba3885bcb860446.jpg,639,639,639,0,0
train/0639/28178ed0d20c4cebb1b2fb5ae434b761.jpg,639,639,639,0,0
train/0639/340959b02fed4a20a3ae698edcf9f7de.jpg,639,639,639,0,0
train/0639/390f4a2330934548b89b080ec8cf1c50.jpg,639,639,639,0,0
train/0639/490f28094e454eafa47782013aab8dd8.jpg,639,639,639,0,0
train/0639/597f380b4367484cbe7334667c28d4f1.jpg,639,456,456,0,0
train/0639/60689dee423845baad4d6f6f48936ba9.jpg,639,676,676,0,0
train/0639/79ae8efa7ff243f8a1a8aec735e623d4.jpg,639,639,639,0,0
train/0639/82f6c31a2cae4fe1a53e9d0cddcba756.jpg,639,639,639,0,0
train/0639/921a46587e7f418c8396a105cdeb8eb0.jpg,639,24,24,0,0
train/0639/97899fc20b6846059dc6998aec05608e.jpg,639,639,639,0,0
train/0639/9be961d5814947689a9158aa8498bc7a.jpg,639,53,180,0,0
train/0639/9e9da2fe9f1d4d50999a540b97ef0bd7.jpg,639,639,639,0,0
train/0639/a598d18379eb4a219cb073c9c112070c.jpg,639,639,639,0,0
train/0639/b13922f3bd97407c99f81160abfd51cf.jpg,639,639,639,0,0
train/0639/be80ad95d0c04611b0cf61bee9f99c40.jpg,639,744,744,0,0
train/0639/c6c36fee1c88479696a84f3ece68c957.jpg,639,639,639,0,0
train/0639/ddafe21cd3a3420cb6d483a2008ea9fc.jpg,639,639,639,0,0
train/0639/e5db7e495dd24db1a0578e6cab6e1d5f.jpg,639,101,673,0,0
train/0640/1e0bf41841d8456d97906692573cce98.jpg,640,377,85,0,0
train/0640/2800cff0ec6c4a90a36fd74d622113e2.jpg,640,640,95,0,1
train/0640/298e264c35f24110af2b45722a9e8ee2.jpg,640,640,502,0,1
train/0640/2aa31243fba041aaa0e83ab08a2fec1a.jpg,640,714,714,0,0
train/0640/358c21648bf345d28632e1dd8ef3bf01.jpg,640,8,502,0,0
train/0640/414c618105e7421a834a2037b8fbad11.jpg,640,502,502,0,0
train/0640/4d3099cd96ff47db98bbe1e0104972e3.jpg,640,480,480,0,0
train/0640/63725a51158e4f83a1a83ad359def7e0.jpg,640,40,40,0,0
train/0640/66558983b8cb452ebcbe8d7b40151ba4.jpg,640,420,420,0,0
train/0640/819990cca88c4cf59eb5cbb749093296.jpg,640,714,419,0,0
train/0640/824d522876284f95a60c1e267b11bc4a.jpg,640,8,502,0,0
train/0640/91febee503a243e49f981f17aaf5ff70.jpg,640,8,95,0,0
train/0640/b0b60bbbf96f4b9ebcad39a8ced6827a.jpg,640,640,9,0,1
train/0640/bb274cf09d6e4d98b6966171a4b9fe67.jpg,640,34,95,0,0
train/0640/c1f625820a9d41ca8c63a6ed8f14b3e4.jpg,640,640,95,0,1
train/0640/c3341ab5cb844e6abd49399890955e92.jpg,640,640,95,0,1
train/0640/ce37e81282194ef7bd788c3f3b45de6f.jpg,640,74,74,0,0
train/0640/e2e89dbbc04640fe8cdcdf9feb774ebc.jpg,640,377,85,0,0
train/0640/eb14c93f416e48d1ac81128a27c4c75d.jpg,640,447,497,0,0
train/0640/ec95782f6ad244169349a5b400559654.jpg,640,469,469,0,0
train/0641/3adaf8d7f2284dbfb276e48704a65115.jpg,641,641,641,0,0
train/0641/3f6338265fcb41e1b634b0a5cd4493ff.jpg,641,641,52,0,1
train/0641/45eee901292d4028a056aba36e86458e.jpg,641,641,641,0,0
train/0641/550a0cd670064eda9f66abf3bab6bc0e.jpg,641,412,412,0,0
train/0641/5af9c2a150114d05af940b07cc706db6.jpg,641,641,641,0,0
train/0641/5b8b39e8f386412cb7b08193595dc3b8.jpg,641,641,641,0,0
train/0641/6430cb636bd24393b5bd2cd89e9f496e.jpg,641,641,641,0,0
train/0641/6c74b938535e441db5bcf0a5eb9a7308.jpg,641,641,641,0,0
train/0641/7d60880fbd4a4e699f4bdf1bbf038454.jpg,641,412,412,0,0
train/0641/7e488b28c1f04bcbb7f660a7d220e770.jpg,641,641,641,0,0
train/0641/97970e727c8a43459600001f011e2853.jpg,641,704,704,0,0
train/0641/9a55faaf1ee449b29b0075d53cddff28.jpg,641,641,641,0,0
train/0641/b78a03d2539c4a6db0ffa0253aecbeb3.jpg,641,641,641,0,0
train/0641/c50024e52be547718c178be95021f176.jpg,641,641,641,0,0
train/0641/d0d7151e389644f8a62efb980bc6144e.jpg,641,344,344,0,0
train/0641/d5b34b0f88a4474fa05c76c135010c37.jpg,641,641,641,0,0
train/0641/f358673603744adc965177fe49a60e16.jpg,641,641,641,0,0
train/0641/fa44642b824f4b4b9ce46da912555594.jpg,641,641,641,0,0
train/0642/126db63b264b40b19104ecaf25800de4.jpg,642,172,386,0,0
train/0642/20982d6073cc4fcaa58499d9bb2a77e1.jpg,642,172,386,0,0
train/0642/4141acf770084db3938cefaf6d635d55.jpg,642,233,460,0,0
train/0642/4bbc46673fea4a5dbacede35a32ea7f0.jpg,642,139,12,0,0
train/0642/69521c11837843ab823716530c67e307.jpg,642,172,476,0,0
train/0642/6de87c9a7b5b4e48b361d927641cfb5d.jpg,642,172,386,0,0
train/0642/77175de1cce94b15a6036c5ef86b4ee5.jpg,642,464,464,0,0
train/0642/7e1f6978b35e40149d08be3e977087f8.jpg,642,642,233,0,1
train/0642/91f0c81fe4ed400cb171813593b27f55.jpg,642,21,21,0,0
train/0642/97bfcf200dfb4831b56ed1e0262725a4.jpg,642,172,321,0,0
train/0642/9997001346944a128a45ac08d602fb07.jpg,642,233,233,0,0
train/0642/b5412467967c4579a7c2fb7f381be45e.jpg,642,604,171,0,0
train/0642/c4b41cc50cd143308b227d69732128fd.jpg,642,642,601,0,1
train/0642/d7ffe4fafef2481182b4acd20e1c2792.jpg,642,171,604,0,0
train/0642/dd68d0a4e00949119c7c518bb0849ac9.jpg,642,642,239,0,1
train/0642/dd848beb20864be481a3fa3920ec20a7.jpg,642,304,629,0,0
train/0643/0b854942d5734061a2da1649ae8b0a07.jpg,643,643,643,0,0
train/0643/268f3e91a96d4e0e86ebe7f14f615210.jpg,643,643,643,0,0
train/0643/2b5200116b8f4589a0e45c2c25f110fa.jpg,643,643,643,0,0
train/0643/4871529dc0bd4153b96809d0ca4f1639.jpg,643,643,643,0,0
train/0643/4a485f7371854fdaab8f31f39bcbbcd9.jpg,643,643,643,0,0
train/0643/622e359a15574815ba8587468f6ae861.jpg,643,643,643,0,0
train/0643/74b7a2ea992e43598ddd10c63ac91aec.jpg,643,135,232,0,0
train/0643/82f72d8cef7e4f1db99f3e9965d9d0a9.jpg,643,643,643,0,0
train/0643/8b1581198310433fa8fda022decc0345.jpg,643,643,643,0,0
train/0643/ab960d640b5f4564af3406aa80d9337c.jpg,643,643,643,0,0
train/0643/bd7625614fbd40aa8fd18b993ba6cd14.jpg,643,302,302,0,0
train/0643/bf9672c89b49449c9f97fa1c4938a35e.jpg,643,643,22,0,1
train/0643/ca0a936d00e64025ad2c75d77540f120.jpg,643,643,643,0,0
train/0643/cd0695d056a04ae0851d430e2b632dc6.jpg,643,643,643,0,0
train/0643/e12c707d6250486eb8083e69d030d0ad.jpg,643,643,643,0,0
train/0643/efd1dd0ac3aa4e0f8e74b23edde52cdc.jpg,643,643,643,0,0
train/0643/f0673e7ee5434975995e9fad52a9d5ad.jpg,643,643,643,0,0
train/0643/f96431b3b94f41ac922410e5c0bae004.jpg,643,643,643,0,0
train/0644/084d8a97b3354cc28a37903ae3c04087.jpg,644,67,67,0,0
train/0644/213f446bafca4e8f9ca01f83f067b084.jpg,644,272,710,0,0
train/0644/21fb30835deb4aef8735dd250bad3da1.jpg,644,710,650,0,0
train/0644/33c4ebe78c9f4484ab06a1722b6aec45.jpg,644,72,72,0,0
train/0644/40193cb0dd464382b6d45c71e94bf4c6.jpg,644,644,272,0,1
train/0644/4865ab4277ed4cd5afb6e7afb4519574.jpg,644,204,204,0,0
train/0644/4bb3138d3e584b3f83de20959a412957.jpg,644,189,204,0,0
train/0644/505f4e09881b4cb89d38ddad4aa7eb3b.jpg,644,295,295,0,0
train/0644/59349d6a174a4d4fa43f3334c2d5a797.jpg,644,204,204,0,0
train/0644/6c31495b06954a5eac33d91fe4b1d717.jpg,644,72,72,0,0
train/0644/a906f449d5804605842a5c40896fb689.jpg,644,204,204,0,0
train/0644/ac95b4eb96c04ef7aa4108f2507cdabe.jpg,644,439,439,0,0
train/0644/b5350275f7754f488d34eaee18d1956b.jpg,644,204,204,0,0
train/0644/c3b38351309244819b3544cab1278a6b.jpg,644,72,133,0,0
train/0644/c5268fb50e1e448381f28a88322e8d65.jpg,644,204,204,0,0
train/0644/cab9abf572514c3f87b45c87de366042.jpg,644,581,76,0,0
train/0644/dd10bf7407c345f58f8fd51c0c2bb234.jpg,644,72,72,0,0
train/0644/e522e8a320174870bce8fe7bc06abc7b.jpg,644,72,72,0,0
train/0645/00c559b960224e2d97751d3e1ae55bd1.jpg,645,645,645,0,0
train/0645/04556309621c4ae7880cb11e1896d82a.jpg,645,645,645,0,0
train/0645/085b131fe0dc4dfea724cce40bab9713.jpg,645,645,645,0,0
train/0645/0ee005f019f244dc87864413bbcce33e.jpg,645,645,645,0,0
train/0645/1c5e6c44bce44436bee95170bfc0575a.jpg,645,362,362,0,0
train/0645/316f9f6832af4958b48333585ac4c6e7.jpg,645,645,645,0,0
train/0645/34f642b00bd14d739a4a23257fb7d6ca.jpg,645,645,645,0,0
train/0645/4b953ad5efa74824a79dfcaf75907b6b.jpg,645,645,645,0,0
train/0645/4e74f42532a940f084e2874be9fe9a33.jpg,645,645,645,0,0
train/0645/563b9c5ec21547309ee89d6eb8fcdf3f.jpg,645,645,248,0,1
train/0645/62003eb3a9cf4f6fbdd797dc32ff194d.jpg,645,645,645,0,0
train/0645/67d89f01ff5c4ef7871d097d2a9ebf9a.jpg,645,645,645,0,0
train/0645/6b99146dd1384572a0f156c50b8cc6e4.jpg,645,645,645,0,0
train/0645/6f428896bb6449ba97e34d1b786f2563.jpg,645,645,645,0,0
train/0645/752873b97dc44e749be1aceb92144cd7.jpg,645,645,645,0,0
train/0645/9b297d8b44f347d68a35e2ca145d92a3.jpg,645,300,499,0,0
train/0645/9c60e8320a5c40c89f2062a3ebaa65dd.jpg,645,362,362,0,0
train/0645/b6ca96eb224744a8a710376a07a83bef.jpg,645,645,645,0,0
train/0645/bccf4fcf29a74ecf8e278578cd207125.jpg,645,645,645,0,0
train/0645/c91bcc08290147b6be25093ef1edfccf.jpg,645,645,645,0,0
train/0645/debbb8fe222d43da94031396c9c6bc7c.jpg,645,645,645,0,0
train/0645/e178e65367d142a59595bc3d21ee2a7f.jpg,645,645,645,0,0
train/0645/f8797d1e86d54d089f3883800b7235e3.jpg,645,645,645,0,0
train/0646/0baac31a7a994ecb8fd62c86c34a24dd.jpg,646,646,646,0,0
train/0646/1488e9631edb4fd087a3963777e46e59.jpg,646,251,251,0,0
train/0646/17cf8771004547cbb60187fe4cfd58fa.jpg,646,646,646,0,0
train/0646/362593701d19492da52e9c9e76a2d000.jpg,646,646,646,0,0
train/0646/3b9021e1ed3d427c9c77c3cd214ddba8.jpg,646,646,646,0,0
train/0646/40171bffbda14c3a8fefe90902e3543b.jpg,646,646,646,0,0
train/0646/4cde36a0c9c546d0a4c1abd7a19f8f86.jpg,646,646,646,0,0
train/0646/53854807bc5047cd913befd968c200c5.jpg,646,251,251,0,0
train/0646/66b56ebe6c0d45c697e05f93bd339958.jpg,646,646,646,0,0
train/0646/67bb8555f3544e48a3ed6f2c55fb741a.jpg,646,646,646,0,0
train/0646/7e5098ced37f4cafbf39a813b3e9fdb2.jpg,646,646,646,0,0
train/0646/90160521efcf4bbc844797813b1bf181.jpg,646,646,646,0,0
train/0646/95a178403c79490086022d08a5b52c78.jpg,646,646,646,0,0
train/0646/96796e5acdb4464b90e283670d445415.jpg,646,646,646,0,0
train/0646/c763e2a16cd24a61bd910c86743b4551.jpg,646,646,646,0,0
train/0646/cd271e47eb994335959a7f832796ed4e.jpg,646,646,646,0,0
train/0646/dacaea9dbc9e491f8716838a2f37d961.jpg,646,646,646,0,0
train/0646/db108c40ac8441139f7690248ea0f6c8.jpg,646,646,697,0,1
train/0646/e538dddcf9444f349d8ec1b40630e8a6.jpg,646,646,646,0,0
train/0646/e6e16f4b3a82400ea9e5180373464fc4.jpg,646,646,646,0,0
train/0646/e7656109c2c54681a2c2b23c0442e408.jpg,646,646,251,0,1
train/0646/e93e7476415c4eba8810f9bc97e42958.jpg,646,646,646,0,0
train/0646/ef681b4e82134eacb86c51b805ff7c84.jpg,646,359,257,0,0
train/0646/f632019b8bc9462696734432532c1c3f.jpg,646,646,646,0,0
train/0647/02da19ff8018437cb0e22654ef9eb575.jpg,647,647,647,0,0
train/0647/0844ae0c48f948fdbeab5cbe5574eff3.jpg,647,688,647,1,0
train/0647/19088d551bac4609b655befe782995af.jpg,647,647,647,0,0
train/0647/2cfb4a03b19642fd97cb70cb01a7124c.jpg,647,647,647,0,0
train/0647/42f1445dfe164021ba7e4dabc8199cb1.jpg,647,647,647,0,0
train/0647/4829c670213f4e1b91e826a992850833.jpg,647,398,219,0,0
train/0647/597c0f1e9aec41878d585035c4cdab5c.jpg,647,258,258,0,0
train/0647/648723160a1e4804ae3ddf7d012aeaec.jpg,647,647,394,0,1
train/0647/6628e2eeeb97466591df4d80c18a5f39.jpg,647,647,647,0,0
train/0647/752237b7a94442efaef5f3d83cb090e3.jpg,647,647,647,0,0
train/0647/7d3dbbf1e3634b47b4995f0363d92be7.jpg,647,258,647,1,0
train/0647/81eab039018043f68deb2724aaeda1cf.jpg,647,258,258,0,0
train/0647/853e4a9b59a84d6ea6efea54662d0f23.jpg,647,258,258,0,0
train/0647/8c4ed2927d184d988215abcc51fac891.jpg,647,647,747,0,1
train/0647/a8bc969a559a4200a684e430b94e8bc0.jpg,647,258,647,1,0
train/0647/ad31aa28fcdc457ab1c0c654743703ea.jpg,647,647,647,0,0
train/0647/af3c1ec2dc72424db46a8683c38f0a7a.jpg,647,647,647,0,0
train/0647/c0ffc49401ff45518de843bda5725780.jpg,647,258,647,1,0
train/0647/c192f957dd664262b90aea7c4b5c0bcc.jpg,647,647,647,0,0
train/0647/c90ed0bfe43143a2b6eb0ee3e4d4f468.jpg,647,274,274,0,0
train/0647/c98c0e4efac74f8caff4892d4ac48119.jpg,647,647,647,0,0
train/0647/d0029de0c0634932b406854c682325da.jpg,647,444,444,0,0
train/0647/d58f44da04e840abb09514f219353ebe.jpg,647,647,647,0,0
train/0647/dd7ba9dc39e34ead9b93584b5d1a51fd.jpg,647,647,647,0,0
train/0647/e4e77adc7eb6410cbf25b78812e46bb1.jpg,647,12,12,0,0
train/0648/2db16993a8a241d9a97a2dd2f6a43f2b.jpg,648,560,560,0,0
train/0648/3739545647bd4614a38e8f14af541b42.jpg,648,564,564,0,0
train/0648/533d947627204ea3bd3979a9e6548a2c.jpg,648,334,334,0,0
train/0648/6585248322a44c969b92de6efaae8660.jpg,648,500,328,0,0
train/0648/670c1ccf552642a6b68ea75418b1a433.jpg,648,218,218,0,0
train/0648/67f047b9570449daa14e0648e8e4675a.jpg,648,500,218,0,0
train/0648/81b39dc42f514ca9ae3115169a8e60fc.jpg,648,683,683,0,0
train/0648/a7bd6e05cf3444169c99dc9db7b94f06.jpg,648,648,419,0,1
train/0648/b70a8e96f6d145f4aaf7816db907aad1.jpg,648,151,151,0,0
train/0648/bbe031e4804d4a22b619dcf516810b4f.jpg,648,458,458,0,0
train/0648/c0d1b1fa27fc416890e26def9113c595.jpg,648,218,328,0,0
train/0648/c2e0f397fb4c4ff4bcc80e981f8acfb8.jpg,648,423,578,0,0
train/0648/c71dfa9cdf124a81ad95f965a56b8284.jpg,648,206,206,0,0
train/0648/cd7ed7a40dd74fa29e4662376fb68f2a.jpg,648,419,630,0,0
train/0648/cfbbe640b3774ec8a55962467660c3e3.jpg,648,130,619,0,0
train/0648/d0bfa2c55ed641679a5d6635ac8de84f.jpg,648,500,218,0,0
train/0648/d469f9445d3046aab44d97be3225ad47.jpg,648,500,218,0,0
train/0648/dfbdeca6261c4fa89d112fdd2ac3a593.jpg,648,560,560,0,0
train/0648/e87e23ceeff94e21a9a007ef103a13d5.jpg,648,130,130,0,0
train/0648/ed67074f9c4942239a7f8436626756eb.jpg,648,218,218,0,0
train/0648/f1cabbd7ab2643e7b969d05876d01216.jpg,648,619,233,0,0
train/0648/f43e95d898ed4d53b36652ad8048b0bf.jpg,648,6,564,0,0
train/0649/0871ddbbcdd448b4a6df60ced25697dd.jpg,649,649,649,0,0
train/0649/12dd19a29ab0441999d36692f815aeb8.jpg,649,649,649,0,0
train/0649/4e98f52ca1ce461d9afd0cf2232c9a46.jpg,649,173,173,0,0
train/0649/522e969c85ba47bfbb60ae6046ea5a7c.jpg,649,649,649,0,0
train/0649/57df66522d6b4cd490eac0f39605e0fa.jpg,649,649,649,0,0
train/0649/582a4dd96b714cd69983ae9aee50fa36.jpg,649,649,649,0,0
train/0649/74526bf6e3e1410681128064aca8da69.jpg,649,649,649,0,0
train/0649/79223018ffce426cb85d46dc9095ab8a.jpg,649,649,649,0,0
train/0649/80386df0a46e4d248c278dee5107c912.jpg,649,649,649,0,0
train/0649/90afd7f0aecd4cc9ad3f451f72429e06.jpg,649,649,649,0,0
train/0649/9e1baa54c75e44a395ac204abd579b1c.jpg,649,649,649,0,0
train/0649/abd602c3d6b744779662016067ebd929.jpg,649,184,649,1,0
train/0649/b20ff91894c84ee8b3da4d62e33ffa37.jpg,649,649,649,0,0
train/0649/bedeb2ec95d843e98431a2dabf08b32e.jpg,649,649,649,0,0
train/0649/c473831b2a5d426f892654149dcdb8bb.jpg,649,649,649,0,0
train/0649/d3e1dd6bee3e4b939a306a1130a90fa5.jpg,649,649,649,0,0
train/0649/d436f3f3f9aa4e77b7a17542d0ee5a30.jpg,649,649,649,0,0
train/0649/d5a1653c9d7f4ca0969883ff6a489200.jpg,649,358,358,0,0
train/0649/de25db188b42466ba020ee074fc29477.jpg,649,649,649,0,0
train/0649/e31611eb0c3448a1966b4f4f4d02a192.jpg,649,649,649,0,0
train/0649/e55ccd06da09431e91bf327d9779086c.jpg,649,649,649,0,0
train/0649/f41cdd51ef0342bc9304db89ebc5edaa.jpg,649,649,649,0,0
train/0650/0d66f8c5dadc4aaa992741ce6c99bbee.jpg,650,431,518,0,0
train/0650/10b2def2cae443f58048215ba1681a62.jpg,650,650,650,0,0
train/0650/117d8fad6c22413c9a71eea0f82b0a01.jpg,650,650,650,0,0
train/0650/1a6fc2ec13a04ce5808783af5a431945.jpg,650,650,650,0,0
train/0650/203c66ead32242db878af5b66adad66e.jpg,650,650,650,0,0
train/0650/305075ef445a4875bd1d9673002a49c7.jpg,650,650,650,0,0
train/0650/36c4505f209947a9a1ca406096b2926c.jpg,650,650,650,0,0
train/0650/420ad0b45cbd4a199c16d7206efae754.jpg,650,75,388,0,0
train/0650/4484503059f341bc80c909c0cf86daf3.jpg,650,175,650,1,0
train/0650/67637e5bad40485e8b850030023d8268.jpg,650,650,650,0,0
train/0650/71ca0321c23d4ac988a56ef31f79043e.jpg,650,650,650,0,0
train/0650/94fed93f9ffe403285deb54102d1b94c.jpg,650,650,650,0,0
train/0650/9d03496f35094ab58ae31bd2fc1236bd.jpg,650,650,650,0,0
train/0650/a6c2bafea28e4a92bab70baf3a80eec4.jpg,650,650,650,0,0
train/0650/b8023a8bdd7a46cda991f902de0a81d5.jpg,650,650,650,0,0
train/0650/c99022b776d342be8a5c41450105edf9.jpg,650,650,650,0,0
train/0650/d342340e2d20458f88b7a8e3e35eac12.jpg,650,650,650,0,0
train/0650/ea1a4ced72c3490996af87df7dbc3350.jpg,650,650,650,0,0
train/0650/f0c3812d79b94314821b314a6270a884.jpg,650,10,419,0,0
train/0650/f173226460bc4db39176d86b3271a04a.jpg,650,650,650,0,0
train/0650/f77badb78b1644d0ad27505e78ddc855.jpg,650,650,650,0,0
train/0650/ff80bcfab16c4e9dbf53a7b56f3dafae.jpg,650,650,650,0,0
train/0651/07b373ab9e0c4a408d1d78978bc60294.jpg,651,651,651,0,0
train/0651/16b8c641114e4520ba3902521cef76a8.jpg,651,390,390,0,0
train/0651/18b2415e0c2c4d0cba420c85d3a84d0a.jpg,651,651,651,0,0
train/0651/239c23c4d108496c95a50d69c6a9662d.jpg,651,651,651,0,0
train/0651/2e610d3e7abd433492904600a21177a8.jpg,651,651,651,0,0
train/0651/40f7f977309f41aba91c37c489af9156.jpg,651,651,651,0,0
train/0651/4bccf43e2c844eceb416c34094fe8d6f.jpg,651,651,651,0,0
train/0651/53d6ea71e0624c49b08b7b709d7d3158.jpg,651,651,651,0,0
train/0651/5db6ef7a279e400da93c7142711fd5fd.jpg,651,651,651,0,0
train/0651/6dbc3f999a9243afa6fd665285e55316.jpg,651,651,651,0,0
train/0651/782c08ce27f1407fbba3dbcc510bb278.jpg,651,651,651,0,0
train/0651/7fea1afd45d048edb4851726c09c61d2.jpg,651,651,651,0,0
train/0651/ab7b5d34a5524ebe8ba666f35453618e.jpg,651,651,651,0,0
train/0651/b43d5afbebbc4ac4bb3b5e2127c1ff37.jpg,651,532,532,0,0
train/0651/e298791d8a044ecb9904e646553e76a1.jpg,651,651,651,0,0
train/0651/e75fc3f9873141778924ae4babbe301f.jpg,651,302,302,0,0
train/0651/ede9c76cf013416992d1030c46deb2ae.jpg,651,651,651,0,0
train/0651/f66d2f70c068417086edd127e344a09b.jpg,651,57,638,0,0
train/0651/fd34609cc3cd4d9fb91705d8b8157f98.jpg,651,651,651,0,0
train/0652/039e5357cb7d4ff5a25531f7abca28b2.jpg,652,652,652,0,0
train/0652/1810a53aeae64400b8173b972086b67d.jpg,652,652,652,0,0
train/0652/198b6ca52f734106a0bb7e345bd74f66.jpg,652,652,652,0,0
train/0652/505ec1e858c9418aab53885c0662f52e.jpg,652,652,652,0,0
train/0652/53def0f02ec4461a93ce884383e8cfd9.jpg,652,652,652,0,0
train/0652/5e15c2a8eab74129b787a9835d2fe9bf.jpg,652,40,40,0,0
train/0652/62d50ad5fbc84778b5574bc58beb0900.jpg,652,652,652,0,0
train/0652/68f64b0febb74de2a547a809eb7be715.jpg,652,652,652,0,0
train/0652/6e02f4db774e46b48acd5693e22c94a5.jpg,652,652,652,0,0
train/0652/77e1423cafaa4464bc5e6d9a03a1ac8e.jpg,652,652,652,0,0
train/0652/7b3e2c7ca30f4a7dacde792989eebb60.jpg,652,652,652,0,0
train/0652/b3a53072887b4fe8b29148f976b7dd45.jpg,652,652,652,0,0
train/0652/c4fd7ffedaa14e90b04883c8dad4b5be.jpg,652,652,652,0,0
train/0652/cc0fcea7523941cdbad49fe171d30be3.jpg,652,652,652,0,0
train/0652/d3aad852ae674b849f45b5c0b51095ee.jpg,652,652,652,0,0
train/0652/fffddbb0e3da47a1a4cce854759534a0.jpg,652,652,652,0,0
train/0653/07ecfdd35044462d893013fe085678ac.jpg,653,653,217,0,1
train/0653/090d27ce97134cc08f30ec9bab051207.jpg,653,182,148,0,0
train/0653/18619e9808534e1786af8e26a78461e1.jpg,653,653,131,0,1
train/0653/4b4a11ab72b6476fbc4898ad93e5cf78.jpg,653,182,249,0,0
train/0653/5b804a45223b4bc1a7e84cd2b33b5815.jpg,653,206,274,0,0
train/0653/692561d44e1343f4af9bbc2ec61ca248.jpg,653,216,216,0,0
train/0653/7056c6b28ef94228876789d88960d3d7.jpg,653,374,534,0,0
train/0653/77e300f5fa57457c9c9c7b1b1fdb14cd.jpg,653,306,124,0,0
train/0653/8711d72c58b840c2900a46d71656ac21.jpg,653,182,182,0,0
train/0653/92d06e417f88445abffc0d00ca487f88.jpg,653,191,577,0,0
train/0653/b4aabb020dac4d5d94604eb3406f2a51.jpg,653,316,316,0,0
train/0653/b6ce7b2734f24c7f8f54221c066599f3.jpg,653,182,249,0,0
train/0653/edd07bb74cd24215912eba6a373b068d.jpg,653,653,653,0,0
train/0653/ef637f8034ee44c6a51a6496846d559d.jpg,653,217,217,0,0
train/0653/f33b39d71fdd464094cf31431a6fe2c1.jpg,653,217,217,0,0
train/0653/fdb2755a4b214380a48b32057eaf526b.jpg,653,410,410,0,0
train/0653/ffc9b3d5c914408bb05b8b8db0d029c7.jpg,653,704,704,0,0
train/0654/0142f0de36444458a00bc9bdd4b1a16a.jpg,654,654,439,0,1
train/0654/0ada13b298454860a5ef14913753c8b8.jpg,654,654,654,0,0
train/0654/11ed30f432314a5c9713bd25becd63cb.jpg,654,439,654,1,0
train/0654/1c522fa459a34de8a0d5aa63091124ce.jpg,654,654,654,0,0
train/0654/4d330377f22e4a53b3dddb88dd1d85e2.jpg,654,654,654,0,0
train/0654/53d5c3a93ba74a7a840d789b313dd469.jpg,654,439,654,1,0
train/0654/54a862abf4d44e398096615075087e36.jpg,654,654,654,0,0
train/0654/69497e2c0e0d44c399a416e9ce0826ed.jpg,654,654,654,0,0
train/0654/6aac87f5c15f4a9eb76f2382f3fb2327.jpg,654,654,654,0,0
train/0654/6bfefc917b9340119e13f2258887c4f7.jpg,654,439,439,0,0
train/0654/77ac045c38414b66b1f71c8088f1c8cb.jpg,654,654,654,0,0
train/0654/9964dac8eb5c453ea9e26bf884a7ff2d.jpg,654,439,439,0,0
train/0654/a6e6ae9bad89495aad874d44a1f0d86e.jpg,654,654,654,0,0
train/0654/b1cc56f0009b45aaa5deb84bb57d7937.jpg,654,204,204,0,0
train/0654/b402f7d3bb264d7e9751a9d6567f9e81.jpg,654,204,204,0,0
train/0654/dd63d5b499364b2eacd0a5046d2666d2.jpg,654,654,654,0,0
train/0654/de26d0e002cf4038a0835c998db21d07.jpg,654,654,654,0,0
train/0654/e1c1c63cf6de4ef6b442740ad634aaf9.jpg,654,439,439,0,0
train/0655/046df01806f54f868f29bdb1de181eda.jpg,655,359,655,1,0
train/0655/06df70fac8f2451c96db7e8e79bec38d.jpg,655,468,618,0,0
train/0655/119f04bea5bd440890da186b623e7704.jpg,655,655,618,0,1
train/0655/439eeb6b5d3f43438f936f012d9d422d.jpg,655,655,655,0,0
train/0655/72ce18089e434d41a92a937070b6a5b4.jpg,655,618,618,0,0
train/0655/75bbeafee8d748de91fd3af73f4e799f.jpg,655,655,618,0,1
train/0655/9631e329f9d24c42863ec838f55f3198.jpg,655,618,618,0,0
train/0655/9a5eff75ad0b4611bda47e11c0e43635.jpg,655,618,618,0,0
train/0655/a5d79a100c264cc3ac9ad67371fb529c.jpg,655,655,655,0,0
train/0655/ade9d475a8684ef0864cb82d6c6d43b3.jpg,655,618,618,0,0
train/0655/d2b5c0e5fe3f45edb908d8a653e0a823.jpg,655,618,655,1,0
train/0655/d56fa726eea945d5b8e63ecaeff2ae69.jpg,655,746,746,0,0
train/0655/dd4521d3a0464ae79e20a0e81bcad87e.jpg,655,486,486,0,0
train/0655/e47b4a3d862541d78e0534926812d029.jpg,655,655,618,0,1
train/0655/e6cb46775b40461093ead7ef19a01a40.jpg,655,724,724,0,0
train/0655/ef9e47331c50451faf7b3df9d992d57c.jpg,655,655,655,0,0
train/0655/f91f2019410f4fb2ad79ffc22bc426e0.jpg,655,719,719,0,0
train/0655/fe08ae57a4ee48f6ab0039dbd6486436.jpg,655,655,618,0,1
train/0656/0a05d4bfc5464cd2ad1a1b6ca43e682a.jpg,656,656,656,0,0
train/0656/223af5d02cea45838cb12312ff4fc33d.jpg,656,656,656,0,0
train/0656/4b277cd83ace45bf8c51a755bbbd7b9b.jpg,656,364,479,0,0
train/0656/4bab1ca3e83246a985e9e8d16eaaf857.jpg,656,246,441,0,0
train/0656/4e50c79859f24ac2ad892aea3d56d16a.jpg,656,527,527,0,0
train/0656/569bf7ce7ed040a9bc0c70a7ee4e559c.jpg,656,369,369,0,0
train/0656/70f8d465f127427cbef3d6ecd76ea073.jpg,656,266,266,0,0
train/0656/71f7ed05ef93473a9d9f41d460cdeed5.jpg,656,656,656,0,0
train/0656/743142e25ebb4df8b6870a22fe8ee8ae.jpg,656,527,527,0,0
train/0656/79526c3590cf421993a8f33c8f268a1a.jpg,656,177,27,0,0
train/0656/8edf3e28bd3b432f9b3056ee0f7c841c.jpg,656,331,656,1,0
train/0656/937a7a5efa414d0997cd4468394664ee.jpg,656,331,331,0,0
train/0656/a7284e26b78944f8a99af0e29e8d9562.jpg,656,656,576,0,1
train/0656/aaaf6da0900e408c9d3330dfd16d2e57.jpg,656,527,527,0,0
train/0656/ad9db1d7135c44cf9974db72939b819f.jpg,656,473,656,1,0
train/0656/b94a4635f6dd44b5a916442ed056564d.jpg,656,656,656,0,0
train/0656/c51e8656c0524694b96b02ad5285738d.jpg,656,61,61,0,0
train/0656/c8b30cc9bca343f48569d38172f67cf1.jpg,656,245,206,0,0
train/0656/cdd44c4632804e79ade6b73c75fbb1ff.jpg,656,360,108,0,0
train/0656/e65f090aa613448c9302139b95d372f2.jpg,656,635,558,0,0
train/0656/efde97f5fdad4d9bb8252c05ab88565f.jpg,656,473,661,0,0
train/0656/f48e396bbea94a8c9e47f2f3eb6817ce.jpg,656,656,656,0,0
train/0657/151fc78094b544f498f0d0299466c156.jpg,657,63,63,0,0
train/0657/20271167458b40d594a348707da4d983.jpg,657,477,477,0,0
train/0657/359250a6d8114ee2829ce1387077f3d3.jpg,657,657,657,0,0
train/0657/36a9cca5eed34e40a7c79c660cad6c08.jpg,657,657,657,0,0
train/0657/3b18ec50269d4a889dc575c378a845b9.jpg,657,657,657,0,0
train/0657/3f53444128fc45a79be7afff2f0c0ee6.jpg,657,657,657,0,0
train/0657/43bcf7a43d684156be369f1af31e2d2d.jpg,657,657,657,0,0
train/0657/4915d211123b49fa95f11f895e3989be.jpg,657,657,657,0,0
train/0657/60ddf99878c44aa58a90ddd3b66bf871.jpg,657,657,657,0,0
train/0657/6f3a6927992e459c93e5a69f7d9b05c6.jpg,657,657,657,0,0
train/0657/9bcdebb71da940dca183dd6863049a65.jpg,657,657,657,0,0
train/0657/a22c0868a1f74d8d940ec945678edbf9.jpg,657,657,657,0,0
train/0657/bb0e27c1ceac4601b6532c5194aa89ed.jpg,657,698,698,0,0
train/0657/bcd6493cf2db419b9a6d86f825976cc3.jpg,657,657,657,0,0
train/0657/c9128bd4ec284c708a2a2666e195e68a.jpg,657,657,657,0,0
train/0657/cf24949445184f3bac2a7764865d4fd4.jpg,657,121,121,0,0
train/0657/ee94b446039f477792eed994d7fcd747.jpg,657,657,657,0,0
train/0657/f3102aa9d20349ceb597b524b0495a03.jpg,657,657,657,0,0
train/0657/f71ace8f40e84f1e9960c51f562f86bb.jpg,657,477,477,0,0
train/0658/018f66d158f44a51ac77cc8ad773d94d.jpg,658,658,658,0,0
train/0658/0870ddb004d84744b31e17f3a81e07ee.jpg,658,300,259,0,0
train/0658/1bfd3a911ade4057bd8660870602b95d.jpg,658,658,658,0,0
train/0658/302888d147f84312815c10dcd51cc9c3.jpg,658,691,691,0,0
train/0658/374c8e0774a140a6826c31f509e70f2a.jpg,658,658,658,0,0
train/0658/468cac51478b48a1a0f5ee0d2beafcac.jpg,658,658,658,0,0
train/0658/52ab996a4dbe44d892335f3991880dfc.jpg,658,658,658,0,0
train/0658/5927b5245fa1428dbf5dd22b8f3974a2.jpg,658,658,658,0,0
train/0658/61f84ed30e6d49498b3939c3ad09a757.jpg,658,658,658,0,0
train/0658/6c47b2c048014a158acb9fbca72a97cd.jpg,658,658,658,0,0
train/0658/71d5f3889b02416ea7de5cdd70d2e5cb.jpg,658,658,658,0,0
train/0658/7c02918300cd4b39a2a6356744129f2d.jpg,658,658,658,0,0
train/0658/89f17f3b59ea48238bb863ab11449eca.jpg,658,658,658,0,0
train/0658/a69f5d8fa6c846859af39b50fe96606c.jpg,658,658,658,0,0
train/0658/b58071b0e0894af0928d8d12609c45ab.jpg,658,658,658,0,0
train/0658/b873f8d6667843d5b353fd050f5852e4.jpg,658,115,165,0,0
train/0658/fb1bdf96ba1f446791593b3930e7ce28.jpg,658,658,658,0,0
train/0659/41a03584ec6e4f16945f3d1298c16f80.jpg,659,659,659,0,0
train/0659/4b8d7012eada4e2c88a437ca891b2810.jpg,659,659,659,0,0
train/0659/4c692d3faf66472ebdac6b27acdef00b.jpg,659,659,659,0,0
train/0659/501bf6d43a294bd3b34382c85ed922eb.jpg,659,427,427,0,0
train/0659/53d6409507624b20878e4d00f6552b0a.jpg,659,659,659,0,0
train/0659/6d697193cf344d06b3802f24e4a1017c.jpg,659,699,306,0,0
train/0659/701ae34a1e6d4eae932cb01674db2748.jpg,659,659,659,0,0
train/0659/b50b3bebccd2490babb501bfe88cec5d.jpg,659,354,354,0,0
train/0659/d8967905a10d4720a65f9ea4d9f0dae5.jpg,659,659,659,0,0
train/0659/e13c2337bc8c48f6a0dc8b26e43417b1.jpg,659,354,354,0,0
train/0659/e816c8eb0fd54819956acb5b00dc357b.jpg,659,659,354,0,1
train/0659/f1b6d923e88c443cbfba0dba15fd9539.jpg,659,354,354,0,0
train/0659/f222c6058ba64a4284e009b6e3297fc1.jpg,659,659,659,0,0
train/0659/f452e3d8ef2f4a2f98b1c64b08e96d7f.jpg,659,659,659,0,0
train/0659/f6429460dcde45dc9290b80281716268.jpg,659,659,659,0,0
train/0660/01d39ec11db14b4ca834ec7694994961.jpg,660,660,660,0,0
train/0660/08f7af27e2db4e3a8b4ada5512f1832e.jpg,660,177,177,0,0
train/0660/2fb2023cc40f4ea582369e0216f93edb.jpg,660,660,660,0,0
train/0660/326538809c0e444cbeb6edd0a78eb246.jpg,660,660,660,0,0
train/0660/41decab0e644437d80d18adc26623a83.jpg,660,660,660,0,0
train/0660/4893421bdb7d480bb019434bb4dd92ff.jpg,660,660,660,0,0
train/0660/6cb5bd8dbf06490186c4afc0e368e211.jpg,660,125,125,0,0
train/0660/87ddc90ede8d480da800a7fefb018077.jpg,660,660,660,0,0
train/0660/8c11332f5b6c4344825b3172e475d411.jpg,660,343,582,0,0
train/0660/8d23e68bd2954ba08357a6d538d59167.jpg,660,660,660,0,0
train/0660/8d25bd74823b4edbb345b1bc16049240.jpg,660,660,660,0,0
train/0660/8f8e1b5811dc481aa628733856ad248d.jpg,660,173,173,0,0
train/0660/ac7a4cd2c3384c96b1a2efa05a860aac.jpg,660,660,660,0,0
train/0660/b6ba0d2a9bad447899999e0ce7e75535.jpg,660,660,660,0,0
train/0660/be5117ddf3774f4f9c6449b1fffab216.jpg,660,660,660,0,0
train/0660/bede4397166e45e9979055012d9bbbbf.jpg,660,660,660,0,0
train/0660/ca84ea89f20c4c0389afa97d580fce3c.jpg,660,660,660,0,0
train/0660/cfd66dc5680044878629ac874425f546.jpg,660,660,660,0,0
train/0661/09e8e3efa55242b3b6d261aa75e7ff00.jpg,661,310,310,0,0
train/0661/100b67936adc4afa9ca20dc9808782b5.jpg,661,661,661,0,0
train/0661/21c9ec9c7a0b446fa7bae9f8ab1acd49.jpg,661,661,266,0,1
train/0661/2e0901bad43e44ae870260afc50b4608.jpg,661,661,661,0,0
train/0661/3427b134509c4ab2a42b252ffab3b8c2.jpg,661,310,310,0,0
train/0661/3f2bcf08cf754098b00d0a82764886c7.jpg,661,310,310,0,0
train/0661/547064597028426294d4664251720e05.jpg,661,310,310,0,0
train/0661/6d13c6d6f2674d52a7521243cc0d8022.jpg,661,661,661,0,0
train/0661/7de68e61117e41e6a373a14c85089f22.jpg,661,661,661,0,0
train/0661/926b2a9e4e224111b8a6d5964e4661d3.jpg,661,661,661,0,0
train/0661/95aec151bdf1429bae6136bde8edcf50.jpg,661,310,310,0,0
train/0661/9e418926edf1429a8e62e60347df3d0d.jpg,661,661,681,0,1
train/0661/b2859156cbb747faacc8d760143fb228.jpg,661,310,310,0,0
train/0661/c058b12a34414d3c93b2c42267275dfb.jpg,661,661,656,0,1
train/0661/c984165d940847c9b628145bd22a9996.jpg,661,661,661,0,0
train/0661/cfae7baa9c834ba0a6eceb03916aa5dc.jpg,661,661,310,0,1
train/0661/e3ad9ed4de374b5084918190c61d18bf.jpg,661,661,661,0,0
train/0661/e3f03f440f904dd6b275f4cf721cb41f.jpg,661,310,310,0,0
train/0662/07a8b71ece4147028840fc75c5137109.jpg,662,422,422,0,0
train/0662/0827c8e57f064fc6afc75d3bd64b00d9.jpg,662,229,25,0,0
train/0662/121b6247a3754df6acd889a4fbef5db8.jpg,662,662,662,0,0
train/0662/1fb74e135b304f2daf0cc258cd8b62ba.jpg,662,662,229,0,1
train/0662/3e0e43376f0b40fb999cbc4592c982e6.jpg,662,662,662,0,0
train/0662/3f80f20cbc5c41d0a79605ce15d17ad4.jpg,662,662,229,0,1
train/0662/41557821600243ef98312eeaba4002c7.jpg,662,662,662,0,0
train/0662/41acb664d92d458fb82f2b334b9804d2.jpg,662,662,662,0,0
train/0662/55e1679edaf445a7af3389f4c36a3a55.jpg,662,662,662,0,0
train/0662/5b6c617d82de45a28f91e93eb4a390f2.jpg,662,662,229,0,1
train/0662/5c5d268551264ac49a14ac45a9b38f84.jpg,662,662,422,0,1
train/0662/7769ae9c2e5f4218b3f6d7594d880abd.jpg,662,662,662,0,0
train/0662/7b224f38b5f94004aa6d8d23876f3ec8.jpg,662,662,662,0,0
train/0662/8992bbc721ef42b581f1d687ad603176.jpg,662,662,662,0,0
train/0662/aaa6e31687eb4023aa977ecd2bcb2356.jpg,662,120,395,0,0
train/0662/ad12b842aea7476fafe514cff5ce8df6.jpg,662,366,366,0,0
train/0662/cd820be6553a411b85846bbaabb20971.jpg,662,229,229,0,0
train/0662/fe98dbca1b3c4e0aa586b70cb0b9600b.jpg,662,229,229,0,0
train/0663/0eb3a0cf2c59482a9613f46a568ed61a.jpg,663,663,663,0,0
train/0663/1377fe00f3624ddf8a8894942ec44dd9.jpg,663,663,663,0,0
train/0663/30e8fd1ffa014bb3a36d47024144648b.jpg,663,663,663,0,0
train/0663/33d2dd974b454669915ae157deae9649.jpg,663,312,344,0,0
train/0663/3477d8cfeb3246478b663760be8db964.jpg,663,663,134,0,1
train/0663/38292514ee684b9abcdc310e2b797172.jpg,663,717,457,0,0
train/0663/41a152cb88a24c5b9a7aa1bb156a6cd2.jpg,663,663,663,0,0
train/0663/6a47b67eb67641a1b2ca2aa457755906.jpg,663,663,663,0,0
train/0663/7b0246a438234c65bcfe42831809bb08.jpg,663,259,546,0,0
train/0663/81d785b09f01465f8932a030a2e53749.jpg,663,663,663,0,0
train/0663/94d686ff40ac4987b865c9b5c2249282.jpg,663,663,663,0,0
train/0663/95cd34ee762a417a92225a945fcd9674.jpg,663,663,663,0,0
train/0663/a547284e60e14fda8befa536b4123eb4.jpg,663,663,663,0,0
train/0663/d5839e3cacdf4440a3ea558d0c5b9c3c.jpg,663,312,312,0,0
train/0663/e8cb94091db4460ab34dff3e1f0ebd78.jpg,663,663,663,0,0
train/0663/f201f1176bef454081b89d5a25ee4db6.jpg,663,663,663,0,0
train/0664/09a8dbfdd75e41af8bafe06623d77485.jpg,664,664,664,0,0
train/0664/13e2d5af2b064025beab3517b5e2b4b7.jpg,664,296,296,0,0
train/0664/1c592dd0081349108f38998852057226.jpg,664,664,664,0,0
train/0664/1f00ade2da234aa8ac284bf2336801ec.jpg,664,664,664,0,0
train/0664/22c61a0ca7a34471927bce6b29d48427.jpg,664,296,296,0,0
train/0664/2b8a1760bf974153ab231958a4e9a890.jpg,664,534,534,0,0
train/0664/4457a70277b043668920f289ccb5ec7b.jpg,664,664,664,0,0
train/0664/4f9bcc6111bb4eabb1bb6835a2ee6e0d.jpg,664,664,664,0,0
train/0664/676905aae4894521b761ece6fdce8627.jpg,664,664,664,0,0
train/0664/6a5ffb753a594c1aa12e543c4f1d5461.jpg,664,664,664,0,0
train/0664/6b0f6d76c6aa41c29e730e5e5a602488.jpg,664,664,664,0,0
train/0664/816611b5316a494295b56925ffba80cf.jpg,664,664,664,0,0
train/0664/852c01030b854df6923b5eef674b1c04.jpg,664,160,160,0,0
train/0664/8aacbe8d309f48b7971dc84c8cc5c803.jpg,664,664,664,0,0
train/0664/91c2257d149645d7bfb64ad0b667444e.jpg,664,664,664,0,0
train/0664/9cbbc4af53c8477a97bfc93d7c7c2d70.jpg,664,664,160,0,1
train/0664/a366bd365e1947d091e1997d87607967.jpg,664,664,664,0,0
train/0664/c3cf6a0e681a485eb257e773cbf5c06d.jpg,664,664,664,0,0
train/0664/c3f7d8a8d32e496bb9fa51fe5079ff9a.jpg,664,133,133,0,0
train/0664/c8256251b11c4ddf949b506a374c3b58.jpg,664,664,664,0,0
train/0664/d09bdb6f799149789e396b262cb0cd8c.jpg,664,296,296,0,0
train/0664/e1254b10e4004cdcad2ace6145a09f02.jpg,664,664,664,0,0
train/0664/e17f325f17f84521860ae77de775372c.jpg,664,664,664,0,0
train/0665/12d009fc228140369c958b0a723b1a4e.jpg,665,491,491,0,0
train/0665/1beda851ff9a4cb2a4d3ba137e017ed4.jpg,665,491,344,0,0
train/0665/27e273b26de745028e802646f335d282.jpg,665,665,491,0,1
train/0665/3147e71b0815470cbea477d250008656.jpg,665,491,491,0,0
train/0665/363ae93b547d444fbb8e50842d25edf4.jpg,665,439,439,0,0
train/0665/376af0d01f5f417e9666d9476b19c4e8.jpg,665,491,491,0,0
train/0665/388b0d641b34481c8e386d02c83c93be.jpg,665,665,491,0,1
train/0665/3e362d8340da4490be9123ae24121a92.jpg,665,491,491,0,0
train/0665/4251402cdd57408a8a8a6f3721cc8016.jpg,665,538,533,0,0
train/0665/9169b8446ee147ffbf896117e4c3fc87.jpg,665,491,491,0,0
train/0665/94ced910d8c947a18eb9a5af8ec38f65.jpg,665,491,491,0,0
train/0665/ac502a7ecd3840ffa1b7485909cf729f.jpg,665,491,153,0,0
train/0665/b7cc0e9c81044ea7b1537211ddd75d06.jpg,665,665,491,0,1
train/0665/b9f3839789dd4abdab9f10531f763d58.jpg,665,269,491,0,0
train/0665/bd2583b2c9f14d4aa7359e947ba57336.jpg,665,665,665,0,0
train/0665/c190d8376b4e4e068064d42f5fc62115.jpg,665,665,363,0,1
train/0665/d430f818eeb44c9293d52fbaa0bc0d05.jpg,665,665,665,0,0
train/0665/db29a5153e9e470e83c9fd5c156a2126.jpg,665,491,491,0,0
train/0665/e569c399bc2e4364a2c97c6a663de09f.jpg,665,491,491,0,0
train/0665/e5b74b38e88a4c3cb6b0e3e9ecc4174e.jpg,665,665,665,0,0
train/0665/f3c42284b0864fc2aeb78d51d099f7f3.jpg,665,491,491,0,0
train/0665/fe65b35d16d1408893f4b7fd1f2d4dd7.jpg,665,491,491,0,0
train/0666/01d1353afecb4a71b4a597cafaf8dd04.jpg,666,666,666,0,0
train/0666/15f09324266546e8b11a34cce759b501.jpg,666,666,666,0,0
train/0666/3135d543dceb459d8550d986fc15e5e4.jpg,666,666,666,0,0
train/0666/3f67394b3a4f464da77de359fb39dcc9.jpg,666,666,195,0,1
train/0666/448c126e09e04cc8a0b22c98b28d8b3e.jpg,666,666,666,0,0
train/0666/513a1e499cd64ab7a2f320da4be3b22e.jpg,666,666,666,0,0
train/0666/62f1cc949ba944a88cc28078c9837f7c.jpg,666,712,94,0,0
train/0666/8378c37ee3914b88b1a417052ecd984f.jpg,666,666,666,0,0
train/0666/875da9c3ee804a23abb23c6a53efad38.jpg,666,666,666,0,0
train/0666/8fb776ba18fb410ea4c4f3958c849492.jpg,666,666,666,0,0
train/0666/94fb05a02a2c44008d778123d3d00ce8.jpg,666,666,666,0,0
train/0666/bbd91a191f5e4b62921776afbc64efbf.jpg,666,666,666,0,0
train/0666/c0e2c2d3c88243548520b42de235ec30.jpg,666,666,666,0,0
train/0666/cbf96cd09655429d9fb93191fe1a1d03.jpg,666,666,666,0,0
train/0666/d305b16621834ac386cc5faba91b8d27.jpg,666,666,666,0,0
train/0666/e4ce4285359e489e945150089382a122.jpg,666,666,666,0,0
train/0666/e9bf00927b604da4ac122574978f2eaf.jpg,666,666,666,0,0
train/0666/f57aec6f3cf74e2db2ded30f20da6d1b.jpg,666,666,666,0,0
train/0667/16f089acf5524b30a114d2a7701253e8.jpg,667,497,497,0,0
train/0667/1ba1e879aa2541b4b81800c9acc0bd79.jpg,667,667,327,0,1
train/0667/21bd0d208eaf43df93fb536270657622.jpg,667,620,620,0,0
train/0667/2757b691bee440f6a4521fb8214733f9.jpg,667,667,605,0,1
train/0667/2a3d6e1a94df41feaadce0110c0fc6d5.jpg,667,317,667,1,0
train/0667/3f0e091a81894fde869ec160be5f38b8.jpg,667,667,177,0,1
train/0667/497f74eb36dc40efb0d01b074b7389b6.jpg,667,667,667,0,0
train/0667/51f94f740afd484fa812001ca5a90142.jpg,667,246,246,0,0
train/0667/6426aed41290474f9bbe5748d2f92e8e.jpg,667,691,691,0,0
train/0667/74b64840564e49229793bf4b30f8bf29.jpg,667,667,667,0,0
train/0667/7ce0a96fdbd543b6b91c1a0cace721fb.jpg,667,667,639,0,1
train/0667/8eed5a50ae0f4a47934982b24c4e04a0.jpg,667,667,639,0,1
train/0667/a01d378ee83e48858225f70b0a13f627.jpg,667,311,311,0,0
train/0667/a7a8ba0b316945ea878afb2986c5fbd0.jpg,667,667,667,0,0
train/0667/bd531abfcb2c450982ffadb791317c2c.jpg,667,667,667,0,0
train/0667/be06db93aa1c407fba96e163c56c8e94.jpg,667,216,216,0,0
train/0667/c36e161dabd2427eb23fbbc30d957ff2.jpg,667,236,236,0,0
train/0667/c3eed12ef6c14bbd9460d0ca083f386c.jpg,667,69,24,0,0
train/0667/d20307aa308b4665a9e18b61500d98d2.jpg,667,667,667,0,0
train/0667/d2a2a42c328145139c8bef34f4c02e80.jpg,667,667,667,0,0
train/0667/d669d3d9953740d3a8b2dd6d34e47037.jpg,667,677,605,0,0
train/0667/e49880386df3463cb3b1b72534011a0a.jpg,667,311,311,0,0
train/0667/eaa6643c51564c5ebd65090235bfb4a6.jpg,667,667,639,0,1
train/0668/066c73f902f3413da2e1e508cc8b977c.jpg,668,749,52,0,0
train/0668/11270d8700634323b13bdae25a7aedc7.jpg,668,369,369,0,0
train/0668/157462d5100949d1b221592d29c6b650.jpg,668,154,649,0,0
train/0668/1cae2217f93f4c52a0c1cc0dfccb0c15.jpg,668,347,61,0,0
train/0668/4f55db1cec844e5f8b0a3ee793fce09c.jpg,668,349,349,0,0
train/0668/4f97756da6c14a7fac6662a00eeb781a.jpg,668,69,105,0,0
train/0668/5abe009b60124b0bb02f300eb2794409.jpg,668,509,509,0,0
train/0668/5cf1f1eac1414a3b81c0d5d14f9d2c43.jpg,668,690,690,0,0
train/0668/76e36617eb5f47318174625a48a038c2.jpg,668,492,92,0,0
train/0668/777d6743a94340aeb6d24ea49e6503c6.jpg,668,165,165,0,0
train/0668/9868023c88b142489624128793fbb9b0.jpg,668,349,349,0,0
train/0668/9883056294d5491a92f85a282ed3a47a.jpg,668,649,649,0,0
train/0668/cfb4a2d8b10b473e9c0d125aac90a060.jpg,668,360,360,0,0
train/0668/df26c0c3ad3640aeaa1617a3c61dd06e.jpg,668,465,465,0,0
train/0668/e5a32fff4bdf4b399b25f42fa1d4be21.jpg,668,454,676,0,0
train/0668/e71dc35ae9e64e4b97aef019a96548a0.jpg,668,105,549,0,0
train/0668/eec72b78f09f45bba75341eaecd65ccb.jpg,668,658,125,0,0
train/0668/fcccd7c0adbd4d0ea3e5ac830b761254.jpg,668,105,105,0,0
train/0669/04a99326849143819db0bfc2312fdb31.jpg,669,669,669,0,0
train/0669/1d047c17684241dea1e554d0406921aa.jpg,669,206,206,0,0
train/0669/21aceac9445744a9a5034cb0221b9bf1.jpg,669,669,669,0,0
train/0669/35e94f828e4548cc82664b738d4d1737.jpg,669,524,479,0,0
train/0669/3f20a1c2ec974a5988a7998a63163334.jpg,669,315,542,0,0
train/0669/42fc80fcd7e743cab379fd62f9461b46.jpg,669,678,593,0,0
train/0669/4582e60864d94635904ca1fe514315bf.jpg,669,679,679,0,0
train/0669/493cf1893c164993babfc3a3e8d36189.jpg,669,669,669,0,0
train/0669/5b1483e6215b4d859453ab758a51015f.jpg,669,206,206,0,0
train/0669/79a5a48f0b71498c94f988b089c8995d.jpg,669,669,669,0,0
train/0669/87b42f9455a44b0eba8d7a1505fc890d.jpg,669,669,669,0,0
train/0669/94c99c0a34d445f09a8466373c849d14.jpg,669,602,602,0,0
train/0669/b84bcdf036294719b182ff5b54215ca3.jpg,669,669,669,0,0
train/0669/c861865b6ae840d2adae9d968fd8e1d3.jpg,669,462,465,0,0
train/0669/c99cc881d92247799c0d1c1d8c1c5e6a.jpg,669,669,669,0,0
train/0669/cd9f15a10b454c7292e2fbeb370c3b99.jpg,669,101,101,0,0
train/0669/dba62fb8cc2245b3b6a0fb97eb8e4a25.jpg,669,669,669,0,0
train/0669/f4f993e9fc3e4e52837f0f8c30f8883b.jpg,669,669,669,0,0
train/0669/fd26089ba6474411bafe2b5d1a203b50.jpg,669,669,669,0,0
train/0670/09ab8fcbc070413796b6bb631a171cde.jpg,670,670,670,0,0
train/0670/16a147b59d1049dd879d7e13310a8e99.jpg,670,677,670,1,0
train/0670/1bdf0eb8f47b404fbd14c1e4f38afee9.jpg,670,680,447,0,0
train/0670/2d72350443454e9c84218d3386c8f8e3.jpg,670,670,670,0,0
train/0670/31ec2b5d7b92463582f70ab5cd51ca43.jpg,670,670,670,0,0
train/0670/3f1701ca40494fcc94ae68a3c80b346e.jpg,670,670,670,0,0
train/0670/55d19c31aa3b4247a3379dd2be82200f.jpg,670,206,206,0,0
train/0670/6335e882438442e1ac412ad4efbaa533.jpg,670,670,670,0,0
train/0670/691ba19ce2174c38872ec404c7d3dd8b.jpg,670,670,670,0,0
train/0670/86c905c572fe4a29ad615ffbb54f41cf.jpg,670,670,670,0,0
train/0670/ae39948536374cbc967e609d40d5da89.jpg,670,670,670,0,0
train/0670/b0cee34ca0a5450f8434a8db0d036f8e.jpg,670,670,670,0,0
train/0670/db145a6ebc8a4404b406b3135bba8e84.jpg,670,670,670,0,0
train/0670/e54c5601f30a465b9376a43e5e1c2ca0.jpg,670,670,670,0,0
train/0670/f8605f355a6f41c4a57d11fba2fe2f24.jpg,670,670,670,0,0
train/0670/fd60d0e0c7f645d08939ae6db3a16dde.jpg,670,670,670,0,0
train/0671/2c616ade992c457ba3886a190bfefd95.jpg,671,511,549,0,0
train/0671/6d87d5c7df7b4484b347f5a060255f56.jpg,671,310,310,0,0
train/0671/99f6cf509e47467e9bd4c7f89ed44f20.jpg,671,599,61,0,0
train/0671/c4563cc2a6a44f51bcd22a5769ea6605.jpg,671,717,717,0,0
train/0672/12aa6bcdc1c74820b17036493618df68.jpg,672,672,672,0,0
train/0672/20303e14d9c546ee86e8390f78f2657e.jpg,672,672,672,0,0
train/0672/25fb7f51b6d647c5a0030263c7e2a450.jpg,672,672,672,0,0
train/0672/40887c09eba844c8861a9239f05d07eb.jpg,672,672,672,0,0
train/0672/507fb0f069604f95809a3552b86a5203.jpg,672,672,672,0,0
train/0672/64f1cf8663b94b66b94300e93e9f88e8.jpg,672,672,672,0,0
train/0672/938695edbd3f4a678a9708a84cf98a81.jpg,672,672,356,0,1
train/0672/94f2787f90e34da6bff89057720807b9.jpg,672,672,672,0,0
train/0672/950ba28ec78f401083db91c2b39fa208.jpg,672,615,553,0,0
train/0672/9ab944a6039344c28afe9bcadbf07120.jpg,672,672,672,0,0
train/0672/9f7efbfa9c18460b92a4da96c308cb46.jpg,672,672,672,0,0
train/0672/a0cd31eb65b149d0a160b8e2c7a9610a.jpg,672,672,672,0,0
train/0672/a9bc3292d53f45e79a5adcb58d6c4bd8.jpg,672,672,672,0,0
train/0672/c0d7f5aafc8a48e9a3ec29d16d72da7f.jpg,672,672,672,0,0
train/0672/c3b0af347cf343ce86d5df386df2b678.jpg,672,672,672,0,0
train/0672/d1730bd37f89452eb5daa42fe3df70cd.jpg,672,672,672,0,0
train/0672/ef2bfacefd2045f0880930bbbf90e689.jpg,672,672,672,0,0
train/0672/f8812c07837f4a66a95c9c2debc2b276.jpg,672,672,672,0,0
train/0673/0d51f2389ee0455283413a1acb6eb9bd.jpg,673,71,331,0,0
train/0673/0f51647e1d03428792a5ae7cd72924d0.jpg,673,722,722,0,0
train/0673/1aac2c6387cc49b48fd2d9678972596e.jpg,673,362,362,0,0
train/0673/2ec061c7cab447639257078639b5fc1c.jpg,673,673,410,0,1
train/0673/398d228e1b264db1b34d62bfec165af8.jpg,673,514,673,1,0
train/0673/40103752401e4cac815bb733d5f28dfb.jpg,673,673,673,0,0
train/0673/410c7cede0bf43498ba35d0c7aa6578a.jpg,673,131,131,0,0
train/0673/41d5ea5c1d6a485ea08a187f0d63f3ac.jpg,673,669,669,0,0
train/0673/4266023ff2134e2284ddaa8f8d70769f.jpg,673,503,503,0,0
train/0673/51d1fc11a8a2416ab717b91fb1d2a87d.jpg,673,673,673,0,0
train/0673/64cf8e596e1b4b87b7c4984a5ffa3453.jpg,673,129,58,0,0
train/0673/689274029bcb42ba85c05118b47d1f95.jpg,673,744,744,0,0
train/0673/6e6200f78a7844528f2bfb5ff64cdb53.jpg,673,673,673,0,0
train/0673/795969d1b7114b299e44ce597790ac47.jpg,673,673,673,0,0
train/0673/858c1e0481dd418facae7c93ee96d522.jpg,673,744,744,0,0
train/0673/88655372e3b145b1b6efcf639ea3af1b.jpg,673,673,673,0,0
train/0673/89644812949e4efe8638d640907c7885.jpg,673,673,673,0,0
train/0673/9ef4615de6f34be793e1c779efdb7065.jpg,673,245,58,0,0
train/0673/a805303716544aa0844570bb3fb80417.jpg,673,673,673,0,0
train/0673/b4561bf46c7d4fcea0ae8ae0166a1a42.jpg,673,458,458,0,0
train/0673/b763dfab2b104aef8c7a95ed364332c0.jpg,673,101,101,0,0
train/0673/f8895a7782bc44c19dae4505219391d5.jpg,673,673,673,0,0
train/0673/f8b6f7e02f4f4d7984e07fcdb038a2f9.jpg,673,411,411,0,0
train/0673/fbcedf378d454a5494fef72ffa8a51d9.jpg,673,673,450,0,1
train/0674/0606e8f5f7da4ec686dbb813c56effcf.jpg,674,674,674,0,0
train/0674/07cf808a6ded4081ae68175a5933b036.jpg,674,350,28,0,0
train/0674/30001db7d95343308398d0342e410efe.jpg,674,674,674,0,0
train/0674/4c7dabe7be334abebbebd148ac36c6b9.jpg,674,674,674,0,0
train/0674/52135125b2b548d58922755c06f03d06.jpg,674,674,674,0,0
train/0674/5dbd9c58aa154f9ea3dd14dd3f517152.jpg,674,674,674,0,0
train/0674/5de0354219004deea91125b3ce7bde06.jpg,674,674,674,0,0
train/0674/5e8bac75b312449bb2ce10ba43af1241.jpg,674,674,674,0,0
train/0674/7077ffa4b82f470d96c37035799edd30.jpg,674,674,674,0,0
train/0674/74bb761d0c25408daed0c39baccc4be8.jpg,674,674,674,0,0
train/0674/77e44bbabda24ec49358d7c1d4bfc859.jpg,674,674,674,0,0
train/0674/96f666b00cc14184a9caeadae29881a9.jpg,674,674,674,0,0
train/0674/b21f923e98904d34886904701e5c012b.jpg,674,674,674,0,0
train/0674/b3555383f9a84e11a66d11413c6f165b.jpg,674,476,476,0,0
train/0674/bbe28c1b24ae446f8e40d03d1fefa7bc.jpg,674,139,139,0,0
train/0674/c253b333cd344bb6899c80177cc985da.jpg,674,608,460,0,0
train/0674/c4c511d686d54208aca750b7b4ec1312.jpg,674,600,600,0,0
train/0674/caf1574aa44d4055aa58bdea065e2989.jpg,674,477,477,0,0
train/0674/d5479b11316e4fd686b78c25b44445e7.jpg,674,674,674,0,0
train/0674/e514ddc753c34cfb9191f9dfdcae8f23.jpg,674,674,674,0,0
train/0674/eb7102e3ce044f6dbc9b66cdf77b7479.jpg,674,674,674,0,0
train/0674/f067f6a190d446b6989f81ba78461b27.jpg,674,674,674,0,0
train/0674/f4b113f48b7146b1b02c2e2efd119345.jpg,674,674,674,0,0
train/0675/0b6c6faf3ef14f1b856ea7a8d0b0380f.jpg,675,181,181,0,0
train/0675/2a0b231c6b334d9980b0140af51f4478.jpg,675,191,191,0,0
train/0675/31ac7a552b2744719ed5dc3ed49f0803.jpg,675,471,471,0,0
train/0675/393593e0ace84fe284915235b089a9fb.jpg,675,675,675,0,0
train/0675/50547dc81d29444385df9280fc05b9da.jpg,675,675,675,0,0
train/0675/5076661e5b4e416aa2f7d1e22c3eecf0.jpg,675,2,511,0,0
train/0675/525fa6c3e3e94f1cbb4e0d75f52452ee.jpg,675,454,454,0,0
train/0675/5ee69a87307846949d05c6ce28f3beea.jpg,675,2,181,0,0
train/0675/5f4bba4943604c6b8218f75aee46bcc8.jpg,675,451,544,0,0
train/0675/6006cf8d23f6411e82fb5898a9161627.jpg,675,206,131,0,0
train/0675/77972b42a7d94781ae546c44dcddebfe.jpg,675,298,298,0,0
train/0675/7c144ca9a81e4d0784536e252c438ce4.jpg,675,675,154,0,1
train/0675/9fef05afdcc34259ba10ee4eeaf79199.jpg,675,675,675,0,0
train/0675/a02fa5bf4421439d829d8224c4aacaf5.jpg,675,298,298,0,0
train/0675/aaac978898e9485fb2e48b46bccebd08.jpg,675,675,217,0,1
train/0675/aad40e50825d4f2f9e52def0f4a1bd24.jpg,675,10,10,0,0
train/0675/af0208529a80449f9f9f7a8e6d6e51c0.jpg,675,546,546,0,0
train/0675/b2a250ee46c24a15ac1d56e9f11a4ecc.jpg,675,2,3,0,0
train/0675/b4399cea48f347ed88640bd24734a04e.jpg,675,181,181,0,0
train/0675/b643b6c625734846aaa9e85e3842293c.jpg,675,675,217,0,1
train/0675/dd6618b4d21d4e87b3714b6626e0102f.jpg,675,225,225,0,0
train/0675/f5361e8f6b5640198ffe74f78bd740c0.jpg,675,675,2,0,1
train/0676/1d251b04d16f48d69f1123f7f3447b1e.jpg,676,676,676,0,0
train/0676/3e4decc035424ac88ab5cfa1284d921d.jpg,676,676,676,0,0
train/0676/41220ec58cf842b5948a431c23050bf6.jpg,676,673,673,0,0
train/0676/459da565a3a44fee9c455b29093babf5.jpg,676,676,676,0,0
train/0676/4dcfdd0ff59d4c36aadd9f6bbf0f3584.jpg,676,676,676,0,0
train/0676/5e36f80903f047b1a1ef9103fba724c8.jpg,676,53,241,0,0
train/0676/652139f4639c4bf5b78255f8d20476a7.jpg,676,676,676,0,0
train/0676/693e80e2e0e8415fa4002aee7abe71bf.jpg,676,199,103,0,0
train/0676/8a77004fe220420b9779565da0827074.jpg,676,274,475,0,0
train/0676/8f5e9467f4d7451680b7e263f426ebfe.jpg,676,676,676,0,0
train/0676/a35063192df942b686f39bbfb6978ab5.jpg,676,676,676,0,0
train/0676/afe4b4d621ed44b1b1771d087fc2e4f7.jpg,676,676,676,0,0
train/0676/d85261b8a44740a59b4322625595b724.jpg,676,676,590,0,1
train/0676/d8de2171fe804678bdc9769b8933676c.jpg,676,676,676,0,0
train/0676/dfc7d54e7815422ea34bca5eda1a8060.jpg,676,173,173,0,0
train/0676/efac2b46733c47dab289ede36e61f98b.jpg,676,681,676,1,0
train/0676/f989e10006104407b86e4fc34465a608.jpg,676,101,101,0,0
train/0677/071aa2da073f40ceb261d88e4ab9e9fb.jpg,677,677,677,0,0
train/0677/31e3dbec14974d0db4ecac30bde50758.jpg,677,677,677,0,0
train/0677/6a2a100ff312472e84992b88e9bbea73.jpg,677,677,605,0,1
train/0677/a4fe4cc72b41445faf63feee1fb2ee27.jpg,677,197,197,0,0
train/0677/a616985ac83b4ea997f134a3bb2a0cd4.jpg,677,669,669,0,0
train/0677/b05d1b0117ff499092be0381b38fa30d.jpg,677,677,677,0,0
train/0677/b3deb73d1ee14635b1b3ce09ec189ceb.jpg,677,677,677,0,0
train/0677/b7a543370dfc436b8ad1d26cd9b7799d.jpg,677,348,348,0,0
train/0677/b9a8e3670d8c47a0a8023cadeb8b71e8.jpg,677,677,605,0,1
train/0677/c5bfebc74421419a8d560dc248431623.jpg,677,677,677,0,0
train/0677/caa804fe368449e3a75a0e678b93b51c.jpg,677,639,639,0,0
train/0677/d29e898d803544fb91ff3e76f08e42f5.jpg,677,206,173,0,0
train/0677/dc92522e560c494286685ea40cd3b1bf.jpg,677,177,338,0,0
train/0677/dd6ea8cdad5344f6959ef46f557c2277.jpg,677,670,670,0,0
train/0677/ea396eeb5aae471ea0e9e94de5227e4e.jpg,677,677,677,0,0
train/0678/0c6247ac3f5f4d689308297cac3d67f9.jpg,678,577,577,0,0
train/0678/133ca4b1076a4c50a7dda6f864cb0066.jpg,678,602,206,0,0
train/0678/1904dead14be4d259b33fa752fd45889.jpg,678,678,154,0,1
train/0678/2f47d3c08d144e0ebaaf8631056e91f6.jpg,678,678,678,0,0
train/0678/314f767d8b2245a0b20361835a102877.jpg,678,675,675,0,0
train/0678/32ddb49d32f84cfdb13622d6268f0e76.jpg,678,678,678,0,0
train/0678/53415c8f79c4412584bfc7f791f61de6.jpg,678,678,678,0,0
train/0678/58b93a8524b64bc3b299227fbd684d53.jpg,678,315,471,0,0
train/0678/5c8584859570400f86109f570b4c1df9.jpg,678,678,678,0,0
train/0678/699803b9e8c8415ba2200b1b9d7e2af7.jpg,678,675,675,0,0
train/0678/6dcd59c81194450dbbb8460b40c79225.jpg,678,577,577,0,0
train/0678/a32a510b47484078adab8fbae3b6b9e9.jpg,678,678,678,0,0
train/0678/b6a90bfab61b48f0b1045ba7d1c94245.jpg,678,131,131,0,0
train/0678/d0c804504c1a4658b71ecf66662a974f.jpg,678,577,92,0,0
train/0678/d230d1c278774e65a26c431433c50826.jpg,678,678,678,0,0
train/0678/dd8242eae54f4b518a5018cee857b061.jpg,678,678,131,0,1
train/0678/e52c9380c5bb4b328bcbdd0e25beb475.jpg,678,55,131,0,0
train/0678/e86479ad93824d88b5f0ab0d58dd6dd5.jpg,678,290,290,0,0
train/0679/0f5de6daef3e4dc2a8b7c68026fad690.jpg,679,679,679,0,0
train/0679/10bafb5369074448b238c67b923607bc.jpg,679,546,546,0,0
train/0679/2175b948418a49b78ff0c8a289df41c4.jpg,679,679,679,0,0
train/0679/23bdbb452cf14380a387ee4f3a93d0b1.jpg,679,679,679,0,0
train/0679/3beebf823070429aa4468a215ff04aa0.jpg,679,679,679,0,0
train/0679/4364f1746c09487b9c6ca9bea11323fb.jpg,679,132,132,0,0
train/0679/487d60b5c7db47108057365ff6c9df65.jpg,679,679,679,0,0
train/0679/5ba67bd0691648ba99ba3144376de93e.jpg,679,245,245,0,0
train/0679/8f8c51ad580f417fb3af97c6f5229f10.jpg,679,679,679,0,0
train/0679/ae2a8cf4f4074f88b608f06503ead135.jpg,679,287,287,0,0
train/0679/b9c6f9e4f726498ca66635cdc1858c42.jpg,679,679,679,0,0
train/0679/be2c06c5c6074b16aacfccb70e8f06b4.jpg,679,679,52,0,1
train/0679/dc35a59f260f4c3e8c5ea709a953e769.jpg,679,61,61,0,0
train/0679/f785f8b581ca48dabcceb6929f015bbc.jpg,679,679,679,0,0
train/0679/f7e2641de7a3469ab0a0b08096825a19.jpg,679,157,101,0,0
train/0680/0dd1681ad275482e9dcd963008268b0c.jpg,680,680,680,0,0
train/0680/1189f6bf695b4fd4a11a9e40ecf09636.jpg,680,680,680,0,0
train/0680/1b99cd7383ba4867966074064c826af6.jpg,680,186,143,0,0
train/0680/20c90b8c7103418384b93b0cfa1bcb0d.jpg,680,680,680,0,0
train/0680/2b902d46e93b4fe0ba0ad249fcf41a14.jpg,680,680,680,0,0
train/0680/3b51e5c2d7bc4555b2a9e0bce7f652af.jpg,680,680,680,0,0
train/0680/474c8f347a0d431d8b6d9548023e86f4.jpg,680,680,680,0,0
train/0680/4fd064ccce824599a7640a6d81fcfc05.jpg,680,736,736,0,0
train/0680/593016cd216242bca2ac28c49d4a2b4b.jpg,680,680,680,0,0
train/0680/607d00e77b02400885fdde859077755c.jpg,680,680,680,0,0
train/0680/99f149bb6d26404988ee91cd5609b973.jpg,680,680,680,0,0
train/0680/9cd02c10318e4748b6f1d70ddef11288.jpg,680,680,680,0,0
train/0680/a3c61f77e7fb43ab8d0fa72bf7534841.jpg,680,680,680,0,0
train/0680/b645cdd6b8ec4b8693087d567a82956a.jpg,680,680,680,0,0
train/0680/bc9bdfa7f7204d3ab539e7dd2a71f2fe.jpg,680,680,680,0,0
train/0680/c3bc76fcdea34308a4a9b53fff8dc20a.jpg,680,680,680,0,0
train/0680/d00271d18fe8467b95e897bc272fb205.jpg,680,680,680,0,0
train/0680/d45b0c82b01043f2acf71771ad8ee014.jpg,680,680,680,0,0
train/0681/045c3db66811489cbd90b28d3806ec05.jpg,681,681,681,0,0
train/0681/116a040f756049f5886b015870f4a9c1.jpg,681,681,681,0,0
train/0681/19912652ffa74a4491315fa9bcb578f3.jpg,681,681,681,0,0
train/0681/2bb81047f2cb4c6c92c11b8135a93d25.jpg,681,184,184,0,0
train/0681/2e19e78e27544e8ba103358841e66d68.jpg,681,691,681,1,0
train/0681/48626d945d1d4008bb14ab34422e5c9c.jpg,681,691,681,1,0
train/0681/82738d49336643f0899101896e06adb8.jpg,681,681,681,0,0
train/0681/90b135c0cb4a4997bceb5a2ccb48636b.jpg,681,681,681,0,0
train/0681/9427ca6a759f41c08a324eb60de0c94d.jpg,681,681,681,0,0
train/0681/98db4f7ebded44a2902b1a4a508a5345.jpg,681,681,681,0,0
train/0681/b596f14b2c2a4dae948b7d8a0c473688.jpg,681,681,681,0,0
train/0681/bbca63740bcd4374a6549ebe1efa7a68.jpg,681,681,681,0,0
train/0681/e2c09fff485349d1aa201d5148073ffb.jpg,681,681,681,0,0
train/0681/ec70541e30794097a6a7e59f9627aa8d.jpg,681,681,681,0,0
train/0681/edc4e43fac8d41b78fa9ca153eef96b2.jpg,681,681,681,0,0
train/0681/f2d32a945e364ec3afdaf1fba535c83b.jpg,681,157,157,0,0
train/0681/fcbf3c67b8a04a05a99fe5589c15a980.jpg,681,184,184,0,0
train/0682/1ce21fbe79164992ac563613747a6b4d.jpg,682,123,123,0,0
train/0682/33e21ecc060642e3816d73a79e344036.jpg,682,123,123,0,0
train/0682/42eff6a16333480d972c39f244be62e8.jpg,682,698,698,0,0
train/0682/52874cffd6fc490dbe7dae6c5446dde3.jpg,682,510,510,0,0
train/0682/b11107b3e7a94af3afc9c3e1e9a941c0.jpg,682,276,276,0,0
train/0682/cdf5496d4ddf4b2a9d320ddfa36c36c7.jpg,682,130,608,0,0
train/0682/cf6a3f454cc04250858d24edc146dd1b.jpg,682,130,334,0,0
train/0682/da4ce0cb9977490c8df506d699fa6147.jpg,682,334,334,0,0
train/0683/077d6b555d7d4e30abcd7f8342712acb.jpg,683,683,683,0,0
train/0683/093915c930be46d99827d8e5d08822ba.jpg,683,363,448,0,0
train/0683/1cdcc30ee87746f1bf3579dde2900d12.jpg,683,683,683,0,0
train/0683/4860df04896a4d74b649709bc34134d7.jpg,683,683,683,0,0
train/0683/4d51726107cd49dbba5153b47f1aeb36.jpg,683,493,717,0,0
train/0683/50b06b5d24f24532add67c571187d092.jpg,683,683,683,0,0
train/0683/61290cc34993467ea5d5cb9b42dcb3bc.jpg,683,564,619,0,0
train/0683/76c9b6b5b21b41609efe5f36bd65fe63.jpg,683,683,683,0,0
train/0683/7c1e75e2d41f4c618fdf624fec18ac99.jpg,683,683,683,0,0
train/0683/87dc85fe560c410fb17ff6a02a4bdec2.jpg,683,545,545,0,0
train/0683/a4c7a10dbd124f739e9ba594bc969b6e.jpg,683,683,683,0,0
train/0683/b67f45a6dbb24a948f2cb449d7af7f6b.jpg,683,683,427,0,1
train/0683/bf37642563924499977204a728edbbbe.jpg,683,408,9,0,0
train/0683/c1c2cb9b72de431f8fac1fa0d71105f6.jpg,683,314,314,0,0
train/0683/cb4a019ae1eb4521a07679e1177eeaf3.jpg,683,683,683,0,0
train/0683/cc15dd722ff048f893878a6ca5211785.jpg,683,600,600,0,0
train/0683/ccb2a0eb9ef84ee89d01d2da8809744d.jpg,683,683,683,0,0
train/0683/d13305fbab684536aacf211f0ff47214.jpg,683,683,683,0,0
train/0683/df3287d42df7421cb699c7de3aac1471.jpg,683,428,683,1,0
train/0683/e379f15c535c4b588e81c963c68ea65f.jpg,683,683,683,0,0
train/0683/ecd7b5efe3b4477caef6f5f5a795d838.jpg,683,672,672,0,0
train/0683/fc672013865c43fea5d8aa5d59f71122.jpg,683,683,683,0,0
train/0684/0271f157f6564bcc822c10531e2c4471.jpg,684,684,684,0,0
train/0684/1be9c3e22ebc4fccb4e03c0fd8c07327.jpg,684,20,20,0,0
train/0684/35d62388152a444eaf67a1950f87cd17.jpg,684,422,684,1,0
train/0684/5c409428ac424e1286e7037142f66a58.jpg,684,684,20,0,1
train/0684/5f3b3d962cbf4166a13c3b76d3f44e49.jpg,684,662,20,0,0
train/0684/6f6e057d50384664b7aeaaf942a31e54.jpg,684,684,684,0,0
train/0684/70eb7bfa50194e2eb3c3ff0c2da5fcbe.jpg,684,684,261,0,1
train/0684/8411f86fb969408d97a8d05d90904a21.jpg,684,20,25,0,0
train/0684/a1125214eb0c404daba3a4ae8e1d447d.jpg,684,128,422,0,0
train/0684/a1859fea912c400ca0eee615b9ee3750.jpg,684,292,494,0,0
train/0684/a64892cf9f1944879c86ba67ed494c39.jpg,684,684,684,0,0
train/0684/afb86b0f73d34585b4db54e33045e658.jpg,684,350,28,0,0
train/0684/ba874b68e34642ba930b79d3fc9a917e.jpg,684,684,20,0,1
train/0684/c04ae09f698e46959f3e6f3edbeece58.jpg,684,684,684,0,0
train/0684/d61da2bd11494613abd4310bce77c521.jpg,684,20,20,0,0
train/0684/e48f9c8519294788bbefb949d59d26df.jpg,684,684,261,0,1
train/0684/f0ed76581a864cc0910d343fa396498a.jpg,684,662,20,0,0
train/0684/f1c10ea256e1433faa482c2557ac230b.jpg,684,578,578,0,0
train/0685/1bf86a94a9d944c982cadbd9ac0c779d.jpg,685,685,685,0,0
train/0685/1c678bf42b114da391a2b127ef6e047e.jpg,685,685,685,0,0
train/0685/27fafc5d78c94eebacb1eb16784bed95.jpg,685,685,685,0,0
train/0685/32e0af4576cb48879fca9115fd21a8ed.jpg,685,685,685,0,0
train/0685/442a954e079c4ca2a3252323662ae725.jpg,685,685,685,0,0
train/0685/5396b74bac9443b2a381c1beea81d90e.jpg,685,685,685,0,0
train/0685/7e4f146c851348e1a9bf034a3296feca.jpg,685,685,685,0,0
train/0685/7e8a5d2649a4411593d81e4a7b65d740.jpg,685,685,685,0,0
train/0685/8020239fa48b499abcda590d80738c1e.jpg,685,685,685,0,0
train/0685/89886cc94b8344ee8aff0b483e7aedcf.jpg,685,685,685,0,0
train/0685/8bd9c23a34ae44f5b1f3f23fd338cc87.jpg,685,685,685,0,0
train/0685/9ca822743c194679b2fd9d697119ac9e.jpg,685,685,685,0,0
train/0685/aeeabd4b725f49c6b612f2ef3bb00b09.jpg,685,685,685,0,0
train/0685/c6d01e7b42a2427cb1fc2f573e4f0679.jpg,685,685,685,0,0
train/0685/c73b1b68e09142f09584bdcece4c8321.jpg,685,685,685,0,0
train/0685/d8d25e84911248eeb2b71716f1927849.jpg,685,685,685,0,0
train/0685/e0a1cc37fa9a4a5893f49a0d4a4f0175.jpg,685,685,685,0,0
train/0685/e8a47a65956f48de99b64b8c54c513a5.jpg,685,704,685,1,0
train/0685/f8f6638801ca4bd4aaddcb0a983d9461.jpg,685,61,61,0,0
train/0686/2b9872c07e7042a681e9a8e7266c2906.jpg,686,10,10,0,0
train/0686/3068334aeb5740cc94f527bc57ea6792.jpg,686,312,312,0,0
train/0686/4d1faa5613b0444ab82477cfd78f83a7.jpg,686,559,613,0,0
train/0686/6a2386b38ffa4521b686cd852e78bd15.jpg,686,686,274,0,1
train/0686/7489b76f4b2e43ce85f220a2eed9bc16.jpg,686,686,641,0,1
train/0686/78a12f3e3b7949dd821bcb6d99f0b53d.jpg,686,686,686,0,0
train/0686/7b0e592153d04f11b003040a774b67c2.jpg,686,686,686,0,0
train/0686/8e2144fe021440d98fab3a39df1eded9.jpg,686,455,455,0,0
train/0686/a98e7503ec48416ca1b08990efc5da66.jpg,686,559,259,0,0
train/0686/b92bcd944d7547cc8e0520b16cb12dcf.jpg,686,559,559,0,0
train/0686/c4735e0254e642f3a6f5db4044aaf39c.jpg,686,686,686,0,0
train/0686/cb2597047d6e4b2eb2d2c2001f381a3e.jpg,686,686,686,0,0
train/0686/dc293702f7e84fa3af9866424c9ab5ec.jpg,686,641,641,0,0
train/0686/fdcb67ba691943dda5d91060608f2f95.jpg,686,686,269,0,1
train/0686/fffeb37872bd400186c0f0245337e2e3.jpg,686,546,546,0,0
train/0687/09579e85403a47e78abb0f6def95421a.jpg,687,687,687,0,0
train/0687/0c606d3f2c9f4db88e17422583eceade.jpg,687,687,687,0,0
train/0687/1ed4bd6376044d15bb1ee62cbd77258a.jpg,687,687,687,0,0
train/0687/3629e7b077db437a83271aac8bc97b3a.jpg,687,687,687,0,0
train/0687/3b843ba2a75d4713a37caafd3ad36237.jpg,687,631,631,0,0
train/0687/57fa7b8999234ab39663a393328182a6.jpg,687,687,687,0,0
train/0687/798f4c5413ec405fb02a06ba24e03ca4.jpg,687,560,715,0,0
train/0687/803dc61f6bcb4d4dab6e57f20c66d115.jpg,687,687,687,0,0
train/0687/89378b0fa77a4824b4e64ee0860c3d86.jpg,687,687,687,0,0
train/0687/9ca7e054ac56412890ce7a288c8adec0.jpg,687,215,215,0,0
train/0687/9ecb79a0025a461b9418efb4a7d0cd16.jpg,687,687,687,0,0
train/0687/ad197ff0689648b1add6437220ac2bf3.jpg,687,687,687,0,0
train/0687/c9091de10e7348968186b15f98d4b0cf.jpg,687,687,687,0,0
train/0687/da2687d10a124da38d527593af96cbfd.jpg,687,687,687,0,0
train/0687/f460b90574494a7b88977a96b287dadb.jpg,687,687,687,0,0
train/0687/fbb39a0afac6427cad67e932afbfa3c9.jpg,687,687,687,0,0
train/0687/fdd818c2e44246e4a5782997b7f6970b.jpg,687,337,399,0,0
train/0688/02a2ed1ecacb4d45887f87f29131326e.jpg,688,688,93,0,1
train/0688/037214c0a00b449fb02560026215686b.jpg,688,93,93,0,0
train/0688/55d7b6a8c25d49d3a6b9d617c15148ca.jpg,688,146,146,0,0
train/0688/56b54e1d45744beba343a101daf59c5d.jpg,688,733,387,0,0
train/0688/5d4e14aa82894605842a34b93bb40a78.jpg,688,688,727,0,1
train/0688/853b91c7a512484aa683b34bcaf26b87.jpg,688,688,622,0,1
train/0688/871f76cd0a324417bb9c40140263959f.jpg,688,747,747,0,0
train/0688/8e48b677c5504be1ade446feb95a92f4.jpg,688,93,747,0,0
train/0688/918dce627dff419eb522f22ba066aefe.jpg,688,688,688,0,0
train/0688/a4b323b172874379b169c70177329946.jpg,688,688,747,0,1
train/0688/b235bc90df3e4e0a9e767ee7a9d6c597.jpg,688,652,652,0,0
train/0688/be985342f20945f289bdd3c07529f38a.jpg,688,688,93,0,1
train/0688/cabbcbdd6ee04290bf0d940634d0bab0.jpg,688,489,489,0,0
train/0688/cb1024c9451a4703b2a3766cb8817a38.jpg,688,258,727,0,0
train/0688/dc9ec617c4c74d278f61a86fb998b4ab.jpg,688,747,747,0,0
train/0688/e4688b07006f4a6a9c3141c494576e7c.jpg,688,688,93,0,1
train/0688/e83560e65f5747fda2f101c112993df2.jpg,688,258,258,0,0
train/0688/ebbdfc6290524ff6b97e9e34d89cdd63.jpg,688,93,747,0,0
train/0689/1a38c10b337a4542a6db88aed44c8a79.jpg,689,689,689,0,0
train/0689/1a4cba407c914268a3e5a97ffc45b73a.jpg,689,689,689,0,0
train/0689/2fef0581098b463490a2a8010e82e96e.jpg,689,689,689,0,0
train/0689/368a5d4fa8d549dd8a3f3a31ec5d2695.jpg,689,689,689,0,0
train/0689/3b14e92a8a5b47f586dd8a6e57d73003.jpg,689,77,733,0,0
train/0689/45426cec832741c9951e443cd25863f8.jpg,689,689,689,0,0
train/0689/5270a0bef4ad4f2fa193cc9d51eb1c2a.jpg,689,10,10,0,0
train/0689/75b8b2a6f36d47d1934cf73fa959ef70.jpg,689,689,689,0,0
train/0689/768dbc91aca046d0b53ff60619a7364c.jpg,689,689,689,0,0
train/0689/7fc5a1eea8ad4cca9ac3e12174690929.jpg,689,689,689,0,0
train/0689/9287b0c16ae84f1c8426d1c8e33d3bae.jpg,689,689,689,0,0
train/0689/9344a9ef2d9c4ec0857f874c600206ef.jpg,689,733,689,1,0
train/0689/b3b519feb6b0482b975bcdcbbeeb976e.jpg,689,422,422,0,0
train/0689/b3d4b0658af14dc7adb3012e41d990ef.jpg,689,466,219,0,0
train/0689/cd9d13372b3448e98b05a62de4b32201.jpg,689,689,689,0,0
train/0689/dac5f4253ee34b208adae78f91e7ccd7.jpg,689,689,689,0,0
train/0689/e12cf1f8cd4a4584b7c9d7898389cbd4.jpg,689,689,689,0,0
train/0689/fa691d556db9407a9d3615fa008a319f.jpg,689,689,689,0,0
train/0689/fc33f636e49d4d369af81917c6456d4f.jpg,689,689,689,0,0
train/0690/19b3459b8bcd4a94987e425d941ff7f4.jpg,690,101,602,0,0
train/0690/21168aa7bbd94773bc7008a125cd3af2.jpg,690,690,690,0,0
train/0690/2133654f8d8244a5961d6a5248b87fd2.jpg,690,690,690,0,0
train/0690/3f58349ee8d94fc0a6c5994715665c49.jpg,690,732,732,0,0
train/0690/418e1038fd354fca8d271781b7e2f7c5.jpg,690,690,690,0,0
train/0690/561cda32c183404c86c43c35445ebcc8.jpg,690,690,690,0,0
train/0690/5b4b1725af9e4c81918cdeacf2551977.jpg,690,690,690,0,0
train/0690/60ef85b969164635a2b58814f6fd4b18.jpg,690,165,690,1,0
train/0690/71483698d3524878a0af484fa535576a.jpg,690,645,479,0,0
train/0690/716be73d7c7046848fcaf2bca3c8757a.jpg,690,105,105,0,0
train/0690/7d485cf988c74543bd67df164ab253a9.jpg,690,690,690,0,0
train/0690/8d485997d89245bba9de7044e63fb8a8.jpg,690,115,115,0,0
train/0690/935b283e1e0545e68d7a1da5cec94e7e.jpg,690,690,690,0,0
train/0690/a5bc374e48574cae8232acb95d191560.jpg,690,690,690,0,0
train/0690/b79eecb460ac4e8585cfbad382651603.jpg,690,141,230,0,0
train/0690/bc1e06287bd64961ab0ddff2cce44653.jpg,690,690,690,0,0
train/0690/d02e205659cb429da97a2e4f14d2431c.jpg,690,690,690,0,0
train/0690/d0a9339b96294a13914f90bfa6842061.jpg,690,690,690,0,0
train/0690/d8585fa113fa4d4fa6150ef43ca36466.jpg,690,677,677,0,0
train/0690/e48d4699e25e48198fd56bcf81d01727.jpg,690,497,497,0,0
train/0690/e986304bea024b02a721872d2467f854.jpg,690,592,592,0,0
train/0690/ef83bcc170bc409ba94c6c4eeb2c8543.jpg,690,524,479,0,0
train/0690/ff3a0993a24f43e0ba93495dd30d3e1d.jpg,690,690,690,0,0
train/0691/0013d989aee84c1d870e09558cbb0d1f.jpg,691,691,691,0,0
train/0691/1db57694133544fca32923ac23dd8ab3.jpg,691,691,691,0,0
train/0691/382272b9f47840a28418c6114d4bc13a.jpg,691,691,691,0,0
train/0691/3dc381b3ccca4ad5ac2c42cdd3b61ff4.jpg,691,691,691,0,0
train/0691/548b62d072a84f489fa02d3c2a164470.jpg,691,691,691,0,0
train/0691/6a4c048a48274a1bbcadd09bda38bbe2.jpg,691,691,691,0,0
train/0691/79c49f6279a84b41acc5e1aefb5f50c5.jpg,691,691,691,0,0
train/0691/7a226cd6556a4d0c8d49b8d34843c6bc.jpg,691,691,691,0,0
train/0691/8224a435d78644a6bcb393e191aafa37.jpg,691,691,691,0,0
train/0691/85e5dbba75174f85ae3294622e7b46df.jpg,691,691,691,0,0
train/0691/98376d55aa334a9580879ba8937687f8.jpg,691,691,691,0,0
train/0691/9fa973f1ecb945748e1e13eeb923c894.jpg,691,691,691,0,0
train/0691/b0cc35558730428080152c2b69a89ee6.jpg,691,691,691,0,0
train/0691/d02f0232391f4ddc9959931432998032.jpg,691,691,691,0,0
train/0691/dc744dd321d34a328d168c8ec10db7fe.jpg,691,691,691,0,0
train/0691/e85bf806907945b48c4cc6656f2d5690.jpg,691,691,691,0,0
train/0691/ea742ebd6dd3436397742703de9936ec.jpg,691,691,691,0,0
train/0691/fc055c97fc1f4d0ca36464844ef760c7.jpg,691,691,691,0,0
train/0692/00bebd0c2b6f479c9d4400f4a644237b.jpg,692,692,692,0,0
train/0692/214be96fd1ae4fd8bd8d0fde180f9f29.jpg,692,692,692,0,0
train/0692/3453ed968e4e4dbeb1c44afd0b5a46b7.jpg,692,692,692,0,0
train/0692/3a2b0a3c06c04b44878a671e667c15b6.jpg,692,692,692,0,0
train/0692/3c6fae0880894469b13edf562398f72b.jpg,692,692,692,0,0
train/0692/40209ca7d7794ad2b5c736542f224fd2.jpg,692,231,231,0,0
train/0692/48f19cb2536f4040af6aacd6b6c6a6a0.jpg,692,692,692,0,0
train/0692/499752e6323741d2b9df71de14915837.jpg,692,424,424,0,0
train/0692/579358e70a664d6db387a2e80c15941d.jpg,692,692,692,0,0
train/0692/8c08b0f2ffe44c5cb3b12a94bfec9da7.jpg,692,692,692,0,0
train/0692/92cb2057bdd34f078b7f844e1a490088.jpg,692,518,369,0,0
train/0692/96a35708acc246d1808ba4bd2c0b0407.jpg,692,692,692,0,0
train/0692/a0cba38bc4c74d3eb00f68f2b6c27c9c.jpg,692,692,692,0,0
train/0692/b4c348f5855147ee909bede8b67759a7.jpg,692,692,692,0,0
train/0692/bc72ecb93da54492ac130c2208f7e005.jpg,692,692,692,0,0
train/0692/c49bec4892dd489a9a820129d0dd8696.jpg,692,692,692,0,0
train/0692/cebc1f088a6548d1b248e409385d46bc.jpg,692,692,692,0,0
train/0692/eca725fafbd64a43b162e12118f604a0.jpg,692,692,692,0,0
train/0693/02999fc038d14322b2c6e79087d79c21.jpg,693,672,672,0,0
train/0693/257b7d96617042389f31d15a83f8dfcc.jpg,693,672,672,0,0
train/0693/584bbb82005340ed9ef5b4597d9ec5ae.jpg,693,672,672,0,0
train/0693/5e8cc5b92bd74987beb21386d1d511f8.jpg,693,672,672,0,0
train/0693/6c977fedc54440da9eaccc589a1c1dc5.jpg,693,356,356,0,0
train/0693/7e5cb2b285fe41d2bccddca6b7e6e243.jpg,693,672,356,0,0
train/0693/9403eb88972c49d29ef2a8f908d0841e.jpg,693,356,356,0,0
train/0693/9e097ec7bfac4922af91bb3d4b83160e.jpg,693,672,672,0,0
train/0693/9e56bea264b44899b5991f48bd76038b.jpg,693,672,672,0,0
train/0693/a1612cfa4fdb419fb6a1e48d839f8bd6.jpg,693,693,672,0,1
train/0693/a7eb2911defc44dcbb193005a420dce1.jpg,693,715,715,0,0
train/0693/acdf5bd2077b4106b47449b01c7c123d.jpg,693,203,203,0,0
train/0693/b4d5b4f975b84c3d9396eae5ca0c01c2.jpg,693,356,356,0,0
train/0693/d6b45eb8ccff48d591d665706ba422b2.jpg,693,672,693,1,0
train/0693/e43f9df58eb64232b559d86e85cd010f.jpg,693,672,672,0,0
train/0693/e4f9784ad6794851ab3a6d86e5e8f1af.jpg,693,672,672,0,0
train/0693/f7f2043ac3f94eedb245cbca243f0a05.jpg,693,672,672,0,0
train/0694/17c1b1e8364c41af995a60a9d932a80c.jpg,694,694,694,0,0
train/0694/2431ac6d9f7c4b948842411c2bd4be4b.jpg,694,694,694,0,0
train/0694/2a9cde869ebc4f598a4f658ef9fd69c6.jpg,694,694,694,0,0
train/0694/2cbeedc98ea24030af8e33afc339e524.jpg,694,694,476,0,1
train/0694/2d3082d4c3bc4277a331bef81c22e9ba.jpg,694,694,694,0,0
train/0694/31c611ee9b5a481bb665b4419d4df40b.jpg,694,694,476,0,1
train/0694/36b977135c0d4260a2ded5214df143b1.jpg,694,698,698,0,0
train/0694/429e9ab0052043fb9b12ca40090ee5de.jpg,694,157,157,0,0
train/0694/4a4cdf6fa77f4677a9ba14316dc4aed7.jpg,694,629,629,0,0
train/0694/5b351d1c2e214a539ce3da709d7dd404.jpg,694,604,604,0,0
train/0694/5bbf29847ea346ddb073c1c065d0604c.jpg,694,694,694,0,0
train/0694/6792170913ba4b9093325b72abb50170.jpg,694,694,476,0,1
train/0694/7855016011634983bdb7abed370415a4.jpg,694,694,694,0,0
train/0694/7f868433f1fd490d958f8f36e0f8d792.jpg,694,171,334,0,0
train/0694/90fce4672ad740a39c3a54a48ef3585e.jpg,694,694,694,0,0
train/0694/bbb42999e6d74291ace6b42cb54f1e5f.jpg,694,476,476,0,0
train/0694/d9352568ffb04a5682a8e011414b2267.jpg,694,694,694,0,0
train/0694/e88e4d74e9cd4585939ac5c2053d6907.jpg,694,476,476,0,0
train/0694/f1e6b89c381542a9ac0cd50ce71f9268.jpg,694,546,546,0,0
train/0695/018cee5bc38d4f6c8608185318aba3ec.jpg,695,695,695,0,0
train/0695/0ce2ebeca78f4ca4a61344dd957bbbc8.jpg,695,695,320,0,1
train/0695/0e7015cb340c47c8980aa3c91453a496.jpg,695,320,320,0,0
train/0695/11160e12582c4c418c1a3b80bbf20a31.jpg,695,695,695,0,0
train/0695/1249746d466c473a809f1d8f4a4c8e66.jpg,695,679,620,0,0
train/0695/1fe632458dca4567b3e198f3d25dc616.jpg,695,695,695,0,0
train/0695/2ea950d21dd449ebbeecbc48e1d86f39.jpg,695,559,695,1,0
train/0695/3c65a6969f0046d4943b4bab1c172b45.jpg,695,89,549,0,0
train/0695/4d81976023814f65bf301eefff384617.jpg,695,695,695,0,0
train/0695/589b7729f5fc4fce848498f8f2dc5666.jpg,695,695,430,0,1
train/0695/591acfe069f142d3b7c82dc548f17451.jpg,695,695,695,0,0
train/0695/5d19d53b7d6242309f019f12c8e7e982.jpg,695,565,565,0,0
train/0695/6bc2cee647de4efdafc4cf467c6e28ad.jpg,695,695,695,0,0
train/0695/78c2047435de4c8099cf03273ba21ce5.jpg,695,679,320,0,0
train/0695/7f2f2d3876e841c7bbba36dc67c6356f.jpg,695,695,320,0,1
train/0695/85403e1f5a5c49e0807e95418f54ec6f.jpg,695,320,320,0,0
train/0695/92984261c4824e76a9052f58d998eea9.jpg,695,476,476,0,0
train/0695/a2150e24e4dd435d84d6e52918e058e5.jpg,695,592,394,0,0
train/0695/cd4578650838423fb23ee1fc93dc3713.jpg,695,679,679,0,0
train/0695/cd6c8a0e80c34908b12e009058144901.jpg,695,695,695,0,0
train/0695/cdfe12737c29423b82adc26d7d2c67f2.jpg,695,300,300,0,0
train/0695/d92d78cfa93d4efcaf7ef82fab25b681.jpg,695,679,679,0,0
train/0695/dc694a97430745f387ac1383a9b90e94.jpg,695,186,186,0,0
train/0695/faa58428a117441abd3d7f53f440106e.jpg,695,695,695,0,0
train/0696/0629b6af0059451ab2859fe1ca678f8b.jpg,696,157,157,0,0
train/0696/07a8e2c175dc44418a88a2bb307cff05.jpg,696,211,587,0,0
train/0696/087c68b28c7941ba8cd0acf69182e6b4.jpg,696,696,89,0,1
train/0696/0b3c698d16184170a6dae7238aa09e9b.jpg,696,540,12,0,0
train/0696/0bda92bca44b4d7d90eea5c4468d60ed.jpg,696,696,125,0,1
train/0696/0be605fcfd064452bdfa1199947755aa.jpg,696,645,645,0,0
train/0696/1c73f69f0bd541e2a830d5a7164bb952.jpg,696,696,663,0,1
train/0696/28b5ec3036ab471b963c6fa19e14f7af.jpg,696,393,683,0,0
train/0696/32997009dc954be5adf7ca7bdd29c918.jpg,696,696,696,0,0
train/0696/35246d13f8f24b3ea5bc21ea98db309a.jpg,696,211,587,0,0
train/0696/6f30df096b184085a4615fec0472c529.jpg,696,587,125,0,0
train/0696/932a1aa33f1e4581bceaf3ebfe996f3f.jpg,696,531,583,0,0
train/0696/94264baed3f544f1a815b5d3f4f4eb00.jpg,696,696,71,0,1
train/0696/9d66994f5f854779b86d0710be256c8b.jpg,696,533,2,0,0
train/0696/b60992aea5634d499fb90589741d0fda.jpg,696,663,125,0,0
train/0696/d8631d4d282644ce9b4e353c3e5e75c8.jpg,696,244,165,0,0
train/0696/ee373e471aa34035ae5979da7e369d97.jpg,696,696,125,0,1
train/0696/f23a15ae40ff41639ea94bd6d7dfe167.jpg,696,696,707,0,1
train/0696/f5eaab5a120b4bf7a504d90b5c562a26.jpg,696,696,206,0,1
train/0697/04d75ab5e37143f6b5f93804ebf1cd52.jpg,697,697,697,0,0
train/0697/19af3d38443741daa0946be072f824f2.jpg,697,697,697,0,0
train/0697/2ecd2a7085f9432fbbabf022a6d4b5c9.jpg,697,697,697,0,0
train/0697/355a5f9a6db242aeb75c8de86f510930.jpg,697,697,697,0,0
train/0697/4bfb2d081f3c42788d504953d981cc35.jpg,697,697,697,0,0
train/0697/52b0ed1ae3ac4232a62cc8c1d5135a52.jpg,697,697,697,0,0
train/0697/73a31ffba7e64f42901b11c779cef633.jpg,697,697,697,0,0
train/0697/75bec8f896cb4bc3a4eafc488fc27089.jpg,697,697,697,0,0
train/0697/79bfa4e9c94c4504a397175355e2254d.jpg,697,697,697,0,0
train/0697/9d286e478b4841c1a5300194c024c06d.jpg,697,697,697,0,0
train/0697/a0906e2966544998a86f1065e4e84aea.jpg,697,697,697,0,0
train/0697/a9770afc909b4347ae216bb84d996be2.jpg,697,697,468,0,1
train/0697/aab882c801914c83928c3b50d66a001a.jpg,697,697,697,0,0
train/0697/b08138cbde1f4d48a5a7a1ccf6472d15.jpg,697,697,697,0,0
train/0697/c3c0478215854cad8767b39b155bdcf2.jpg,697,697,697,0,0
train/0697/c40ef123b21e4a38893d857d93dcd2a3.jpg,697,697,697,0,0
train/0697/d091462c505a4e3188c7670e794b1853.jpg,697,697,697,0,0
train/0697/d3b202d4515a4adab6b79b4c1485769f.jpg,697,697,697,0,0
train/0697/f5c1aee13cc7418899c698e87f07dcba.jpg,697,697,697,0,0
train/0698/24faedc4f98c4e7f90f213171018b901.jpg,698,698,698,0,0
train/0698/2c52557f7d214d6ba35c285d77d16a4a.jpg,698,698,698,0,0
train/0698/395213ca0b714911ad6d6a12eeaf410e.jpg,698,698,698,0,0
train/0698/3cb99079b2284c999a3356310a91d957.jpg,698,698,698,0,0
train/0698/485596c4835147c980b2829a9d58c235.jpg,698,698,698,0,0
train/0698/48880868483447cb883ee097e9140329.jpg,698,698,698,0,0
train/0698/5164237211ce42a2b97f7aea267ac6a0.jpg,698,698,698,0,0
train/0698/63f4b0d94a30433eafbcf052e990fc38.jpg,698,698,698,0,0
train/0698/84fb3b2b5dc342ceb851d2d0c0824adf.jpg,698,139,476,0,0
train/0698/880eb31517cc4eb5984a7361df359dd5.jpg,698,123,360,0,0
train/0698/94b7a3723f594abab091784665a1e3b3.jpg,698,698,698,0,0
train/0698/a0ab0e076fef41e4a030bca90a4b8d77.jpg,698,402,423,0,0
train/0698/a6ee3519823943b1a1ce6d28aee569b1.jpg,698,698,698,0,0
train/0698/a917a0f95b7942bb925fb2a2024dde3d.jpg,698,569,569,0,0
train/0698/aca97f3d75944e4f8b8334eef06fd3e1.jpg,698,349,125,0,0
train/0698/bba812364db843d6bb54b163da04a431.jpg,698,698,698,0,0
train/0698/c67243ec3a4a4f7fb432aa206218800f.jpg,698,698,698,0,0
train/0698/ce9958ffe5614eb98b180811746a7eeb.jpg,698,698,698,0,0
train/0698/e59bb6946b514cefa7d6183d833bbfbd.jpg,698,698,698,0,0
train/0698/efdb9da43f8448088e6f550a86177d7e.jpg,698,698,698,0,0
train/0699/05aa80731e4a46e7b7903517edcb9446.jpg,699,699,699,0,0
train/0699/16bef25302e0481c89a45dd87af78bb9.jpg,699,699,699,0,0
train/0699/2cfe776628b14d588d833a7fd52b356f.jpg,699,699,699,0,0
train/0699/2ea8fc4e45f349fcaf859d3b6ddde2bf.jpg,699,699,699,0,0
train/0699/330b97746ec04bbe8aa7ba2b4038d413.jpg,699,306,306,0,0
train/0699/438dea6487ef4931bd187b5f725e23bf.jpg,699,699,699,0,0
train/0699/56a2385ee9be40f983c853d30bfa9677.jpg,699,699,354,0,1
train/0699/6d95f2da6da34fe7b3374c1d13043c57.jpg,699,699,699,0,0
train/0699/6fc308fb7ea14bfa81015cbc35eb7e2e.jpg,699,699,699,0,0
train/0699/7c5cc047d4994e339c8cf6575bb33b8f.jpg,699,699,699,0,0
train/0699/8279c0ef59a942568e9dc83f12fe1729.jpg,699,650,650,0,0
train/0699/8caaccc8be79431f99630ea91d54d180.jpg,699,699,354,0,1
train/0699/90bedab25550421b9622720a6c9f1d76.jpg,699,699,699,0,0
train/0699/a4b3508291c547a0afe86392ecd480f9.jpg,699,699,699,0,0
train/0699/a56cc4d800104a58823d7949569d1468.jpg,699,71,71,0,0
train/0699/adf4fc9fc2ba4a93bfff6db693a1e83e.jpg,699,699,354,0,1
train/0699/d043516a9dcd4dde99c614396d271cae.jpg,699,699,699,0,0
train/0699/d5182a4652a8497eb5aee53db5b39774.jpg,699,699,699,0,0
train/0699/f826ab3f69a2468da6366abf244b3f9a.jpg,699,699,306,0,1
train/0699/fc7fe486371c4c2490fdfe738cd0bf0e.jpg,699,306,534,0,0
train/0700/04c844d61d0142e4b0133d6a4a9d82fb.jpg,700,268,253,0,0
train/0700/0714a4ef28e846079cb56a5c0af2368c.jpg,700,525,592,0,0
train/0700/072d6fdc3ba04812b9419c6b888cfc6e.jpg,700,700,700,0,0
train/0700/145475674e9c4dbabecd21bf8e85d85c.jpg,700,253,16,0,0
train/0700/28a8ef50c2944643bea262cad611c131.jpg,700,700,253,0,1
train/0700/28b7c150b3bc40cea11bff18967c3366.jpg,700,700,16,0,1
train/0700/304f1e20dbfd424d8655f2efcb3fd59b.jpg,700,243,16,0,0
train/0700/40347211566e4b59879aa8370cde43be.jpg,700,243,16,0,0
train/0700/5204c4b339684bac94825b6080d11c82.jpg,700,700,700,0,0
train/0700/55b54e3bbf3348d6b16a7788307d6a00.jpg,700,700,700,0,0
train/0700/5b92bc5bf975404ab36125c0d00bff09.jpg,700,700,700,0,0
train/0700/68f6653b158b49dcaba7df1fb171b8ed.jpg,700,700,700,0,0
train/0700/96799be7dd6b43fb87ed703a79212fbe.jpg,700,253,253,0,0
train/0700/99adfd69ce4b42ae91cb59ac5873b391.jpg,700,700,700,0,0
train/0700/9affe3e4739646caa7f830dcaeb4c7c9.jpg,700,700,700,0,0
train/0700/a45babbd42a14c8c9bce5e40aa190562.jpg,700,700,700,0,0
train/0700/ab95aa8887bc4889b08b2905dac644a9.jpg,700,45,45,0,0
train/0700/bb97d1264ece4eff8c4db5293575f12a.jpg,700,700,234,0,1
train/0700/c923f45e832144b6a39e0567cff615f0.jpg,700,700,700,0,0
train/0700/d4156b7d648a4c9b8732c4744fa54ea3.jpg,700,714,636,0,0
train/0700/d522fa65625147368e8757e990920371.jpg,700,253,253,0,0
train/0700/d5a7d7bc4b274642b81ef50d7c7f69aa.jpg,700,715,715,0,0
train/0700/e5de5a53bf9f40959b184d547ffff0ad.jpg,700,16,16,0,0
train/0700/ece2096acdb0485b9a8e501a96f8d395.jpg,700,253,253,0,0
train/0701/0cdc948c72364736a9419edab223014d.jpg,701,701,701,0,0
train/0701/0fdb1e1283c647f4a5377f290b519424.jpg,701,701,701,0,0
train/0701/11fca967c70a467c8dd8fbeb55ece242.jpg,701,701,701,0,0
train/0701/1511f7021d7645a1881eaef7016b729f.jpg,701,701,701,0,0
train/0701/3075d55f0f1e4cb287231f75f347db91.jpg,701,701,701,0,0
train/0701/3b3719b1adee4db8b9ab1eb4b1eb22ae.jpg,701,701,701,0,0
train/0701/5023a778ade741599a3d74dabf0a8563.jpg,701,701,701,0,0
train/0701/5401575be60648d5893af18f8b8d9f82.jpg,701,701,701,0,0
train/0701/5f2aed91e8204afda0441dcab409c7e5.jpg,701,701,701,0,0
train/0701/66c5e50ccaeb4d84b4816c9b623f52eb.jpg,701,701,701,0,0
train/0701/6eef99a033a44d2bbd1115a0337ed377.jpg,701,701,701,0,0
train/0701/73dfc15c493a431b8fc70a80053e6221.jpg,701,701,701,0,0
train/0701/8dd8f9f3f79045df8d85494da8a75683.jpg,701,701,701,0,0
train/0701/8e6d5ca97bbe4a7bb4595fdfd7cf5b12.jpg,701,701,701,0,0
train/0701/99660e9949ea4157bababdc54b860d98.jpg,701,701,701,0,0
train/0701/a1c66191f01c40839bfb47f062182efa.jpg,701,701,701,0,0
train/0701/b67c1272e9d549baa4679f06751e23eb.jpg,701,701,701,0,0
train/0701/b87fa90568b44ad48b001c4d0fde23f8.jpg,701,701,701,0,0
train/0701/c7ebd217834c4d03bd872dd244e31ff2.jpg,701,701,701,0,0
train/0701/f756feb0e9a04bedb208cef960c995ee.jpg,701,701,701,0,0
train/0701/f96aa6aa66124b1385ba3db4b042d30f.jpg,701,701,701,0,0
train/0702/0ff7161f68e04e419511812ede40fc18.jpg,702,702,702,0,0
train/0702/1514e38398904bd8a679db4c6f93eb9c.jpg,702,702,702,0,0
train/0702/2f04e4ebac2546c0959c3c3737ab1899.jpg,702,702,702,0,0
train/0702/30475c6052aa479983880bb51b1c6f4c.jpg,702,702,702,0,0
train/0702/3228288e1e3c442baae897965f268a01.jpg,702,702,702,0,0
train/0702/3de760e2c3d54b8fbfc4d4eaedb3bfad.jpg,702,702,702,0,0
train/0702/48b0357c3abc462eaf4a77292b4dbb2b.jpg,702,702,702,0,0
train/0702/5a4ade4ff6844f838c5e165fe2c7d1fd.jpg,702,702,702,0,0
train/0702/7bad6a38be484f0eb2bd4f7270acee46.jpg,702,702,702,0,0
train/0702/8e6d53af65a44414831d62e764d07a87.jpg,702,702,702,0,0
train/0702/950b00277584460aa2f53f397afcd58c.jpg,702,702,702,0,0
train/0702/a8831e0e0abd4d519bedb4437313327d.jpg,702,515,702,1,0
train/0702/b833230264604dccb1652f4490f5a36c.jpg,702,702,702,0,0
train/0702/c501d86415564d59b32c845f281b8bc8.jpg,702,702,702,0,0
train/0702/d47a0215d0734daba8d62f2357ab434d.jpg,702,727,15,0,0
train/0702/dc5bc518efd648b8afbf97a3e074dd51.jpg,702,702,702,0,0
train/0702/e3d43bee43164e4eb4ed040f495e544d.jpg,702,702,702,0,0
train/0703/1b18f8d3f7bd433fadae1507a86cea6b.jpg,703,703,703,0,0
train/0703/35eac141eadc4e36ad27dabc92b158ac.jpg,703,362,362,0,0
train/0703/5159d6cee0324e46b3f024d43d6dedf4.jpg,703,298,105,0,0
train/0703/6ad257c449234ff486793127944ae560.jpg,703,703,703,0,0
train/0703/77790dc4b7be444d90ebc2a59e867ae9.jpg,703,703,703,0,0
train/0703/9658095f3e3345869b2e178a2f49c139.jpg,703,327,327,0,0
train/0703/97a3037c5d37422f8fb3cde8e862572e.jpg,703,703,703,0,0
train/0703/ada63c05dcbd4e968b541ae755240fda.jpg,703,703,703,0,0
train/0703/b090357137a24195be09c97fabc61cef.jpg,703,703,703,0,0
train/0703/b7c7cc52d4404204a481ee44a75b9aee.jpg,703,703,703,0,0
train/0703/c46df0c9c46d4494a942f785da9bd881.jpg,703,703,703,0,0
train/0703/d31ab5b2ede04198b576a6a57db50547.jpg,703,703,703,0,0
train/0703/e34840e537ed4fbbb163b8bba1036fd9.jpg,703,703,703,0,0
train/0703/e386487dcfea483cb99492bd2840f616.jpg,703,362,129,0,0
train/0703/e8bdc385540e4319b102647f1b2c624b.jpg,703,740,602,0,0
train/0703/ecb48bf56bcf4da798a24531be9a1fe0.jpg,703,703,703,0,0
train/0704/057bf76eeb2e417d8bee4388211edf23.jpg,704,704,704,0,0
train/0704/114adb7e5fe5493ebb53c54c130c40e5.jpg,704,704,704,0,0
train/0704/2e5741777b9541d28b6654bb96f52347.jpg,704,704,250,0,1
train/0704/2fbf4d5c87d046bb8b67bd989e208ffc.jpg,704,2,2,0,0
train/0704/385ede99e687453bb80c1b97877a04a5.jpg,704,704,704,0,0
train/0704/41743f376bfb4e7b95e4e3532e6ad8b5.jpg,704,704,650,0,1
train/0704/547560f0644a43baa746e0216123b065.jpg,704,653,653,0,0
train/0704/55d21b8923784b1bb80c0d36251f3995.jpg,704,704,704,0,0
train/0704/58ab552b20a44598888c355d42684e39.jpg,704,725,725,0,0
train/0704/6c7d673153ce4139b754a23b20b21778.jpg,704,725,725,0,0
train/0704/77e29dcd271c4be7a473d3a8b1ab5b89.jpg,704,2,2,0,0
train/0704/7cdb63cf0b7245c8b2c1f3fff800ef75.jpg,704,704,704,0,0
train/0704/834feb58079042b7b6add97e511d5b24.jpg,704,704,704,0,0
train/0704/a51c9564e2fc449eb1026bf7b95eba7d.jpg,704,704,704,0,0
train/0704/bbbd5d141edf478f9c627b17b49f32dc.jpg,704,704,704,0,0
train/0704/cd9d9cafa70b44839ae354a3888a5851.jpg,704,704,704,0,0
train/0704/d214c87316ad4d1da056c3f85b4228e3.jpg,704,704,704,0,0
train/0704/dac2541876ed44a0b4c15cc52baef6fa.jpg,704,704,704,0,0
train/0704/dc6bd104584241d58e50af0ba9ff702b.jpg,704,471,476,0,0
train/0704/e20da1d5196146428ed1dba4196ad256.jpg,704,704,704,0,0
train/0704/e2e3579443cf4de9a2f2a40e016309c1.jpg,704,180,180,0,0
train/0704/f758615ed71a4281a7b79c48fd6c0640.jpg,704,704,704,0,0
train/0704/fe2246067b554262ac65da0dcf645dd9.jpg,704,704,704,0,0
train/0705/066bd8152caa4701a6f469937d67b7d9.jpg,705,705,705,0,0
train/0705/1d77430e6b97414b8ddd9a63b15bd1c1.jpg,705,705,705,0,0
train/0705/1e64ee07e64b4e568db3813f5e162478.jpg,705,705,705,0,0
train/0705/2253c9e839d144e29bf204700d6030fb.jpg,705,705,705,0,0
train/0705/347a5278c30a40898fc5348ecfc36336.jpg,705,705,705,0,0
train/0705/39013b57f4d34c03be4dea45b8197afb.jpg,705,705,705,0,0
train/0705/3c11be182b9c444eadf1cfd68544f072.jpg,705,705,705,0,0
train/0705/40b322a831e14649b04bd961e8cd61dc.jpg,705,705,705,0,0
train/0705/477a53c31a1242b3b9717cdc23e8be26.jpg,705,705,705,0,0
train/0705/6d75d3236b8f49baa8f3536e061f2874.jpg,705,267,705,1,0
train/0705/7489a89829354cc896109cce5ffb707d.jpg,705,705,705,0,0
train/0705/85e26696c68d43338e37fa250672f16d.jpg,705,705,119,0,1
train/0705/af0ce8024e444832b0c28b60856a2cdb.jpg,705,705,705,0,0
train/0705/bdf35e7acc524e99b8427a3b3c0dd744.jpg,705,705,705,0,0
train/0705/c0fa0d01f8ea46509d2809bd691e6187.jpg,705,705,705,0,0
train/0705/c480eb2790c148e2bb1ff3e44811fa93.jpg,705,705,705,0,0
train/0705/ce1c7aa542374a94b17a5328c5fdd57b.jpg,705,705,267,0,1
train/0705/e350d56141c04a6ab9ea81dadcb019eb.jpg,705,705,705,0,0
train/0705/f94d893f471e489392d6863b5b16ae7e.jpg,705,705,705,0,0
train/0706/050cae0c0bfb407cb27b61282b24fcda.jpg,706,217,217,0,0
train/0706/11d3c9f576f84dc496400f16cb729638.jpg,706,131,565,0,0
train/0706/30511918082545f89aec8c9394f486ee.jpg,706,706,706,0,0
train/0706/316f3f6584af4bfe8a5b72f20b7461d4.jpg,706,696,525,0,0
train/0706/31fb140aa2b5493f8277e33f4fea912f.jpg,706,592,206,0,0
train/0706/351a41fe3a02435a94491fa170893bf2.jpg,706,675,706,1,0
train/0706/3b872df1dccd4a59928ab9e73ddf2b30.jpg,706,706,706,0,0
train/0706/3f9ea69089bc4b3087b94f856ff85dbd.jpg,706,675,154,0,0
train/0706/4fbd46caf6d24a28bbe668e8bfb88228.jpg,706,217,217,0,0
train/0706/6f902756d5784a968be00368271c6683.jpg,706,695,695,0,0
train/0706/936732a52c97456b972dee0ce3dfb1bd.jpg,706,706,706,0,0
train/0706/9ff4e5af733f4477811d728a3789ecf0.jpg,706,602,695,0,0
train/0706/b50af754909b4a4784ad76d3bbe0e0a1.jpg,706,706,706,0,0
train/0706/ec1815ca4a1642908712c25ac2ec0cbe.jpg,706,749,749,0,0
train/0706/ed7b0d836e294f1fa2e039330bcffc63.jpg,706,706,131,0,1
train/0707/04ec7880c9ea469fb6d459a013981588.jpg,707,707,707,0,0
train/0707/14a3ed5f4c014ab29131e57a4f87f341.jpg,707,707,707,0,0
train/0707/1e8e5d855e5c4801be5d8c32b3547b1c.jpg,707,348,348,0,0
train/0707/23710d0f46aa414a82669ccf15341866.jpg,707,400,327,0,0
train/0707/6ebd58a83faf47b48288f9077214c114.jpg,707,206,206,0,0
train/0707/7cc0655d0cdf46228bcf30c4c58a26bd.jpg,707,663,663,0,0
train/0707/8dd26f538ef441ebb86391a3d87b0905.jpg,707,485,344,0,0
train/0707/96fd0205f9ec4570891728dfc683f1d0.jpg,707,348,348,0,0
train/0707/9a2797c973cd4a2690b6bbfe737ef517.jpg,707,707,707,0,0
train/0707/a465c08a7764420e973fab8f160c9b91.jpg,707,707,707,0,0
train/0707/b060e2f46338439f973c04d599997fd2.jpg,707,595,525,0,0
train/0707/bcf04095a9414db892bd2edd08e1591b.jpg,707,216,216,0,0
train/0707/c5f67178f54041c99237d7253877c38f.jpg,707,707,707,0,0
train/0707/c837fb8205d141739922d6a729ad6083.jpg,707,71,71,0,0
train/0707/da7b5b7f2621474f93e53e94540cffcb.jpg,707,707,707,0,0
train/0707/db1c8efb7140428a867771b9e2783fb7.jpg,707,177,177,0,0
train/0707/e8ff22f0faac4642ba23fa4a7d59244f.jpg,707,707,400,0,1
train/0707/f2682a69acb64876bc818ef8bc62fc5a.jpg,707,454,454,0,0
train/0707/f481666fc62f4397bec6bd07f1674593.jpg,707,691,691,0,0
train/0707/ff01e1f40e8246489f158b5549a7337a.jpg,707,127,206,0,0
train/0707/ff6ae4ee10bb4d17b3d112a18fcdc9c4.jpg,707,599,707,1,0
train/0707/ffefb284c881454486b4568f94318605.jpg,707,483,58,0,0
train/0708/023bdc0707fe458e94dc344ded433a13.jpg,708,217,217,0,0
train/0708/0769e53048fa4b299a3c542be0cadb43.jpg,708,249,249,0,0
train/0708/0f90d6ac4389419797815879768fabeb.jpg,708,126,180,0,0
train/0708/143caef4399d43ddbbf0575be7a8585b.jpg,708,708,708,0,0
train/0708/1fdcfb1bf76a47da9634aae78d113f28.jpg,708,708,708,0,0
train/0708/3226e0e21e7842e499fe0e63420ea73e.jpg,708,602,602,0,0
train/0708/34321b45962f4c89ab0ca26a03370598.jpg,708,708,708,0,0
train/0708/4075fa330ce84212bb9ac2848693f10d.jpg,708,602,602,0,0
train/0708/4b9bea3727f744aa88a2413d4e984c3d.jpg,708,602,602,0,0
train/0708/4e6886d9d80b466a8edba376f7f8b4fd.jpg,708,740,740,0,0
train/0708/5145baaae552436c838d1da02d149f64.jpg,708,708,441,0,1
train/0708/54a0ed9216f44d84a8f7aaaa68c5667c.jpg,708,565,320,0,0
train/0708/567e92e1d84d47c4ba47d6a5e3c46dd2.jpg,708,708,708,0,0
train/0708/71a1099f5f944647bbc8276d88a47b03.jpg,708,708,602,0,1
train/0708/890df74e2be2445fa78566e969875db0.jpg,708,602,602,0,0
train/0708/ada8965ea7734485a74e3a1ba28e23d7.jpg,708,602,565,0,0
train/0708/c74a1c32af954eb4bc73a0e28d078f18.jpg,708,708,708,0,0
train/0708/e70c31731b974664a9537dce06f1841a.jpg,708,740,740,0,0
train/0709/0b0f3ab47a4c4236994d002821b5f0da.jpg,709,709,709,0,0
train/0709/0be5589b192e4ee998ec73a559c5a710.jpg,709,709,709,0,0
train/0709/18e2820474304824a0e51c01569b8a30.jpg,709,709,709,0,0
train/0709/2870b4acd5004da384f18837c24d2ba7.jpg,709,709,709,0,0
train/0709/2d94800844a54d118d5126454c2754f3.jpg,709,175,518,0,0
train/0709/41434f74605b401ebc0978ccc4e98329.jpg,709,584,650,0,0
train/0709/48bfb6498fa246538c0b9e42e98a98cf.jpg,709,709,709,0,0
train/0709/4dad649198b4480e95f95a4cd85cb857.jpg,709,709,709,0,0
train/0709/8164e1831cac4d61a0edfce8f7ca886f.jpg,709,709,709,0,0
train/0709/8d47b7e99d2b4c4db43e950d7e2cf813.jpg,709,709,709,0,0
train/0709/97ad9c598c0643f3b9789ed295106653.jpg,709,709,709,0,0
train/0709/9cf4cd9cfb084e6f913ff3a05b13b879.jpg,709,709,709,0,0
train/0709/a93c2e97034441f293061cf4c8460d03.jpg,709,709,709,0,0
train/0709/c0f88c96498d4b249deee51c773198d2.jpg,709,709,709,0,0
train/0709/d02dd3175dfb42bc800817550b012f7d.jpg,709,709,709,0,0
train/0709/dcf3d15ec61c49e68dbf77b0cf555e30.jpg,709,709,709,0,0
train/0709/ef1cf4b5946149c49d63b400e982c2b5.jpg,709,709,709,0,0
train/0709/fe0e9012816347d78d2b0b9c496e0240.jpg,709,709,709,0,0
train/0710/04842160ed8446329bffa434a96b7375.jpg,710,710,710,0,0
train/0710/09eb3e5e572640b6a80cec06c98956d9.jpg,710,439,439,0,0
train/0710/1301ac1227004b4388d455838b369365.jpg,710,710,175,0,1
train/0710/14ed5111248a4f888f13169489bbcaf1.jpg,710,710,710,0,0
train/0710/21ff286125394e05a4246941928482b2.jpg,710,175,650,0,0
train/0710/24e8b9e1bddc4c66bc8831fdff9edc67.jpg,710,710,710,0,0
train/0710/2cc11946a3a6460f959ba123eada7399.jpg,710,710,710,0,0
train/0710/37b40c074c4942c8892b40c0c5ac0374.jpg,710,710,710,0,0
train/0710/4982b29e3a9042029cb4de52edd2da71.jpg,710,710,710,0,0
train/0710/4bee6371657f46dab869f8e21bedccfc.jpg,710,439,439,0,0
train/0710/5bbc11e4fd7147b3b867e4777c24f95b.jpg,710,710,710,0,0
train/0710/731bf13e3f074d70b77a08ca3d8a2ffc.jpg,710,710,710,0,0
train/0710/7917258608114c74a61daead2a791b49.jpg,710,710,710,0,0
train/0710/7a67abf740df4d4fbf1b2f0094c23f02.jpg,710,710,710,0,0
train/0710/86bdfeff8e504674871685b64e37eed0.jpg,710,250,250,0,0
train/0710/a3e51234f80d483bb89dda280aa28ff4.jpg,710,710,710,0,0
train/0710/a5c239de041548a38ab474dcd0f7910e.jpg,710,710,650,0,1
train/0710/b27fea32f59f440397ab58bae755ccc8.jpg,710,710,710,0,0
train/0710/b3bc466ffbb74db1a7d8eb20841ff1fd.jpg,710,710,710,0,0
train/0710/bc18423aecdc420b836cde11d1f13340.jpg,710,710,710,0,0
train/0710/be1db20b2a0d42779022973c6399c31d.jpg,710,710,710,0,0
train/0710/d5144fd120c1426a9ad71a5fa295b86b.jpg,710,710,710,0,0
train/0710/eaae9cb12f044c5f9debc52e698df3e4.jpg,710,710,710,0,0
train/0710/f3fd25a676364d44967fe7e12fbe697b.jpg,710,710,710,0,0
train/0711/09d2a629e7294fe696a1b3e23a39a005.jpg,711,711,711,0,0
train/0711/2098b9e5e1c44f819fbe4d497e07aef8.jpg,711,711,711,0,0
train/0711/277c520d811e4d10b0114a4b85ab432d.jpg,711,711,711,0,0
train/0711/3c2fb541ca124ef5b3471e190ed9c04d.jpg,711,534,285,0,0
train/0711/3dc216a3b22d4a908c5677d454bfbdd9.jpg,711,711,711,0,0
train/0711/3e556510aa1247b98c9caababbe2bbe8.jpg,711,711,711,0,0
train/0711/423fd48817fb49b1b4c458dbbc84cf86.jpg,711,518,518,0,0
train/0711/58c7018d95144de68b335d646890ea53.jpg,711,711,711,0,0
train/0711/62ce439dad0742e7815415931f0805ee.jpg,711,711,711,0,0
train/0711/669b7ce356bf463096b4e293b33ae4ee.jpg,711,711,711,0,0
train/0711/9d7a344317ec4bb7aab69edc9bba30db.jpg,711,72,711,1,0
train/0711/b06242f785b542a488b3b49856cefc8f.jpg,711,711,711,0,0
train/0711/b852ea833d3948659eb581cd945e1418.jpg,711,711,285,0,1
train/0711/be1402ec55e448629a1dcda1b1f09ca6.jpg,711,711,711,0,0
train/0711/c5c2120756f244f09613e5173fe2ba5b.jpg,711,711,711,0,0
train/0711/ca3a0b2b10574938b4d336fcc35158e9.jpg,711,72,72,0,0
train/0711/cecfb286fdb146a482e4d6c086e7a5dd.jpg,711,711,711,0,0
train/0711/d7f34bd2ae834693b82bcb2b6c31900a.jpg,711,285,285,0,0
train/0711/e39c4d348fbe4572ae5c1ac445f9a4ce.jpg,711,711,711,0,0
train/0711/f8f4220710014ca1b030356601d04b18.jpg,711,711,711,0,0
train/0712/02dffe3471b04ed0a8bd9af6b8ee7fe2.jpg,712,94,94,0,0
train/0712/1c6bae6b82774f79acb48a2e478a194e.jpg,712,712,94,0,1
train/0712/20872b2c9fef401c8e8f7d0f90d9bbf2.jpg,712,712,712,0,0
train/0712/2128dbc351424f519e2992ff6cb11b89.jpg,712,263,94,0,0
train/0712/253d3a1eb3364faf8576fe8b24389401.jpg,712,712,712,0,0
train/0712/4c708608f8c54ee0aba1974c829a57f9.jpg,712,712,712,0,0
train/0712/4e565a70ca854b0290aa79f7a92a6ab7.jpg,712,712,712,0,0
train/0712/5f2c0e13031d4946978e2305b2ca50d7.jpg,712,712,712,0,0
train/0712/7e471f2e99c1464c96cbb98f7f797a49.jpg,712,712,712,0,0
train/0712/891a136de5f844c1a51ef59b3b8e9841.jpg,712,712,712,0,0
train/0712/8e947d86392b4c19b8e4449177112334.jpg,712,746,390,0,0
train/0712/9481c27b790b47029376ba1c7b75f3d5.jpg,712,135,135,0,0
train/0712/978a83ffa27e41b8aa58e1e4bbec2a02.jpg,712,135,746,0,0
train/0712/99d23b0a8d614fb1ab519bef3a884987.jpg,712,712,712,0,0
train/0712/9fe84dd28c3a4e18a9eac8f6bceca4a5.jpg,712,135,390,0,0
train/0712/b2ff91fbd2f84e26b5b0fce168feed4a.jpg,712,712,712,0,0
train/0712/be37eeb3b3fe4875b92da6eb636d0bbc.jpg,712,135,94,0,0
train/0712/be8b56c7bd854dbfa1b736ca3bdaaa88.jpg,712,712,712,0,0
train/0712/dfc99e70323d40beabeb2321a50644b8.jpg,712,724,468,0,0
train/0712/e4c7b4cd68264959b197aea3972ef624.jpg,712,712,712,0,0
train/0712/e80186ef079540edbea0ef6c4a69eaa6.jpg,712,712,137,0,1
train/0712/e92ee26218e44579ae3f75c101d47dbf.jpg,712,712,712,0,0
train/0712/fa7353f761464ac083dab6eaa821944f.jpg,712,712,137,0,1
train/0712/fbd036892d744c11b5577384027501cd.jpg,712,712,712,0,0
train/0713/002fadae788c4772ad9d5b17756828ba.jpg,713,713,713,0,0
train/0713/1086b333c95b4f2386b955f56015c79c.jpg,713,713,713,0,0
train/0713/13f7b5b9ae0649e99718f94d138863d7.jpg,713,232,28,0,0
train/0713/19d7203f6b884f218edefcb3217645de.jpg,713,713,713,0,0
train/0713/3141066731124929b88a7b0b2734d438.jpg,713,584,540,0,0
train/0713/359b1784739d46ed8a8506dffbbb783d.jpg,713,713,713,0,0
train/0713/41668688e57c4087981b8e00122499d7.jpg,713,631,631,0,0
train/0713/51b8cd0131d8447ca494986efea33719.jpg,713,713,713,0,0
train/0713/654c16bf66394e65a880477edc7ff3e1.jpg,713,368,297,0,0
train/0713/6f58efff59a14fae9efcdad922e9ceab.jpg,713,631,631,0,0
train/0713/6fdbd920b8bb4f8eb05eddffeb37c211.jpg,713,297,713,1,0
train/0713/702d3bd1a42c49e6a968460dfb51d0e9.jpg,713,387,387,0,0
train/0713/91fbec2fe5a04101bf7cb0e4070fa247.jpg,713,422,422,0,0
train/0713/b9f319bcc15b45008ebdb159513deb10.jpg,713,494,713,1,0
train/0713/bf7b2c1ac69f4fd7a697fffddebb1bf4.jpg,713,297,297,0,0
train/0713/ccc6c86374174b2ab4189ae210b40f4e.jpg,713,713,713,0,0
train/0713/df09dec0645b4e29a57865346ee22e57.jpg,713,494,713,1,0
train/0714/2cd65ff377a9427093214b3ccc166d7d.jpg,714,152,152,0,0
train/0714/310b9d341d3b410ca92f8430f110242b.jpg,714,516,636,0,0
train/0714/43b377b5afb2428e97ad2ffc09313788.jpg,714,480,480,0,0
train/0714/45e85c62e0034b3cab20b083865812f3.jpg,714,516,516,0,0
train/0714/61ea0670a6344c87b3a9bc7486e636c3.jpg,714,636,636,0,0
train/0714/68350d94d7b441cdb9ce1adc72a45089.jpg,714,714,419,0,1
train/0714/70087bc5f7de456691e171212737d853.jpg,714,714,714,0,0
train/0714/700ed13f6f4843dbb37c7866f3a01efe.jpg,714,710,316,0,0
train/0714/9030220b03ed45ce8f3ffaafbe876e82.jpg,714,583,583,0,0
train/0714/9699514d2a7545229d2a8488bab14c08.jpg,714,714,636,0,1
train/0714/a0ea064df58c4cdfbe0a041381ff361d.jpg,714,89,89,0,0
train/0714/a8f4f6f1d17341d393e69c052fc73acc.jpg,714,714,714,0,0
train/0714/b3e8150bf3fa4b9aab60422ecadbb4a8.jpg,714,271,274,0,0
train/0714/bd1edcefe3524eaf87a1c788563380cb.jpg,714,714,619,0,1
train/0714/c7fad92a26b5472ca66ab0940340864a.jpg,714,166,578,0,0
train/0714/d0a4415cf5f14bc5a5dac0987519e9d8.jpg,714,424,636,0,0
train/0714/eda1a67b03d542ceabe967634bde70d6.jpg,714,350,28,0,0
train/0714/eec7f0c83d8f47a2bc17a95382579269.jpg,714,185,185,0,0
train/0715/0a57d18c58214fa18501591382126e83.jpg,715,715,715,0,0
train/0715/0f73d8ff6d3b48419aea3ca55d49ebd8.jpg,715,352,25,0,0
train/0715/27d3cdec65ce4884b068bb8c44075369.jpg,715,295,295,0,0
train/0715/5d35e5a6a564418488f3029c87eabacf.jpg,715,710,710,0,0
train/0715/66706c341cd1406082133590f7eb6390.jpg,715,29,29,0,0
train/0715/6f3dbb2c0e6548bda9836fcb24a41ed3.jpg,715,715,715,0,0
train/0715/70d7fc12fa5c4af2a479a8431afabf55.jpg,715,274,274,0,0
train/0715/7897e31c1c774c049250ac4ea2de2fff.jpg,715,424,358,0,0
train/0715/7ebe4486b20d4f4091d7b6cb65e83096.jpg,715,424,715,1,0
train/0715/80d8a9393c624c8bbcf85b3056ed86f4.jpg,715,715,715,0,0
train/0715/984023696d8a4ea69be41bd4ab4cb31d.jpg,715,424,636,0,0
train/0715/9dcb2af1d29b4fb9848ba9f25219dd4b.jpg,715,715,715,0,0
train/0715/aa012a7a91ee48aebce7d41cb3e63f50.jpg,715,715,715,0,0
train/0715/bd200a8ebf8243368d4c4b1feb78629c.jpg,715,369,546,0,0
train/0715/c05f1a016e8b41b995c5d23393d26a10.jpg,715,424,636,0,0
train/0715/c418f8bd72aa434cbb9f7a7750738e3b.jpg,715,714,369,0,0
train/0715/c5fd80df9ed34e81bbbd89cdd35b3894.jpg,715,715,715,0,0
train/0715/cc9e708de6384b4b870455c9458f5cdc.jpg,715,715,715,0,0
train/0715/f373c58010d04ce5a4a41c806d092136.jpg,715,112,369,0,0
train/0716/0026de8ec2f0443b9481a1a873877d70.jpg,716,716,716,0,0
train/0716/0af68638521f414e90cb33f6d8efaa1c.jpg,716,716,716,0,0
train/0716/1713b8053cb84475b0ccd3944f65c544.jpg,716,716,716,0,0
train/0716/2692de92dda443caa335dac1c9d514d3.jpg,716,716,716,0,0
train/0716/34250bb1c2c84bbfac629c892cfca91f.jpg,716,716,716,0,0
train/0716/417988e0f5254e999c82f6370dab9368.jpg,716,716,716,0,0
train/0716/55bcadf9bf5c4d8d9dc11af897db479f.jpg,716,716,716,0,0
train/0716/55c0552541fe48a8b96f3596a1b17af5.jpg,716,716,716,0,0
train/0716/5f668152123a4e5882fddc3e33a4aafc.jpg,716,716,739,0,1
train/0716/677eb6a5b64a4440b5ab44c1fb2715ab.jpg,716,716,397,0,1
train/0716/99fb734560ff49f7b00882443482cc92.jpg,716,716,716,0,0
train/0716/afdc6bd79b354ca09c36721dbc80724a.jpg,716,716,716,0,0
train/0716/afef3c564f7a48d3a61865e4a7277b5a.jpg,716,716,716,0,0
train/0716/b6f581f99e97410c8a5f2ade78e24cb9.jpg,716,716,716,0,0
train/0716/c0bb286fca6a4ffa806d2479dc767e2b.jpg,716,716,716,0,0
train/0716/de47b38787b0417080e761d4299a3c3e.jpg,716,739,739,0,0
train/0716/e0f2cfa58ed44ca4b074515ecd3f96b4.jpg,716,716,716,0,0
train/0716/e1a4ab38f5b04527938b4e7a9b9467d5.jpg,716,716,716,0,0
train/0716/e32552f2211943c5b35651f0fd661123.jpg,716,716,716,0,0
train/0716/f693a337a853464481d313c87919be84.jpg,716,716,716,0,0
train/0717/1c106144728e4a239925a8404560a09f.jpg,717,471,3,0,0
train/0717/2227455c1c76489f8bb58bba0e94439e.jpg,717,717,717,0,0
train/0717/271b29e4b3434bafac22e7e052b6e5b9.jpg,717,77,77,0,0
train/0717/366dacf086b3448db80e1e6535a197e0.jpg,717,300,583,0,0
train/0717/478d279bce554c88bf78fefb82409145.jpg,717,725,725,0,0
train/0717/4fc20ad2bee3452f807b31c8b37177b7.jpg,717,717,717,0,0
train/0717/5d9695888c8f45f0a20bb6a6818f3e50.jpg,717,725,725,0,0
train/0717/68f1fc0f124a4b9b97cb0a6be7098a81.jpg,717,533,717,1,0
train/0717/6b7416081bfe4a368635a66d733fc5c5.jpg,717,499,499,0,0
train/0717/89e5566ef838411f877962348aecccd0.jpg,717,717,717,0,0
train/0717/8e6ffaba094d4b349e279a2304b0a28e.jpg,717,191,197,0,0
train/0717/a2f8b0f4805b42cab7969d2b62ab6e87.jpg,717,725,725,0,0
train/0717/b17a92fed3774a189f692d177ee4bf61.jpg,717,533,725,0,0
train/0717/b5625bf7e88c40ee8d4532d4383a6b92.jpg,717,225,225,0,0
train/0717/b70d01f3f96b4df19de427869b090438.jpg,717,717,717,0,0
train/0717/c90a2ad2ced9403282002132ee39cf7a.jpg,717,717,717,0,0
train/0717/d3c6a76323704f068da329f4b3a3a580.jpg,717,559,559,0,0
train/0717/d41022284c8f47ddad7aa6d36fa71ba5.jpg,717,287,287,0,0
train/0717/ddb98e47f87e4f59934737731ecb7e6a.jpg,717,471,471,0,0
train/0717/f7be9d8591304c20870f85623c955190.jpg,717,527,527,0,0
train/0718/168dccf733ac445bbc67b151a476995f.jpg,718,718,718,0,0
train/0718/1d060d9dabe6430bbb8ca03520868879.jpg,718,718,718,0,0
train/0718/2460c3d4130d4f1d870fd0abd20d724a.jpg,718,718,718,0,0
train/0718/35f798828adc4e5c981424f00d4f0c2f.jpg,718,718,718,0,0
train/0718/3973f455a2e44c2eb10cac87acf4f8f4.jpg,718,718,718,0,0
train/0718/4b5086601af84ec7b777d1a139deb387.jpg,718,718,718,0,0
train/0718/52cdf3a5cda740dc8d28a69d09a2afe0.jpg,718,718,718,0,0
train/0718/54468c167e8c4295bcbe2ed2f741957f.jpg,718,718,718,0,0
train/0718/6bf9a28ee04e41d1810d20385f04108d.jpg,718,718,718,0,0
train/0718/79c1d616e8744cfb8b3441efdeb7ec84.jpg,718,718,718,0,0
train/0718/87ee79c67a384786b0c55347bb004264.jpg,718,718,718,0,0
train/0718/94c4ba010ee54621a6377ecc043371d9.jpg,718,718,718,0,0
train/0718/a0b817b39315424b9a2403ea652d4a36.jpg,718,718,718,0,0
train/0718/a106e980f4f849ce85fdc93b733549de.jpg,718,718,718,0,0
train/0718/a252bd24e4f847e9a60db680bbcef2ab.jpg,718,718,718,0,0
train/0718/aa7bf444952f49b5bbdda24c5be4d63d.jpg,718,390,168,0,0
train/0718/ae3966263fd84c268c5aa010cfdabc3f.jpg,718,718,718,0,0
train/0718/bd741567b1c34418987b3b1563f5bcfc.jpg,718,718,718,0,0
train/0718/c2b5cf1e9a604e69856dfac509719886.jpg,718,152,369,0,0
train/0718/d422d8c9bde44d89b71d1a4dfa1395ca.jpg,718,718,718,0,0
train/0718/d75d2ef66c6041ba8451cdd1b33349ff.jpg,718,718,718,0,0
train/0718/f080a73934c342c79ce7c6537392d8ec.jpg,718,718,718,0,0
train/0719/04b0bda019a045d6957432bceaf6186d.jpg,719,719,455,0,1
train/0719/0759ce5bf8534d0eb1d61f018679ddc3.jpg,719,746,746,0,0
train/0719/1a3609610b88443986902a6c985e761a.jpg,719,719,719,0,0
train/0719/2fba01976268470691d5c8f101473241.jpg,719,719,455,0,1
train/0719/4143170613b447c1a8addfe32dd4a9ef.jpg,719,135,626,0,0
train/0719/4739517f8a0e4e128e1d70b6dae11662.jpg,719,719,719,0,0
train/0719/58c306cef48443589ce6a101757183f0.jpg,719,719,719,0,0
train/0719/70d5475b06f04b42924a863095431889.jpg,719,719,719,0,0
train/0719/75ff028acc2c415892f25d190d0851c6.jpg,719,719,719,0,0
train/0719/838f41c91c1749c694e6ebd409484a41.jpg,719,719,719,0,0
train/0719/8b6e5f06dfa94797805fc3fb4374e44e.jpg,719,719,719,0,0
train/0719/8ecf689917ec407696eeaa6015df5ac8.jpg,719,719,719,0,0
train/0719/98be1c5eec2e43ba8ee4b6b7e960f6e3.jpg,719,719,719,0,0
train/0719/9e5b59dd6f3b4d8d878947924716f3e6.jpg,719,286,540,0,0
train/0719/9f4733957bd34407b6587f517e4dd68a.jpg,719,0,0,0,0
train/0719/abb11bbbdc7049de8a40d5d1cec0c503.jpg,719,724,724,0,0
train/0719/b2a8c0db79354256a08d4043b8791071.jpg,719,719,719,0,0
train/0719/bdcd296346724bdfb9a1c5a6143514b6.jpg,719,719,719,0,0
train/0719/e49cc4337d534f608594a21989941765.jpg,719,719,719,0,0
train/0720/01ec22c1ca98474ea21db13b38f2cd94.jpg,720,531,450,0,0
train/0720/139a4cc23e234d459bbe396bc3c6d9a4.jpg,720,248,248,0,0
train/0720/165f2b5f2d964abe83c5727e436162d7.jpg,720,205,326,0,0
train/0720/179c63535cfe48e4870a22d779b369e7.jpg,720,365,365,0,0
train/0720/25d29f8209c8405e833ef4791dbe72d1.jpg,720,574,574,0,0
train/0720/3a41ee49ad6e4a4ab6e2ff9a12925ce7.jpg,720,181,695,0,0
train/0720/5570be6fe576491899b4a2d1790bfee4.jpg,720,599,525,0,0
train/0720/5e64a47e4979486f9046bcd594eedcec.jpg,720,574,663,0,0
train/0720/6102ab503fd24b1fa36680853bb30221.jpg,720,720,707,0,1
train/0720/6f7a33d6b9f140c6a0a272cf66410a22.jpg,720,205,525,0,0
train/0720/74cb076810c64fa4aec4bf5b69d7dff7.jpg,720,720,599,0,1
train/0720/777f792efa2a41e98d9c6dfcbd303cb3.jpg,720,457,457,0,0
train/0720/7842fe8e36b24dc189314256caa23d59.jpg,720,707,707,0,0
train/0720/7fbd509b034f4eb8ade98a949ac88b2c.jpg,720,195,195,0,0
train/0720/96d7f6b86e2343cf92e0cf41a4a9143d.jpg,720,707,707,0,0
train/0720/ac8946390871453f84a8abc766b7275d.jpg,720,131,525,0,0
train/0720/aeff40a019b2495aa4cfe619537e71fa.jpg,720,720,574,0,1
train/0720/bdbb86e81be4457e8a9de7aabce25236.jpg,720,574,663,0,0
train/0720/bf0a85fca98c404db4846caa09185eca.jpg,720,518,518,0,0
train/0720/cc3f76b26730481d8566283378268eb7.jpg,720,574,663,0,0
train/0720/e18627e1ed2a4aafa468144d05e21913.jpg,720,707,707,0,0
train/0720/e95ef17592cf42d39ab055533a6bb695.jpg,720,259,259,0,0
train/0721/07c67350872d4b3cb897c3b7a60e8306.jpg,721,517,517,0,0
train/0721/0f7f8206c7894a4bbbfd8b761c7db8a6.jpg,721,232,232,0,0
train/0721/2f0cbe6d21854585b030b423cf1f0f01.jpg,721,721,517,0,1
train/0721/31449c742c1e445fb1ad6fa8e90c19f7.jpg,721,517,517,0,0
train/0721/345201a9ad1b43faaae378bd31e104a2.jpg,721,517,517,0,0
train/0721/4ed49b597c3a4c0f8c076d17222a61d2.jpg,721,721,517,0,1
train/0721/5daf685be3d144598bac1cd75444e375.jpg,721,721,517,0,1
train/0721/67a57871260444f28c247dbe6a5b1562.jpg,721,517,517,0,0
train/0721/698da91c297f4525871acdb7d0779167.jpg,721,517,517,0,0
train/0721/7190ea4fc61b4bf4abf218bbf52b31bd.jpg,721,517,517,0,0
train/0721/727705ec95ff467f9a088e53e703fff3.jpg,721,517,517,0,0
train/0721/787cf5790d4647b3ab779f364653d99c.jpg,721,517,517,0,0
train/0721/963d788710f243f8aca5d8b3fc8f1510.jpg,721,721,721,0,0
train/0721/9c1e4d0b53344804984d5a9c21100fcf.jpg,721,18,18,0,0
train/0721/a5901e4b67d04e619936277110a38f07.jpg,721,662,662,0,0
train/0721/ac501cc634534687822fad73ca4c7879.jpg,721,517,517,0,0
train/0721/b862d498a1de4ea38c389e679ca950e3.jpg,721,491,491,0,0
train/0721/bb700a1d060643299e721778712bc513.jpg,721,591,25,0,0
train/0721/bbfcdb70adc742a68d492ec1d5207c9a.jpg,721,517,103,0,0
train/0721/d56891bce87440e39e0496a41a1668bf.jpg,721,103,103,0,0
train/0721/f1b465bd44fe410cafb7704100bf698e.jpg,721,721,103,0,1
train/0722/000759c9a0ce44829d941de877049020.jpg,722,226,722,1,0
train/0722/202309dbffe64820abcebdb9d21e9fd6.jpg,722,722,722,0,0
train/0722/2093ec30c01345978261f00bcee1490a.jpg,722,49,49,0,0
train/0722/40d72ba86dda43e3b975ec93c62b0b56.jpg,722,722,722,0,0
train/0722/58103e9483bf485e90182d67cfad26db.jpg,722,722,722,0,0
train/0722/5c8ae69756374803b87bb20d34553d10.jpg,722,722,722,0,0
train/0722/70a6804c26fd4d2fadf61574a521f266.jpg,722,660,660,0,0
train/0722/8a02332a68a84f3bab2fd30e57b5a6dd.jpg,722,722,722,0,0
train/0722/8c38642070bc410692d37f2401e53219.jpg,722,722,722,0,0
train/0722/8f5ae0f181be4260ad63efe6729001fa.jpg,722,722,722,0,0
train/0722/913abfa1d5f44b05b58f90cdd30ce7da.jpg,722,722,722,0,0
train/0722/a2d7b0d24b03499cb90028a7b08a3252.jpg,722,722,722,0,0
train/0722/a458a991ee2a4ce0b12bd7682c1297a0.jpg,722,722,722,0,0
train/0722/e60a211640bc4f96a0af86f1212609a3.jpg,722,165,125,0,0
train/0722/ee748866f8924d499edc9c7d1063a622.jpg,722,722,722,0,0
train/0722/fb7a52a466de4f45994c1a093349edd2.jpg,722,722,722,0,0
train/0723/1148bc0286584dae84ae49e5c9b909eb.jpg,723,595,638,0,0
train/0723/40b8e12abf0949cc857b30bbfef29618.jpg,723,314,203,0,0
train/0723/51de2ffbf8b140a7b929e7215c518afb.jpg,723,532,350,0,0
train/0723/6967d90d45f841f3b48d04cc2ec68405.jpg,723,35,35,0,0
train/0723/6b372f1c072e4dcf8682fdf15fc0ea14.jpg,723,501,501,0,0
train/0723/824d129200f44b488974d6a27d11bc62.jpg,723,559,394,0,0
train/0723/8d15f377c7e1400f81e0fb054423939c.jpg,723,608,458,0,0
train/0723/ce28d623374b49f79fa0c837260b684c.jpg,723,432,432,0,0
train/0723/d1a104e10cae4710aaef7f2cb564b385.jpg,723,675,476,0,0
train/0723/d889d9519681424595d70f9a2b54bee0.jpg,723,663,663,0,0
train/0724/01244ad0db0046b5bb0ea31680986535.jpg,724,724,724,0,0
train/0724/04e77f5eff304702925591e5e7d461fd.jpg,724,724,282,0,1
train/0724/070ef2ff93104c0c99c40af9a60943ef.jpg,724,724,724,0,0
train/0724/183319ab8ad94b3d9f884e3d01241f40.jpg,724,724,724,0,0
train/0724/26f8ffa1872344a38471179e34a5f096.jpg,724,724,724,0,0
train/0724/2fea191cf3b24e73a3438c681d00402d.jpg,724,724,724,0,0
train/0724/52fe082272124d97887ef8a1d6fdc66e.jpg,724,111,746,0,0
train/0724/7386acc330604369894477160d554ed0.jpg,724,455,455,0,0
train/0724/7cce28ee01e54e5099f91c55a001d103.jpg,724,724,724,0,0
train/0724/7ef016541cbc4c0fb14183be2b29fa31.jpg,724,724,724,0,0
train/0724/b445d496fe1241aa91c6b8b9fe10731f.jpg,724,724,724,0,0
train/0724/b87ab18a2b9f4c33a6d41d1137c88bc9.jpg,724,724,724,0,0
train/0724/c06639970ff747e7844828797f0f9333.jpg,724,724,724,0,0
train/0724/d21fcc2a494f49eb9d06b13256f30783.jpg,724,724,724,0,0
train/0724/e713c2fe845d4e0299f34f232ba3a1f3.jpg,724,724,724,0,0
train/0725/04ca8723f5ab4edf9f1b55e9bfc9d1a4.jpg,725,707,707,0,0
train/0725/05db927df2df474395fa2508028b6706.jpg,725,583,583,0,0
train/0725/112f84e4efed494a93d935aea27c2930.jpg,725,181,181,0,0
train/0725/249c76aaeca94696925a32ba50c34370.jpg,725,725,725,0,0
train/0725/2d8b08410d7740bf9bfd1589a5deb6c6.jpg,725,707,707,0,0
train/0725/3810b178643e4e6db87c85648bbc6ce8.jpg,725,725,725,0,0
train/0725/3913c2b6af4d49af963efee9f461f893.jpg,725,725,707,0,1
train/0725/4f2efbf6c43744b3ac20c26f798e6f59.jpg,725,457,457,0,0
train/0725/621fd03015584c03af0961ffd17793dc.jpg,725,725,725,0,0
train/0725/6e72efe2e26d487fa3e8d2ffaa9f7a0f.jpg,725,725,725,0,0
train/0725/77be022e652e4962bcc8c0d37a45650e.jpg,725,725,725,0,0
train/0725/8100f78229ab4cb79d9fa720e6d4e72d.jpg,725,725,358,0,1
train/0725/86263241d389474aa7cbb8d3e1fee354.jpg,725,707,707,0,0
train/0725/9a5bbe393fd347fcb44148ba253203ed.jpg,725,725,707,0,1
train/0725/b64ac24d857b4c3dad7ead5e848d94aa.jpg,725,725,717,0,1
train/0725/b9cb627818d6455a8a6ff556e34dded5.jpg,725,725,583,0,1
train/0725/cfe3c38c21154126aeb4b678d9b4f21a.jpg,725,546,546,0,0
train/0725/d2412621044d4be99fbf3905d57fe75c.jpg,725,725,725,0,0
train/0725/d637d7487b884c0da4c9e3d42eb934f0.jpg,725,457,457,0,0
train/0725/d881b3206ef447078220607383d84085.jpg,725,725,725,0,0
train/0725/e2df8523c6264d1e95a941b707c64926.jpg,725,725,725,0,0
train/0725/f0af02eddb8146359f65e5aa7876ba91.jpg,725,574,259,0,0
train/0725/f48dae9dcd374f66a4a1b398cba3b281.jpg,725,499,499,0,0
train/0725/f8c07492581d4e179f78130878c2919b.jpg,725,725,707,0,1
train/0725/f9ca64e6fa6d454db6a6f1224391b36c.jpg,725,725,725,0,0
train/0726/3e2e49e594a04464b53b758a991dd6e7.jpg,726,259,259,0,0
train/0726/439dbdf036ef4ab5937c9eba15f4e9fc.jpg,726,2,722,0,0
train/0726/45fc3fe7fcec41c2807a46375c3b375e.jpg,726,546,546,0,0
train/0726/4e690d0880894487b491a89f11805b63.jpg,726,736,312,0,0
train/0726/5407af86e7be4090bd50a68bb67dffff.jpg,726,726,726,0,0
train/0726/5a57ca36ff8846e49e0609792a201aa7.jpg,726,97,97,0,0
train/0726/857aa305c696481faf11392b1cc2f57e.jpg,726,221,61,0,0
train/0726/87ff845f18074497893d5a20738a7360.jpg,726,286,387,0,0
train/0726/8d198d58f7954f328e6d9dd48c79e63f.jpg,726,592,58,0,0
train/0726/9139d96f7adf4e1abc9e3a648cb69f42.jpg,726,312,312,0,0
train/0726/97b1f5e1519b47889764c636710f6eec.jpg,726,154,154,0,0
train/0726/99675653ee944991a4f5d996ee3ee300.jpg,726,454,219,0,0
train/0726/a952eb1356764910a2940aee8103d6c9.jpg,726,312,259,0,0
train/0726/ca984a67a0524bbdaf792dc5b9eeaf26.jpg,726,259,259,0,0
train/0726/d18208befe734682bc24641283c561e4.jpg,726,645,499,0,0
train/0726/e4132084b3bf4174a6b2dc979ef2c379.jpg,726,589,18,0,0
train/0726/e51b015499884969aa1acd81496b4796.jpg,726,259,259,0,0
train/0726/ed68e3ccf1ef42b6b28c4aa1f451adc5.jpg,726,717,717,0,0
train/0726/fa0e5ddc0c164820a7451567a7e80e46.jpg,726,645,645,0,0
train/0727/06ce683381a44bf9a10bebf8595aab4a.jpg,727,727,727,0,0
train/0727/1a19efe6e1d8421a90d8c85424f6ec4d.jpg,727,727,727,0,0
train/0727/1a50208d4b7043c396755f6994825703.jpg,727,702,702,0,0
train/0727/1f6e806d1e8f4177b0e18592ada36fe6.jpg,727,727,727,0,0
train/0727/22d09a4b326943aabcf1853443e7e191.jpg,727,727,622,0,1
train/0727/2c697bb6a84e454b8928b66108ff18c4.jpg,727,727,727,0,0
train/0727/2d5b8fa9cd49447e90d1720c3a1ee9a0.jpg,727,727,727,0,0
train/0727/2eb132384e104e3f9f6fd66570e62b07.jpg,727,622,622,0,0
train/0727/352f08183022423eb6e4f5a9e7e39e4c.jpg,727,66,727,1,0
train/0727/3b0fc20e2a1c47dd9780c2cfd2cbeb28.jpg,727,727,727,0,0
train/0727/46c67c12f8d94c60965dbb2f6ead7b95.jpg,727,727,727,0,0
train/0727/4ea154c4e2884e3da445d93ef34c6ce6.jpg,727,584,295,0,0
train/0727/6154523fdbab4789a8fff416b00da24e.jpg,727,727,727,0,0
train/0727/67a84170ff7c4f1ab72e952b3c41119e.jpg,727,727,727,0,0
train/0727/7399adf687f54500a96b91e7038e4238.jpg,727,727,727,0,0
train/0727/7bc76c0d76dc4b889529012933278e47.jpg,727,727,727,0,0
train/0727/7eda36304bee49249a049b82b5a50206.jpg,727,727,727,0,0
train/0727/8d560c2f73064361a549b4ffc7e48dc9.jpg,727,727,727,0,0
train/0727/93d6dd7a92e5472cb72fc5696833a6ac.jpg,727,727,727,0,0
train/0727/a3c1de94cadb4950879881eb44f8a7cd.jpg,727,727,727,0,0
train/0727/c827fd5a5fdd45c6a43040b0ba0ed3de.jpg,727,727,727,0,0
train/0727/ed8d03ef55614c3bb5097de82608ce82.jpg,727,727,727,0,0
train/0727/f2703d73dd094564ac8b4ec754155b8e.jpg,727,727,727,0,0
train/0727/fcdb4dabe2c64552a3fa08c30fde7660.jpg,727,727,727,0,0
train/0728/233869a9ba0a45e18af9ef3286b5e8bf.jpg,728,127,58,0,0
train/0728/24bc0b3c1aa54b8581b3a7f684e5e5c9.jpg,728,97,52,0,0
train/0728/37f7ab733cfc4cddbbf57780959d2808.jpg,728,55,417,0,0
train/0728/4121a168a2424534998ea773c4139397.jpg,728,105,105,0,0
train/0728/46de1fb185634f66acf6ee3baf2fd78a.jpg,728,2,2,0,0
train/0728/5360484c503144768a1a55acd2eab930.jpg,728,252,252,0,0
train/0728/5c727ac3151b446ebc257798f0826f23.jpg,728,311,38,0,0
train/0728/5ecd065c32ec4b58abd317bd83367200.jpg,728,503,503,0,0
train/0728/786d25d367f843ce9d4c2c68454d7981.jpg,728,226,237,0,0
train/0728/7a894f9645504f1e94e6e1b665540a30.jpg,728,597,165,0,0
train/0728/7d9eeadfc6d844c09e5d29a973a01c19.jpg,728,474,349,0,0
train/0728/9144c569e1874dc7804d7d58282dbaa2.jpg,728,206,206,0,0
train/0728/aff210bea1e142e3a95934662ed0c764.jpg,728,152,152,0,0
train/0728/b34bdb0a4691422796c94731966b6ca3.jpg,728,740,55,0,0
train/0728/c061dd6f35434fce9fa7f36ec46f9979.jpg,728,105,105,0,0
train/0728/c2bca908fc4547c99873b21b9d88ffea.jpg,728,87,87,0,0
train/0728/ccabae4a9a5f458dae7576077ebfd2d7.jpg,728,474,474,0,0
train/0728/d0a0cc72001c4a24928bc6d27d769974.jpg,728,105,105,0,0
train/0728/dcec2362cc8145169997cbbe5ec7a3f6.jpg,728,105,105,0,0
train/0728/e7dd5ed614a84ea19a3e2c43b20fab51.jpg,728,522,43,0,0
train/0728/f84d7e39cdbd42bf86bd612025d16a5f.jpg,728,400,400,0,0
train/0728/fd3c064ba0a74d7a80409f79835c1fc4.jpg,728,557,557,0,0
train/0729/21e0a5744bff48a881a57490774f9c34.jpg,729,729,182,0,1
train/0729/221d3f7c121644be8313fe68e55887a4.jpg,729,338,338,0,0
train/0729/2cdd62b029a3488fac16d0d6cc6acb57.jpg,729,226,226,0,0
train/0729/3ba27294b1f94cd085e215bc026c8b39.jpg,729,49,645,0,0
train/0729/4620abb4b3f44a379afa37db99c84c59.jpg,729,134,134,0,0
train/0729/486eeef253fd42be92b23a5d49a10281.jpg,729,729,417,0,1
train/0729/49d1055836794580a002bbb5e42a7c6c.jpg,729,583,583,0,0
train/0729/55f1a92e53fb4ab6affbb0cbc7770908.jpg,729,471,471,0,0
train/0729/807ae44daae041f2acb36309e8b396d2.jpg,729,641,641,0,0
train/0729/83ca3975b0a044bea75db039072bd4d0.jpg,729,645,645,0,0
train/0729/8838dbec95c74d48a71b59df90a60ce2.jpg,729,259,259,0,0
train/0729/925e74cac2344a53ab80f134ad4cbaef.jpg,729,300,222,0,0
train/0729/a698de2f622b4efca6328f8509a9b7f0.jpg,729,729,729,0,0
train/0729/b75a93dc33234333984bfd904747f345.jpg,729,191,577,0,0
train/0729/c08972753d474773bd75816a5caad54f.jpg,729,454,454,0,0
train/0729/c4257cc5825d4da0b17a0f323b8da999.jpg,729,729,729,0,0
train/0729/cafdf542c3b445f6a9be28f42f5a630c.jpg,729,729,729,0,0
train/0729/cee2792817a64ed588eb021a1a1a094e.jpg,729,259,559,0,0
train/0729/dd545deb1d0b464caa82fdd59ff0fda0.jpg,729,450,499,0,0
train/0729/e1b3a799c7414132b2fa7ea12998b703.jpg,729,729,182,0,1
train/0729/e2c8366bebd7453388b20701c9909ddf.jpg,729,729,230,0,1
train/0729/f272985f3fd44f3b9de3ab2b97db0e9f.jpg,729,106,106,0,0
train/0729/feb6280868384033b5a24aeb518fa86f.jpg,729,663,663,0,0
train/0730/013f0e9be69e4186a5cbf9b82a6a0c18.jpg,730,316,681,0,0
train/0730/1631300e119447f1bfe7ba346fe0aaa7.jpg,730,18,649,0,0
train/0730/17b9e94bebd24dcc83c4600d67aa7cf6.jpg,730,546,269,0,0
train/0730/199e07408c00440085c9f93aeea4713a.jpg,730,219,219,0,0
train/0730/2091145811db4c939cde1993b02c4b87.jpg,730,474,474,0,0
train/0730/2b9fc1db4ed64da0be589e69b6fb6219.jpg,730,509,509,0,0
train/0730/320a51724c434973b8cc31d8abbdfedd.jpg,730,52,52,0,0
train/0730/53abbaa49e91465dbed62c7ba9fe1ed7.jpg,730,142,24,0,0
train/0730/5bd383c552c94c48bfca095d3a2530d0.jpg,730,3,3,0,0
train/0730/5d4012c4520147788a97647d2ff45cbf.jpg,730,565,565,0,0
train/0730/5f901beaf71f43399b0ab43fdacab4e9.jpg,730,661,681,0,0
train/0730/61344d02da7f4aa5b8fbde0aa73718fa.jpg,730,100,67,0,0
train/0730/749b3577fd2f489eae1a440674914cb3.jpg,730,184,184,0,0
train/0730/8c3ea6acba25489bb27afd334c98aef8.jpg,730,473,479,0,0
train/0730/8e5315621b6540afa190277d29b18898.jpg,730,576,576,0,0
train/0730/a1714e89c4de4f579854e03d79b5f93c.jpg,730,55,565,0,0
train/0730/a4d9596e0d8144968a808c50375bf99f.jpg,730,105,105,0,0
train/0730/a580de278bf64b3cae5cb3c96425d060.jpg,730,349,349,0,0
train/0730/b41075c9e9024c11b1f47a147f715d8e.jpg,730,592,394,0,0
train/0730/c23c72dda04e4c41b90de1eb76a8a26b.jpg,730,577,577,0,0
train/0730/cb134474f3894b00afb178a067ab0a0c.jpg,730,184,184,0,0
train/0730/d79862ccb8b64a0ea20a1a8d8b9413e4.jpg,730,365,365,0,0
train/0730/dfabaf426a58472fa9875a266d7230aa.jpg,730,184,184,0,0
train/0730/e868c257af9948fd96ec957acaaa431c.jpg,730,184,184,0,0
train/0731/07c3d2d3ba1241d2ba52de8260be2410.jpg,731,274,369,0,0
train/0731/2347c36042c0437badac86c36f37de4b.jpg,731,673,673,0,0
train/0731/26180e58fe01449d9064ecbaad4d2ca9.jpg,731,744,744,0,0
train/0731/292fb23125294f6297b5b47351fb556e.jpg,731,731,731,0,0
train/0731/2b952af40d4b486cb44732711f41bea5.jpg,731,125,125,0,0
train/0731/37c0bd3404cb4e0d9fb7a70d521b23c7.jpg,731,350,350,0,0
train/0731/3ef1261affb8411a96689bb63e1c2497.jpg,731,673,673,0,0
train/0731/4448ebfefd4a4bef8690f57d850a7c69.jpg,731,125,125,0,0
train/0731/58b9e3f8e7a8436999ca9f614eb0d61a.jpg,731,61,61,0,0
train/0731/5add1bce344b4fe6b5e6b94e61d0da2c.jpg,731,673,673,0,0
train/0731/63fca90837bd460889ee0acd86cc8ce0.jpg,731,249,744,0,0
train/0731/69d6ba8a95f04b06a74866021c627e1b.jpg,731,276,276,0,0
train/0731/78557d9ef2a04c9e94121855123a6e9a.jpg,731,456,456,0,0
train/0731/887fa5c5a04f469ab4321a260035099d.jpg,731,365,365,0,0
train/0731/920e3aa22c354e7b84600448cb34d4e3.jpg,731,731,673,0,1
train/0731/ad3c7cb83eeb477ba1a6e9c4623c8b7f.jpg,731,744,744,0,0
train/0731/f5dd09423fb04ac489ba9927c22a5252.jpg,731,125,125,0,0
train/0732/038b1dcc6469440a83d023cc0697c731.jpg,732,732,732,0,0
train/0732/053b52074dd34dee87a605dd6f958408.jpg,732,732,732,0,0
train/0732/07de454ea5784384ab49e374de77f8d7.jpg,732,233,233,0,0
train/0732/0f9056bb17704b3f9d4d679661224ded.jpg,732,233,233,0,0
train/0732/12b68400cf764058b45d7555dd10c421.jpg,732,732,732,0,0
train/0732/19e6dbf0480049e3ab953974a443acec.jpg,732,732,732,0,0
train/0732/2a46b943cd7044dbaff26925a972cffe.jpg,732,600,600,0,0
train/0732/3a4e299e75aa4c2ca2452f2b9c6b0c7f.jpg,732,732,732,0,0
train/0732/57ad9827453b47429ae8d18ddf5e26b3.jpg,732,732,732,0,0
train/0732/57d5864bda2249728832690c3f8a07b7.jpg,732,732,732,0,0
train/0732/754f9b86429d4203b406eb43e4353dc5.jpg,732,569,233,0,0
train/0732/81d098460fdc4568a91a2c747504e39a.jpg,732,732,732,0,0
train/0732/893cd1610c374ac08a3ce44bb54aebab.jpg,732,732,732,0,0
train/0732/9632f4c279df4e54aeaa3be0eb172121.jpg,732,732,732,0,0
train/0732/9700a5be158b4521b3d8b63de3bab722.jpg,732,136,136,0,0
train/0732/aec4b2963417425cb30207af4ed02b55.jpg,732,732,732,0,0
train/0732/b04320c8835c4daaa90f28b99ba1e41d.jpg,732,732,732,0,0
train/0732/b7881dd238ae434c97557dbb7f1f3223.jpg,732,732,732,0,0
train/0732/c0a6daf8fd764037b407ae56b6cad793.jpg,732,732,732,0,0
train/0732/d116c61d924b40d592337e6ecdb0ee4c.jpg,732,732,732,0,0
train/0732/de4bc2de3fe34d06b813f4b21650285f.jpg,732,600,600,0,0
train/0732/e34102be72984a948e29aecb18806a07.jpg,732,506,358,0,0
train/0732/ecd6f7e8bfa64f9186f79fa4017208a5.jpg,732,732,732,0,0
train/0732/f2f97a0e18e3421682e600ce5231d18c.jpg,732,233,233,0,0
train/0732/fe5ec3ea59b14e5c81ee95b09e2c35c6.jpg,732,732,732,0,0
train/0733/11782d49566749bbb88de263372f040b.jpg,733,689,689,0,0
train/0733/256416c93dde49f7b9c6ac513e646645.jpg,733,733,733,0,0
train/0733/31ccc5b158c540dc8013e39f681c11f5.jpg,733,689,689,0,0
train/0733/3cddd123de6147e7bb9693fe5819abf3.jpg,733,10,453,0,0
train/0733/603b7d9f54b048818c353409ddb62aa6.jpg,733,67,67,0,0
train/0733/732c5a284ea844d598b4d1a36d7096a7.jpg,733,689,689,0,0
train/0733/79310042ec9640e684f2da2a6a5f1320.jpg,733,20,20,0,0
train/0733/82dc0201832d4b52837e694b7069346d.jpg,733,204,204,0,0
train/0733/8de2936313394e3b98af019e1a35c8e9.jpg,733,689,689,0,0
train/0733/992d81d6229e46c8b30972db07fee728.jpg,733,112,112,0,0
train/0733/9ce485ff207a4670a4efab321789e116.jpg,733,10,10,0,0
train/0733/9f8189a2ac7249f2a991529ebcf52b39.jpg,733,20,20,0,0
train/0733/b08f277cb794453b8958474cba7fbd94.jpg,733,733,733,0,0
train/0733/b64705cba1984c638afba1a29260c41e.jpg,733,10,10,0,0
train/0733/bdefa66ae6cb4febb332f88bf179a614.jpg,733,650,387,0,0
train/0733/bec3180ee3bc4b78b6f3a35eead8b814.jpg,733,129,129,0,0
train/0733/c9efa377e9e64d4b89e37a5c3d48e723.jpg,733,733,733,0,0
train/0733/d2591d11a3dc4b6fab4e25559a912f07.jpg,733,387,387,0,0
train/0733/d9aa8817d767402bb5e125ab2d6edb66.jpg,733,10,10,0,0
train/0733/f3984cae2ea54234a4400dfa6f1b894d.jpg,733,9,9,0,0
train/0733/f99d0ee435184053a8d7bccb480a4d47.jpg,733,733,10,0,1
train/0733/fabe9b1175594a4fafc3b1de1530cbe5.jpg,733,241,241,0,0
train/0734/048c223770f94f3d9406e92bc4dac78e.jpg,734,457,225,0,0
train/0734/13cc2f4c22704b9ebd95d9107d4b39e4.jpg,734,583,583,0,0
train/0734/24eca4746f8349cf9cbc377a2e121458.jpg,734,493,225,0,0
train/0734/2b82dfb43d8b4f1ab4bdff8619e2995a.jpg,734,725,583,0,0
train/0734/4134886f095d4d6e9c2af5598c921c6d.jpg,734,389,389,0,0
train/0734/54bb34ec294c41509bfca64127f20cce.jpg,734,72,72,0,0
train/0734/580c2b0a8c514079a884f0ca8d54444c.jpg,734,725,725,0,0
train/0734/7560a8ae880d4632affbaa7e8414f641.jpg,734,457,457,0,0
train/0734/7741b379a56a44c6b27deee5250b7691.jpg,734,206,206,0,0
train/0734/86a2a195e6e84baba87d32d2b9257b70.jpg,734,583,583,0,0
train/0734/9ad2bd75b38d40b5aaa5df3dab9ce432.jpg,734,206,206,0,0
train/0734/a63ad271cb1e42528dbdc76cc9a5b524.jpg,734,225,225,0,0
train/0734/afe09d85474f4167b55c84a155656bfd.jpg,734,734,599,0,1
train/0734/b5877bce81f8451a855ad15408048d46.jpg,734,725,725,0,0
train/0734/b6fa95fc62e2419aa1b084ce6a3f1b3e.jpg,734,225,457,0,0
train/0734/d4edeb6336b043d9a71bcfa49a70dddf.jpg,734,225,225,0,0
train/0734/dc2db9b182da471bb592f973e408956a.jpg,734,225,225,0,0
train/0734/df2709dee8954782887e10105f42dd72.jpg,734,140,493,0,0
train/0734/f0e2fca282f24e1394ecfb4499b1c992.jpg,734,725,725,0,0
train/0735/158cef5e83c0428ca7aa0ceaf3e24afe.jpg,735,614,614,0,0
train/0735/38b9134afecf4520a302956d1715c3e8.jpg,735,396,571,0,0
train/0735/60ad7332d481448796acc929bc8a1c9d.jpg,735,742,511,0,0
train/0735/6ab58c80a03c4e13a9406a7cd4a08e6a.jpg,735,186,465,0,0
train/0735/721bcec1b1df451db18f11fff4c9d9be.jpg,735,249,249,0,0
train/0735/75dce3383dab4a169fc578a329f3fa2e.jpg,735,663,499,0,0
train/0735/7d9cd61eb1d6434a9c1571c035eac3a4.jpg,735,217,217,0,0
train/0735/8e7d8379c9b9459d80619094d4539338.jpg,735,345,345,0,0
train/0735/963127bac8ca40cb960d80a1a030ee81.jpg,735,106,237,0,0
train/0735/b1fcc9473e834fa4a0a1e0da899d5b24.jpg,735,141,249,0,0
train/0735/b72a29c0c65f4d5a913095df526c045a.jpg,735,28,128,0,0
train/0735/c1697cd3fd414c3285519fc0198ef8d3.jpg,735,173,173,0,0
train/0735/d0b943835777421ca31ca65f33da810e.jpg,735,362,362,0,0
train/0735/ee66403b2e1346918248e7ffe5c5ee9f.jpg,735,690,690,0,0
train/0735/f7f57e02beb14021b9edf35aba225440.jpg,735,576,499,0,0
train/0735/fa4bcc9807ee40cc9de5b8000c6e22eb.jpg,735,217,217,0,0
train/0735/fb24b483bedb4054b886a45bce707a47.jpg,735,28,28,0,0
train/0736/043aa660703c4035a9b87066aa50c4d0.jpg,736,736,736,0,0
train/0736/0f5be0bb845c4e27a8589571ba57bf1f.jpg,736,52,52,0,0
train/0736/222c697414f441da916f055606475d31.jpg,736,736,736,0,0
train/0736/225c203e67aa44f69db75661e0ee772e.jpg,736,736,736,0,0
train/0736/2da523427eed46db9bfae64cdd952f06.jpg,736,736,736,0,0
train/0736/38828495909d462a803c55fb8aab1c49.jpg,736,736,736,0,0
train/0736/3e7131189b3c4174829457d5ed8c9d64.jpg,736,736,736,0,0
train/0736/3f7d96e7f4b849658bbb8557e64edf11.jpg,736,736,736,0,0
train/0736/81e0c2796db44762b877e970fe6f5710.jpg,736,736,736,0,0
train/0736/89084f82f774433081e0957d5dd147a7.jpg,736,559,259,0,0
train/0736/9852ee5839134d1f9f30c545733084b0.jpg,736,736,736,0,0
train/0736/a1a9bb88983940ca940de435d1af3037.jpg,736,736,736,0,0
train/0736/c877d289c6e243d898dfc0b2bb535ced.jpg,736,52,52,0,0
train/0736/ccb94f77f5cc4aeeaafedc0daae6f145.jpg,736,157,736,1,0
train/0736/e037f11441a84a239f7ae268031213a7.jpg,736,736,736,0,0
train/0736/edeeaad29bfb46a1968a97e734d167bf.jpg,736,736,736,0,0
train/0736/f3ec0a6a78d84ac59e3e1bde8a889ee6.jpg,736,736,736,0,0
train/0736/f40153504b364fe1be2b67de861b68d7.jpg,736,736,736,0,0
train/0737/25bed41e694d495eae6141799ccb159f.jpg,737,420,420,0,0
train/0737/52afdc1c6e524661949023f3eb4b43b7.jpg,737,420,420,0,0
train/0737/6ff984d791bd4082b43239e412d0f0ad.jpg,737,737,420,0,1
train/0737/735410e1072d4c95b4eb4224ca118698.jpg,737,241,241,0,0
train/0737/744789519c45479fb08546bf2d9f7295.jpg,737,710,710,0,0
train/0737/86925727782f437198162607ad3c230b.jpg,737,420,420,0,0
train/0737/87eaf3ce5e4d48fdb630cef428bb7fa0.jpg,737,431,518,0,0
train/0737/a26790da6aaa44d98b7d3981f4fcb1db.jpg,737,175,175,0,0
train/0737/a28e1f29d319488082d396d9bb1e247d.jpg,737,420,420,0,0
train/0737/ae2ae60aa73f47fd9c46906a6bb1d161.jpg,737,204,204,0,0
train/0737/b6ca1969d25c4830b8002956773ba43b.jpg,737,737,737,0,0
train/0737/b746bcf961474c6aa52fef1560371251.jpg,737,420,420,0,0
train/0737/bc82f1d2f9f64d83add4e5cdcce8aec5.jpg,737,420,420,0,0
train/0737/c6c1b1e73ba149f8aaaad0b8e67d0db5.jpg,737,737,439,0,1
train/0737/d0dcb3cac9bd4794ac588a7558e05316.jpg,737,439,439,0,0
train/0737/e8d1067da7404be59227e5ce4e935bde.jpg,737,518,518,0,0
train/0737/ef638951088d4f10a2f5c31dbfd69727.jpg,737,710,710,0,0
train/0737/f1f9f825dca34e02bcafa0b31dd23f4e.jpg,737,584,650,0,0
train/0738/09406ad0224b434a9ccf736d155cb57d.jpg,738,329,99,0,0
train/0738/10c94df035644022b8028281f8cfd312.jpg,738,480,636,0,0
train/0738/160ba9b3f3fd406a94477b6d1853ca5e.jpg,738,380,380,0,0
train/0738/2370be58df5240dc8cd18f5df946e42b.jpg,738,243,303,0,0
train/0738/4c8072223a674d0a9e323192ab3158e3.jpg,738,714,714,0,0
train/0738/52e3fe7f4ee74085b77aca1465c8f86c.jpg,738,243,253,0,0
train/0738/5b40c92364984b1cb4b1ee3a3d2820bc.jpg,738,539,580,0,0
train/0738/5c9e256376eb45c6b3b77b02cf96fc3d.jpg,738,253,253,0,0
train/0738/6100e10bb12b4d95a8a73367fff298fa.jpg,738,388,388,0,0
train/0738/6c15c65b85cc483aa9c6018929ca9427.jpg,738,112,28,0,0
train/0738/9968ef7965e6444991e1b5b8489a09bc.jpg,738,268,99,0,0
train/0738/9b4422f5880f4fca94f381e1d758f8e5.jpg,738,243,95,0,0
train/0738/a3cd835d80564a9bac3a12c7939e6c21.jpg,738,714,419,0,0
train/0738/b24899b60761467fab32ca087af68b11.jpg,738,162,253,0,0
train/0738/c729a15a04c24b14ba0afaa7b844e1bc.jpg,738,243,253,0,0
train/0738/c95d7fcef06343039609c51452ceeaef.jpg,738,162,480,0,0
train/0738/ef3b2dc8cadf44218cbb1e3b11d93070.jpg,738,243,253,0,0
train/0739/00fba4d9524f4317afc3fb2c0b345a4c.jpg,739,716,716,0,0
train/0739/02224917c23041ecb5967f8a6c5722e9.jpg,739,716,397,0,0
train/0739/0f2c349a95de4b23829459eb088f71cd.jpg,739,716,716,0,0
train/0739/12c27251dbcf450aa25ce0691149ba10.jpg,739,716,739,1,0
train/0739/13d33d544b7a45aa80b1f6060db0b7b5.jpg,739,716,716,0,0
train/0739/195fa6b0121e49de9ee7ae12816e2b86.jpg,739,716,739,1,0
train/0739/235028ff16bd459e8b5dae1aa3f63b39.jpg,739,716,277,0,0
train/0739/2eec08987f11407b9c41f3e3fd6a0559.jpg,739,716,397,0,0
train/0739/4437250bcea4438fb5a5896d27406920.jpg,739,716,739,1,0
train/0739/4aca10f7cc8549148cbf4a8534ece406.jpg,739,716,716,0,0
train/0739/503b797ce98b46ebaf262a8146b715c5.jpg,739,716,716,0,0
train/0739/5c866c7d314042a6a871d03f1ed0a3eb.jpg,739,716,397,0,0
train/0739/60882945f9ba477f83fbab9e15704efc.jpg,739,716,716,0,0
train/0739/71f25a9591ab42068087af22c3d8820c.jpg,739,716,739,1,0
train/0739/7339622508ec489c97ecd143671097c8.jpg,739,739,739,0,0
train/0739/8ddfa4cb43e143e38cc481ccdbf7da26.jpg,739,716,716,0,0
train/0739/a28b7ddcf844405d8b118eab337d7801.jpg,739,716,397,0,0
train/0739/c9c30782ef974d5cbd7c2c4f2f696e40.jpg,739,146,146,0,0
train/0739/d50ce7f0113847079f554b20d8ca70bf.jpg,739,739,739,0,0
train/0740/0b6b94ad47804934837d4d82c4c8a42f.jpg,740,259,499,0,0
train/0740/1191d6ed61b941e2a09c860f13ac2ef5.jpg,740,740,740,0,0
train/0740/376d64c2babf4ab6bf77b99da6c66e96.jpg,740,740,740,0,0
train/0740/4067c523a177498b8c3fdc573aceaa8f.jpg,740,740,740,0,0
train/0740/46821abe740d4e189a6a6df4e5288395.jpg,740,740,740,0,0
train/0740/646f457660fa4bce87267ef64c6b8550.jpg,740,602,602,0,0
train/0740/71f0c0f2424640d0a79ee7f32335463f.jpg,740,441,441,0,0
train/0740/7d489a0d4e33423fa33595e8d2272d2e.jpg,740,740,740,0,0
train/0740/8a29b473b7f04df89fb9ed2e89824edb.jpg,740,326,326,0,0
train/0740/95a49ac70dd04eb684ba66f948a317f7.jpg,740,602,212,0,0
train/0740/985819ca9fc2428984ba037efda57fc9.jpg,740,602,602,0,0
train/0740/a9256ac79df140e487c8239c7bbdeec8.jpg,740,740,740,0,0
train/0740/ad629f32965544a5823a13f09f685439.jpg,740,708,206,0,0
train/0740/b309ed19f26d47e79a05ed67e6f18d93.jpg,740,602,602,0,0
train/0740/cfc205667f91419d87ccb59d3d1ffe06.jpg,740,740,740,0,0
train/0740/d4a8c9ed7e7a4f95a35507382bb829ac.jpg,740,740,740,0,0
train/0740/d4be06a729064246a6bc209908d2ab35.jpg,740,740,740,0,0
train/0740/f0c6845825524faeb55e649cce4f3ff7.jpg,740,362,703,0,0
train/0741/0055253a06aa43c8b7daca2d263f9741.jpg,741,269,269,0,0
train/0741/013880b6aecb4e8eaef2d40b32e9448d.jpg,741,87,266,0,0
train/0741/3c5038a25f64464fb63ad14d156245a7.jpg,741,681,222,0,0
train/0741/40f72ed321604a759aaac9345ba7a2f5.jpg,741,374,571,0,0
train/0741/51b48e13dfc24b038fef926ac3ce1519.jpg,741,157,300,0,0
train/0741/74d6a9cac187497ba19db3df0363983a.jpg,741,71,71,0,0
train/0741/7abf76b07b0e4e4e9649be286d3959fd.jpg,741,387,369,0,0
train/0741/8390825988f747d6995589439354b92d.jpg,741,454,488,0,0
train/0741/9d6641ed6f3e4c6a840da6b9126bcf1c.jpg,741,438,126,0,0
train/0741/9fe9582ce7ed4c11afc3b214a337a86e.jpg,741,571,571,0,0
train/0741/bfb2e15a4a8c401bae7422e9b57c55d5.jpg,741,598,598,0,0
train/0741/c59cfe49a10e4548b23d116be56a2372.jpg,741,686,641,0,0
train/0741/d7e4684481204f05b85b49cf7180140e.jpg,741,571,571,0,0
train/0741/ec5e7ef16fd7456aaf43d47b199a52eb.jpg,741,548,71,0,0
train/0741/fbc647416a5c4529849df07cdb73bfcc.jpg,741,571,571,0,0
train/0741/fd43556cda8f4735943d895d3d2386b6.jpg,741,216,362,0,0
train/0742/0ba15a2d329b4b45a92213f8823669fa.jpg,742,742,742,0,0
train/0742/11696d9a80c64fb28cd3ed68bd0d9f53.jpg,742,742,742,0,0
train/0742/283359e5d229420d8be1b89ffda77993.jpg,742,742,742,0,0
train/0742/2efed1680c634755a6c6120421f6c589.jpg,742,542,206,0,0
train/0742/54a728df16674e7d8a85598a73dc79d0.jpg,742,511,511,0,0
train/0742/74aa7f5d54d74fcbae3cd4e927b73464.jpg,742,742,742,0,0
train/0742/8968f428e50542aa93066cc67bf364ca.jpg,742,742,742,0,0
train/0742/8f985d5a28664394a115e7c4fef3b72a.jpg,742,447,447,0,0
train/0742/a4250be37f3742ab9f8a6c3c758ae517.jpg,742,742,454,0,1
train/0742/ab7a204f03f74e9a8da488f43d1da398.jpg,742,742,742,0,0
train/0742/bd6290fbe02a4f61abe7f4ad868785d2.jpg,742,742,542,0,1
train/0742/bd9f05f41a984fd98dc1e1fd92f7b994.jpg,742,583,175,0,0
train/0742/bfbfe177a41d43618f15ab9f7c7d964f.jpg,742,742,742,0,0
train/0742/d47a43a776c24961ab92084de13b6900.jpg,742,523,523,0,0
train/0742/e3b26381d2ae4f46af85eefe021991e0.jpg,742,742,742,0,0
train/0742/f118a0d7be7246c1b591335fa7e08242.jpg,742,471,3,0,0
train/0742/f65a3b119c6a46c1b309b35246895627.jpg,742,742,742,0,0
train/0743/018c7f4d3b89430c87a556cf30f5f80a.jpg,743,743,743,0,0
train/0743/0243d8d5ca9a4ed3974167fbdfda4a06.jpg,743,743,743,0,0
train/0743/054481e6fc134dd2949feb017f181672.jpg,743,743,743,0,0
train/0743/1dadc487954e4d6aaf8a566c26a2d826.jpg,743,743,743,0,0
train/0743/1e1230e99df94896b746a95063a47cdc.jpg,743,444,444,0,0
train/0743/2214f3e95a0b47ef83a6598b778d862c.jpg,743,743,743,0,0
train/0743/63c6f6c8c37743b897b864a9597dec34.jpg,743,743,743,0,0
train/0743/79a92894c84e42a6a91e922d75448edf.jpg,743,743,743,0,0
train/0743/7c3d31aa92ea49be94d9d20dc8b6418f.jpg,743,573,743,1,0
train/0743/82ef314c331b4b35b0356140fcc15742.jpg,743,743,743,0,0
train/0743/936bf896e88a44bda81c46ff3e9ac4e7.jpg,743,743,743,0,0
train/0743/99a6b6893fa74289a07a9978870016f2.jpg,743,743,444,0,1
train/0743/aa5e054250b14c94b21725df192dfdb3.jpg,743,277,277,0,0
train/0743/b4e66e86c20547708133ad838df9bafa.jpg,743,743,743,0,0
train/0743/b906a94acad143779f179821def0a4db.jpg,743,743,743,0,0
train/0743/bd4702431767487196332ccd9b5749a5.jpg,743,743,743,0,0
train/0743/e1c56a3aac4a4f13ad93dc96079edba3.jpg,743,743,743,0,0
train/0743/e20a8f5d1c20430b9aa0bf93c3e7e38f.jpg,743,743,743,0,0
train/0743/e46ed33157ca49558943f883074caceb.jpg,743,743,743,0,0
train/0743/e7ad6297be7f498ea757268087bada16.jpg,743,743,743,0,0
train/0743/f212c1f979b147658fd6b25b585394cd.jpg,743,743,743,0,0
train/0743/f658739009694766a943e6e134f6f492.jpg,743,743,743,0,0
train/0744/0676619d41044028b7ed4e004a05b2d4.jpg,744,744,744,0,0
train/0744/2de69f5b53cf414db36cf94f2987bc50.jpg,744,744,744,0,0
train/0744/2ec497de852740f3a50f6a0cb969e509.jpg,744,744,744,0,0
train/0744/39c2475e64f74428882d0a0547508668.jpg,744,744,744,0,0
train/0744/3d0dc7b4eeaf41339dbea236d02e5662.jpg,744,744,744,0,0
train/0744/49913e29b2bd434988fb88d8185f7e0a.jpg,744,744,744,0,0
train/0744/52d6095deaee4cd88e6fd6e81496304d.jpg,744,248,248,0,0
train/0744/54e58e8bd276432baf943ebb46b76b5e.jpg,744,744,744,0,0
train/0744/55375b62c35943d5a0e585e6f31bbd25.jpg,744,675,205,0,0
train/0744/7f69f803292346729f83bd553048ad41.jpg,744,744,744,0,0
train/0744/846a743274734dc58e5242fc5eb86204.jpg,744,97,245,0,0
train/0744/9c07a969b4b74a72a9d42dbdc0d12b16.jpg,744,744,744,0,0
train/0744/a73e9b82367d4b8e9349cb524d9e6dd0.jpg,744,744,744,0,0
train/0744/aabaf278650e4d9484d886ccc196e359.jpg,744,744,744,0,0
train/0744/b7efdbbeac1b4b8fb578a0e0d920e068.jpg,744,744,744,0,0
train/0744/c0243b315950456b9fdedb0479b4c64d.jpg,744,744,744,0,0
train/0744/c6df4e1e6d09479e88ee07567bb2d98b.jpg,744,744,744,0,0
train/0744/d65b830b6a0b4634aef835c68675a3e9.jpg,744,566,669,0,0
train/0744/e29f0f2e22d74432903e5363ac0bf529.jpg,744,744,744,0,0
train/0744/e46fce646c5a45faae220321db358d52.jpg,744,744,744,0,0
train/0744/eacc4fcc03a24f6bbb07e895a44cfc3e.jpg,744,744,744,0,0
train/0744/ee392d59d1cb47d184dfd6fbb312d3f6.jpg,744,744,744,0,0
train/0744/f0f9965af1e14d3881905560ec432eba.jpg,744,744,744,0,0
train/0744/f2ea1030fa314149bcbb589068f841a8.jpg,744,744,744,0,0
train/0745/1d1f2e72b4c44a72b20c3798af0699c1.jpg,745,112,112,0,0
train/0745/1e55cff7373746ac972dab35c8969351.jpg,745,540,152,0,0
train/0745/2155a14ecd4d475e8dfc832a91bcc4c4.jpg,745,112,494,0,0
train/0745/3bf82647e8d54135bce548aa2522644a.jpg,745,10,10,0,0
train/0745/7136fb4463c14edc839b5d58535de179.jpg,745,294,294,0,0
train/0745/7c7cb96a80764fd1b022f73ffdfc59a5.jpg,745,100,100,0,0
train/0745/8a6d8039b4274b11819a22e283455964.jpg,745,714,369,0,0
train/0745/8d3ab940fd1f44eba0295ad4b47938e2.jpg,745,560,516,0,0
train/0745/a2805d5d1c8a41818cc942c81d9d95df.jpg,745,560,715,0,0
train/0745/a509cdbbbf23476cbb8cfc25a76250ac.jpg,745,292,103,0,0
train/0745/b9a5e60bb9ea40de9630db060fcc4fc8.jpg,745,133,133,0,0
train/0745/cc910c38f19d4ed5acbb454b5da1af6d.jpg,745,152,350,0,0
train/0745/ea8b31dc994c4075ac12c5724bfdc8c8.jpg,745,207,156,0,0
train/0745/ee7ae7b6326f4e098cb04221a4c48791.jpg,745,494,494,0,0
train/0745/feee337068024d5382be4241a6874dd9.jpg,745,713,350,0,0
train/0745/ffe5a41ba6bd4297bc3bfb8f5e530457.jpg,745,715,636,0,0
train/0746/1453753096c44dea84e214e0cdcfec39.jpg,746,724,724,0,0
train/0746/293ed2dc20004a1ab67f9a7751cd8e9f.jpg,746,746,746,0,0
train/0746/2bebd703cc604e7a9c882b9fd8b33aa4.jpg,746,302,302,0,0
train/0746/3ff2a1984f934b318c775788849d03c6.jpg,746,714,369,0,0
train/0746/4499d1f6f61445aab5dfd159db9cfc3b.jpg,746,746,746,0,0
train/0746/52486cb9e4de4a70a4c28dab6f15ae0b.jpg,746,746,746,0,0
train/0746/5974040a99a74d57bcfca0faaffeba6c.jpg,746,94,94,0,0
train/0746/65b1e57bfb084e9bbce372a6f45e2231.jpg,746,135,746,1,0
train/0746/8688d96f79ef4e56a87561433c858a01.jpg,746,455,455,0,0
train/0746/8f46f699fa384b8e8962d7a6e656959f.jpg,746,369,369,0,0
train/0746/9305b8ddedb24ddaa24dd844248acfca.jpg,746,746,746,0,0
train/0746/97c2408820ad446686c23f54d26cbbe1.jpg,746,746,746,0,0
train/0746/99105e627f064e89955681e16473e33d.jpg,746,276,276,0,0
train/0746/a15b56b259a14447891be7fe6a5dc328.jpg,746,746,746,0,0
train/0746/a1d3cc4f7a494f40941876493402ccb6.jpg,746,137,56,0,0
train/0746/b6fd88ac70b74de4adfb0e986e8bf83b.jpg,746,137,137,0,0
train/0746/d51d6b44433b432f89bcd83ba1b2ebd5.jpg,746,746,746,0,0
train/0746/e0b4bd36625e4f1c99e4947f406dd3ee.jpg,746,712,468,0,0
train/0747/3aa73ba5ac36420bbeb1c04bf6aed6d6.jpg,747,747,747,0,0
train/0747/42c421c751dd4e50b5f6d3c11604eb08.jpg,747,747,747,0,0
train/0747/48314c2b1cb3425f8d1e742d9bd53923.jpg,747,747,747,0,0
train/0747/6001323c86a644809b1993fcb9fc8ab3.jpg,747,747,747,0,0
train/0747/61b55a6781434ca7be210d4b2d727175.jpg,747,747,747,0,0
train/0747/6904de1098a64ab0806443aaf847ee11.jpg,747,747,747,0,0
train/0747/6a28131cf08a4f6488394f5a05cb3dc5.jpg,747,747,747,0,0
train/0747/70b86116ff2b490394adc7521482f9ed.jpg,747,747,747,0,0
train/0747/7148c9f536884fa7be91f1918d1f36e1.jpg,747,747,747,0,0
train/0747/73172993d04348c6904a5d91e7d4e3d5.jpg,747,747,747,0,0
train/0747/b01feb4a89784d2e8a9bc13884db69b5.jpg,747,747,747,0,0
train/0747/c49d82cf65eb4d1da5a692923ff81c80.jpg,747,747,747,0,0
train/0747/d173c27fd719466595adcc37209ab060.jpg,747,747,747,0,0
train/0747/e72ab52ff1e8471ba811643ad7eca642.jpg,747,747,747,0,0
train/0747/e8a54dab89e54e15839b61babd23c9b0.jpg,747,747,747,0,0
train/0747/eb144fdab221441c819e4752fa2a1d1f.jpg,747,747,747,0,0
train/0747/f02a7607285641a59171e52f62922a23.jpg,747,747,747,0,0
train/0747/f2e513eb623649d6ae513f083cff25d3.jpg,747,747,747,0,0
train/0748/14a70357eab84883b690103cd0c852de.jpg,748,748,748,0,0
train/0748/1f8fdc4212544dc598831a455e06912b.jpg,748,496,496,0,0
train/0748/32c3ada6f4ae48ab9722e29a8eb0fae9.jpg,748,748,748,0,0
train/0748/35dd6b2917e7488f8f1a71ea69aeaf8c.jpg,748,748,748,0,0
train/0748/4bca100d7eec477eb52bcb588bccbd36.jpg,748,748,748,0,0
train/0748/55fa4ec82c8f45d185385d39a8d63237.jpg,748,748,748,0,0
train/0748/617974a452e142ed8442a06b44a58bd8.jpg,748,748,748,0,0
train/0748/6b6aee0e65794e028547045276f6f67f.jpg,748,748,748,0,0
train/0748/7a972b75f02b489ba360ddfc61d17a08.jpg,748,748,748,0,0
train/0748/8365d589b4b64d6d86825b1c47c3fa1b.jpg,748,748,748,0,0
train/0748/89fc68add394401e9ea399868893c2da.jpg,748,748,748,0,0
train/0748/8afb6c849f6e41119af2c82108e84081.jpg,748,748,748,0,0
train/0748/9258c9c12b81445a813a4d41a614d188.jpg,748,748,748,0,0
train/0748/a5fe839bc43f46338e283ae82ee0bf64.jpg,748,748,748,0,0
train/0748/c336121ba1f749e1910b45b0b78e94d6.jpg,748,748,748,0,0
train/0748/cafadd47b52847fb82a309383e25d6c9.jpg,748,748,748,0,0
train/0748/d84f5abf33634c29a1be3b398a4a605c.jpg,748,748,748,0,0
train/0748/e24388b848a845499001c2beb6eb3a71.jpg,748,748,748,0,0
train/0748/e344177e93ae48d9b90530de7a712bb7.jpg,748,748,748,0,0
train/0748/ef63d0d1d8a341a09bc932888e9edb95.jpg,748,748,748,0,0
train/0748/f2decff4ed6f425a8b7170a8b0540c32.jpg,748,748,748,0,0
train/0749/0dbb5513a03a4dcf850b688358645fb1.jpg,749,749,749,0,0
train/0749/1111c010c3fb473a97067653680a8230.jpg,749,749,749,0,0
train/0749/131440bcf6324bf3b89ff3a4197a23d2.jpg,749,749,749,0,0
train/0749/19e21f19f7724dc3b96f98257f11c0d2.jpg,749,695,695,0,0
train/0749/26eaa0e675ab427289bf05f16bdde757.jpg,749,749,749,0,0
train/0749/53abac6a422a4c84adb8f59bbf5bbc94.jpg,749,749,749,0,0
train/0749/5d861b766b67479bab62850c06c5f158.jpg,749,706,206,0,0
train/0749/5dbc058403224473a6d76382b7af4dae.jpg,749,187,187,0,0
train/0749/6ecd3e0e43824642b51e64a3c5a81994.jpg,749,217,348,0,0
train/0749/8130047eb4684c8bb829c7f2d0e7c60f.jpg,749,749,749,0,0
train/0749/823284b4ded3449a91c80215b5b67d12.jpg,749,749,749,0,0
train/0749/863f6e2d600b4b5d90e4d3a3ac21e422.jpg,749,540,540,0,0
train/0749/93c7183365164f2eb267449a3311430d.jpg,749,596,596,0,0
train/0749/b22ff0f68ef44fee882ca542043c1833.jpg,749,749,749,0,0
train/0749/b99e2776781742b39c5e0eedd0016798.jpg,749,349,349,0,0
train/0749/bcf780857ad249c2be0feeb7f312b6cd.jpg,749,749,749,0,0
train/0749/c6c109e534074f9da26cb52ccaaf5ac1.jpg,749,749,749,0,0
train/0749/c747f4ebe2ed4b7d9fce6bb49176f66c.jpg,749,706,749,1,0
train/0749/dac91732aaca4ed7af522184aa3c8360.jpg,749,749,148,0,1
train/0749/de87592853004e6699173a8abf15b865.jpg,749,749,749,0,0
train/0749/df9af27c3c764d77afa4344189c2073c.jpg,749,749,749,0,0
train/0749/dfe8c567aba340448588546246934426.jpg,749,749,749,0,0
train/0749/eb3eeed268c54845a0eacb179b33554c.jpg,749,749,410,0,1
