{
  "loss": 1.3839398136297831,
  "accuracy": 0.6932764968029451,
  "macro_accuracy": 0.6933096051216125,
  "per_class_accuracy": [
    0.9047619104385376,
    0.6190476417541504,
    0.7142857313156128,
    0.2380952388048172,
    0.9523809552192688,
    0.6499999761581421,
    0.761904776096344,
    0.8999999761581421,
    1.0,
    0.8500000238418579,
    0.9047619104385376,
    0.9047619104385376,
    0.8571428656578064,
    0.25,
    0.380952388048172,
    0.8095238208770752,
    0.3333333432674408,
    0.8095238208770752,
    0.800000011920929,
    0.761904776096344,
    0.75,
    0.190476194024086,
    0.8095238208770752,
    0.190476194024086,
    0.9047619104385376,
    0.75,
    0.6190476417541504,
    0.6190476417541504,
    0.8571428656578064,
    0.5714285969734192,
    0.949999988079071,
    0.9047619104385376,
    0.9523809552192688,
    0.4000000059604645,
    0.9047619104385376,
    0.6190476417541504,
    0.75,
    0.949999988079071,
    0.6666666865348816,
    0.6666666865348816,
    0.6666666865348816,
    0.949999988079071,
    0.30000001192092896,
    0.8095238208770752,
    0.6666666865348816,
    0.7142857313156128,
    0.9523809552192688,
    0.761904776096344,
    0.5714285969734192,
    0.44999998807907104,
    0.8500000238418579,
    0.380952388048172,
    0.8095238208770752,
    0.800000011920929,
    0.761904776096344,
    0.9523809552192688,
    0.6666666865348816,
    0.3333333432674408,
    1.0,
    0.3333333432674408,
    0.4000000059604645,
    0.6190476417541504,
    0.8999999761581421,
    0.8095238208770752,
    0.6190476417541504,
    0.20000000298023224,
    0.9047619104385376,
    0.699999988079071,
    0.6000000238418579,
    0.6000000238418579,
    0.6499999761581421,
    1.0,
    0.949999988079071,
    0.761904776096344,
    0.75,
    0.6666666865348816,
    0.7142857313156128,
    0.6190476417541504,
    0.6190476417541504,
    0.761904776096344,
    0.9047619104385376,
    0.5,
    0.8571428656578064,
    0.761904776096344,
    0.20000000298023224,
    0.800000011920929,
    0.8095238208770752,
    0.6666666865348816,
    0.4761904776096344,
    0.9047619104385376,
    0.8500000238418579,
    0.75,
    0.8095238208770752,
    0.44999998807907104,
    0.6499999761581421,
    0.8095238208770752,
    1.0,
    0.6499999761581421,
    0.8999999761581421,
    0.8571428656578064,
    0.8095238208770752,
    0.949999988079071,
    0.3333333432674408,
    0.8571428656578064,
    0.6000000238418579,
    0.6190476417541504,
    0.8571428656578064,
    0.7142857313156128,
    0.5714285969734192,
    0.9047619104385376,
    0.8571428656578064,
    0.75,
    0.7142857313156128,
    0.8500000238418579,
    0.800000011920929,
    0.8571428656578064,
    0.75,
    0.8095238208770752,
    0.8571428656578064,
    0.949999988079071,
    0.6666666865348816,
    0.761904776096344,
    0.699999988079071,
    0.3499999940395355,
    0.75,
    0.6190476417541504,
    0.7142857313156128,
    0.6666666865348816,
    0.8571428656578064,
    0.9047619104385376,
    0.523809552192688,
    0.9047619104385376,
    0.6666666865348816,
    0.9523809552192688,
    0.550000011920929,
    0.4000000059604645,
    0.7142857313156128,
    0.8095238208770752,
    0.2380952388048172,
    0.4761904776096344,
    0.699999988079071,
    0.5714285969734192,
    0.9523809552192688,
    0.761904776096344,
    0.9523809552192688,
    0.800000011920929,
    0.6000000238418579,
    0.8571428656578064,
    0.7142857313156128,
    0.800000011920929,
    0.7142857313156128,
    0.699999988079071,
    0.6666666865348816,
    0.380952388048172,
    0.9047619104385376,
    0.5714285969734192,
    0.4000000059604645,
    0.9047619104385376,
    0.9523809552192688,
    0.75,
    0.4761904776096344,
    1.0,
    0.761904776096344,
    0.949999988079071,
    0.4000000059604645,
    0.9047619104385376,
    0.6190476417541504,
    0.8571428656578064,
    0.8095238208770752,
    0.9047619104385376,
    0.6666666865348816,
    0.6000000238418579,
    0.5714285969734192,
    0.8095238208770752,
    0.8500000238418579,
    0.800000011920929,
    0.4285714328289032,
    0.800000011920929,
    0.6499999761581421,
    0.6666666865348816,
    0.8571428656578064,
    0.9047619104385376,
    0.9523809552192688,
    0.75,
    0.2380952388048172,
    0.9523809552192688,
    0.949999988079071,
    0.5,
    0.75,
    0.550000011920929,
    0.75,
    0.7142857313156128,
    0.9047619104385376,
    0.699999988079071,
    0.800000011920929,
    0.7142857313156128,
    0.8095238208770752,
    0.6190476417541504,
    0.4285714328289032,
    0.800000011920929,
    0.8500000238418579,
    0.8571428656578064,
    0.30000001192092896,
    0.761904776096344,
    0.9047619104385376,
    0.6190476417541504,
    0.8500000238418579,
    0.9047619104385376,
    0.9047619104385376,
    0.6666666865348816,
    0.380952388048172,
    0.6666666865348816,
    0.6666666865348816,
    0.8095238208770752,
    0.523809552192688,
    0.8095238208770752,
    0.8095238208770752,
    0.5714285969734192,
    0.3499999940395355,
    0.8095238208770752,
    0.6499999761581421,
    0.4285714328289032,
    0.699999988079071,
    0.6499999761581421,
    0.8571428656578064,
    0.8500000238418579,
    0.6190476417541504,
    0.761904776096344,
    0.699999988079071,
    0.5714285969734192,
    1.0,
    1.0,
    0.8571428656578064,
    0.5,
    0.8095238208770752,
    0.6190476417541504,
    0.6666666865348816,
    0.800000011920929,
    0.7142857313156128,
    0.75,
    0.523809552192688,
    0.095238097012043,
    0.8500000238418579,
    0.800000011920929,
    0.8571428656578064,
    0.6190476417541504,
    1.0,
    0.75,
    0.550000011920929,
    0.5,
    0.699999988079071,
    0.8571428656578064,
    0.8500000238418579,
    0.9523809552192688,
    0.8500000238418579,
    0.8571428656578064,
    0.761904776096344,
    0.6000000238418579,
    0.8571428656578064,
    0.8095238208770752,
    0.9047619104385376,
    0.6666666865348816,
    0.761904776096344,
    0.44999998807907104,
    0.8500000238418579,
    0.75,
    0.0476190485060215,
    0.6190476417541504,
    0.7142857313156128,
    0.8500000238418579,
    0.949999988079071,
    0.8095238208770752,
    0.8500000238418579,
    0.9047619104385376,
    0.4285714328289032,
    0.5714285969734192,
    0.9047619104385376,
    0.761904776096344,
    0.8095238208770752,
    0.30000001192092896,
    0.6499999761581421,
    0.8095238208770752,
    0.5714285969734192,
    0.761904776096344,
    0.9523809552192688,
    0.4285714328289032,
    0.3333333432674408,
    0.800000011920929,
    0.7142857313156128,
    0.9523809552192688,
    0.761904776096344,
    0.9047619104385376,
    0.8571428656578064,
    0.9047619104385376,
    0.6666666865348816,
    0.9523809552192688,
    0.761904776096344,
    0.75,
    0.550000011920929,
    0.75,
    0.6190476417541504,
    0.8095238208770752,
    0.2857142984867096,
    0.699999988079071,
    0.3333333432674408,
    0.75,
    0.6666666865348816,
    0.75,
    0.9523809552192688,
    0.761904776096344,
    0.75,
    0.5714285969734192,
    0.2380952388048172,
    0.6666666865348816,
    0.8500000238418579,
    0.6666666865348816,
    0.761904776096344,
    0.7142857313156128,
    0.9047619104385376,
    0.949999988079071,
    0.9047619104385376,
    0.380952388048172,
    0.699999988079071,
    0.8999999761581421,
    0.800000011920929,
    0.800000011920929,
    0.44999998807907104,
    0.4285714328289032,
    0.9047619104385376,
    0.800000011920929,
    0.9047619104385376,
    0.4285714328289032,
    0.699999988079071,
    0.6000000238418579,
    0.5,
    0.6666666865348816,
    0.6190476417541504,
    0.2380952388048172,
    0.3499999940395355,
    0.8571428656578064,
    0.9523809552192688,
    0.800000011920929,
    0.6190476417541504,
    0.5714285969734192,
    0.699999988079071,
    0.8095238208770752,
    0.8999999761581421,
    0.2380952388048172,
    0.9047619104385376,
    0.380952388048172,
    0.75,
