{
  "checkpoint": "outputs/s_oof_discrete/seed42/checkpoints/best.pt",
  "checkpoint_sha256": "3072bcc05ca2f28feb630b3d42724e3ec3724ff7ea0a700e36ab6e7f90ebc1c2",
  "val_csv": "outputs/d3_strict/seed42/val.csv",
  "val_csv_sha256": "607e019165912bb0639efb456b7e8dea122b3e8579a2344dedb8109798921eae",
  "config": "/home/clairvoyant/code/Noise-aware-Parameter-Efficient-CLIP-Fine-tuning/configs/s_oof_discrete.yaml",
  "micro_accuracy": 0.6864948653361752,
  "macro_accuracy": 0.6864714622497559,
  "median_per_class_accuracy": 0.699999988079071,
  "bottom_10_percent_accuracy": 0.3115714192390442,
  "micro_macro_gap": 2.3403086419349073e-05,
  "loss": 0.6013110269527291,
  "total_samples": 10322,
  "correct_samples": 7086,
  "checkpoint_epoch": 41,
  "checkpoint_best_val_acc": 0.6864948653361752
}