split,image_path,label,content_group,margin,non_target_type,center_py,confidence_bin,prediction,original_label_correct
train,train/0000/578afe5d60ea40a08ab765180b205466.jpg,0,0e6be8aa7c0dadd531cd63413051f79c52380ef9030c3ee1ab96a170c87e529e,0.06886535882949829,a product photograph of clothing,0.05462949350476265,low,152,False
train,train/0001/6c4bd8832bc24bbf88ffdbe7fd7e1485.jpg,1,7c6c7a42442c3079d8c0f72e8a5786b170d83c45265924b0368eac165072f25a,0.05908271670341492,a geographic map,0.7893102765083313,high,1,True
train,train/0001/87a372ebdf014181ba7a950634a52f96.jpg,1,7846b63e19ebae91e657780c614121889886f3103b2cfc74f9fc6e20f37dd6b6,0.050055891275405884,a geographic map,0.7823469042778015,high,1,True
train,train/0001/8a3270b7bb78407c9661e993d3e03310.jpg,1,9ca009b1829afb0f71e953cb606dfbe39b47ec1be7758a294d28ee5d2bb8a6e3,0.07343904674053192,a scanned scientific paper containing only text,0.0021998619195073843,low,100,False
train,train/0001/9b788a8366ab4a07878f66f0afd57f55.jpg,1,b389fa34908f27867f2ecc3228b9ada487ac5f0a217630301cddf5d4d680a4fc,0.05138799548149109,a geographic map,0.18059282004833221,low,395,False
train,train/0004/87cef04fac794fa39fd97d451af64d09.jpg,4,af3c2997d74aa365ece25d1b7d72a6fde2b82fcc377a91133054c9ef209e97bb,0.07361079752445221,a scanned scientific paper containing only text,0.023816317319869995,low,12,False
train,train/0005/002fff69027c4bc0b3d085537c2b83ca.jpg,5,2803fe3455165db87f92828b82e79aada7fc9295d229ceee1a09761c611dbf60,0.05889718234539032,a scanned scientific paper containing only text,0.0008959811530075967,low,745,False
train,train/0005/17ff97126ac04dfe8d229dae14a86562.jpg,5,b103a592a766002b4f0c7b7f4d9d15aa1fa83536f4dfd8f77babf50ae9c437b6,0.09192314743995667,a product photograph of clothing,0.023596780374646187,low,485,False
train,train/0005/719fd9555f004ccfae0482d200c9b886.jpg,5,37eff481407c6f6275c26c12bfceabac7de14f5caa83ce91715315234d0b9a56,0.05334213376045227,a scanned scientific paper containing only text,0.00024218132602982223,low,112,False
train,train/0005/a337c2ed2d954e76822b474b8ad4908e.jpg,5,979580bd185858f7e15fce2983b1618117a49d111cbe35ead418b8857f1fb72e,0.09746012091636658,a product photograph of clothing,0.36700257658958435,middle,5,True
train,train/0007/72f7e7e8915444d0858bd6c091e3c4ae.jpg,7,69fb9dbee75e27790ab9cc2dcf4bf6872e64bcbccef488d58196d20b2d6c5ad2,0.08203721046447754,a geographic map,0.000442267773905769,low,731,False
train,train/0007/ab2faac662834301a7c35c504bcb15eb.jpg,7,7df5fe5276cf950c890cdbf343c3b6f0863f5c33a6a9e041467fac3d74fbcd60,0.05507773160934448,a geographic map,0.0004360441816970706,low,329,False
train,train/0008/c67312542721483fbc57561a8f3610f0.jpg,8,a4e46786e726aabb7a9f74d57f30a7fffd02d0e0e1e8f5e149ea6b90ac8ff2da,0.06520888209342957,a geographic map,0.0012391586787998676,low,162,False
train,train/0009/202310ed42764eb49352a0d89681113a.jpg,9,b8d3ebe82198be70e4844f9676accec7bf8a439905897c64fd913e18eaad14ae,0.05762214958667755,a geographic map,0.7709445357322693,high,9,True
train,train/0009/3b05f2cb44f945558429f55d537562bd.jpg,9,d54036121365ab5a7b25d7feb20d350c7a64d7fea4ff9ac7bdd187524b57e85a,0.08359237015247345,a table of data containing only text and numbers,0.42634597420692444,middle,9,True
train,train/0009/ab1e48ca93ba4c95b594646e375a5d43.jpg,9,97fb3486134763228119b4b461a24d3849d6015b6042fe1a0d0c83200b20b29b,0.0625460147857666,a geographic map,0.1779111921787262,low,9,True
train,train/0010/62eb299ad0bd44ea8b81743bcb84ef4e.jpg,10,cd42ca8659a92a723db23b81094dc5e6532ea417c4ecb1b716e4818c1340b34e,0.05955292284488678,a geographic map,0.014205176383256912,low,378,False
train,train/0011/a5d0e11762da4f9185cef3767c24fa75.jpg,11,6fb6c8c2a693e9ba0da8e96306d5c6f62107c39beac6fa27d1cd596b3a634494,0.06225401163101196,a geographic map,0.009838859550654888,low,42,False
train,train/0012/24842ac993be4e86bc8fcaf377461991.jpg,12,0c61a27305b6ff703f24f09fdf82fc34e06afc9f200b3b8e5ef8cf4279694d84,0.07292729616165161,a geographic map,0.2355223447084427,low,12,True
train,train/0012/2e008ed467ce476d9769fd6c05c897af.jpg,12,4517331ed625231ee447de9215695b22a7990dc5bca7550c5306216bc75e78d1,0.057010799646377563,a geographic map,0.00047603671555407345,low,647,False
train,train/0012/5c57d3aa842647f2b48b886c77c9e1f7.jpg,12,7dec31d4d6f3cd0146c2bbd9ac76da6786e7392357e5faf7907e68aa1ccdb599,0.05497683584690094,a geographic map,0.650994062423706,middle,12,True
train,train/0012/6a507e00a99d4c888401d53d00786174.jpg,12,c2d1a89d9cf86adf1b53ede9ef6121d7ef5cde453108a464b3808c6234895266,0.06066325306892395,a geographic map,0.18090428411960602,low,350,False
train,train/0012/7d490d7c4a2d494c9313f9e251b29a1f.jpg,12,caf1feb01cd8d1f771707c089025e265a438b2ccd40e221bacb09f6ba41f2195,0.057373225688934326,a scanned scientific paper containing only text,0.7647063136100769,high,12,True
train,train/0012/93dc3a9c16884a13bcf101c5671b241f.jpg,12,49f45143094a5be7da49088583b1ffb3fd18c7485bee27993f548c594eea1f14,0.08527238667011261,a scanned scientific paper containing only text,0.6091353297233582,middle,12,True
train,train/0012/9ebe21e245fe4d50917c2dbbc123078f.jpg,12,c61a635f3fae39c8e7d115776f423b26e38146ac0db108e38ac9e579f1f53b73,0.07643933594226837,a table of data containing only text and numbers,0.6439735889434814,middle,12,True
train,train/0012/a81dede379ec4c2dbd1e6fb262655f74.jpg,12,6095a755d74cd134b414f29a0adeaf3545a76496835a24ca94cda7458ea47c8d,0.05510902404785156,a geographic map,0.8729512095451355,high,12,True
train,train/0012/b493288d262f4490a688d95d0a4583cf.jpg,12,46ebcfb90e52585403f16bf79ee28d3cc9ff051595d8de12b7d06fd5e77695c5,0.06049017608165741,a table of data containing only text and numbers,0.75373375415802,high,12,True
train,train/0012/e68e1c9707cf4704a96770c8f3d59154.jpg,12,3d0a1ebeab8e4f58ddcc40387c03bc0dbbeea85904cb73114df9c920bfea9956,0.051934659481048584,a geographic map,0.9035571217536926,high,12,True
train,train/0013/340c8f9ba2b84a7e8aa5abe9ddcf799f.jpg,13,48ad5f033371fd92694f7ef68a5646afc79da27ed199d59c8aa56774c5226d53,0.0865153819322586,a scanned scientific paper containing only text,0.00027108730864711106,low,636,False
train,train/0017/fa370f77fb7641b48ba11ae1346370e8.jpg,17,d101e97b81e27581c9443f0e2412d1669c403aec3316736783af8a149345499a,0.05191805958747864,a scanned scientific paper containing only text,0.0003676779451780021,low,378,False
train,train/0018/c21b2021e3b848cdba81572f2994f628.jpg,18,775be285c11bfcb321d02b0715c948213bf3942e30ba4b4a8cff68ced3fb844a,0.053420841693878174,a geographic map,0.03873050957918167,low,104,False
train,train/0019/1f947b2e32c14e948835da26d188e7ef.jpg,19,f05b209eb36ed12b8f707d77e610e73dffb1000974bf8967b5382f65a82819aa,0.059300944209098816,a scanned scientific paper containing only text,0.15882793068885803,low,19,True
train,train/0019/274c37a783f54a4095f8bb67ef22d69b.jpg,19,e5e9b58fddda87eaf274bb182bc586512e6ee84c534e375cf8a546c59ee9e927,0.06764526665210724,a statistical graph without any animals or plants,0.5068115592002869,middle,19,True
train,train/0019/345df3163f8146988e4462086816596d.jpg,19,71c571d1e9469f7725e9b8c9b2c52998a001a98511d3d2c6900fd8882702d549,0.06594467163085938,a statistical graph without any animals or plants,0.573300302028656,middle,19,True
train,train/0020/516b4d687cc54e32876dfc9f5b440a3a.jpg,20,09cbfe1241719672eac1f1773c054555f35bb5110777a1824135a5090c89916c,0.05452372133731842,a geographic map,0.7802397608757019,high,20,True
train,train/0020/b4998764bf194e84be85325b5c7c543f.jpg,20,0e93f1bb53fb8100a86a5245713039604a0d4418cfbd3bcc0531ffb65cf2f5d4,0.05293691158294678,a geographic map,0.490077406167984,middle,20,True
train,train/0021/6bbfd976771e493c890a5467d5d2b3bb.jpg,21,0ca3448b5857842f03aab9749f5d16fe4e91d44e9f5de35f47f079c24b907d45,0.05558037757873535,a scanned scientific paper containing only text,0.004188049118965864,low,442,False
train,train/0021/a803af64f5b34e6986118663038490d1.jpg,21,1261dec86fafb4e142a565a315f681764c2ee89233cfda7332c0c330b85096a9,0.0787498950958252,a geographic map,0.020077381283044815,low,144,False
train,train/0021/f97498059eae4629ac20dc244dd89ffa.jpg,21,3f689dad1dbed659a6d853649d95419fb047b4380cb346431290404776ce1049,0.07351130247116089,a geographic map,0.5866990089416504,middle,21,True
train,train/0023/0560d27c47c149ebaabf76d0d8fd3021.jpg,23,58e4eac804d81926c28f53c9b5db720de36439bec67392c99a2bd6ab9a9cd677,0.057184457778930664,a geographic map,0.3935728967189789,middle,23,True
train,train/0023/6cff63f966164973aa8e44a8b37a42ea.jpg,23,61b784459888f6f1bf7d1a98b18059a593c58ec268fda041bb6e5fb552a65241,0.05123218894004822,a scanned scientific paper containing only text,0.18173635005950928,low,23,True
train,train/0023/a64b9cf1cd40442782f6c26705872472.jpg,23,0b6118df91209327ea159286d09d1be43f68bb1d09132c3b9d3287c956386566,0.05178551375865936,a geographic map,0.46559277176856995,middle,23,True
train,train/0023/b74a0c818c3d4ca2a6caea6bc899cb41.jpg,23,9d245460787e73267e1d47934c4c525a5d429a7d84f1dec7972eb1bfbf11224c,0.06089611351490021,a geographic map,0.06274490058422089,low,647,False
train,train/0023/c6228b8e6e7740d39f1b3da910877f5f.jpg,23,e03b4ad8004a0a23c1f01e18b45d204d1f956d79214b594870d489dade71e080,0.053555622696876526,a geographic map,0.1605818122625351,low,23,True
train,train/0023/d82ae1e9e3344dd8beae6d0e7fd9bc04.jpg,23,74ccdbe6bd32dc7a0e5e3a186f3ef1fd33b926ecb20ee936f5fb3506051ea94f,0.0918041318655014,a table of data containing only text and numbers,0.028542116284370422,low,378,False
train,train/0026/63a5bb7d48c243a2ab2e45a40798bcbb.jpg,26,a7ae8fa0f235edc4858e9b7a3c8ff3175befc6cbd8a2ecc07a4302a78c4b3a66,0.06640990078449249,a geographic map,0.039419542998075485,low,340,False
train,train/0026/f6a5e1cca8bf41e2bcb9006c134ce64c.jpg,26,c922711393b40e32e929b3e191115b1ea9fee4433d4c0f33743ebc1127b8265e,0.07747849822044373,a geographic map,0.05934896692633629,low,476,False
train,train/0028/06f5513ac4c44e4090c0bc9ad47b625e.jpg,28,37195be68652013492fcc1b271d17abd0596beddbc24697d26c4bc43d44dc478,0.053825125098228455,a geographic map,0.5225929617881775,middle,28,True
train,train/0028/114db86fd90e4e8f98781f65efaff2d9.jpg,28,bafcaa36114f8d9519623211459df570e15330d71f7a44dacd0c611a6b44ea04,0.07090108096599579,a geographic map,0.27681058645248413,low,28,True
train,train/0028/26d630d042df467893a425bcb0cfa891.jpg,28,08b436767816b4fc9922dc5b4497165d32028ca14b73489f55e6bfc3206c990b,0.06172284483909607,a geographic map,0.8948591947555542,high,28,True
train,train/0028/35010e8880254969b9127d8a52b47d4f.jpg,28,cfa90b5f9deb7cf5e33bfd6be61baaeba2aae21870fa82074c9f637a0969e8db,0.051701635122299194,a geographic map,0.7179061770439148,high,28,True
train,train/0028/86464d657008423ca0dd0820c6086d1f.jpg,28,e866118459c84cc9814d7ed1eac828643b99db2ad0e7a64e4af56f27c2fb79c5,0.06506507098674774,a geographic map,0.21216708421707153,low,28,True
train,train/0028/995715af0f6543e39e230d5180a332f0.jpg,28,c959bf5a23c08b17b402f49a2ad5517b76aac2c0a0ab665b8e1b690c4e392f33,0.06707119941711426,a statistical graph without any animals or plants,0.8593581318855286,high,28,True
train,train/0028/9c51ae80c8604a8086e48d907460a8be.jpg,28,1f47e8ccf9337e31f3bbc086fb6ecf419216ccbab536dbfd7a6be40653b01a8d,0.05423198640346527,a scanned scientific paper containing only text,0.016951698809862137,low,636,False
train,train/0028/9db41e14dd5e418aaec2154e9253ed5b.jpg,28,2d327024a7e6c160e40c9ba3524bbda77a2ccc54e8b2e16c0904ba5b167c79aa,0.05746389925479889,a geographic map,0.8052414655685425,high,28,True
train,train/0028/a28e1983407643bbb7bd1b3b2a1fa045.jpg,28,d3fab179616c9bf10fc02b1552b2ecaeca9a0ce53c3fc757a3ac9a2c8c44989d,0.053498879075050354,a geographic map,0.834018349647522,high,28,True
train,train/0028/b60ab93c95a749edad5609e0dc1209b6.jpg,28,6d4f46a2948b1f92fe3229dcdc00d8a44dbf11fea9f265185c0da67f891af93e,0.05328075587749481,a geographic map,0.45039525628089905,middle,550,False
train,train/0028/c3823c875b3d41a0b6b97bd5397e3ed2.jpg,28,cbf8ff2aa69857a7e54ecbd705efed3310e7b8154c26b08bd337e31c049c3a97,0.053526535630226135,a geographic map,0.8685569167137146,high,28,True
train,train/0028/cac5c98ce4c74fb8a27dbefb7dfe8e80.jpg,28,38e8ce383fd799e8df113e72da34c9da47b99b7fb9920e9e89d1c32ea8a03190,0.05423164367675781,a statistical graph without any animals or plants,0.8217554688453674,high,28,True
train,train/0028/cf10606a16004e4387a9d8c9217df9da.jpg,28,1611e6f74dc8176fe281a02c98b583b3fd0875793d7dfee18deada82efcbf2c5,0.059125542640686035,a statistical graph without any animals or plants,0.8845430016517639,high,28,True
train,train/0028/dfdc288b3fd44058a96f23bb26ee124b.jpg,28,68a40778d4fc17a5e1b03dd7475554f44ec3527e964ac2dc81b3417679c4d532,0.05500712990760803,a geographic map,0.8046820759773254,high,28,True
train,train/0028/f2a0ac3d349944729aa0be6490d15a6c.jpg,28,f72f8ce9f568bfed340cad885a6080567cdd81be7084923fd2e4c39a71cbdf3e,0.06772738695144653,a geographic map,0.8396575450897217,high,28,True
train,train/0028/fb803baf42fd4ecab2f216f1e3fb8e09.jpg,28,c7414075b50892a45f4791228ebf39e2b0526eb49d3af1a66ca754a96f19114e,0.05729849636554718,a statistical graph without any animals or plants,0.5392483472824097,middle,28,True
train,train/0030/26f3dfb948814aa89343cd2ff3e213b9.jpg,30,3eb9e723f8fc3437a166c96d312d5078dfa1fc4ebcd4ec5967f90c34818a68db,0.06529355049133301,a geographic map,0.35064300894737244,middle,30,True
train,train/0030/74069ec575124c1c848c2774577ebde7.jpg,30,317dfc3284cbd563b38568680ebf4b9d633bc94e4c55570cb65fd298b9eb9253,0.061458200216293335,a geographic map,0.8342483043670654,high,30,True
train,train/0031/3cc63f4024f847e292d11b94a184b0c7.jpg,31,801a1a5500748b0af871fa47a1f4958f5b8cc71fe80e3841ba718255ed69cab0,0.058678895235061646,a geographic map,0.04794354736804962,low,291,False
train,train/0031/8c55c78649b8466396664f4d171f65c5.jpg,31,e922d44da9b8783f6897ec6bfe3e1483020db3c082788195b40425c6ebe0d90e,0.06254778802394867,a geographic map,0.0183489378541708,low,467,False
train,train/0031/99ee14078e89489a952a667fd78f5a86.jpg,31,b598936b3d701aa67d96a2fbb10a7fab1505951e3d9b90314344dd1336b270f6,0.06665512919425964,a geographic map,0.008086126297712326,low,707,False
train,train/0031/abd3a99ee75044b7973a8492cae1ce04.jpg,31,6d8c11574eefffac51ed3885dc5d3bef3792e1eb7c7225810828098c74aba7de,0.05390745401382446,a geographic map,0.014010580256581306,low,232,False
train,train/0032/f5070807baf74ed085cc960d73640b90.jpg,32,4459e1b55aacccc903f3ee1c6b22ed8e036a5b678af5d6cdc450c30099370507,0.05872657895088196,a geographic map,0.028503721579909325,low,60,False
train,train/0033/b36d47ae0763468396b944d42e36c346.jpg,33,c667f9ca8e7d8356e29ce67542b8e3449bb0d63f5311de8ff7a6c2166fcb4d82,0.05590347945690155,a geographic map,0.9386165142059326,high,33,True
train,train/0034/060782daa7264477a2a3086e05731034.jpg,34,5401a0578bab251a84dd8a330b620426ca2dd264752a085f52b9c00ef74d60dc,0.06742294132709503,a geographic map,0.00033778217039071023,low,162,False
train,train/0035/4fe0f0bc2226482ba684ad9229515606.jpg,35,3aebacc05b7f46765449c486bddc358e9511ecccce60fe7b75017b87ec84abd2,0.05860230326652527,a statistical graph without any animals or plants,0.0020305688958615065,low,378,False
train,train/0036/78d28aa490f443708089aee43d507172.jpg,36,545665d1dc2d6e2fb3ca9106c29a6ec0fd49a79bf155c9be155eec91a8a4076a,0.06701382994651794,a geographic map,0.9456394910812378,high,36,True
train,train/0036/9adbabb1629146b8992263f9098a5f82.jpg,36,aa84ab4ba160df61547817236c5170c6adaa16c746df5342927d3f22bcadd768,0.08303952217102051,a geographic map,0.7739919424057007,high,36,True
train,train/0036/dc1cdaad074742f0b91bca51b8688609.jpg,36,77357525197764650f5bb26d0bdb4dfde19002c5d42798087efa0b6edf3f7aff,0.05168011784553528,a geographic map,0.18516506254673004,low,68,False
train,train/0039/b7663685ce824aaea59e085d4e463575.jpg,39,bd16b46f9eadc1f2c8ca4d3ffd0998c77f53a47e9740137317acdd276ce2162a,0.05116093158721924,a geographic map,0.009340479969978333,low,385,False
train,train/0039/cfaf89c7c0be41969e19587c402e74c3.jpg,39,4f982b34c3db7b15042598fae6404b4c7b2c30ccdac258af5c04762ece81831a,0.07348978519439697,a table of data containing only text and numbers,0.006775212474167347,low,100,False
train,train/0040/d3d75eea380c43c08314ec01bd0c8cb7.jpg,40,a1e17ce61945630065b62004ecc81e373bf4b5fb9324826cbca49c0e47640a28,0.05268754065036774,a geographic map,0.0032910380978137255,low,288,False
train,train/0042/5616792c2c9f4834b5741d5f69c5694f.jpg,42,ee2532d7873af8a17f4c2c4821520536991b8aeb86717391ac24fac774e1ea09,0.05115172266960144,a statistical graph without any animals or plants,0.13131271302700043,low,446,False
train,train/0042/b50198be54bb451aa5e6a0424458492a.jpg,42,eb90e185d1387af86e3ca1e6f1a6a4ec5144f30f6a1691e92d438cc2b7340d77,0.07759584486484528,a geographic map,0.3774416744709015,middle,42,True
train,train/0042/e0d5ebdded42427a9f337a85557a1287.jpg,42,d049a0912df6239e3b3613f4f2731b3b43f71622a567712795715135adc1af2b,0.0802905261516571,a geographic map,0.8005703687667847,high,42,True
train,train/0042/f675fcdfa2364aa48f3478e4bae10bf5.jpg,42,6d1810cd5a350f4f8bbde1ef099e07e0edfd44e4acdd3778ec0bdc6dba1e2103,0.06376482546329498,a geographic map,0.02896854840219021,low,23,False
train,train/0045/261090b9894b4e2594a8e9b9d0c1a50f.jpg,45,9998d3c084504f205027affa90b2936307824e526d9ff354346836e10cbe5877,0.0765569657087326,a geographic map,0.000529955723322928,low,329,False
train,train/0048/5e3dcd9ddc8049e59ab8c217bca9d764.jpg,48,fb3681cffb66190f71f949e78bc3e56d8486b5412dba98f6152128b32c3d8892,0.05889047682285309,a geographic map,0.022522086277604103,low,232,False
train,train/0048/66aca674670647619921ad5c7beec055.jpg,48,d86871021ae958a044a57d46cfe96f03ab0a28957031cadd4e255aee6341d4e9,0.06500893831253052,a geographic map,0.032708942890167236,low,606,False
train,train/0048/c31af57c48d74c2d9d877225d118e94b.jpg,48,5e573cd5616f8e5536ca33ae0624abb4aac5c6527da9e9c6a17abb9c06582908,0.08323134481906891,a geographic map,0.10485190153121948,low,606,False
train,train/0053/01abac2e3df64d6ab5b3c0e0d9e33832.jpg,53,dde2c190f6e1c85fb68453e09096439c873405195c9f26b7ef90fae866b6d30d,0.05734482407569885,a scanned scientific paper containing only text,0.8179858922958374,high,53,True
train,train/0053/32a80254c32c4b5190828d9b55bd5c1f.jpg,53,90a72be6768baf822e060d2d051c8924c7e8a6b7b8c3829004f118f409fd6f94,0.05603237450122833,a scanned scientific paper containing only text,0.7600851058959961,high,53,True
train,train/0053/3ab91c9c26134cf3a5c93f0a6fa5d8bf.jpg,53,4077ed13e7153520d46d9a870f3943ba1463b1d4115a31ea272c02d3dc1f9c33,0.06944873929023743,a scanned scientific paper containing only text,0.15558654069900513,low,53,True
train,train/0053/3fc39176096e49f28466dad25befbcec.jpg,53,0fcbff1bd045c37ed4c8927a5d6b0c1e2a6ac8997a09932df1964d29efe4910e,0.05939820408821106,a geographic map,0.0028694302309304476,low,683,False
train,train/0053/63c38c7de6764c84a6e00d5aed198c90.jpg,53,04cf1296757403ed155048b892f0974d199aaf4c9daa8f069850b61c3675c571,0.0784807801246643,a scanned scientific paper containing only text,0.02032795175909996,low,584,False
train,train/0053/73e6836340d744ac98a823682a74fb10.jpg,53,6982b57c9ad6a34b197b384eac76c22324dab14ce2d88a5d17dea39927b7d4d9,0.07358415424823761,a scanned scientific paper containing only text,0.9937319159507751,high,53,True
train,train/0053/7812b2da29344225bc6ee986b556c302.jpg,53,f7aba0c8f0045e1bde48c97efd91c5911dc0db0bb25ed81327d9dac036ef7d0f,0.07844814658164978,a table of data containing only text and numbers,0.8018627166748047,high,53,True
train,train/0053/9db6e10643d04ed7b31c4ad0983eff76.jpg,53,b76726c2f6de611fe86db9cf5246f42fab760f9d521f81bba1f3cabf243e6dff,0.05950421094894409,a scanned scientific paper containing only text,0.9002445340156555,high,53,True
train,train/0053/a85e04d099074563abca9579d30874c0.jpg,53,891164d31db8ae5803dc7bcb2f9f0c76defc8988a72f1b565626b7f5074495fe,0.07194362580776215,a scanned scientific paper containing only text,0.9915928840637207,high,53,True
train,train/0053/c8eec15855d5483b959b5038717bbbab.jpg,53,6381be16f3ac0f85e1450467c7a922bbf21292d5f7b527fe860bc2f38f56775c,0.05017681419849396,a scanned scientific paper containing only text,0.9776902794837952,high,53,True
train,train/0053/ca685eee93a94f77bbd0c30ed0d9cf2d.jpg,53,eb8d7a418d7da7260dc5419e1ec70526859ef7907f69095bcc7292a8438e0576,0.052947163581848145,a scanned scientific paper containing only text,0.8425459861755371,high,53,True
train,train/0053/d056ed88309a4e388983f01b9e7db0d5.jpg,53,2de798f10f443d93d552926b7bec34950b4b8088f84a3483a3bb8c9946ebf982,0.062026262283325195,a scanned scientific paper containing only text,0.20078684389591217,low,112,False
train,train/0053/d94e7ff6c89a4609a305ae04f4ff75fa.jpg,53,2c6d4f61b1ff493d76f2cb6c83aa02b599dd9832694af7bab949eb8593ed1628,0.0888386070728302,a table of data containing only text and numbers,0.31860315799713135,middle,53,True
train,train/0053/e7ee49d2c108466c98463ee5ee1b3f34.jpg,53,356a43df904c6bde9c2fada1cdaaa69e47540b67e6609f02f88b4bf3454bcce4,0.051601067185401917,a geographic map,0.5901587009429932,middle,53,True
train,train/0053/f5083aa84a244a27b99942b6fbe59fa0.jpg,53,5a79d85027f531cf2e27e77867906a68588337f0b26fff89d267c3afe89a51cc,0.07440556585788727,a scanned scientific paper containing only text,0.9079172611236572,high,53,True
train,train/0053/fb0f26bd52364434a205aa44ebba589c.jpg,53,95b55c23be8138d21fc3155c0f3959e6bb36efa7af2d7c46bafbd8da0e275292,0.05780172348022461,a scanned scientific paper containing only text,0.9218945503234863,high,53,True
train,train/0054/15a7083d857f4f4e95bc9c29f987d82d.jpg,54,09c42fb81412712ff7b651766684b6e210a92d512704cfab4deccc6857d48506,0.07481211423873901,a scanned scientific paper containing only text,0.0017631342634558678,low,715,False
train,train/0054/5ce702fd6f4341fd9cbe136ba87f36cf.jpg,54,c15b28d7c10e757a1fd0069d3a9b123a7f3aeda999fa269bb23637da3a046cb2,0.07093329727649689,a scanned scientific paper containing only text,0.003491931827738881,low,745,False
train,train/0054/ca3e191c2cd64af4966f3e3663eba6b9.jpg,54,4fae925d657cd8b355ad4ef8132e02c87fcee20856c306bcb3253fb8a03b82b8,0.05483408272266388,a scanned scientific paper containing only text,0.9617812633514404,high,54,True
train,train/0054/efb3b4426001424297314e43065b2564.jpg,54,2956bf584e48e811a3901416a016c52fc614876470e929cfe13227d144064374,0.05246707797050476,a scanned scientific paper containing only text,0.9376218318939209,high,54,True
train,train/0056/81a71524d9ff4a1caabe74bb236aad32.jpg,56,9b57e5d08f058d6b3feac136d4ec4a23bfb6839ee5852a110ba6a5ce06483395,0.056086570024490356,a scanned scientific paper containing only text,0.003093906445428729,low,655,False
train,train/0060/1b4a5b373a304065ad2b44e2e287cfcd.jpg,60,e1287aed9901ccbb0a40cc4ab21e7bd0c382a62ace3380b1e191b99da877b035,0.05068455636501312,a geographic map,0.015218136832118034,low,314,False
train,train/0060/9670c0dc314a40a2b97b72e4bf1a94e6.jpg,60,b4f2ff9fdc532296d142428945c1892c14c03b75120dd9f372c44ba18b58f54c,0.0733863115310669,a geographic map,0.0356755256652832,low,350,False
train,train/0060/d36ee47d75f64720ae59e202a6b25491.jpg,60,066e9527cd8e13fc2fd0dcb5dfa0aeb0fc78d693d13777f7ac48b55e5050f171,0.06352859735488892,a geographic map,0.8195834755897522,high,60,True
train,train/0060/d3982010f11a41cc99e5588f830a0000.jpg,60,6d971a48ae6be51ab60510c30f39b090ed340c4682f0401e9f1ee2edc3c24b83,0.06019221246242523,a geographic map,0.8293892741203308,high,60,True
train,train/0061/290ca948a7e042c19edc18b32ee8d155.jpg,61,527c3babda3bf70471b899b7d5b3b6aea295a9a6ffccea020c0a2ce191de8635,0.07996603846549988,a geographic map,0.014963679946959019,low,228,False
train,train/0061/3cc004a09c9641cb8c791c77d87d7c11.jpg,61,696f03a6ad6bcd6a6cd2f5483b3d8fb9fd2bb3a932af6da1235b2eb3c36baa26,0.06461213529109955,a geographic map,0.018031973391771317,low,232,False
train,train/0063/9a29ff685d1b45978ab3b3103f78e610.jpg,63,770e99976ac95497e0f56cd1f09779dd49908a79d7ba431aa308edb64ae1a3f8,0.0697600245475769,a geographic map,0.0011592216324061155,low,368,False
train,train/0064/2eb47324476642cca9a427499c6333e1.jpg,64,5b2510bde9b97d790662ffe4cd0450b9445d464bae576ee4a31dea883838da1d,0.051601603627204895,a geographic map,0.05289185419678688,low,532,False
train,train/0064/427a62ad08944cff9d03ae6fb64483f4.jpg,64,4fd5c84fad14122a5c2e56e04173d56e27464535f85c2299d044f371b2f75fc0,0.06146426498889923,a statistical graph without any animals or plants,0.9335819482803345,high,64,True
train,train/0064/a7232e66b74f415794966ce60c23603b.jpg,64,43c588e5a64723b97b8b5294a3e8cb6e478f92fc6d10363f29897a435db23814,0.051026150584220886,a scanned scientific paper containing only text,0.7440537214279175,high,64,True
train,train/0065/2110e428040b4dca9136173eb56bc369.jpg,65,c8f9ea1f2939ccc71399e1e8a22c36fd405a803e8bbc5bcb14ec0d45725f4835,0.05294770002365112,a scanned scientific paper containing only text,0.07814975082874298,low,714,False
train,train/0065/834b0ee9523043a9abc256fc71986679.jpg,65,320f6a82951ed06b240bbba27ac6eba39a2cb36bef1253ab751fc780e232d64a,0.05028104782104492,a scanned scientific paper containing only text,0.0007580051315017045,low,714,False
train,train/0065/b493fe0d655f43c8842cec3c82dd470e.jpg,65,4defa5df7125341cca13736478b5c011a6184857cd79eab6fd2615ce5a9d43f3,0.06111302971839905,a scanned scientific paper containing only text,0.19712665677070618,low,65,True
train,train/0067/0582b3916b0f45bda4d32078bf06ee00.jpg,67,ac1da09b9fa0df97ce3b0b86e60824d74a199fb97ade580761d9c148525e9d7e,0.05426672101020813,a scanned scientific paper containing only text,0.17021456360816956,low,67,True
train,train/0067/9a98661dc8444ab2afd1f819632d91ce.jpg,67,8b34f44bc01fcdbea66110a4649c22af45553700b9d5ad0d21ff7c9496f04a63,0.0812017023563385,a geographic map,0.0020177674014121294,low,438,False
train,train/0067/a42d76d5365e49b2ac7d431ee90b47e2.jpg,67,68477144a712df3ab67890e9ed0dd98ad9bdd2e5ab319433b64b899225e6bca8,0.06960947811603546,a scanned scientific paper containing only text,0.011791237629950047,low,733,False
train,train/0067/c76c329066274bddb1da65c7da1d6070.jpg,67,7b6800df8dc1425897da89fcdc84728be621d47f162721c9ae4747060402220e,0.056258246302604675,a geographic map,0.8909530639648438,high,67,True
train,train/0068/33d7f879a33648edb7a01e9b62b85175.jpg,68,cd45215ac82e0bc561e46ff49e75a5a843dc365b404c0852998fdddd09a204eb,0.06344369053840637,a geographic map,0.848117470741272,high,68,True
train,train/0068/4cb8698edacb46c0bb506a5a21dc17ea.jpg,68,0a2b06c227d79115f7a326a91a76fac887003cd9994dc3d128bdb18ced461fed,0.05650611221790314,a geographic map,0.4708244204521179,middle,68,True
train,train/0068/a89c8a28cbf64943903ece151bd7b7ac.jpg,68,a3340dc5a005b897ca70727b5ac8ad59e7a0041517ee7ab351bb2b132e3b218b,0.06854104995727539,a scanned scientific paper containing only text,0.0022084906231611967,low,397,False
train,train/0068/d200c92d15064a989d49d24ceefe0a18.jpg,68,3a12ae67af4f85afd9fbc8e1a1746f5ef07a7aaf17d848db9e6afb83339fbd1d,0.05257020890712738,a geographic map,0.8782129287719727,high,68,True
train,train/0068/dc2697e9e2774c4792feb505a9c95fe3.jpg,68,c8ca08f4b24d0c5b9d5784a5130e979524ff299559e24d44639ae7fd57ee7395,0.05544210970401764,a geographic map,0.8076962232589722,high,68,True
train,train/0068/f02100f5c837410baf9b82acb98f7cc2.jpg,68,1685cfca0dfac82323f44309b36cc55f4d3092a0a0853f68476148364236e93d,0.08353589475154877,a geographic map,0.9053427577018738,high,68,True
train,train/0069/36ffd71070b847b6963c6b0c7129748a.jpg,69,c7c276daf50665469a971865857720941aed5398913a28a1d1affb8128fe76f8,0.06268057227134705,a geographic map,0.00880438182502985,low,606,False
train,train/0069/ab7be8c256874d2cbc61723d6d0ac25e.jpg,69,2be0bf4e993c0bd1aeb0cf6a6b9a76ef6a18e3d709bb197545cefc1d4169c7c0,0.06034913659095764,a geographic map,0.005513147916644812,low,232,False
train,train/0070/9966659463104a0e910cd05c5488e6db.jpg,70,a9e8f82dbe6b5eb922a2c8f6bc01fb6ea7c1f05af57086634b1e28afa67f11d0,0.06088753044605255,a geographic map,0.002179019385948777,low,565,False
train,train/0070/ab9f419598bc4c4d945135e212d1588d.jpg,70,e5b757b794e88d8add8fab5ff66dab63402397777f161aa4830a5e73a5f6c952,0.07009883224964142,a geographic map,0.003026341088116169,low,291,False
train,train/0070/f82ce62f667d4cc5bb6e35721e5f4ab4.jpg,70,ad3113afdbe5866586f427ada56bee82563c58671105f420fdca380abd06a473,0.05734659731388092,a geographic map,0.005624848417937756,low,708,False
train,train/0071/4d47a8a3e15a4a85a2e7858d607ff2b3.jpg,71,21f257438d97f5e414de66af24dfdd335fb84ad872fc43d9aa88ba2020ec3d01,0.051298826932907104,a geographic map,0.019381722435355186,low,538,False
train,train/0074/41ac8beec7644ebfad2f7c34269817d1.jpg,74,76d2db46ebd635104ea130886885d9f1e5c80a77d01312b1615a2e1819ccb14e,0.053351014852523804,a table of data containing only text and numbers,0.7617335915565491,high,74,True
train,train/0074/506b0643b2a845dd86f52563494e965e.jpg,74,e1485531b8912e6a65d562a5492a16a2a789240f5fd7b075bdbbd25b7fb98d7b,0.11992104351520538,a table of data containing only text and numbers,0.009743359871208668,low,23,False
train,train/0074/848112aecad54194984e6b8df4148ec7.jpg,74,4fd7f9d3c0a206d30704924b15761d6c7b3d3073d3ff5f455a91b4aa884ddd18,0.06314098834991455,a table of data containing only text and numbers,0.6239168643951416,middle,74,True
train,train/0074/cd4edcd9a832484991864be01934c0d4.jpg,74,7ee2a8c4edf4a9e7bce2941eabc90ea1bae1f4982f4d1b08ed425a9714afaf3a,0.07253730297088623,a geographic map,0.002255993662402034,low,162,False
train,train/0075/05bafbe907124809afe00158aec1255e.jpg,75,d1e069b8da12c2eeb1d3ccf25a71020afd62a0bf586192e79e40b56b33e31ce7,0.06916932761669159,a geographic map,0.9319543838500977,high,75,True
train,train/0075/c776a4c5d208455e8fcd33784036d966.jpg,75,bee08c6e350f5b0380ed58f13c7b620740e675c0ee28e99954d14cc0b21763dd,0.06400907039642334,a geographic map,0.9531326293945312,high,75,True
train,train/0075/c7a78665f67e4dd2974fea975100e747.jpg,75,290665a665bb25a0e237eadea00febb7f3d797c76d65fd306450ea99234a6ae0,0.0649925172328949,a scanned scientific paper containing only text,0.0029963129200041294,low,726,False
train,train/0078/041ffe9250c34767a3a2d2966528e836.jpg,78,a174abb5b45aa9a2376c2385d52e8835430a222de3884360988342eeeddd4a16,0.06930136680603027,a product photograph of clothing,0.9200118184089661,high,78,True
train,train/0078/15e056fb4ae849229172ecaae95975e4.jpg,78,630ab9082a8a4c5253b13233e3de9e911adf065febd35b323b11a288591bfe1a,0.07611006498336792,a product photograph of clothing,0.8965548872947693,high,78,True
train,train/0078/3c3a8c6a8f934380b29ddde02599e6d2.jpg,78,4005bbf2c7cfdcdb19a8d8336e082e5de38467b65286af699b2842cdd44afc4e,0.05379495024681091,a geographic map,0.003296154784038663,low,9,False
train,train/0078/9cdcccda53784aeca5be154ed4b8123f.jpg,78,29d65e94a928fe65ac5a76ba2f47863cd8c55e2a4023a95e12a088a44fbcb684,0.054078519344329834,a product photograph of clothing,0.6574611067771912,middle,78,True
train,train/0078/cbe728ffa8a3414880b91521fbe9561d.jpg,78,2a61ba979e89a0d3ba708088c0651b7daf61c5e96fc8f4707934f160cf90ee88,0.10817645490169525,a product photograph of clothing,0.7953444719314575,high,78,True
train,train/0080/70e7f40d4f1a403b8dad7b140338347d.jpg,80,5527744b4b974cbcc2560370433c23ac94a31569c23629d03336c2a278347b04,0.07767072319984436,a geographic map,0.024860920384526253,low,144,False
train,train/0081/a745732237674516af84f5a0b1e29106.jpg,81,e4dcfe2c8926eb2bd42028abc0fffcf90ba6ed9fd6bcb3c4553505c942714e38,0.0564456433057785,a table of data containing only text and numbers,0.009610788896679878,low,86,False
train,train/0083/3857574dc93943b093feed2a833f8c45.jpg,83,7404cedeb5d84acd462df01f1ee9e61b8775377e9b97b9f5d673567988b09b74,0.05898882448673248,a scanned scientific paper containing only text,0.0010507702827453613,low,53,False
train,train/0084/660f778f74f1440dbf5f3a98693189aa.jpg,84,91b1dfa54f355d8fe49ec7fc0e6a5918f213cabc4318bfaa47b7feefa6edc441,0.07473322749137878,a geographic map,0.014269146136939526,low,721,False
train,train/0086/6110241e6aac4e17ba98e9f12af2f567.jpg,86,a8ec33a80f925ba45475a422b778d0e860bcef0725688bc23cc7081fa8c09a4f,0.056726932525634766,a scanned scientific paper containing only text,0.8464843034744263,high,86,True
train,train/0086/80412be0dbd6439886a37f1929cbf6c8.jpg,86,66d3e00a4df4ee47566c553fe025d478933db0e4642fa1e532737ac8db2c85d7,0.05067868530750275,a scanned scientific paper containing only text,0.22877725958824158,low,86,True
train,train/0086/8f728c7e6c704dedae00b3d8791b4e65.jpg,86,a82ffeb58f11a632a9d1b47e86c64c458e10cd1a0575cd7ceeb090eeae6b8ed1,0.05515865981578827,a geographic map,0.2355681210756302,low,86,True
train,train/0086/a1b094ffedb24274b42c80025dd44bee.jpg,86,1a041ff9f6fa0d99fab1f23ec3cfea22425add214edf7c3f24e2608a96d7f35f,0.06023247539997101,a product photograph of clothing,0.31095218658447266,middle,86,True
train,train/0086/fe736c229ece4037b6874d9d075363ae.jpg,86,77f6005e53b52fc773acc55134b62dbce40b4a90b5b10707b4ff1a8a3e37c3f1,0.050626933574676514,a scanned scientific paper containing only text,0.8420229554176331,high,86,True
train,train/0087/241dcd34609e4d5ba0533435f23f7627.jpg,87,025db840cf605193aeb728697c7053cde035b5ed46a889c14ec03b927425333e,0.07854816317558289,a product photograph of clothing,0.6014193892478943,middle,87,True
train,train/0088/7bdd05f9c35d43be871686829f27ca41.jpg,88,e571960478b14e8a22ec0d74816cb8620480274f7d844b91c2d9938516e18d65,0.05149652063846588,a geographic map,0.46514928340911865,middle,88,True
train,train/0091/0edb19104c684a96b995841ca8e0db21.jpg,91,dd6704546518603dc5606ee9ee6b50d7551f76ebd52eabcde1976e64420169e0,0.08407038450241089,a geographic map,0.7408773303031921,high,91,True
train,train/0091/4ce3c418f4c148e9b9c8ee3e1ed8ea42.jpg,91,c3796f8f04f15a669a97fdf9bd6956a4843cc61767fbafc3e82fd1d16c8552de,0.0832604169845581,a geographic map,0.6550559997558594,middle,91,True
train,train/0091/65e508f5c133443ab728d02dd59147ef.jpg,91,f829f9f843204bbf5550bb8150a8cd8d713c7a5c63665484c9e40afba99c6629,0.08049996197223663,a geographic map,0.759286105632782,high,91,True
train,train/0091/7cb02e299e644dbdb9b4779b4c3a5f0c.jpg,91,09db4a9ce46d4b80a1e6c693378c8ac472624c421db90a6e3bb8b530b62085ce,0.08636707067489624,a geographic map,0.4821154475212097,middle,91,True
train,train/0091/89ac91c1e19a401faf6307f939a0e7b6.jpg,91,c296f43712dffc647664b701d9ac52ffacc9ea87a9cc7b918077f1de8ad5496e,0.08064518868923187,a geographic map,0.44222041964530945,middle,91,True
train,train/0091/b6de96b8f4af4d90bf84adfbd26b531b.jpg,91,fc85696ebaf83111b05d3a6a03f5c42e90eb3c14ee2ca69aba1130297cad39cd,0.08694300055503845,a geographic map,0.3029780983924866,middle,91,True
train,train/0091/beae7a393f0f4225860f92e7008504cb.jpg,91,cf81407cb0da66315839426445f968c84e9fdd477b0a70c16d80b32342354aca,0.07364830374717712,a geographic map,0.8151171803474426,high,91,True
train,train/0091/bf3d4034e4904a3ab687c628acd4727a.jpg,91,2b8a9d4630e76f5ce4523bcb42303cc443489657fad8a117cc1fd061f4c844e9,0.07612881064414978,a geographic map,0.072135791182518,low,144,False
train,train/0092/e2e12b70aa7840109ccdec1ecb68a056.jpg,92,ef07b3257c6c8dfe181bc945c6bfa8690295ff85c6410b044b8fb2650eaa62ba,0.05024470388889313,a geographic map,0.15045951306819916,low,92,True
train,train/0093/0098737cd699417a84faf83f89de8c0c.jpg,93,0e24d8d2cce41dcd5369da08fcafcfec6686b72abe4a35fcbaca2648db7870ca,0.054718539118766785,a geographic map,0.8710429668426514,high,93,True
train,train/0093/562cf205cb0c480397f612769f2601dd.jpg,93,18f850082c291107d9ded1e7ee54996f3b8668d8eeacba3c406004bb4f57e100,0.05952611565589905,a geographic map,0.8480655550956726,high,93,True
train,train/0093/e790e1b2f8874bee921a72edabf8a2d2.jpg,93,2ddc557191fabe7cffdc7778e3ce506acf841e4dc7735ae4d0f08c6e742f8eaa,0.055247679352760315,a geographic map,0.9056203961372375,high,93,True
train,train/0095/13422da8550e4d729be0309c80859e3e.jpg,95,5ac692d853e338cca80edcd8018cc9700224b8a39792f22899703f54589a20a0,0.055855631828308105,a geographic map,0.7394062876701355,high,95,True
train,train/0095/4a72fae46dd24cecb8f7a154f15a7be8.jpg,95,32d8a4a23815f20c285962c9740678440d420a310c99d14ca3b56324563a6ba5,0.07347412407398224,a geographic map,0.8574389219284058,high,95,True
train,train/0095/706e5a8c74194bd8a5439cc40cff990f.jpg,95,01607916dd8794f03f98b7f21e6b7f216ac912a6747ab0a8884a9d5ca8fd7d09,0.08063532412052155,a statistical graph without any animals or plants,0.37993982434272766,middle,95,True
train,train/0095/80f20cdb111b4f23b84f7f4ae2faa5ed.jpg,95,a01e4e4be6dda564fc472044d6d7ab35cc8351a4c854226655c54a846dc9350a,0.07239824533462524,a geographic map,0.9386748671531677,high,95,True
train,train/0095/96e694656b464226a5851d922959ac2a.jpg,95,8c919c257f426f8bf0316614acfd2284cb8b8bd83fafc52b6dcb13414ac53f6f,0.05987578630447388,a statistical graph without any animals or plants,0.019198289141058922,low,378,False
train,train/0096/4621be91750443ab8ce44c6b58655713.jpg,96,e2cf89674ea403811a8ad8c91352bbb36d2825686c66f60eaedc109743f6e0e5,0.061297282576560974,a scanned scientific paper containing only text,0.4572519361972809,middle,96,True
train,train/0096/553020fa507d4d8eb5ad86feac0e90b3.jpg,96,43cd859b1251025bede7e5ddea023ad862e7ee0c3871365e6f1aa0fd325b21bb,0.06258668005466461,a geographic map,0.040457721799612045,low,135,False
train,train/0096/73831fb7888e40aa99d6ed9c9ca59a4e.jpg,96,96caa9c80bf43c6d6898967593f670395b6644c9c8944aacb96cd55e4a6a2a25,0.07913266122341156,a scanned scientific paper containing only text,0.18120983242988586,low,636,False
train,train/0096/a655e6d8b26046909ec2988d27809a96.jpg,96,e966da7743900ca89d5eb9f72908cb0cb6a13d4c6eec327e723acd4edf130a10,0.08542980253696442,a geographic map,0.7516863346099854,high,96,True
train,train/0096/a98cf64e82e14c39a88e7f5a10fcef59.jpg,96,677f11cb1aa210812708c0f86209a8eca471a0412fe1d1f93a6faf88157d89ca,0.06793935596942902,a geographic map,0.4429711699485779,middle,96,True
train,train/0098/0146ceecfe3447afa7531db69520b010.jpg,98,648fa0e02f9c9322744a876ddaf4f411fb3b8c3660c7c014f9fd8efe5b7b412f,0.06319288909435272,a product photograph of clothing,0.9912223815917969,high,98,True
train,train/0098/31293199a93e42c8a127cc4b219cd931.jpg,98,08b1684eb0e7843b923483354750aee084c4d668f96f09ec61d32306004c322e,0.07174593210220337,a product photograph of clothing,0.9957253932952881,high,98,True
train,train/0098/91319891c6d44e8a8737819df51ed851.jpg,98,c5099340b109833ed40b404dacf7b99b1578083990c8ad41759efe10f92ba8ff,0.10018518567085266,a product photograph of clothing,0.9964544773101807,high,98,True
train,train/0098/9994e1983ee44e319148919f7e4f8b99.jpg,98,6208706f412680e279426714a2887fe9a39bb848144d26d75c2595b4d3b2981c,0.09625118970870972,a product photograph of clothing,0.9707585573196411,high,98,True
train,train/0098/ab633fa8330d4c6a9d7ad8db48386f2d.jpg,98,1da620fa3b97232ba566354802e0a57f69ad5956f39a766badeb8884fae6b45d,0.050665050745010376,a product photograph of clothing,0.9865185618400574,high,98,True
train,train/0098/ac4a5e57d7874714bd7beb0487433e4e.jpg,98,2d77b6c675673ba60ce9fa24b6b59c1a5ec1f8ba032a0d3f82eccd0c688ee02a,0.07031737267971039,a product photograph of clothing,0.9907652139663696,high,98,True
train,train/0098/dcd02a6df10e49c1aefed9d41a329a35.jpg,98,59818995891a130095aa6a25d5f32bbf213925de618cbb9ee87014edc4e3561c,0.053350403904914856,a product photograph of clothing,0.9823943972587585,high,98,True
train,train/0099/3a8252ad0a0c4c948aadd0c6185408be.jpg,99,a210fc95ded4c2b1eee553caf622802c5ed988942393c6e0a9608262b888ebbf,0.06625142693519592,a geographic map,0.0004333631950430572,low,162,False
train,train/0100/162cc9336c9c4c05b6ef364a97c9ec74.jpg,100,496784a6edfa6f70e7650722d2abe9b41bebc7a77dc5072874743fe2d1b0e889,0.053722962737083435,a scanned scientific paper containing only text,0.1383047252893448,low,53,False
train,train/0100/1fa7cdf7a5814d75b5677795db2a3a3e.jpg,100,7758cdde47c89bdf8db201024b45a5bdc1d5ed923d195d9f1c20666a6c869b79,0.07630132138729095,a geographic map,0.0020914366468787193,low,532,False
train,train/0100/4019be8ea2e347e2b8ecdd8d519d1d3d.jpg,100,29c289725d66e2add2d24a9b17d77d615454dc8adbe3df5d9d7ce4394b57c10a,0.07180935144424438,a scanned scientific paper containing only text,0.13263748586177826,low,636,False
train,train/0100/473708a5c0834048bde29f1ffd77c1e1.jpg,100,be3cd62a24cde26788bd459f4737f9cd3b158b96e22ef1b2a9920647eedf6f0a,0.060425207018852234,a scanned scientific paper containing only text,0.5641006231307983,middle,100,True
train,train/0100/4b00b55139e84a5bbc1383b9ba5780d1.jpg,100,5c3212854eb23f36a16387d5e44f3733b1f43953a561761cd3a74b9861fa5e8c,0.07799594104290009,a scanned scientific paper containing only text,0.5157715082168579,middle,100,True
train,train/0100/500d663011d948359dfef0fb915f727c.jpg,100,e9afd1755c714a45f9075f7293deafa47606d176a25a1a25d8fd71adbd975df5,0.062450483441352844,a statistical graph without any animals or plants,0.06254759430885315,low,714,False
train,train/0100/77c33b9f9f3f4cccad271cacf5173010.jpg,100,b12bddc5ba55e6cd8c75d474b60d35626fdf19fe30bd97e0e65babbdfaaee7b5,0.06736072897911072,a scanned scientific paper containing only text,0.6137959957122803,middle,100,True
train,train/0100/7a8801bc8b104548bc1d74b00077c4d9.jpg,100,94e84cdda066e58a9931d87d5abc26e392f57221725b1363dce2b08b2281fd25,0.06498771905899048,a scanned scientific paper containing only text,0.23609350621700287,low,100,True
train,train/0100/9a0ae7cd4be04e5083518cfc54d8178f.jpg,100,984378b87087dba90df9771d597a06cb8d2c851379476fe27949642803e278ea,0.07512381672859192,a scanned scientific paper containing only text,0.12274004518985748,low,714,False
train,train/0101/f100e14d6df84fbaa0b9820556e2dcfb.jpg,101,ba9e2ee0b873180e2ce6bccaae294ec2b9dc4e0d7b850dfb6af137bf49bafce1,0.06398484110832214,a geographic map,0.020874783396720886,low,565,False
train,train/0102/8c976aeed0b6425ab781ca86ec8fc9dd.jpg,102,5d7f35a09a7ba0a2b33571a983c621bcb129ba52af7a7b0409792ca3f3223281,0.05495823919773102,a geographic map,0.4354459345340729,middle,102,True
train,train/0102/e384b2e5c99e4e188ca64c9db3602543.jpg,102,1c518ae70ffb021dbf35d537f627ccdc6658c2dbc555a217b1dec3e2681e3d83,0.05920979380607605,a geographic map,0.13467207551002502,low,718,False
train,train/0103/0f03480f5a1e4637a95e1c0438796cb2.jpg,103,a84ce57b008340e8bd239249908fc5d0466f1712f0efd29216b4214a3f88f7ba,0.06703534722328186,a geographic map,0.47953349351882935,middle,103,True
train,train/0104/00536038aac94aba81dcff9a90ced026.jpg,104,82817a2427a61fc4cced8f19de34270dad435719f7203a8344378ec47804dd4f,0.05704572796821594,a geographic map,0.7420601844787598,high,104,True
train,train/0104/40b051012a5147918ad8112ca7b05367.jpg,104,f4e05d5c5c8732b280465031153b21f5285cefb3a5a106c0c2f4e1b5c91e3253,0.07278215885162354,a geographic map,0.540021538734436,middle,104,True
train,train/0104/92d8c8c45ea74267b9de16507612843e.jpg,104,f1f081cf45f8a9aa0fc818b67aaa6b1c1bffbdf19e8762d7f51cc611b88f6e13,0.06203490495681763,a geographic map,0.3961959183216095,middle,104,True
train,train/0104/c6c7cccf8ee04c4e99932dc46dc27706.jpg,104,7c3ab782457517ca1536d60bbd138fa14357e92f8126e251ed1f2face22e9379,0.05621202290058136,a geographic map,0.0304870642721653,low,350,False
train,train/0106/3deaf4ea1d30459c9f44f49f78c5f01f.jpg,106,0e50d488db7bb5c6f863cfadf1b5d18a5cb78daf448113d91e941fa64ed18d5b,0.06949073076248169,a geographic map,0.821220874786377,high,106,True
train,train/0106/49e26796145a484baa15f92bb251b62e.jpg,106,d3f3470a63f861545fde1a275f638899285fb86123284341a586196b80141fed,0.06599745154380798,a geographic map,0.1542438119649887,low,106,True
train,train/0106/52d807f6fddc4273af395ab297c56f06.jpg,106,292226c84092b5912e741495bf959118963612f4006054912ce7d03f6e1328fb,0.0652928501367569,a geographic map,0.7528237104415894,high,106,True
train,train/0106/8ed298be35094228a756c0a9295ee734.jpg,106,11b26a715ba4e38c222f0091cbb95e1259359c672d8c3523c88baebbe4ed7a8d,0.0705314427614212,a geographic map,0.7158535122871399,high,106,True
train,train/0109/117eab57156b4abaaacba3ffd2b57a4a.jpg,109,b913418609caa23bf994d52569fd17edbbb6f546d8d53f15e83f5d3c4ac94899,0.06942024827003479,a geographic map,0.12365472316741943,low,109,True
train,train/0110/9eea899b514f463eb38f1b3e16bcf1f0.jpg,110,288af05ac13794a9e13edb9e1ea57c486c381151a3f9c8677b2d3c78328243b1,0.05520835518836975,a statistical graph without any animals or plants,0.5788615345954895,middle,110,True
train,train/0110/f3b29dab15d448b8b8713d95de2c4595.jpg,110,592570d7babbd91d9f491652f7dc4828c658eb4fc060651cb8a537569eb449d9,0.07843443751335144,a scanned scientific paper containing only text,0.00038239581044763327,low,378,False
train,train/0110/fda3005e593e4446b1e81c47ab0dbfb6.jpg,110,42ff84c906c3aaeb4586c41d1f6ca42e9c9eac46cc7d3eea6626aa5781d0fdec,0.06911133229732513,a scanned scientific paper containing only text,0.20156098902225494,low,110,True
train,train/0111/3dc82c94733e4878904eda5a71561e0d.jpg,111,d6e673f337ebe196ff889c23627c53ce853ffd86bd7b2e4edab08981e6155d6d,0.056244686245918274,a scanned scientific paper containing only text,0.007326506543904543,low,636,False
train,train/0112/27c22293f9ee4966a0098c256f4f821b.jpg,112,5a5fd2e008b04704c5d4b099adac30b57f23db2f7c5f03d3a2aaa3902b7dd527,0.05593930184841156,a table of data containing only text and numbers,0.7344504594802856,high,112,True
train,train/0112/3020dcb3f5b84f99a0499cb90ecc7293.jpg,112,68fea5e82574f9b3e08b935780cb0cde8a2272f79fe8e0fd7870cbc2db6f4b76,0.054954156279563904,a scanned scientific paper containing only text,0.6340970993041992,middle,112,True
train,train/0112/67e540766d844536bf70875a9a5b6224.jpg,112,e64fcab5fcb48027b40ed78443861e053d2259b0a19be5b735e0116b1816f9be,0.07261522114276886,a scanned scientific paper containing only text,0.8372817039489746,high,112,True
train,train/0112/7089da99b79441eba587eacd153adfe2.jpg,112,a903db8d5dd001d8ea79c34f5a270301a4b357d4b8dfe0f40e93bdfb364ae032,0.05633386969566345,a scanned scientific paper containing only text,0.621746838092804,middle,112,True
train,train/0112/7b73b5ef81924308a36c43cfae201447.jpg,112,5a2bfbb2e58795602a8ccb0dd46c679a3d5be1d5e5fa40e2ca9b3ef61418d3ec,0.06423921883106232,a table of data containing only text and numbers,0.8290557861328125,high,112,True
train,train/0112/9fcdaba7543f44a2afde8d9303e1da21.jpg,112,f86fb2f930e27205d4a6e8909c57122257fd443ec456069fbb7811536e5f7f72,0.06114146113395691,a statistical graph without any animals or plants,0.9268011450767517,high,112,True
train,train/0112/bf1558473da94f24878739c5e4b7a7fb.jpg,112,ecf942d343b6a8856066535693b06754722a69aa9c5e4ff957d8699b8fc3b4d6,0.05810743570327759,a statistical graph without any animals or plants,0.26307210326194763,low,112,True
train,train/0112/ced88c61dde544b9be3e1e6b842730e1.jpg,112,e92f4e845343a58db9ec862cf4220e6f4aff698879657dc74df5ac0bfbd6c686,0.06151515245437622,a scanned scientific paper containing only text,0.8829420208930969,high,112,True
train,train/0116/218ca35e3c9b43a6b95772bd56b6fdda.jpg,116,7d9cb4a5f9bb7efd2b528c4b57e3c0bbaab79b5fa07031bde56fc2dc000d6500,0.05899226665496826,a geographic map,0.024398693814873695,low,104,False
train,train/0116/3da16ed5ffe042f08801bd51da8f2a71.jpg,116,3f2cc3eb9c722403a39f3145f5561ef8fddf23ae0d39dd400390a384e0f1ebba,0.06314754486083984,a geographic map,0.036557480692863464,low,202,False
train,train/0116/4427942f65144793aee6720d67a538f3.jpg,116,0ea1b2c5f650b386b0abc0022d01846fbce4348c4d81514e6c773f9601c60df7,0.06813827157020569,a geographic map,0.33801355957984924,middle,116,True
train,train/0116/bce727fe63204f58a5c10b5cf76df22a.jpg,116,84565bd66c05cadb4f1011c56f65e0e85737e433dec24e92dc0486bcdb4dc743,0.05044834315776825,a geographic map,0.0315229669213295,low,203,False
train,train/0116/dbbfd819165c463480dba28ab36c512c.jpg,116,c7cbc9adab1d80617df80967f55cb69435c045312d28a580b875b2896f8957ea,0.06836850941181183,a geographic map,0.5404945015907288,middle,116,True
train,train/0117/2ea484a3e03f4a5d8292beb621d8a9ec.jpg,117,3b0ada948503f9e0a56336b7a93877f0f386674090d9dc02b371df77fb03b0ed,0.07545366883277893,a geographic map,0.010846742428839207,low,684,False
train,train/0117/fe464385e5d043819c4e4a4d75ca5e9a.jpg,117,0322d067c46402eb57859fe73f8f76f2bd541f80aaafd74d97c031999db34889,0.06363442540168762,a geographic map,0.6621506214141846,middle,117,True
train,train/0118/1972219d929b4f25b1957ba9b673a266.jpg,118,a9b72565a20053c3242d21627241074c47ecf9222fc65733c4aebe9a399a6080,0.058825165033340454,a geographic map,0.008586538024246693,low,202,False
train,train/0118/598251d809014a95adf46d50dc985036.jpg,118,b597408be50cad2344c8ad113437a47ebb82d6818b8d463f88273a6071f104ff,0.05121932923793793,a geographic map,0.016152964904904366,low,446,False
train,train/0120/115f2ce1bebf48dbbd3facc56a72f983.jpg,120,68a709c6549dda1baeaf5a2147769546029497644ff583e18a4404144ef3c69e,0.06716224551200867,a product photograph of clothing,0.9782840013504028,high,120,True
train,train/0120/1b5df139e7de4234bd78058ed76e0c83.jpg,120,3a8b3f5ef424fa4c9c3a1baa95e0a305ef21e09ac000d5eadead80dc9e3821b5,0.08620364964008331,a product photograph of clothing,0.9812265634536743,high,120,True
train,train/0120/317f8e156e5d40b1b1dd20a3b3848107.jpg,120,a2886a810036f179c6923ae83bb9fd8f642e96e28751b9c14bb529d09fe6ddc7,0.07368364930152893,a product photograph of clothing,0.995446503162384,high,120,True
train,train/0120/374398858bc44a09bab4ff99bdaf6cd0.jpg,120,5e617e1b3dd5d7864f2459cc11dbc6fbb7e5e262ed87d77248b17cff0ae66cef,0.06830286979675293,a product photograph of clothing,0.9579477906227112,high,120,True
train,train/0120/4be1f75167d94d8a8cee29319ef9a499.jpg,120,d9eb114e38793db4f441217c3c75eeddd7fec38549d1de6a348324106c4e5c51,0.08133849501609802,a product photograph of clothing,0.963806688785553,high,120,True
train,train/0120/5152c6930b744863853453bd50cbe7cf.jpg,120,3ff502d10c71bb38d0eff78fa420c993ce94f625591773cf93b08a868c647007,0.06228485703468323,a product photograph of clothing,0.9613639712333679,high,120,True
train,train/0120/6530f9466c9f4384b9cc82eab77d8a1b.jpg,120,2bcd5a30bd464f1b67ff0b27f7313b6b64a6d622eed55d9226d8304f91ac5154,0.08904342353343964,a product photograph of clothing,0.9652333855628967,high,120,True
train,train/0120/6a0471f5a9264b3e8f0e8cc6fa884b16.jpg,120,9c85156ad3bdd5ffe61730a74bd3cbc4a92811cee78020b100d418b647a5fede,0.07360613346099854,a product photograph of clothing,0.9949567914009094,high,120,True
train,train/0120/700c377fd98f4cd9899df522e265a697.jpg,120,908aaae160c06d206f7bfc219cfdab247c5b3c2071675462bcd2d3899d7f10ae,0.06865909695625305,a product photograph of clothing,0.9890977144241333,high,120,True
train,train/0120/92dd4cc97a82400ebe781ce482c586a1.jpg,120,f376f1fb4d42fa3b3ea6baa3a21481ae5d06fcbdd9bbe0d2f088b75d7e9bd963,0.055245429277420044,a product photograph of clothing,0.9441269040107727,high,120,True
train,train/0120/b708a80881bc47c4832d4ae7e095a0ce.jpg,120,c579b7c7080a0d5e13c2aa0710d8c33bf266c2651845a75065b27e3026d29177,0.0739305168390274,a product photograph of clothing,0.9584308862686157,high,120,True
train,train/0120/ba01219b1ecd4876a678a4a88a77d121.jpg,120,859e5b45862606f7c9a37f648ad342aa48d2f8408b3201bc40d72b782c38eb56,0.07794687151908875,a product photograph of clothing,0.9688563346862793,high,120,True
train,train/0120/c93a7483fb204246bb427a0a3f189b67.jpg,120,1b78a73a606842b4f0f175f202af0c260335abf2be2b950b34722495fcd4da3e,0.06903810799121857,a product photograph of clothing,0.9937877655029297,high,120,True
train,train/0120/cbdf9f060d654b7485130cf7defabc2b.jpg,120,8bf3055f78d1ea438d66d41cb9437d4ca64dcbc394d4cf1e9b7f7e577bcbe5c2,0.08003810048103333,a product photograph of clothing,0.8608196973800659,high,120,True
train,train/0120/ccf1083c51994a119a5ba12a44f4477e.jpg,120,38a404fab185cbaf4456a8cc3c3e499907f4c2d26b4af344654e215880946192,0.05562417209148407,a product photograph of clothing,0.9919602274894714,high,120,True
train,train/0120/ec43f41990d64b6f88ca36c59aef6727.jpg,120,15e0e3a526a0e56eb198728201bfa0b3e0ec88c1cbd2bef9959baf707b16c030,0.08332346379756927,a product photograph of clothing,0.9868936538696289,high,120,True
train,train/0120/eceee2fabcab4ad7a02db66c644ad590.jpg,120,88ca55b7e70c6b087eb9087496417ea291d9e85ecfef45575e9f4dc11592daf2,0.05975829064846039,a product photograph of clothing,0.9916929602622986,high,120,True
train,train/0120/f787e9884eb8450a9d523f019360e413.jpg,120,0ccaf816a99403ba822232a7cb9937e153d926e939ee1c520c62bbbb011ef391,0.06351238489151001,a product photograph of clothing,0.9966166615486145,high,120,True
train,train/0127/37dc7aa7583542148731abdeb3fd5e1a.jpg,127,4a948beeb221eb7aea183882c5d59ea6be74e26cc92b8aca6b0a48f0c3a3a137,0.0776946097612381,a geographic map,0.17385095357894897,low,707,False
train,train/0128/0da66a5cfd9c4bd5b8085db478908bd3.jpg,128,67b6952e18f78b56dd53d2323343e3858bb44b9ed654c6695b3bc046685e7280,0.06410595774650574,a geographic map,0.6116551160812378,middle,128,True
train,train/0130/b1a01642106340e6a198781220c1a8da.jpg,130,b7d851ab64f7cbff14001e732343e5666e4ae5c16665a95455c027df3d5bd3aa,0.07200257480144501,a geographic map,0.05016065761446953,low,708,False
train,train/0130/b3e3b80737b94d52b3aa38947110b074.jpg,130,9b3c47bb6d579cd9b3059c4c0a8380e4fa7482a89dba9c1d0649d646e9a0fa58,0.05331146717071533,a geographic map,0.08940278738737106,low,75,False
train,train/0130/e29732e2c1aa4f29912cb4308175d9db.jpg,130,2934f3808cab5aec1fb5e40e822bc580730a9f3ff09893f19ae58b68b30a47ab,0.06917166709899902,a geographic map,0.12143982201814651,low,130,True
train,train/0133/003fe13f41aa405aa968f49705999330.jpg,133,add80638fd7b69a15e679a1229a7c6dc81e4db634d8c1f859f4f36acf7d4812f,0.05274222791194916,a statistical graph without any animals or plants,0.9851354956626892,high,133,True
train,train/0135/23a7bd6324e5459489f0f340a12ec3af.jpg,135,1b1734d935511bf3e216e503d93d9f8ff6bede3b7b814ae626b8e521b7fb6fbd,0.05750679969787598,a geographic map,0.8799076080322266,high,135,True
train,train/0135/3e8f7a34eb644d6fbdc403bd89506fe2.jpg,135,857c876338299508aa76391b43f50c6054f829b2b82e87a1a9de5ea9fc4aaabc,0.05085571110248566,a geographic map,0.8207650780677795,high,135,True
train,train/0135/648605973c9b4649b0c22026d14b3798.jpg,135,b04df7c44cf0e9ed68d233df04617f1201417b1f21d94b074025b7fc16b1a535,0.07384470105171204,a geographic map,0.7692323923110962,high,135,True
train,train/0135/a7f87424f1e444acb47ec2c883206a80.jpg,135,2321b85e194d9cbfc0d16716ea35af752966a0d63865be25f9fb19df92133065,0.06617851555347443,a geographic map,0.8658474683761597,high,135,True
train,train/0135/aa8e3513918547028d9fb97cd587ea06.jpg,135,105989ec5a829c2961bf6bb6118f04f02d4329fecd45569379a7eaf6f8029510,0.06074526906013489,a geographic map,0.032937850803136826,low,257,False
train,train/0135/cca0fc4a7f3a40c09a391dc6e216ddf6.jpg,135,ab1c0984d45b3be738ee525cb7683e4dc78d468ab34ce103ea1ebdf090c28466,0.05872432887554169,a geographic map,0.07342712581157684,low,93,False
train,train/0136/cf8f39699b314a12b5a8ff5e23ea309d.jpg,136,49727bec30972b92a32f9f38dbb943f562c22a8199aa0748128d33f691ba78f9,0.05504070222377777,a geographic map,0.01193349901586771,low,20,False
train,train/0139/5af48ddfd03e42d8b10b485f5132a98f.jpg,139,7a6a275067c1221ab5c66cfdcc7d3b4e5c8fa8549b85da026bb780de011f45f5,0.07586561143398285,a table of data containing only text and numbers,0.00016516154573764652,low,714,False
train,train/0140/2c2302174a6a46d7b1255367b8f49364.jpg,140,16a3853f6a4a73160eb364d1802a98c0d65311440a8f9193778104e1ae235fad,0.053613051772117615,a geographic map,0.8103607892990112,high,140,True
train,train/0140/ed6605018b544b77a863da1cb2c0c4f9.jpg,140,5782f9e58ea7e463478f6e60e7cdb3216c62a4d1de3c926d46c1e51400a69210,0.05318628251552582,a geographic map,0.7249704003334045,high,140,True
train,train/0141/565b38be7b9b479387a449b19149d460.jpg,141,05c8dcff443508b686f1f2f3c850aabb5ca54dc41f34fe62a517c9654937ec3f,0.07325519621372223,a scanned scientific paper containing only text,0.25205251574516296,low,141,True
train,train/0141/57350b1e057e474ca9d5124b6bdf0056.jpg,141,d6d81c749ebbc362288c1b3826de5eb31f170603485b24cb988fb04bd1002fc9,0.09437966346740723,a table of data containing only text and numbers,0.0032512624748051167,low,745,False
train,train/0141/c6ab14ebdefd45ea9c151b89fcfb6919.jpg,141,315ff527617bc877f084dfde6fd793cc3dd45ea94010cebf6fccae35b949050c,0.05154918134212494,a scanned scientific paper containing only text,0.022039977833628654,low,745,False
train,train/0141/cd3453fcb5b0448096cc0136c53271cb.jpg,141,52b2bb027b78b50c0f62ec8a97d7dc4beb229079f9aab03e17fe592e23b8b70f,0.08226633071899414,a scanned scientific paper containing only text,0.22101308405399323,low,141,True
train,train/0141/d13412eefe7b4998aecfc8ef93b9d838.jpg,141,11dbbbcc506b2a3fcfdae24dd7742be2111571f7bee76e128777068bb29ceed1,0.05609391629695892,a geographic map,0.0006505441851913929,low,483,False
train,train/0142/2c4023f13e254a989e76a1dc211ba4d2.jpg,142,21d924a2d052136ca26ec311334781432068860ea78785274a6897b47e8fab72,0.055037081241607666,a geographic map,0.01005131471902132,low,291,False
train,train/0144/06d49f2621474d51b47abcd2c2142b10.jpg,144,50836c841832dac3a7fc43c760211a91fb3dda023473169e4d191564d1cc8313,0.08545978367328644,a geographic map,0.3390890657901764,middle,144,True
train,train/0144/183ac31492dd434f9f876508c990ad41.jpg,144,b05517863687d1eb2305c3b810615aec0df8580013e7d7d0c2c5b9d5e1f5c012,0.08256581425666809,a geographic map,0.12159132957458496,low,144,True
train,train/0144/b6b2a870d31f4a71bd6e0c2b425b3740.jpg,144,4a9e476642029cb2c1e6d1afa4a6d9cad5bb0bcda41632821da73f40d37d54ad,0.06399810314178467,a geographic map,0.24167388677597046,low,91,False
train,train/0144/ee82846477f342fda55df41adab97a70.jpg,144,c1428cbc57baa33ad8e3f3574a46f2de9005980f57ef5f4f54e1d00f467355b8,0.07157091796398163,a geographic map,0.34138602018356323,middle,144,True
train,train/0146/027cfb2405cd4a90ba17de2ee6917428.jpg,146,f6699194dee0f40cc26ec2e41baf02b7d4808c0a7cb5b6b8fff434b5b9f63cb8,0.05040180683135986,a scanned scientific paper containing only text,0.7782522439956665,high,146,True
train,train/0146/735f1da10bea40ad97ca2d40d5cc18b4.jpg,146,8d859a9101ef89dab21011a747576afc384ad87d8c6fc9e23e34c2b8f139c550,0.09336087107658386,a table of data containing only text and numbers,0.03689023107290268,low,584,False
train,train/0146/7ba0dfb3e7c54495903c8b2bdea8fe69.jpg,146,60ef0bf1fd4e27aaa0ec6db378d4759b285fac489cba163b0a44f91706b31649,0.06433391571044922,a geographic map,0.12596416473388672,low,241,False
train,train/0146/af56a5bf20194b00b98ed7cbfeaca6c0.jpg,146,1d8541d4a016ec7c13caf252042764ee2491b041b1d75cdc6a67e4158752441c,0.05489946901798248,a table of data containing only text and numbers,0.03600149229168892,low,366,False
train,train/0147/ef7c57a5b28343f78328091c0eae0da1.jpg,147,cfcf80a2150e5855b4408d770c4a1efeac54cc06c947c628333926a07d94d9c2,0.05334644019603729,a geographic map,0.006975132040679455,low,438,False
train,train/0149/fd3a55bf2ca94b0e956bf10bf0db23bd.jpg,149,9c2eb183019765c3a6ccb413d1b3a0e6944c6a686b4ac4ad9c0aa0f7d3b3efa8,0.06238169968128204,a geographic map,0.00279990048147738,low,23,False
train,train/0151/2178f20511f741d79927de36be0736bb.jpg,151,de7c6aa903a115d62db2736778bbb5221a7f0fc00019fc1eee3bda32ccfbeaf2,0.06272090971469879,a geographic map,0.908369779586792,high,151,True
train,train/0151/5acae5a75bcd41a3a424d0055595c017.jpg,151,52b75116c0b4f7a3a273daaa1dbc42f808e780d92231a0ad6941e159f77d42df,0.06189510226249695,a geographic map,0.8659421801567078,high,151,True
train,train/0151/8ffb1cb82e9f4ab78d270d2db352f738.jpg,151,d9398fd35cd9e9c98da956ae5ea9de44e4f5130fa662fcba9b2685bae2f52a63,0.055499762296676636,a geographic map,0.17069876194000244,low,151,True
train,train/0152/8ee429b4bc964a209397f36517a8b1c9.jpg,152,7ce3a40d0f499f07ee05706da8e4b82240d9f8eac215f54ade9153e597667563,0.07946337759494781,a product photograph of clothing,0.781376302242279,high,152,True
train,train/0152/bc30ab93f5574877abbaacb49ea86280.jpg,152,7a20ad32a749a6ba1b267c4c898e143a928315ecb48e887b06b9385ce898947f,0.0606541633605957,a geographic map,0.8960263729095459,high,152,True
train,train/0152/de6e3ace80ef4321813ec234188168e1.jpg,152,426dfe39505f8f55e7e04fc92de16f675909f69e8f88670b7d77bb1d8b8c3f76,0.05384436249732971,a geographic map,0.7695208787918091,high,152,True
train,train/0154/c8edaff20ab340c2b935f94a8ada8f57.jpg,154,ff534b794d2ebce74ddd2f596aa50d82287dbc05a6043a23d8524690eba5ccea,0.05788165330886841,a geographic map,0.01149485632777214,low,708,False
train,train/0155/1d77ddb9994d4d73a7ae1af20f737548.jpg,155,5792eac10638e5cd8d21a844994c893607c5ad8645fe60d27a80562823d67511,0.050561726093292236,a statistical graph without any animals or plants,0.07197205722332001,low,627,False
train,train/0155/a0532dca085340d3b8298a3328dc6232.jpg,155,f62044dca103bb1dcbf9efe6613788d8a76d04651cb543d05c3e0aaec5006126,0.050816431641578674,a geographic map,0.0017770890844985843,low,483,False
train,train/0156/8a6cc96a5c164ab9b0b0331c04878f58.jpg,156,5ce78bd75fa62adf9056b9033e1daf1fd4591b222c4502eaec94940585cf5a78,0.08153973519802094,a geographic map,0.03758321329951286,low,199,False
train,train/0158/03eb91899cd84f468548887645f88a8e.jpg,158,42bf1cc86d031e5cc65b5564bdcff775b4d4dfd1a04ecaa57642dd7c2d79f19a,0.05836537480354309,a geographic map,0.02422979287803173,low,232,False
train,train/0158/606237c5f0e2446bb4859124a1731617.jpg,158,b22e9517f2acec205098d68d0f77f54826400760d9387e90e732d81f5d8210f9,0.060936540365219116,a geographic map,0.12192117422819138,low,158,True
train,train/0162/0c5863c269b2469697c5ac353ac7500b.jpg,162,901245ca6fa09a360507be6346fb044a953ea066b332b1ff265e3be24c3b24c1,0.06431682407855988,a geographic map,0.005464507732540369,low,467,False
train,train/0162/3ea10d5bee2940049afa3c151170f204.jpg,162,8cb7e6e0f4dd6019138a1ffa38f368124b347080e3875286f80fc1916a478700,0.06069366633892059,a geographic map,0.29432764649391174,low,268,False
train,train/0162/6e09d1f96ed54148af27a9c4551d4b07.jpg,162,6ea6e2070d32cc7266692098135b74e5184a2c54670d32e35ff7b44824c87c85,0.06271527707576752,a geographic map,0.10071828216314316,low,329,False
train,train/0162/7d1b6f114bd843d2ab9ae4be8d5c39ce.jpg,162,9b9aa5ccd9ef35177572b8bfb40f93f9d822b7beab19c5b352a35e28d9b40fc0,0.05879583954811096,a geographic map,0.3415176570415497,middle,268,False
train,train/0162/a3b7dbfd069149179ffd904d1fbe474c.jpg,162,120b6cad971a13825e85ebda91643e1a8461abe0ff8b6febe72d45ab39a538a8,0.06352750957012177,a geographic map,0.36877310276031494,middle,162,True
train,train/0163/55b3a2ffa34c456fbc85849d5be99660.jpg,163,3a9ed6d0c66ab7b52b5e3f79c75feb33ff697954fbbbc72d5d1c60ea66eada7a,0.0733252465724945,a product photograph of clothing,0.9673078656196594,high,163,True
train,train/0163/a55c329ed1e74668a151d090fbee7170.jpg,163,05ba4881b36c7e1f0c7ed5f202c0ccb53d5844a427d9314820048b18d97d6eeb,0.05814887583255768,a product photograph of clothing,0.8910524845123291,high,163,True
train,train/0163/bd4e436d91b54eeaa4614d7e773e7492.jpg,163,eabcab85abc12269a522a9704b89eed37c278a1cd3d238aa30482456bcc51dd8,0.09241701662540436,a product photograph of clothing,0.701873242855072,high,163,True
train,train/0163/fec4fdae40854052b9be00b1bcd9ffef.jpg,163,312103219e263a5c03def95ab33ca07afb06925dda8669a712e8879bf8b715e7,0.06042669713497162,a product photograph of clothing,0.9829671382904053,high,163,True
train,train/0164/5a17153d574c40b08e11881963f1ba25.jpg,164,050ab640b52f0f7413185fd18833096ff0d0ad927b72c23e6a06ce3d506c461f,0.0543474406003952,a geographic map,0.9219900965690613,high,164,True
train,train/0164/5efbc496ba6b4469933b791f53960aae.jpg,164,4fa74c9a0618a3dfea468467c1764f72a56c64f581f8653908fbc052e0e89fa5,0.06525819003582001,a geographic map,0.8182365894317627,high,164,True
train,train/0164/8a692f808be844b2a9288411bf484357.jpg,164,9145859e9e293bd8d214e1034ef31114a8e67e40e0260845790b63d67e3fce47,0.052724286913871765,a scanned scientific paper containing only text,0.0547884963452816,low,655,False
train,train/0164/95fb10d3bfb34ef9bfcc4f18aa7d8b19.jpg,164,9bb0c9f6514f6f44e88e9f7bfeb1aad653e1f5d1ff1fdaad4f42f79de39edd62,0.06614057719707489,a geographic map,0.7795047760009766,high,164,True
train,train/0167/4167793fdd0742b09948961148c84b73.jpg,167,cb702089547a490219262ce31d964eebfcaacc02e13cc69f7691d914de0575cd,0.0669618546962738,a geographic map,0.0043709236197173595,low,738,False
train,train/0167/d5d8eb543c9344dcaf290bf7dffd8286.jpg,167,39d838a3bb093f73f8c4dfbbb7cc767dee2870c5e7e25552810d5a980036e28e,0.09107466042041779,a geographic map,0.649446964263916,middle,167,True
train,train/0168/2524bf048fd34d82a920a2c8f0e0816f.jpg,168,113acefbdab7d19ae088936c352f2424a9031cb9a02aa6ee93951711cce88eeb,0.06907762587070465,a geographic map,0.001392911421135068,low,93,False
train,train/0168/743f41b19ff64cd584b13fb0b747bf25.jpg,168,a2d4b8361fc5f54435d0a13f29e285efb028c6c6642c6e84f9ae8cd02a11ca02,0.11601527035236359,a table of data containing only text and numbers,0.0057868254370987415,low,366,False
train,train/0168/ced4676886ca4601bcc2b28dcba0bacf.jpg,168,a447effc7231a7e5ce0c373f70c74811e4a56aaed0a7a0dd8f86dc391162d919,0.05200514197349548,a scanned scientific paper containing only text,0.8908205628395081,high,168,True
train,train/0168/df367f39bbc34236809abe0c5a653971.jpg,168,a1fae37022219ffa6674f8e3e5763d84f33454ff1d55c37b7ba42d1877610584,0.05367113649845123,a geographic map,0.004960143007338047,low,350,False
train,train/0168/ef6503160448461abd094a4fc18fe5f4.jpg,168,b387056c6d6e6fc645ba589c6d699f90205a03641cb274e736a56627b928d94f,0.052660614252090454,a geographic map,0.001785925356671214,low,384,False
train,train/0169/eb513a1f9da449abbe6cebd9608ba200.jpg,169,f22e464f7a722feaee5c82a82eb4eef89484fb1ca5a45e6c65b1133b3bff8e4a,0.07210567593574524,a geographic map,0.3736723065376282,middle,169,True
train,train/0171/00d610c4a39b4f559b145a4397958615.jpg,171,6bd81ce7e2b3791fe1305fe1d4d800b612d0eaf48d55d9c1de2c94c348f8df58,0.07497924566268921,a geographic map,0.059597186744213104,low,476,False
train,train/0171/12dba1158b654e5898b7620a5d3950c2.jpg,171,c3796f8f04f15a669a97fdf9bd6956a4843cc61767fbafc3e82fd1d16c8552de,0.0832604169845581,a geographic map,0.01872825436294079,low,91,False
train,train/0171/ddd30350d4fb4fd0b8a1bce6e579a452.jpg,171,c3796f8f04f15a669a97fdf9bd6956a4843cc61767fbafc3e82fd1d16c8552de,0.0832604169845581,a geographic map,0.01872825436294079,low,91,False
train,train/0172/d8165750e0b04a37a8c2b78dce7e48cb.jpg,172,a32e3668ba9a160695a1eb3aa55d662617305d8eac6065196c4bf74c7b1355a7,0.08301611244678497,a geographic map,0.007385376840829849,low,144,False
train,train/0173/60ce67edea594d08b08d790918432b62.jpg,173,8f7fbe7a1ea70dbe56581eb5ed262c6e13379133c4badf4b59db903b50c61a65,0.0688607394695282,a geographic map,0.020579922944307327,low,232,False
train,train/0175/5da9110914d74b419b408553c3d66ba9.jpg,175,75f0b4f16f3bc9f573f6763fa9bd5c4bad8a426b11345afcd9782fcd405f68a4,0.07917217910289764,a scanned scientific paper containing only text,0.15342536568641663,low,175,True
train,train/0177/632441cd2aca4f69ab2b39d6665931f7.jpg,177,5df075b52337c9a74696ecee69be72b81ccfe677a121ddffd616d8526448d32f,0.05191728472709656,a geographic map,0.039130523800849915,low,438,False
train,train/0177/a27616593a9542b3bc7a81e1a6f460cf.jpg,177,7ca30153591f4f72b979306fdfc86f95f1b640ab3f7d8c10f8689df38d532f26,0.06289754807949066,a geographic map,0.003011416643857956,low,424,False
train,train/0181/04632f364a064c108b4fc9cb08f8d660.jpg,181,68bfd6270acbcfdc3d726f627d439a4401563db552f8379ca618d78b7ffbd311,0.06477254629135132,a geographic map,0.24797889590263367,low,140,False
train,train/0181/05f5ef1e60fb42058350d1bb1724030d.jpg,181,86f63449c4320136f015e94ba5d07eeef65b2ef0f4d55dfea953bfb3d7770084,0.052347034215927124,a geographic map,0.009984439238905907,low,492,False
train,train/0181/63202222a4ec44039d6d74abc78c186b.jpg,181,6196ef0ddd16e567c8d50ef0ef1dda4cfb52f989ec5b7b9969b0f92e5ebafcfc,0.066465362906456,a geographic map,0.01689107157289982,low,565,False
train,train/0181/ff810c06f19b40639230a1c6767b5640.jpg,181,5bf0c372e6cbca6fe3e8e5b143305a90c8b0c23b9dc22b192fb6956a765b8ba3,0.05633088946342468,a geographic map,0.07699625939130783,low,485,False
train,train/0184/1f02ae4f7e50402887a3e10785acf5a2.jpg,184,c9714bab508677a330e3e7b591cc5440ae9d0ce430bb34920263f36bd209adbb,0.075087770819664,a geographic map,0.0010577234206721187,low,565,False
train,train/0185/3a0ecca253c44ff9b30dcb38f7ec55ac.jpg,185,5d9543b1ef89f0b2105db2983f3514455aadfec6c0ac45121868eab7c15f2d57,0.08073887228965759,a scanned scientific paper containing only text,0.01747552864253521,low,100,False
train,train/0185/417acb0e33ef4e9c8ba8c1f0655fa88f.jpg,185,bceefe22a7a5b6b5c4194ea32afd3156df6c1d5ca9268caddf16c498c8eb602b,0.06108170747756958,a statistical graph without any animals or plants,0.03381337225437164,low,366,False
train,train/0185/7792336609cb491a921673cf2729b915.jpg,185,07af4d1d961fa4a0dec20bb0c5227005c0e0f89f062c731301ce7d137a628a4e,0.05618767440319061,a geographic map,0.13841725885868073,low,106,False
train,train/0185/d91ab9bc1a5548bf9ee24729b9c0cfa2.jpg,185,233e4fb1d005842e38b839cd62c9dd5b47c87974dccbb27af6ff51ad91927419,0.08183853328227997,a geographic map,0.13359980285167694,low,185,True
train,train/0187/507070c43ce544cfabe943d23015d1be.jpg,187,af54d0e8aec14c4822951308e81d83b931210dfccc7ccfd2f82ca88c115b4bdb,0.06645423173904419,a geographic map,0.06649645417928696,low,106,False
train,train/0188/facf5d156f9844e0bfdfa159ac227fca.jpg,188,9584fffc875db60147fea93d145ffebe9c6e22e09d437a97a8adf15097dfaa02,0.057605668902397156,a geographic map,0.03244446963071823,low,350,False
train,train/0190/027fcfc4c9564bb3ae8a9f3eb74afbf9.jpg,190,f15ad6b80323ec699afe2243b0230c9e06f4925a27be6bb922109825df4d0e68,0.05380004644393921,a geographic map,0.6883251667022705,middle,190,True
train,train/0191/65aab23cb46042bb9b39d1a8ee945794.jpg,191,6b59f144a9ded8b36c61a6da85b39e93ca06203021a545e6b135bb607e49dab9,0.05108444392681122,a geographic map,0.8587572574615479,high,191,True
train,train/0191/f798c4d45e004fe3a70398d5a5ea362a.jpg,191,6db29fdff0308dbb0e4bc2be09e3c12b7ffba5ea6221f600527ef2e90803fffd,0.0590529590845108,a geographic map,0.9191163778305054,high,191,True
train,train/0192/2ca918053224425c9a6eedf9b49cd319.jpg,192,faaa00410c2c94326406d24c7eab0775226edbae00758b21658c2317df768269,0.05081874132156372,a geographic map,0.0016903816722333431,low,376,False
train,train/0194/49202a138d6f43649cd318921379fe08.jpg,194,ee2270829bc5ac2d3d0191c54ca0b18edfa1a2713cba901ea2b38ebcaae7b6c6,0.054329439997673035,a geographic map,0.7073855996131897,high,194,True
train,train/0194/6e5be89e39c84b638efad63711eecb06.jpg,194,f1254e31d34965a8cdde31fab02f902586f61ca510a364daefab025934db0785,0.06111648678779602,a geographic map,0.5998573303222656,middle,194,True
train,train/0194/8b164ca8646c4e7a8c79b4957581cde3.jpg,194,779225361217e3a6e15fbc3fb3b5041947abebfda73a03b3d16c59caa507c406,0.055225253105163574,a geographic map,0.680212140083313,middle,194,True
train,train/0194/d87c638af2f141018ac8a487cc841583.jpg,194,39a5018b5da43f5ef2c64e09d55d677e650f0338aeaec3aaac673010026d2597,0.061546117067337036,a geographic map,0.8282017707824707,high,194,True
train,train/0194/e29fe03cd127449b81b978a216500f06.jpg,194,56b87307c1709a7779d38997629380c6ba8d82784a9caacd5cc8bb740b55cd76,0.07651349902153015,a geographic map,0.3029642701148987,middle,194,True
train,train/0196/d3b90ae9b57d4f95b7034625946e8adb.jpg,196,0d4bfe9fe3a46063e02c02d7ea894f462d5851b56e6c35c35dca0c0b213e44c2,0.058522194623947144,a geographic map,0.9645012617111206,high,196,True
train,train/0197/3a1593bfcc7046e3a5260ff5b8b15215.jpg,197,a5d3fc47e08ed2ec03b403f0ff2242f94c35355d72df8d63a1a760f52a04d833,0.0733439028263092,a geographic map,0.003847865154966712,low,565,False
train,train/0199/5e65a1fbfaed40fa9e29974c8f157f1a.jpg,199,76107b2a40ad0ac8010a579380c14983228b7639ed3b452eef90499e358f148d,0.07086117565631866,a geographic map,0.9265493154525757,high,199,True
train,train/0199/a58cdfdfa9154a76835ccc4ecbdffd2e.jpg,199,02b91cae6c2d97f4f603e7c380b6c9c99babcb97d83523b7950214ea4d995123,0.06838977336883545,a geographic map,0.9340066313743591,high,199,True
train,train/0199/a871b6f77f694cfca27c7a6bfa233441.jpg,199,4adf0ff7c031dbdcc482be35c036061475dcaae675b3e9cac58a77c693419372,0.07608938217163086,a geographic map,0.9587176442146301,high,199,True
train,train/0199/ea41a0cd01cc4cf9a2c0240d5a98e7e5.jpg,199,8b9063d8677b82afcb8d5988acbdf835de767438c3c757d26bea2399b0f778a0,0.07132329046726227,a geographic map,0.8344703316688538,high,199,True
train,train/0200/a6d544c3d98d44189b59528b8de97d0e.jpg,200,c8148a0e74e56240e0654ab9ee68b09c85d3bab630ad53d8a5352e9c4706ed8b,0.06491759419441223,a geographic map,0.001701859524473548,low,33,False
train,train/0202/6011a1fb6d6b4055b4b9119145eef18a.jpg,202,5f7ab0079fca5dbc83c95288ad02dfe6516df9140532fd75d306583100ede1de,0.07969759404659271,a geographic map,0.5613133311271667,middle,202,True
train,train/0202/7134913bf0cf43e5b10461984a361b72.jpg,202,d11270d2ab079f8a1a169859cdf1ceb0814fdd294e7b11e4a96badd4452bb3e8,0.05382147431373596,a geographic map,0.28761863708496094,low,202,True
train,train/0202/98ad4d93ff32418e8f406fcf7b2509ce.jpg,202,31362358e33a49503b27e42a71472275a573e95ca93c106fc45f43286f471d1d,0.05900450050830841,a geographic map,0.7133356928825378,high,202,True
train,train/0202/a0b32d6bd18148469208d3f0090592d5.jpg,202,4948c1ea2dd1bc488c1015b5d714d5b2ab1630458a352b98d23c1d96cd103c13,0.067390576004982,a geographic map,0.5631369948387146,middle,202,True
train,train/0202/b4e9b13e6dc0463c9e04e864cd5db762.jpg,202,d8dd183a431aeaa09a91fa4aa97237d54149daf79b7dcaf8e133d42a6bd0d7f8,0.05380451679229736,a geographic map,0.13197346031665802,low,116,False
train,train/0202/eb371c8ece744c4fb07742d520b016e0.jpg,202,ece0a6d045ba373189b7563e1f1ebc3d82a722b44a1f4b9e6207cd1e16f544e4,0.061391681432724,a geographic map,0.5746728181838989,middle,202,True
train,train/0203/945c0db35bb94e87817f3296b09bcd17.jpg,203,ea68a0a5ed1abd48d7dde52f02d4452aa613555ab84d7922b0d7cb0651d0fc44,0.07618644833564758,a geographic map,0.032323483377695084,low,446,False
train,train/0203/c71079a514794b2986f5d2e5522bc34b.jpg,203,b505c243846781477f92dad5090fa65f1593fccc7742200e3f60d0366e000242,0.07007628679275513,a scanned scientific paper containing only text,0.03064718097448349,low,437,False
train,train/0204/c7fed92d10a24ffb86ca95d5e15bf4f5.jpg,204,c29e5e41d488ee3b2c80af543bc398cd9a7ae29244a61fe6d3bfe8597dac3d40,0.06579065322875977,a scanned scientific paper containing only text,0.001010746811516583,low,53,False
train,train/0205/57c0e5461d1b4485b1fc31c54ed0df30.jpg,205,0a89cf2794ae04fd43e6809784a16c060894142f7ac3a824fa7db1fcb01815f9,0.05125850439071655,a scanned scientific paper containing only text,0.15654170513153076,low,369,False
train,train/0205/9c025dd6cf3c4611813857cb9c95fbb3.jpg,205,4ed3e39bf251e85985b74845f2c3081792fde81a53a69de502ddfb63cce294b3,0.05494368076324463,a geographic map,0.0055101178586483,low,467,False
train,train/0206/7786adbb6f184cebbbef93cf3746e7b2.jpg,206,7f7d61add17e19df90966bfc345c1bfe2c5ea2b80acf9bd890646d29d318f66b,0.0642678439617157,a geographic map,0.005716629326343536,low,232,False
train,train/0207/8245d7d6cbe84644bbf061b53d6407f5.jpg,207,44a14f61f756faf397268a3b3d1e40e7e7a39ab1d184049fb28c57392e91b9e0,0.06339684128761292,a geographic map,0.007381815928965807,low,288,False
train,train/0207/a39f875202f94157b22accbc1c7cb82a.jpg,207,be714317db319578120727b13efe8e36f0bdcf59c11e5eca7675ec85abbe32ba,0.05494162440299988,a geographic map,0.8033130168914795,high,207,True
train,train/0207/b98b2f3c909c466fb046a529844edf03.jpg,207,98c6109c83f7c0da65be5ecc93923cdc9f3f5712c577a2387a295d68a308e45c,0.0586070716381073,a geographic map,0.8746475577354431,high,207,True
train,train/0210/903b247bd6a540489b62f3e6a747c553.jpg,210,e9da2cfe4949dbef99421f4ae6eaac01ad2c0cafeba1683bb7cca8907b87d78b,0.06689301133155823,a geographic map,0.15884965658187866,low,33,False
train,train/0211/028b451479e04ef7ad80dafc02416c88.jpg,211,6968a742a47a47a72e8f85cd421e97032e71ce6629d00bd6efee1015356ff0c6,0.050815463066101074,a geographic map,0.003450679127126932,low,232,False
train,train/0211/88d7e98a751d45058b572102082673b5.jpg,211,1ed9887b299b63936c0e6ab7f9f82862164c2d1c4a06cb1bbe140343898f38f6,0.060010939836502075,a geographic map,0.004671898204833269,low,232,False
train,train/0212/b25a87ecf730423d8c27f5a9bf6b533e.jpg,212,8abb6a7e80c661a60dd3a872b900d274cb3302b2d2fa5a983ed78d2890a7f90f,0.07567216455936432,a scanned scientific paper containing only text,0.0002771441068034619,low,636,False
train,train/0212/e668f3dfd2354cd5aba60604363fbb3c.jpg,212,c478660a9f2644037b3b25dd024ac89d4ecbd01ceb859a9c27f0cef67257c65c,0.061510637402534485,a geographic map,0.8410755395889282,high,212,True
train,train/0213/2c0d94a9bbde43fb91496fef8f11c8ce.jpg,213,96c7b0e778c69d7bbe706de1c9b3f0377bde06740a927dc3b0f3cd8d86b8b23b,0.07433481514453888,a geographic map,0.015154073014855385,low,424,False
train,train/0213/88110ee45bde4ea2918bfc81cba41dfc.jpg,213,0c400196e700700837099e4cea05dfae6fd296f6b37f29bf174dbfdf6aae8706,0.05423431098461151,a geographic map,0.013411874882876873,low,232,False
train,train/0213/fa53a7da64d04a828a264e430d452908.jpg,213,8094288584126fa12eef4b85202b0454738a71258454185d2dd52a32ae7861c6,0.052261561155319214,a geographic map,0.016551034525036812,low,232,False
train,train/0216/b3b86372b9124766b0ce44759d28cd73.jpg,216,769a1b75903b4baccb227a3a91fc6ba4787b951ef7617d28634d1d7b5b2910ae,0.057937681674957275,a geographic map,0.02187209390103817,low,738,False
train,train/0217/35287697b8d04848a6edb07b671cfa3f.jpg,217,993002c6964c81790c55b0e5c9b8e4bd1d6da9343932a04d4e3a318c5abfced8,0.07202695310115814,a geographic map,0.0013198755914345384,low,606,False
train,train/0217/719634f0ba104ee6a437fc1ee0da20ad.jpg,217,78685f299db824abb72f427e90d07da9f4c6bcca37e3feaa28946b636c5feb8c,0.08732688426971436,a geographic map,0.008753943257033825,low,606,False
train,train/0220/05316fbbf0194bf3a8bc263c6a07b893.jpg,220,666c932496b68b36d7242589e28ddb653b9c7f181b1f2d96229f7482a565d742,0.050233423709869385,a geographic map,0.24461546540260315,low,220,True
train,train/0220/3085408454a548dc8b5cbf73a3e8c76e.jpg,220,e19efc01006c50275edad43fe83ff28edc0c93d788b9a0b79e1a9cf03bb13426,0.05593433976173401,a geographic map,0.6523229479789734,middle,220,True
train,train/0220/4ed8b57754c44c5f9802dd3fb73365ce.jpg,220,56b33b2f9da0bc7adf65fffa768ef2b89ff1d2531f38a9885ca55da9be1b8f13,0.06154783070087433,a geographic map,0.871055006980896,high,220,True
train,train/0220/7ab0d0ea52be4583914eb8ece8eac754.jpg,220,8b23312a24be3de75f8cbd23cef7d005b25b1c7b85b0a38b49c82af22c455a4c,0.06461706757545471,a geographic map,0.8324856162071228,high,220,True
train,train/0220/84026a38d1254cdf98fd203d5c649955.jpg,220,2744165843e4599f2a7df70cf3175f8374b63600d838763f4e1b6504b0a49f0d,0.05235984921455383,a geographic map,0.29262575507164,low,116,False
train,train/0220/ef63af76f72d4c92801738687b172d4e.jpg,220,3b6d0d870ad25924e2069d1d9070f785a92999adbac3d9c181a33ecb3b54e0e9,0.051914215087890625,a geographic map,0.03581421449780464,low,28,False
train,train/0223/5dbdd40a314b446c9330e536f5c42549.jpg,223,1eec1b3b3047faa78c47a4aa1c44c719efe4e746f351ef9a11e975070b529124,0.05475412309169769,a geographic map,0.00047238217666745186,low,743,False
train,train/0224/16f072275d564d179ff50c84235c2059.jpg,224,eb10d91d99cbb7dc55d598362b962054686d7cde982670247ad671d133b0f0da,0.05632482469081879,a geographic map,0.3832738995552063,middle,224,True
train,train/0224/b0769da759644afbb5f495c395bad3c7.jpg,224,9d245460787e73267e1d47934c4c525a5d429a7d84f1dec7972eb1bfbf11224c,0.06089611351490021,a geographic map,0.10673268139362335,low,647,False
train,train/0228/14c86292298046528d3e70d323161b11.jpg,228,574bb3c1f2fdde236ef9a8c7a68c5d5b60123669d52de90e663db5ca5df72a11,0.05912996828556061,a geographic map,0.009827428497374058,low,232,False
train,train/0228/2bf08112eed14f229ff163a21ce58642.jpg,228,cb7c41ffbd781e5b9d25f5824520b70f08ce99da12596192db202155989e7112,0.05622667074203491,a geographic map,0.08472243696451187,low,438,False
train,train/0228/8cab8228816d4b6e926448ab57011c94.jpg,228,119ea00e0be68e5a2cb3fc82b8870dd283c0bf360474ef96060b282c6ad9219e,0.06107063591480255,a geographic map,0.03672410175204277,low,525,False
train,train/0228/d3b2317a919e43d8ae5a17084c85dad0.jpg,228,d2af0571f91d4c5d95f2d178bc42c3bb6777ebfc64c518592863c11a1444fa04,0.06691874563694,a geographic map,0.5544217824935913,middle,228,True
train,train/0229/df023c07275945fca3c2b40e1d05500b.jpg,229,4ba3e1ec0d7547c5642d9d8cfd891a2e3e2f42e1e54e1c6589d8f666bcfb394a,0.055676817893981934,a geographic map,0.013583776541054249,low,20,False
train,train/0232/2440dd2b1f044e639b7062c50d28234c.jpg,232,5b3ba8f1450de3e11665f07b0ef42de1523427edb3d8ed604c9fa6f065646fa5,0.06645379960536957,a geographic map,0.6671472787857056,middle,232,True
train,train/0232/4721e4aeb70141028428fc6d0e1c7914.jpg,232,452b4b8ab478eed891417582b48c2014d25fa7b6d1166393937133ca1fb7adba,0.054623156785964966,a geographic map,0.5192119479179382,middle,232,True
train,train/0232/48546a3188ad4aaa982f304f31590109.jpg,232,a5f04f7dbf0de67c340c7e908841ea4c0ca70da2101a8ec483190dc26956d1aa,0.07323750853538513,a geographic map,0.24345868825912476,low,473,False
train,train/0232/8cfd38eb2ab843e4b7c7be57a34747fc.jpg,232,0f5a8c002deb2b44a83c2498f9710ac784fb0a520ac416f1c05f141591a98607,0.054215237498283386,a geographic map,0.5479006171226501,middle,232,True
train,train/0232/8da5e960c3be491bb5f7c1e934850c87.jpg,232,5bed4a2a45f8ceab8294c4a5067aff7ccbf9ca011166c63e911a677ef0a6f080,0.06066247820854187,a geographic map,0.2176533192396164,low,232,True
train,train/0232/b59578a104b9447cadd5391b74872f93.jpg,232,d4623b81b290ebcf69da6d046d30b2ad92a79c880f6645dce700eecdc4c47ee2,0.05690695345401764,a geographic map,0.6329682469367981,middle,232,True
train,train/0232/be67c62a1a034195a049c2e968247245.jpg,232,962f563ceae2a8a7cdb878bcef0fdb7790a582d9325f19498e7d4052ad9c6a89,0.05862298607826233,a geographic map,0.24484874308109283,low,232,True
train,train/0232/c45b7499fd9c47aca4aa01bdcee77ddb.jpg,232,def3611d4c417d2b90215a5e4c3eee7d8a98c5e7a41a93ba0d767e35446a0cc5,0.05329972505569458,a geographic map,0.379232257604599,middle,232,True
train,train/0232/eb9a948f0007454a8d650417fcc90b32.jpg,232,39d912ecd521f6c5f90fcdbc6e55275404be829e3511b62c97ed0bef3ddba693,0.06562104821205139,a geographic map,0.7590427398681641,high,232,True
train,train/0233/18f9703193de4fe0b6553e30c5ee7db9.jpg,233,078255c58c0bf2098fe4b03ae9e2639935d3a53ad1f7f4c8315d797bdff44ce7,0.051659613847732544,a statistical graph without any animals or plants,0.13409610092639923,low,233,True
train,train/0233/587ff697f3b64269a3ff64323704afe6.jpg,233,4e93cc75848ccbc492372898ecaf06f939cbbc81273006b7ac0c008777bc54cf,0.08604373037815094,a scanned scientific paper containing only text,0.0018270165892317891,low,626,False
train,train/0233/97cc0c1da299441d8f4fb9291221a514.jpg,233,3b7c06e3a6300ccdd4ff87dc8f4a9aee5a993df0cd69ad73d540691e544f8499,0.0558813214302063,a table of data containing only text and numbers,0.0060253688134253025,low,714,False
train,train/0233/a95fef52f3664349850a1a33b8ed5d5f.jpg,233,8945c0b561d535807a26d16cd483438649153a6dcd52dcb5f0502a24ffafb9c2,0.06412070989608765,a scanned scientific paper containing only text,0.04276856407523155,low,460,False
train,train/0233/ba18690574174d4daf393265fd0f9400.jpg,233,5616e52bb1019b2a52cdb6e2b5eb25b6fca2d5b115d1c24095ab72df86d638a0,0.07177123427391052,a geographic map,0.005613603629171848,low,144,False
train,train/0234/5b9952df17d14b2a8dbf46530dac2364.jpg,234,5be8f8b602e06d36dc50a9c5674d123904e45e84dffbf6350ca7e205c9baadd3,0.07131354510784149,a geographic map,0.8607684969902039,high,234,True
train,train/0234/bf166da8900b48e293a493dd0e0957dc.jpg,234,2cd529585961df779127fb31487f00606fef6c1b21148fd16bbb2b6274b4ea1b,0.057478830218315125,a geographic map,0.9268829822540283,high,234,True
train,train/0235/6d649153376b47cd978297b4c26995f4.jpg,235,9c1c71b6a246b720b4282e8fc60a4bae4b1acc4b0c8b6c1d3415945be4f10478,0.06681235134601593,a table of data containing only text and numbers,0.12293999642133713,low,235,True
train,train/0235/942ba1f430ab4b6a8a2d42d1f451ef4d.jpg,235,1a0e935f3d77bcd2a436380fbd03dbb49edef86df00bd9ce4f2045c9692969fc,0.05395551025867462,a geographic map,0.1501682847738266,low,235,True
train,train/0236/0f5881c86ce94d38b3005507f6cfa644.jpg,236,4fcb700fbbe42ce08c7b076858e0afe4b395bc2d7941f74c7db882b88d9d3fee,0.07057063281536102,a geographic map,0.06419943273067474,low,606,False
train,train/0236/2cb9c30f95c44a65b6b95bdb2c5faa2e.jpg,236,1677fb1ddb585a0799d8e22d8a3b7605a408dbb7c3ad8809bc8cf7ecc710196d,0.07685349881649017,a geographic map,0.024013981223106384,low,429,False
train,train/0236/73aca0ee461d4a46bb80e95adf6d862e.jpg,236,90ed0f1d6295f2b31264708bea842a17ffcca0e5cb855af8bc4e0c6ea7664248,0.07796874642372131,a geographic map,0.07836056500673294,low,473,False
train,train/0236/ada03e53f409420292b9d59f78f8088b.jpg,236,dd0b3b5c5ac84f068460ae56e5011b8041ac2d70f188f716d55f9e4934f9f393,0.06557993590831757,a geographic map,0.09759588539600372,low,707,False
train,train/0236/c6fcfc1560ee49fe873e5d6e2b10da74.jpg,236,3ccda693b5692a0fc550a331a30ac8c5ce83efd3d1fad47cd13bded793586ac2,0.06339658796787262,a geographic map,0.042449623346328735,low,232,False
train,train/0239/7d9b4f65564c40fdacd89dc659770bc4.jpg,239,05436d1491c241704e771e8e8767dfc0a78093f0b4904358054102252f3f50dd,0.0686989575624466,a geographic map,0.005531384143978357,low,639,False
train,train/0239/aa8703e5135e49f9affdc6d13c10d233.jpg,239,b5ac4df707fb1a2d00366361e960ad45190d170e4a1a15e97caf4dac3d62cc73,0.0731581449508667,a geographic map,0.018053455278277397,low,476,False
train,train/0241/1c0df1b9385e451dbe5e6ea4eff6e8cd.jpg,241,202d46c37dd406798a9e6fd07ed60232a0aab3c61e330c7e19aa70900372c2a1,0.06635314226150513,a scanned scientific paper containing only text,0.05051933974027634,low,584,False
train,train/0241/2ebf9e0069fb4216816ed223cda1556c.jpg,241,c4332e813ed2da9371781139ecfec4cc6255e4142f903c28add428a036eaaedb,0.07916241884231567,a scanned scientific paper containing only text,0.8496444225311279,high,241,True
train,train/0241/2f532c36281c4bb8842c710fd8394e06.jpg,241,3359e6720ac25b8bd03443380da8171dc4690ba89a88171f6fffd9cc9a20376f,0.06893754005432129,a statistical graph without any animals or plants,0.3883771300315857,middle,241,True
train,train/0241/351637a97bc24a91947724dd9b622977.jpg,241,45f6fb3b35235fd4fd1d2596ccffd1ff92f1db3dc51e8add3b605c1c7e1997d7,0.054469794034957886,a scanned scientific paper containing only text,0.7354223132133484,high,241,True
train,train/0241/62ce75fc44904655997c9a381e35f809.jpg,241,c583ce0d1b1e531af985df70076e692866dcf4deea78ce38a3ddfcc8de53f647,0.07447744905948639,a geographic map,0.1691030114889145,low,241,True
train,train/0241/ade4a745d1074b33acb4798393c87fd5.jpg,241,4a42838609e4407738d126f5294156ef3455ae7372a0eb8a2540233869a20bb8,0.054064422845840454,a geographic map,0.07256091386079788,low,692,False
train,train/0241/bd3f2d3f0c9d47bfa72fc4ecd968db1e.jpg,241,46d9f151e52c7f97eb5d352e9a5ae5742872a532893124505a0637041ff83821,0.07169601321220398,a scanned scientific paper containing only text,0.08954975754022598,low,636,False
train,train/0241/c822bd78917445f283c632cf55e870ae.jpg,241,32148fedf3a23c8b8dfed869e00651e359b1d575114c370dab80f35b268c5e7b,0.06650514900684357,a scanned scientific paper containing only text,0.013025792315602303,low,327,False
train,train/0241/ec9ea96fbfa2461ea745dd6e7cff3a48.jpg,241,f5f1ce3bf80049bbf71690023530b9e4b643e089c91a7b85857d1903af3e9c47,0.05963520705699921,a scanned scientific paper containing only text,0.18705131113529205,low,241,True
train,train/0242/1cc86162533148d0a71d0510ef5e07b7.jpg,242,1bebbe78bed1f4ad2a85327cf3f9688643ba64b816456672273d90367199c570,0.050092533230781555,a statistical graph without any animals or plants,0.4455309510231018,middle,242,True
train,train/0244/02fddd33ebc8475ca61c483ec0cc18f3.jpg,244,7714ea64b9c3cc745d739c5f555ae7d8b730652ab14b42a79961f063ac51c419,0.07733970880508423,a scanned scientific paper containing only text,0.004276421386748552,low,636,False
train,train/0244/9b5c3ef3674d492aa00a659e9a72f374.jpg,244,61a1b8b9966a3feaccf66b987539c75a0eeb137461528272a26d917c933eb081,0.06626597046852112,a geographic map,0.006310286000370979,low,565,False
train,train/0246/6d66eb76a7c643ad92e5da6d77dba406.jpg,246,5491006e31264970ddbb06700b6673c775a3a6281bf9e426d4a63999c7a7e57c,0.05239608883857727,a product photograph of clothing,0.004196636378765106,low,152,False
train,train/0246/cce51ba69cd145059531fceaba7b0b9d.jpg,246,560d21315ea70c39fbe5c359fefbd774a65fc84c3121f796144248537aef859b,0.0653686672449112,a geographic map,0.03336502984166145,low,522,False
train,train/0247/551e2d0edb084efb8d6f65a151ef930b.jpg,247,42f4ee5005ed732064c5949f2ac0551c7c568db5c866e42fa71498a13f7b183c,0.05086083710193634,a geographic map,0.13035660982131958,low,247,True
train,train/0252/1c4cde5ed3b3437eb8e13cd8f7007bfd.jpg,252,04abb3253437b2c8fd04f0ca4637c866ed956474635b29f83e232c3bca2b2c5d,0.060438692569732666,a scanned scientific paper containing only text,0.037789877504110336,low,726,False
train,train/0252/3240ea8c9ae045a385f5a6daa2c302ab.jpg,252,43207f36c173bfc4ff77dbe66f20794971393a5950d5bbeb4c356f8aded55ad9,0.07299906015396118,a table of data containing only text and numbers,0.7256523966789246,high,252,True
train,train/0252/41795c21b78a4c7db94246e06b15edca.jpg,252,925dea2af0c4072379311348f3c476492cafd25e5c0b31eec98a1464ff27c9b9,0.06610304117202759,a statistical graph without any animals or plants,0.3075748085975647,middle,252,True
train,train/0252/4762aa2fbef040a288a2198fa6fabc60.jpg,252,26de5f4d2dd66afe3cf6fb3180a3e45b5d50db33152ea97d7063cf78fd770513,0.07089066505432129,a table of data containing only text and numbers,0.7196530699729919,high,252,True
train,train/0252/824c6fe3e74a4005b1fa042adf9ecf21.jpg,252,6713ffb0efb9ff351a7bb75e3db02b6a2711f151f8293f8a45ecd9b4b12b4b09,0.052048712968826294,a statistical graph without any animals or plants,0.007982990704476833,low,199,False
train,train/0252/86c4bd4dac524a56928ef3aee06ff71b.jpg,252,4b52863de8e2adf67d2f36cec80feb37f148b9d4cf7df19e1c6e41e35ffcf77c,0.05967274308204651,a statistical graph without any animals or plants,0.8419908285140991,high,252,True
train,train/0253/47a4146edca343a8a9e7a4a0852411bf.jpg,253,bbb1dbd946156166f1579a3a11ca46b54630a95f8984efe56a8e0c0342227423,0.0850694328546524,a statistical graph without any animals or plants,0.1880244016647339,low,95,False
train,train/0255/0aa0b18c2b7a4003bc6ef8eff0b84445.jpg,255,051ab8251b9b89ce344fb764eaff1affff2a974cca46c379360239eb3f60a2f4,0.052136555314064026,a statistical graph without any animals or plants,0.926745593547821,high,255,True
train,train/0255/310fa9f39920489ab20dced887ab835c.jpg,255,aa3deb9e1f2217dbcab80990e313b1c10cc5b99fe85633191a121f2774e97062,0.05745081603527069,a scanned scientific paper containing only text,0.30900534987449646,middle,255,True
train,train/0255/cbdaf3190dd9456a957fe7f24dda8e55.jpg,255,1d2ca85d32d8c728948b5a150229aa682a2e91e4c8904304c5c42d95eb2d8c17,0.06130647659301758,a geographic map,0.7190446853637695,high,255,True
train,train/0256/1b40465c895341a19fa3808757c1fd66.jpg,256,d9f3b018a75a89a16b63ae72f65e590789fb1ab6b205cb511a0032bd5365f0e8,0.078316330909729,a geographic map,0.9048251509666443,high,256,True
train,train/0256/872ba10b574d464180432f2baab1a0ad.jpg,256,3dac0fdcfd2f2f3188892ddff49a22ba34af4daf0b85ab691f9526e8cf8ea24c,0.050093457102775574,a geographic map,0.015245063230395317,low,738,False
train,train/0256/d0d123ce427a4458834fd664d927f672.jpg,256,3fb917e095217d4f491baba6e087435209bab8cfd5b2cb9c01c377e798294801,0.06906580924987793,a geographic map,0.8193548917770386,high,256,True
train,train/0257/08bfe812fa824129a2a5c693066dc980.jpg,257,6599168704233e4acff5395508b7cb8015e3752907b9a80c5a00465d2f5b4a26,0.054374516010284424,a geographic map,0.8091957569122314,high,257,True
train,train/0257/12cfa08467c94bbf864f28e0af152b93.jpg,257,b2572dc0ce3ded4d359c7e26c0041f20889f9326647163345c6e8f1deb684d58,0.06611448526382446,a geographic map,0.1972411721944809,low,257,True
train,train/0257/6e8f5ac3f34a411db92e10963f5a46cd.jpg,257,b9acbaf71b2a8a5c224499724dc0ed70e6a4a41eb842ef37e2a4aa102eaf937f,0.05644841492176056,a geographic map,0.9665852785110474,high,257,True
train,train/0257/8c9db929267b4877b98e3d2974f16990.jpg,257,529127d18d6cff15e05327e87885ee559a861f3cc06a662e694a1db880fb569f,0.05203399062156677,a geographic map,0.9241474270820618,high,257,True
train,train/0257/a0b9a8c62f964047ae7b57db89679ec7.jpg,257,d5ad0bd36a4b1d8bdb622a4edb430fbcc3f21bbabbce224b41ffd4bdd13f8414,0.05916416645050049,a geographic map,0.7164742946624756,high,257,True
train,train/0257/d5b4bc5d53cd4c9b82a92f2a0c913a0b.jpg,257,1bbbe1dbd04cba26413f572cfd317b411f8ce8be6582ae5383f1e5778f4bbd66,0.06042160093784332,a geographic map,0.9157314896583557,high,257,True
train,train/0257/f9fb69deaa8f46d6ab7be1a8a7f7e409.jpg,257,679b15c7a4456ed0698ab696c570f30e2c18005468e85cec30aa57915da45186,0.08833497762680054,a geographic map,0.07970079779624939,low,626,False
train,train/0257/ff30087f24e14b3fb40f516ace0933f6.jpg,257,8abbf99f31d79b84acd21ca2cd7ba5014b8ab3dc8f29cf89ae44fe8a79433ae5,0.07788366079330444,a geographic map,0.24733811616897583,low,257,True
train,train/0258/701f90ac06744e02ab16528ba94b64a0.jpg,258,44faf1c245b3d0f569ed358e29db5889faa2e736733f8b926f33678cf166e0cc,0.050504833459854126,a geographic map,0.40876108407974243,middle,258,True
train,train/0258/cbaf077666a447ccb2f0b7b48add9641.jpg,258,b11dc774b6212d2361fac107f1708009b8b60fd0812a6b3fcdd5f3a67d607e14,0.06511059403419495,a geographic map,0.008335227146744728,low,647,False
train,train/0260/add269ec6cd84483918935d91043df78.jpg,260,1224865c34fa8461cb4240c2193ca154711b2eee4934381da89a098f159b7c3b,0.058588817715644836,a geographic map,0.03934346139431,low,350,False
train,train/0260/b84d76551add4fde857d817cc35a120c.jpg,260,27d9934dbd9170edf15b7e80099e2beca1eca8a05da11acd487c150e4087e94b,0.07682375609874725,a geographic map,0.8557515144348145,high,260,True
train,train/0262/7f2f5316c2194b5e8e9dec69282a884b.jpg,262,02b40eaf82b914740705feb0de27b21cc57a18cb0f9cce8a1afda09973771bb6,0.0752706378698349,a geographic map,0.09255307167768478,low,721,False
train,train/0262/9110956a469e483a80e47a6156bafbfe.jpg,262,39694e5ebcce49d0972b91bd489f827829c3c8956b1f4c3dd4ae53ff3f8dbd25,0.062172532081604004,a scanned scientific paper containing only text,0.05236423760652542,low,584,False
train,train/0262/99a6286eacb84d8b9eab7250e0e8c7ba.jpg,262,f5b6621c6849102da436640c406bc098967a2cf0d21cc8162fce61984d951e0f,0.060401543974876404,a geographic map,0.013446706347167492,low,385,False
train,train/0262/be81ae343ebc4f9fb8edc9fc96032130.jpg,262,ca801b27d194f7d5cedac968e03ec6dc020f0f797c6166a29c12fadc1ed9896e,0.06268653273582458,a scanned scientific paper containing only text,0.02986050769686699,low,636,False
train,train/0264/891711cd9d684f3aa40cb0b908ded0c3.jpg,264,a7388d1f1676587d1736253aa5645f0d85bf7502ff99cd3e8bffda38672559f3,0.06578949093818665,a geographic map,0.017787322402000427,low,446,False
train,train/0264/c0de662110134622bcc30ba548d48f24.jpg,264,c11a614be54a82b8b58a7e91e75fba95d08d97245f564acc194d72ada44e1716,0.07019475102424622,a product photograph of clothing,0.37803080677986145,middle,264,True
train,train/0264/c4e7d917ec574f9ebc81cf5c57f1d5b6.jpg,264,d69292766dc4c4e39dbda7f317dafd5890cc71f110ee061dcfa8acecbaab2298,0.0645575076341629,a geographic map,0.003561057150363922,low,647,False
train,train/0265/460670fbcf1a40d09521588a239b05ff.jpg,265,2994323a59f6acb0d47ac3d3a5cf31028949d890402a2e8eb8f16434a66039e5,0.06385849416255951,a geographic map,0.041903845965862274,low,232,False
train,train/0265/6519e6ca48ef4a8c9f4cbd7ad9f7d7fd.jpg,265,fea9c864a29879bd52a6627e2973a4c9533b9c0262a6c6da44d8682d61ab1ebb,0.06331396102905273,a geographic map,0.032694507390260696,low,446,False
train,train/0265/a3b4322c974949ed8cdff42f6201e01f.jpg,265,11dbbbcc506b2a3fcfdae24dd7742be2111571f7bee76e128777068bb29ceed1,0.05609391629695892,a geographic map,0.011084005236625671,low,483,False
train,train/0265/a3df78c78a4e467e8a080725b2c5c864.jpg,265,70ffaff62654c1462b0962d11e76b4dc7ef4ee8090b540772c3c3399a12fce3f,0.05616562068462372,a geographic map,0.19096669554710388,low,265,True
train,train/0265/b4bec552dce7408cbbca9df2866c9a56.jpg,265,bf6c7715ce19cd343725350778f58fd65d1425c4ec73f7e6a4b867a1deac9b67,0.05825047194957733,a geographic map,0.05365631729364395,low,467,False
train,train/0265/ed75a5e475c046b1ace2930bef667b50.jpg,265,84d50004f71bf1e05193e076b519da379760915e92a7fa50a3d9c8d93cb02133,0.057136714458465576,a scanned scientific paper containing only text,0.0008765292586758733,low,53,False
train,train/0265/ee91cf8e51e5400ab6cc78cb862d071c.jpg,265,02c4294d9021f8f1cfb95395b2d7c2db78eb0e5f61383727ce17e813cecd7b19,0.05259010195732117,a geographic map,0.047276515513658524,low,31,False
train,train/0265/fa6b47d733a04a428fee66072261a88a.jpg,265,e64559e15d0bdfe05011c7de9fe6a2a7430e2e1227336919ac95ac2b868fca6d,0.06842152774333954,a geographic map,0.12796297669410706,low,265,True
train,train/0268/3342eef4e350435396270c721b10c08e.jpg,268,fed510a46db99907c1e7592faf52c7e1d38024451cbf134b6b1cd32e75d500c7,0.061944469809532166,a geographic map,0.5845749378204346,middle,268,True
train,train/0268/924e3065b7ae4885866658c2b83ac7b4.jpg,268,21f33d1060784c5edf21a6f80d48c650ca564da94f3261e5a6f9946b63dac989,0.060216352343559265,a geographic map,0.6158196926116943,middle,268,True
train,train/0268/a73bb5edc94740919b3aa73c89311346.jpg,268,4f7065eb0f1d6816e226a3ce30b4487c843f811f9b1e9afc549cf5b6fda721fc,0.07139627635478973,a geographic map,0.46456179022789,middle,268,True
train,train/0268/dabc0118e8474aa4b6fe81482e8e77aa.jpg,268,e046370b18d6b8a5f2b00f4814d6a3baa33c3b7d2726d02cdabb785c48f98e7f,0.055126532912254333,a geographic map,0.49065276980400085,middle,268,True
train,train/0268/e06796d589474a14876178f1db2468c5.jpg,268,6e14ac3b6dfaa0539d7bb9d8596b0e94021e9aeaa08332d6f4b105231c9d96bb,0.061892032623291016,a geographic map,0.3495881259441376,middle,329,False
train,train/0268/ea97feb214764872a2c415e3f0bd3eff.jpg,268,6ea6e2070d32cc7266692098135b74e5184a2c54670d32e35ff7b44824c87c85,0.06271527707576752,a geographic map,0.40779513120651245,middle,329,False
train,train/0269/28af2ae197184182b832a1cb13d8c3f9.jpg,269,c05950175e632346ccf01d25ae191f44ea161a69c0f90b6e8cf173e492fff79e,0.05324499309062958,a geographic map,0.005842261947691441,low,232,False
train,train/0271/51ef5060577a4067a97f08979183d7e6.jpg,271,6127d57dec47cfa1fdee8716d96e3919f8c7a40443f9f26db0e5ecb7f8d3d076,0.058522164821624756,a geographic map,0.0063762664794921875,low,450,False
train,train/0271/78ae73586e9a4db89c73f54220784782.jpg,271,f4fb758d179f9a245ba302f4f7c9cf62cbbc241f20793abbb83ab769aa21124e,0.05138690769672394,a geographic map,0.00881767924875021,low,467,False
train,train/0271/94c8d95227da49d88f173682a4e5a210.jpg,271,69de53ee2c2d32fceee5f4513decc9c3f998c293ee0fa54c834dec0feb42c119,0.05249406397342682,a geographic map,0.007775291800498962,low,232,False
train,train/0273/13b1da998a5845dcaacc477f21098c99.jpg,273,2dc04d3212def826f15a27fc6d5e09092fb8a0389854a50ee1566c251dee90a6,0.06528723239898682,a geographic map,0.005103306379169226,low,232,False
train,train/0273/263c0f4f0f2b47b2a0e75d29b51c46eb.jpg,273,34a3b3a42e6721ad58d6316a9299cea234b1715a338c7066439ca39c944dba93,0.06384721398353577,a product photograph of clothing,0.6987836360931396,middle,273,True
train,train/0273/9a21c69f8893400ba20c19d20a9818de.jpg,273,64c7dad81c5d8503689c704a4cc0fdefe1c1a0c3b9ebee4badc394643a7d8f38,0.05934283137321472,a product photograph of clothing,0.8753121495246887,high,273,True
train,train/0273/c9d0b0f8d3d14cf9b7c6b3bbcfec978f.jpg,273,067eb3337a150ed5759b9041c2aa62897e22e5663a66c07bd5abcee8fb44c85b,0.07776334881782532,a geographic map,0.012114020064473152,low,731,False
train,train/0274/39406d053ce44f08b0be36f3d41535f5.jpg,274,ed221c3ee798d4741fcdb062eaccbf0aaf12c2b71edbf10d09004e433279dac0,0.09429734945297241,a table of data containing only text and numbers,0.15024051070213318,low,274,True
train,train/0277/ee5e21817411448189d99f402f05ed76.jpg,277,e13af6c2791617dd4956e5eb5cba35e308ff4f5027847f2678dc883da6a846cb,0.05299657583236694,a geographic map,0.03989521786570549,low,692,False
train,train/0278/089d036833a944dfa00935a5400eb4fe.jpg,278,f83f16668a93c33db3240839a3bb410b6d4aeff0a47780f6eb8da3925733f4b8,0.05813589692115784,a statistical graph without any animals or plants,0.1092570424079895,low,278,True
train,train/0279/5a205ddf62274e799d17aea97790371b.jpg,279,fe795c3c6d56a0f9675d1ea0c090a230b3259f1b52403ea2bae2368a4b21c117,0.0713055431842804,a geographic map,0.03569360449910164,low,366,False
train,train/0280/3130be35cdae4a84a2110d0a87b86269.jpg,280,dadfd18e6e15506da10b620bae466f0312a55609760106898b6fdf63c1220b3f,0.056814685463905334,a geographic map,0.23624353110790253,low,280,True
train,train/0280/553e2765ae6f47e78b78816d89affc52.jpg,280,048f9b8799510a3eba530293cb97c37ea661ffc0ff9d7aa7fc836987cb046ae6,0.06377439200878143,a scanned scientific paper containing only text,0.7696161866188049,high,280,True
train,train/0280/86b7bcd393e24974a6eb81496b765967.jpg,280,c6b166d92b443055a0d003addad51456193f114ccf23cc9859e225ecff266405,0.06541717052459717,a geographic map,0.11053264141082764,low,164,False
train,train/0280/baee3e6c24564e15a0b053db861f0b6b.jpg,280,58fe1f40f17f826c0051009d837247846ec43536c08c40a0796d59f1295fc772,0.06163083016872406,a scanned scientific paper containing only text,0.4416542649269104,middle,280,True
train,train/0283/31b58f85c10b4364a08794c0ac5183e3.jpg,283,d332e33bd25e8f2e650682c207572b6f1022844fbaa55de2956856219283cdb4,0.05576273798942566,a geographic map,0.42336973547935486,middle,283,True
train,train/0286/062b1734a2b9451fa4aae1f21f172266.jpg,286,bb6af2a360cba4053b8a9b72594a7638738c9e61c5813bc826b5753acfbac83c,0.062472954392433167,a geographic map,0.9362685680389404,high,286,True
train,train/0286/3c629d3726a84f3ab09489bf0acea33c.jpg,286,c46994eaf426e7682d8dccf09333277854a88df65323470e2cebb6c0809443dc,0.055871158838272095,a table of data containing only text and numbers,0.4541255533695221,middle,286,True
train,train/0286/5425afbb34524eb3900f121d4b4ab6fc.jpg,286,90518ab3ab5e7674c76d17be127260d249344b2fe7ecd395c019f90dd9658ccf,0.05485934019088745,a product photograph of clothing,0.7226936221122742,high,286,True
train,train/0286/6408b62c29d44e55ba5801f152bedbed.jpg,286,8e2bbc5b35ae50041a4b47b66ebf7efdbe33d282d3439a888fddee596914056e,0.055599018931388855,a table of data containing only text and numbers,0.21819142997264862,low,286,True
train,train/0286/7b5efc9ebc6c47cdab30f73a2a6cd40b.jpg,286,1781e0be8aec7abe51388c3063b947fc9a7452e27fa0c63c48742978996ac62f,0.09640137851238251,a table of data containing only text and numbers,0.7327111959457397,high,286,True
train,train/0286/9eec62ac1b534fd7a2ee1871780b7241.jpg,286,407d75aad2863508580a91408894a7a3b386d3984f9777c9edc82a7b07db3508,0.07247324287891388,a product photograph of clothing,0.9373219609260559,high,286,True
train,train/0286/ce347fdd5dc543cca183badde53d473d.jpg,286,b67e56995f6f101e20129adc27c9b9b287831697d3085fc8399051d408b7572e,0.05293510854244232,a geographic map,0.8778554201126099,high,286,True
train,train/0286/e187c2c72e6d49c3a4b468ccdfeaf8dc.jpg,286,aff97ffa5a86dc81f0f50ad2a789a1cb33fd806004ee4ddac2813816f406401a,0.06410890817642212,a product photograph of clothing,0.9631164073944092,high,286,True
train,train/0288/612312d08b76443d8831290402b501bc.jpg,288,6df0b3bed40cd0499297e96c7531758e2a686cc900d8bf93f04ee672ee41d8e3,0.07259292900562286,a geographic map,0.012612134218215942,low,190,False
train,train/0288/902e20319d3d4aa49848ee3fc60987ba.jpg,288,c6d0ea568f2f57675e6d6fa6c1459b4e2a4b713e0ccbbe372d9b24b5acaa61f1,0.06577432155609131,a geographic map,0.9597074389457703,high,288,True
train,train/0288/9b32fcdec8b54bb5ae713a7168d6c3b3.jpg,288,3b750170f5634d8ae4c2c53708cff0dda9c6a216a21df2d524330dfb700f15c4,0.06482581794261932,a geographic map,0.9635855555534363,high,288,True
train,train/0288/ab2a30c255b5405a9f475ae9e0248931.jpg,288,7391c0ac756f785758670a00b6dff68383f68390b5368bc2c2bed6b32a66f98f,0.062344714999198914,a geographic map,0.9437315464019775,high,288,True
train,train/0288/cff5bfbdd53b47f1993f6b167d7f4216.jpg,288,2c3d216ed99a0e2e57df29773005f74a270a47b05174117863ec487138cb80c6,0.06515887379646301,a scanned scientific paper containing only text,0.5977610349655151,middle,288,True
train,train/0288/d7b567c73229468693aff41200731bca.jpg,288,c5f0ace7a4972a55e21486e367bb9b42f0f4f8c62e9113d58b59ea1a228289cf,0.059817105531692505,a geographic map,0.964323103427887,high,288,True
train,train/0288/e30116b1ead64584b8dc24adb9e00cc7.jpg,288,84934f9890a33c888a432407a535fbff74c174b45682522b452cd78e9d17c1d7,0.0643380880355835,a geographic map,0.9682286381721497,high,288,True
train,train/0290/23a98d34491941908ff788d9bfc3c6e2.jpg,290,66f84572b2a667233af05ad9f10ac1a5d1dbd8b1c2d9b97e742e30b91a2fd2f0,0.06684611737728119,a geographic map,0.02145567536354065,low,278,False
train,train/0291/4f477635469546b582ee0bb3c5304f32.jpg,291,f19b04cf53028a8d7a8435af92db232e7d90ac17dfe929ea4e35a4bbf2e94ab4,0.05812652409076691,a geographic map,0.6553972363471985,middle,291,True
train,train/0291/6c5acde74e0741c59c68acbbd712697b.jpg,291,86d7286895cd5286180396c68ed943d2daa806f088aedd8ce8713502aeeaf345,0.053838714957237244,a geographic map,0.026958469301462173,low,232,False
train,train/0291/85a3592b003945bd8ea3e8ca181dc900.jpg,291,25b02d4793e13f52f399792f526ff3c7afd5018e12ec452dd893e2920f818907,0.07026208937168121,a geographic map,0.7501605153083801,high,291,True
train,train/0291/9deabda9e20e4c26bfb42f14c391925c.jpg,291,f412f85344fc6faef684ca26bd9905596eed433b83d88fb4255c7a8c3d2d62af,0.05343794822692871,a geographic map,0.03284015133976936,low,492,False
train,train/0291/a99a49f598da47359e177639bd858f6f.jpg,291,fb0015772b795a945a5d9e3f808c8ba437cf3282cae1a2ef19379d198a0954b6,0.06642834842205048,a geographic map,0.05133054777979851,low,707,False
train,train/0291/ee704496775d458ea957c5b42e85021a.jpg,291,9eef4d7e0e8e34929bb31daf36093af83bc31cde422bfeafced9c2922dd3a2fb,0.06933875381946564,a geographic map,0.7055597901344299,high,291,True
train,train/0292/0ca9a1bc76384703a972c1454c207213.jpg,292,774a48e5528f576334cc49bff1d16f3391cea12ec1e4ce00cc4b9a07723e56fe,0.05385793745517731,a statistical graph without any animals or plants,0.011133551597595215,low,745,False
train,train/0292/e44bfec42df043199d1fafdc5f61e51f.jpg,292,84786ec47f46bca9760bd57c1d6071cd2602b6633d9549a01d7865530fcffdc7,0.058683037757873535,a statistical graph without any animals or plants,0.015574442222714424,low,378,False
train,train/0295/db63c451773b42f8bee650c1a632fdb6.jpg,295,8dbf7028bac3fe5083b579a805868107cfcdc6d9bde70cbfd1f1c554a8b0b673,0.07043766975402832,a scanned scientific paper containing only text,0.011195600032806396,low,636,False
train,train/0296/272133d4fc6b4bfd9c6ff9583ba73ceb.jpg,296,1069a6814e4cf479c9b1bb484d3d665a0dc7251ebe4e62c868bbbf8f03b89f83,0.05737508833408356,a scanned scientific paper containing only text,0.1740732192993164,low,296,True
train,train/0296/e1f866d2014b46e786df72b817d1aa78.jpg,296,e9f888579f1c49cb5da1f27fe5a1dc5b4f954113106e5b171e72c75b7a6b8d75,0.05887053906917572,a geographic map,0.39814645051956177,middle,296,True
train,train/0296/fdbac1eca33248aab3dd24dc985c5e80.jpg,296,c782b9a2759c54233d055b2300335bf511bb29078fa5312fd732b3539b4c94d2,0.0560121089220047,a geographic map,0.7389528155326843,high,296,True
train,train/0299/a33f21583c234f73b68bf35f97aecaef.jpg,299,bf525d1a5c8a3a11301f57bdb03fb8167ab98852fb05a80ba737bbca73bb78c3,0.05476050078868866,a geographic map,0.0013043599901720881,low,135,False
train,train/0302/d851509a07ba44c58d11b5b5d339e468.jpg,302,14936d7c39976e68d40da7336d68050e64eac03a5a88b369896e38dab9e4f449,0.05684627592563629,a geographic map,0.017099576070904732,low,190,False
train,train/0303/108247c5d96b49c5a4265653936d32d4.jpg,303,5bd1815f6ef32b353b23451a93284f280cae73a981657c8fa8042be16c280d5f,0.0543542206287384,a geographic map,0.0020839243661612272,low,220,False
train,train/0303/39d46dd9035c44f186e6eea750ee5069.jpg,303,74cc16302e189398308709142dc92d3dc6cdf7dc0974492c3e100379f9bac159,0.08554250001907349,a table of data containing only text and numbers,0.001924054929986596,low,627,False
train,train/0303/b56bb62d28594c30b64734e1c89666f2.jpg,303,f037f75449e6cacfb03a17f0011ed5180840bfea02cc42e4a0dfd1b0fcad0186,0.05547274649143219,a scanned scientific paper containing only text,0.0013868373353034258,low,636,False
train,train/0304/1832464dab4a452c9a7689fe734721c1.jpg,304,9f5baae86853216aea95e899b45672ff4e3683504b41142588b61a256b99a218,0.07437543570995331,a geographic map,0.008276854641735554,low,476,False
train,train/0308/59b63e4b903f44068f9b7dbcb24865fc.jpg,308,559766943e430786d4441d0cc1b2dd86d5d99e3bb31ba1af2a0ade7bd62ebf50,0.07247507572174072,a scanned scientific paper containing only text,0.0003789794282056391,low,475,False
train,train/0309/0b2acb669a4745e9a553f165ebdb842d.jpg,309,6fa850d613b2d22ab00addaffb74f96485d6d4ee6127d08d12f06e74836627b8,0.057815954089164734,a scanned scientific paper containing only text,0.05381001904606819,low,53,False
train,train/0309/490cbdad977242dbad114787fbdf702d.jpg,309,4231636967779dc1bcfc7dca9e629cd11b30485856c335f6ffbd6f57b6674d06,0.08777669072151184,a scanned scientific paper containing only text,0.7418546676635742,high,309,True
train,train/0309/9f6ea6d760e84aeb8e5ef5b78ba0e91d.jpg,309,68165611deeec129e2e48635c3c8b7e498f511ed0cdbb9c32436a9aa504028b5,0.07564347982406616,a scanned scientific paper containing only text,0.016880657523870468,low,714,False
train,train/0309/be7ae5a3b4174c5fa87fe97a3090f009.jpg,309,bf972efaa3098e67b43824d84ea1cb243f39c99b15ff9be368896ef0db1c2bae,0.07554027438163757,a geographic map,0.020654762163758278,low,476,False
train,train/0310/c8fa258119fe49ab8ed8115ba281603f.jpg,310,60b1473c13d04b631f7c72521cbdd98a4cfe42ce3dd5524ce2a776d62c89bae5,0.05315952003002167,a geographic map,0.04096820205450058,low,441,False
train,train/0310/db8c9e28e6684676b833867290f3a117.jpg,310,1c9a0ce7af447676cc000619d0499439741c024ff5dbcc147b80173fa38b78c9,0.06965753436088562,a geographic map,0.041087474673986435,low,438,False
train,train/0310/fffa58e85fee41b7bf68ef318dbd4f71.jpg,310,a2128cd3c8351d613559e3442818afd1490a69a9c5c249c83b8245ec9d383500,0.05163663625717163,a geographic map,0.02660834975540638,low,438,False
train,train/0311/0b8de9899546450c94bbfd60c4a8c30c.jpg,311,d873f9799e1011d9574e1c0f2cacdec8648ad3db4227dd325fbb3dff7959c45c,0.06588518619537354,a geographic map,0.00036567836650647223,low,199,False
train,train/0313/790eb7fc5d7b4e89a97ac9a8dbdea829.jpg,313,48a0d7ca776615dbfd8b490e76ef6b6041119c7f48fdd660a9172d6b19ad55af,0.05831652879714966,a geographic map,0.0022982913069427013,low,232,False
train,train/0313/d19f5ef9505b478b89dfd39c85766e27.jpg,313,c5d4e986684a58ef873bffef74973643ec2ff3f7cc67b519a7271eb708b24ab7,0.05853267014026642,a geographic map,0.015233437530696392,low,220,False
train,train/0314/ae66d7068b65457caab900144201c7bd.jpg,314,06a13b41eb1aed483ec1edb570de75d554258e0ce44a87cd20f45cf9103142e6,0.0767357349395752,a scanned scientific paper containing only text,0.17375652492046356,low,636,False
train,train/0314/cc771b4b66cb4e7fa0eb4f9deb11fc49.jpg,314,1c895ebe788f7260f62dadb3f31e801a76e222a3d6e11ca6a7425ee56f0a5057,0.05931246280670166,a statistical graph without any animals or plants,0.023842209950089455,low,378,False
train,train/0314/e837c8a42af54993b0622391aa54080e.jpg,314,89c4dfb9f81bdaccea9f87a9275a752431cb86f7a8fa88cf58048a4f092900c0,0.06043803691864014,a geographic map,0.045215509831905365,low,350,False
train,train/0317/6656685cffe34267990d2cd68698c3f2.jpg,317,4bcbc9f2dd981d092a7cd4d4813657e8c06f8de5a1063394bfd96346daaa7e37,0.05627529323101044,a geographic map,0.0008340936037711799,low,606,False
train,train/0318/0cd9bc81e8074f8bb3a94da7cc6ac1c5.jpg,318,00c9ae7a59ae5e15a79216422423adf05c7f8f554c792c7d45c6095df6a39c06,0.06555943191051483,a geographic map,0.5748339295387268,middle,318,True
train,train/0318/8843840546d0439eb87e7f3443a46e51.jpg,318,3f6bf7702013d0727734fd33972ad188745086cf5d989de3f7bd004c776e274e,0.05360797047615051,a geographic map,0.7776832580566406,high,318,True
train,train/0318/8ac8ba911d5b41e08e848b788fe22aa3.jpg,318,abcfe2d607678d398ae9e6fea58267501b567c02138e5010009cf3dcc767518d,0.057561591267585754,a scanned scientific paper containing only text,0.003745134687051177,low,146,False
train,train/0320/cf93730676e8424a96d877cf2d177be4.jpg,320,e69fb751a0475b48cb1e963890787abf4b50f61215aadf6b06a2e392ae81731f,0.07293477654457092,a product photograph of clothing,0.8980082273483276,high,320,True
train,train/0320/e5f13ebe9bea4dd2a4236062faa3d07d.jpg,320,fb30280dc5613a82c4cb4e9c0edab250148e07a378227b7fab217a752b16633d,0.08044116199016571,a geographic map,0.0007093939930200577,low,106,False
train,train/0321/79edeccd20344dc391839c63e1017ad7.jpg,321,c0a3eabd53e2b58e0216551cea0e28101b7d150ba868e3ba1a228d719495487c,0.07268074154853821,a geographic map,0.00525762839242816,low,144,False
train,train/0323/6ff8438e566547d1865864595fdbfc96.jpg,323,2e49fda5c30adb8e17916c9aaeb53bd5f0bb98f872037930bf3fb14b1cfad39f,0.06701759994029999,a scanned scientific paper containing only text,0.0018616466550156474,low,424,False
train,train/0323/d85fd3976f674aa5aa5148cfe0dbfbe8.jpg,323,f082d2145c9927ea4403dad347f69d59bccaf3ce1d19662b2021c1b9ece6ad5c,0.07445238530635834,a scanned scientific paper containing only text,0.005669858306646347,low,655,False
train,train/0326/599d69e5e8924bb5b6e5b95ef7e09939.jpg,326,836e2009ee1d48117a55e5b82b4027ae52f5098532e199aca64e818e9311fff3,0.06629638373851776,a geographic map,0.1388058215379715,low,326,True
train,train/0326/a0fc4ff202b540e1b26233da70291659.jpg,326,a5c8ae54e610c608d8985681183acf83d3dec539d22a006886b5d66a743c5385,0.057955384254455566,a geographic map,0.12922336161136627,low,326,True
train,train/0326/a4f2c3ca75d54474a45414a4208de2af.jpg,326,efb508ce2a2056c63e2c60662488110255ebd79b0476eb615e99db98116f2c3a,0.06845000386238098,a geographic map,0.12180645763874054,low,326,True
train,train/0326/bb2e2746a6bb4a63bd01711f39dc3092.jpg,326,3d63095743132957f0b04eb25257b7be35a7a5adaf21ee4339ab0c9952ee6182,0.05417636036872864,a geographic map,0.06239894777536392,low,31,False
train,train/0326/f2a89762573b47ecac69cc9b5f1b7784.jpg,326,fbba25e91240ad64007e51826497c7394d271bb6c725e401cdf5015d1b125354,0.05377757549285889,a geographic map,0.33704766631126404,middle,326,True
train,train/0327/827b82848e374040baa9697fb6022616.jpg,327,c5334f70baedb02f613899ea3b5f89dacb29977c6089864353bec1b72726e0d6,0.07514932751655579,a scanned scientific paper containing only text,0.05600852146744728,low,424,False
train,train/0327/b45d18394bce4937b7856b0433b1388a.jpg,327,eafcca8498fcc3f16c832896defa4179c6b696da0a53c2c1632f01df5a03ca37,0.05611170828342438,a scanned scientific paper containing only text,0.7912259697914124,high,327,True
train,train/0327/b9e11f272d5342c49157f120cc450473.jpg,327,a8ff3f607faa11ad345e9f81128bf06a8966c33969dc4ce11c3f659fbcab82b6,0.06991685926914215,a geographic map,0.04194151982665062,low,158,False
train,train/0329/35de0e6c7d38450fb61ce93e3b56777f.jpg,329,fe4dfda00498f6155119a7d9fde3929c079f6816c497c4ce3a93eeb3ffecb0ad,0.07125648856163025,a geographic map,0.6039044857025146,middle,329,True
train,train/0329/3ad9941f346842aeb51e071615633df5.jpg,329,85c775825b318a0f204a45ac93b8f2990fecd7dbddcb694afacf5c204103812b,0.055955082178115845,a geographic map,0.5510557889938354,middle,329,True
train,train/0329/8435635676cf4b7a8716fafcdafba614.jpg,329,dfb03822aa489feca9ce53f508bfd47305213b72c32e97c138a6d72291649dbc,0.06209865212440491,a geographic map,0.5016207098960876,middle,329,True
train,train/0329/b20dd9cc8a7243fbb886751023cb2e80.jpg,329,5dd300faace1a0e9f68900f758a5769617dddce981c5f61a2107c54d65ab9a26,0.07009349763393402,a geographic map,0.7153934836387634,high,329,True
train,train/0329/f2baf79555df4af2b315c4058e78bcd6.jpg,329,68c9d1e66947ac0a046648715e3a973418517ebf492c1e035921503a03b37937,0.07033871114253998,a geographic map,0.5401777625083923,middle,329,True
train,train/0330/cac67a736c834590b6116ec5332b82d5.jpg,330,6deb4cfa6c9b1b311fbaec820fc8013b51b2a1336b4f26fb131e0d191999f8fc,0.07049146294593811,a statistical graph without any animals or plants,0.061367638409137726,low,426,False
train,train/0331/61e1ee79346740f59d6fca3544c970b4.jpg,331,fd45194f65b90a5cca109e47d902fcaa2ada57ab7c37f9ddac343e3ad31697d9,0.052457451820373535,a geographic map,0.07673759013414383,low,613,False
train,train/0331/c33c663ed1d449a7a5a7e0e7c4112797.jpg,331,da8d9be6d2057f39faf3cb794b302edd8742e8b463d566029c22d554cd54c5b9,0.05985119938850403,a geographic map,0.16117627918720245,low,331,True
train,train/0331/ec8d4470e0b544d5bb816062679406e5.jpg,331,dd84e58f068ff0e9e8601f93cc700ee8a938fd0d47612095828481d8e67df3f5,0.06682711839675903,a geographic map,0.03773954510688782,low,390,False
train,train/0332/3892e8f18b0b413db288a6856b959b27.jpg,332,37d26bc19572df68d9ab641ae2a6443b801bc628c53351d588b8152beb17e733,0.05712015926837921,a geographic map,0.00891946256160736,low,441,False
train,train/0332/c578d733d50f48c9ac82f9b5a160f31a.jpg,332,e936e62edab3bcabfeb4199c45342a983598c462dba71b36e669281487edf57f,0.06412661075592041,a geographic map,0.03146032616496086,low,228,False
train,train/0332/e473f457ba9b4abbbfa0c847a7c9bd7f.jpg,332,d2928be89d102342967f0dd56167ead060833b62556f1988cf53f59b753b7032,0.07691071927547455,a geographic map,0.043524354696273804,low,151,False
train,train/0333/1741dd91c3e5452b84313e8c46a53ea0.jpg,333,81c40361c682a5fabcccf40a7a38f7b3eb8f1a03b1ca66448755456377b5e122,0.061539679765701294,a geographic map,0.002134282374754548,low,194,False
train,train/0335/950ac7ec4ee140a1807d48b325fe0bf7.jpg,335,56c3c395bf5d72f3fa5f6648603860c8641cc4c8be6c7c314e1acee00b4eb9e2,0.06522876024246216,a geographic map,0.0400676429271698,low,683,False
train,train/0335/ccaf96f98e8e46c5a1c45c0eb647b6c3.jpg,335,ea87ff3a488cf0eafc254d52a90474b63da44056f59fc97b33b362885823ce3a,0.06719061732292175,a geographic map,0.032700102776288986,low,350,False
train,train/0336/5c0ff3ca9e2d446ba2a96c013583e188.jpg,336,363f970c4b68e9a871fcc18e5cdfd0c59823202874d22865878f9faebf7e0b48,0.06640619039535522,a geographic map,0.07323568314313889,low,336,True
train,train/0336/d6c6be7cc1b44c82a34c03c5c85fd869.jpg,336,8af746d8cdb0b17003f2936848236a20b06d86ecaa0df3d9ca0204f48583a18d,0.08127529919147491,a table of data containing only text and numbers,0.3872181177139282,middle,336,True
train,train/0339/1962565997ef4b259e472081002136fc.jpg,339,754c05a70b4bbf788977d86f3c295d592068e34e3ea1d8e02b86cb9e2defae95,0.06648898124694824,a statistical graph without any animals or plants,0.9880954027175903,high,339,True
train,train/0339/61ab501344864bf7b486218007d3d5aa.jpg,339,d46519edc9d51cdbd7668e941c6d593079235ee93545eb2d58e4a0974fa673c2,0.0824916809797287,a statistical graph without any animals or plants,0.7524509429931641,high,339,True
train,train/0339/beb30ed3052c4e7b95e081e8e3489c41.jpg,339,8c36d2556b41b9d7970564f60d42d70046f708802863e9b359f715d7e77a3893,0.07353809475898743,a statistical graph without any animals or plants,0.9812251925468445,high,339,True
train,train/0339/ded937b1e7a74ecebba9523d07c08d28.jpg,339,aaef67964a0581e445c3381ba10bc6fc53b5c6b96ec19705750fc9c500c6c8bf,0.07119277119636536,a statistical graph without any animals or plants,0.9815917015075684,high,339,True
train,train/0339/e894054b9f094d0ca6776ced19c0e9eb.jpg,339,3de76631ad4b5addbafa1a718d6f80c1b317a33a06e771911db6d2c7c216df71,0.06448262929916382,a statistical graph without any animals or plants,0.9890917539596558,high,339,True
train,train/0340/53212d259f954d72a7e928ae5cf33bf3.jpg,340,2d4ec4374ea73af29958edc3b9cedcdda22af1d4745371221445bf565e1e03cf,0.0741237998008728,a scanned scientific paper containing only text,0.000219764668145217,low,584,False
train,train/0340/bca109bb67614f2781a27b53c87d07f7.jpg,340,966402b31334bb41c391b33a54ec9f2821fdc729e44b327379de6fcbb9328c5b,0.07290878891944885,a geographic map,0.60032719373703,middle,340,True
train,train/0341/a00e28f6c3b944bb8130c81e3f6d1483.jpg,341,25efe5a0937a00a8a1e25eb585c1c42c099f986d4e24057c46bd53b8e89f57fc,0.06366792321205139,a geographic map,0.0075138891115784645,low,683,False
train,train/0350/1adabcf0ec5e40efa709d38fb6ed7fe0.jpg,350,ff1f7d4d661e939a5fbddae6ffa8186e8f315d4b7ec97312b28e8d0f2dc2ec7f,0.090314120054245,a table of data containing only text and numbers,0.14727173745632172,low,350,True
train,train/0350/2479e069ab3a4c06970d4d68db9c2db0.jpg,350,75f27ec13214893a0049a34888ef5b1699289e8bd5affb7a7af8ade707f120d2,0.06844556331634521,a scanned scientific paper containing only text,0.9311585426330566,high,350,True
train,train/0350/277a0dcae6d4426ca75ab697fb0cf55d.jpg,350,10a69ce62dcf183788507024401444b3a2ad6e712f718bd97c2f7d2b3dec35eb,0.053605660796165466,a table of data containing only text and numbers,0.8631780743598938,high,350,True
train,train/0350/2ea084e5805b45749384d426ba5f5ce9.jpg,350,465fa3196fcd0c3509ff03f8d236fd6b6ac7d80a2f6ded3c844f816b79f9cef5,0.07786476612091064,a geographic map,0.8932654857635498,high,350,True
train,train/0350/358e67e980c843b5b5f3ef336583f769.jpg,350,239b3f60ff8b30ed2249e3b4273608de57a745412289e4667bb6142807ccfc1b,0.07817000150680542,a geographic map,0.7542112469673157,high,350,True
train,train/0350/49da03e20b9c4e23960aa94f4264b2f5.jpg,350,511c5c13feda92a4efa10a0a465dc6ad4854b97770de8f3d58b9e2ab56423c4e,0.07398571074008942,a scanned scientific paper containing only text,0.91605544090271,high,350,True
train,train/0350/5ef78ec794ac40b08fe55efda58de8c0.jpg,350,dfa140ff52f8b4c6d111178a86b23b23c0f602399c225e712163f1ebb0185761,0.05067439377307892,a geographic map,0.72495037317276,high,350,True
train,train/0350/61642a831f494e9b9d436f9ededa70eb.jpg,350,ee45b8b1cbcf3976c9d43f0d6b6b29dfe4675183224305997f0cfd14aeef0df0,0.06070438027381897,a geographic map,0.2238055020570755,low,350,True
train,train/0350/65cd0bca25024e32bb7f320eb7c68c34.jpg,350,61e20242e7c1a225863de38788ef90fe574ac889cc42329e3ebd3d5a7567f754,0.08795903623104095,a geographic map,0.7386478781700134,high,350,True
train,train/0350/70740fa63cf14f34bb8b86a90c012925.jpg,350,b5df6e9b321d687110f4bc7af56b70c18dd2e9f139aec22a8c0466cf77bf0859,0.05874226987361908,a scanned scientific paper containing only text,0.022628869861364365,low,112,False
train,train/0350/74bcea0a82a34bdaa1f6b3d212e16131.jpg,350,b8e7316cd54ea04e998cb7d813d8700db34b6a017d4bbbb20312deaf526640f1,0.08626686036586761,a geographic map,0.2711556851863861,low,350,True
train,train/0350/885c4bd1b3ea482aa8db123d366eb585.jpg,350,2f8fd82afafdfd2f194bf42f95e417b95af7ef685c498d6dbaa39507b1414ccb,0.06514711678028107,a geographic map,0.31000831723213196,middle,350,True
train,train/0350/9acaf1e509fe467ba57934ed12508a99.jpg,350,bfc5707d501f3e5054b69a6aaf7eeada62f87427e4585ed01006b8b542cf0d16,0.07730849087238312,a scanned scientific paper containing only text,0.0386151447892189,low,424,False
train,train/0350/c40e7c3209da44f0a0ef1de6f74cc439.jpg,350,d5e37501f77b84900af2e42ae0c68357056d41a0f2afae7ee1ef479f3c7d7942,0.09877395629882812,a table of data containing only text and numbers,0.03584451228380203,low,745,False
train,train/0350/c83b6b0c80bc4f18aaf8bcfcfb3ec504.jpg,350,ec46448a665e17e778b9053329f348fea13d8bdf67e169b59e188429dea2443f,0.06511425971984863,a geographic map,0.9768897294998169,high,350,True
train,train/0350/cd381e39d1b94fcf9cfcdbcfe83eaab0.jpg,350,67560a386443c43b6735c0a912764a46a94b0f40e0a4c1b585e3ee29572b96ce,0.06442496180534363,a geographic map,0.9742515683174133,high,350,True
train,train/0350/ce27cd15ed0449fea744aaa06b0cf6f2.jpg,350,884464e3a6d509cc9fed2691f09b15e19ae48505fafac800b8f99523f6168e84,0.07537662982940674,a scanned scientific paper containing only text,0.28247275948524475,low,350,True
train,train/0350/e693f9d54b634547a7c5069ce779f78f.jpg,350,a306e741a4424deaba36d1404e6054f26e4275f10d72fc1634507a2419bd9785,0.07114104926586151,a geographic map,0.478071391582489,middle,350,True
train,train/0350/ee8ec427e32f4920930107c65fd308c2.jpg,350,3b4e09f7abd29e043ceefb8ee537e498d88bfe5093b9c79d8ca96fc056728b8c,0.05215930938720703,a geographic map,0.8851744532585144,high,350,True
train,train/0351/55ac825bce74460d9c78dd4113a28d66.jpg,351,e774c1d0aefafad4e5aff2748a0bfa7db8f3314d3e202afb4e62926a46100627,0.06773141026496887,a scanned scientific paper containing only text,0.13968589901924133,low,280,False
train,train/0351/b09ae4a71e484e6ba5db9d0f0ec481a5.jpg,351,af21a1b56ceb770c5c9ea5ce496075a064a677fd2ec80791ab6015f5fd6cb0ff,0.06017112731933594,a geographic map,0.0012071682140231133,low,443,False
train,train/0352/21e0a392714949e7af78177b83f146ed.jpg,352,84ee582f13e47e438d2a39a560db8e0a6fed9a830c08901a99033b23b5fa30e3,0.06291167438030243,a geographic map,0.9551137089729309,high,352,True
train,train/0352/92d517e74d534eeea641a075b230199e.jpg,352,73160e5a675597a28b74fec60ece7c714ca46e1aec16ff11359bd2da1d977eee,0.058106184005737305,a geographic map,0.9271376729011536,high,352,True
train,train/0359/7a08928276d349078294d82b49cecd76.jpg,359,816c64077fe2fabca79b1013b2c16ccc9d94df22ba9f30d1aa7ac626c08f5d86,0.05895891785621643,a scanned scientific paper containing only text,0.0031535602174699306,low,726,False
train,train/0365/815e0d034b1c4ec5a1351f3b36c12fae.jpg,365,c3e903b2b824f22d43ff5dd31557a021f7728ec086ec4951caba299be3a97955,0.055927574634552,a geographic map,0.0031758772674947977,low,232,False
train,train/0366/482ab9f3a2b1405382c50489c3039caf.jpg,366,ae571cb7b33068990f57b005087d0f2e9a4ea07e9d88c5e06c6a1c503aad63ca,0.0500103235244751,a scanned scientific paper containing only text,0.981891930103302,high,366,True
train,train/0366/561394cedade4e08a4de3d1354cc299a.jpg,366,5b77cd5191ff1b50e70ad42262f40661b3fe4c50e3264a04ae68df86a908c8ec,0.0818990170955658,a geographic map,0.7413244247436523,high,366,True
train,train/0366/5f34eee911eb410294ec76b8993a918b.jpg,366,0c3c3dd41c6f7bcb71ff820644824ea53d21704c7257713731dcc742865238e2,0.079000324010849,a table of data containing only text and numbers,0.061166562139987946,low,252,False
train,train/0366/7e7ae947abd646a9b690fe0eb7354840.jpg,366,8a877d957f4acbf595e3c244a69521653dc1a091eaf61031525b8562b8322666,0.059537485241889954,a geographic map,0.959248960018158,high,366,True
train,train/0366/8b48c9a730de489ca30168b75e7fd131.jpg,366,c3f0319ac6398ea96906a3b552c5b9f4db56dafe6229414480a7a1bdfa099df3,0.05846640467643738,a scanned scientific paper containing only text,0.9564110040664673,high,366,True
train,train/0366/957d56704a1f4c769d1f439e22120e08.jpg,366,458df3d802d24c5d6ff4f97ffa97bb264bf9a0160361b14ef0989eb7772cc188,0.06204400956630707,a statistical graph without any animals or plants,0.9616085886955261,high,366,True
train,train/0366/b25d17e3203f4020b0b9386583fef07d.jpg,366,577c4c541bb96e82d0a532e02a80e283f1bef0cf78b88b30156be475358a0414,0.05888691544532776,a geographic map,0.9652605056762695,high,366,True
train,train/0366/c4a072daacff4169909f94c8293d1c4c.jpg,366,749516ae61dedac5383bdd607c07ac10a17db417dde02ada4c7bbedad90c7f29,0.058155208826065063,a scanned scientific paper containing only text,0.9531546235084534,high,366,True
train,train/0366/d8d82fa83b814158b68d6dafda98f5e2.jpg,366,f0bcae76a914d608f14805c6cc001f9fd678de510b849576b0d1693e38a510f0,0.06303435564041138,a statistical graph without any animals or plants,0.9686059355735779,high,366,True
train,train/0366/ef4d4f9ee17c43f4ba2252e293d3eab3.jpg,366,51911f8b0bfa7b8119c55af4cebab56859c2debd12be852d8f3e6bf35e6fdf90,0.10272599756717682,a table of data containing only text and numbers,0.10526076704263687,low,366,True
train,train/0366/f2f4c74e7c77468b831eb7b74fc0ee14.jpg,366,0b91c163e161761f0eff58d30bd095b190bc8bc82ffa28b1f81561ea9538c1ca,0.05849809944629669,a scanned scientific paper containing only text,0.9363868832588196,high,366,True
train,train/0366/f56900d501444651a12f7c5d94ce7e7b.jpg,366,640dc73236676c7c40552464166aeed9d95eb46a534235074778845e9948fa8c,0.06210339069366455,a statistical graph without any animals or plants,0.9624629020690918,high,366,True
train,train/0368/00a36e660bd942478c4790ff14bfca6f.jpg,368,08af0721b3b3bbd8d31b65b9a34a13932cf77c859e576b0d74df3b08c7b0ae4a,0.07550065219402313,a geographic map,0.8593512773513794,high,368,True
train,train/0368/0843b00d80384481aacc490958306e84.jpg,368,b7d8e16538c2a5bcc73472525afd84120b471558f5a57430f0b2928b3ca757a0,0.07860815525054932,a scanned scientific paper containing only text,0.02250697836279869,low,636,False
train,train/0368/29ad9d75d0084b468254fdab04617dc8.jpg,368,4388e39fd10b37a3c4945327bfb7afc26a092c1e6c18f4f473ee78325c6fab5e,0.052937403321266174,a statistical graph without any animals or plants,0.06913626939058304,low,53,False
train,train/0368/47fb2e57c8e34662aaf52eed0fb555b4.jpg,368,ff91a0896318a4616aa7b0570dd4a8a0ed04afda56586884e28bc9a32cbfa210,0.05313757061958313,a scanned scientific paper containing only text,0.10713784396648407,low,745,False
train,train/0368/5c1b860e3970410e908ed018bcea25a3.jpg,368,5387faf4b66889e7567edd9d98d61e2f9c01b28877c541ef42fccda4b0b5bd52,0.055807262659072876,a geographic map,0.7126264572143555,high,368,True
train,train/0368/90cfc883ab504cecb8dccf6effc16c2d.jpg,368,ca8dad2a3e8dd068718f09a32a1523c6c220e975a0eade3f0791ba91230a9a6c,0.05504593253135681,a scanned scientific paper containing only text,0.09849295765161514,low,636,False
train,train/0368/cf3b5d68bf65412fa7d3db0429d55d1b.jpg,368,e09c8e907684bd329846bcff42af58ccf5075e2bded299f58c5fbaf28f522138,0.07075554132461548,a geographic map,0.6031373739242554,middle,368,True
train,train/0368/d24664a7aa77491ead04afc79b5a360c.jpg,368,95ef23d817ebf8acd22d1a4a35f86fe6f57b9eb22ddfd3d39ed31d85a89ce5cf,0.07629144191741943,a geographic map,0.8975241184234619,high,368,True
train,train/0369/59f1bd47f1f34cf2afdad57d7cc15348.jpg,369,fc64c422800c0671ed70d8f476dc6fa8169270b817e1e583342837457defcca4,0.05006799101829529,a product photograph of clothing,0.99165278673172,high,369,True
train,train/0370/370c8681ac10484787d5c84a08311e03.jpg,370,84ecb4973525139bbfbadc826e3b0931d5443e1dbce13937155c9b36182b0e4d,0.05537649989128113,a geographic map,0.002967251930385828,low,23,False
train,train/0371/5665cce3cf4443f09e6e76019ebd27d6.jpg,371,36d3ef27a09f9f403e6d5c2548af0ac4ac6a77cfc2c4db2972500dd35a7bf9de,0.05517491698265076,a product photograph of clothing,0.9482561945915222,high,371,True
train,train/0371/8b0c0841187641f1bc560f8dbd12632c.jpg,371,5c06fa02649b7be44065617cd34b1a28edbe8c0ce26f1db23668d9c7e8ab182f,0.05163697898387909,a table of data containing only text and numbers,0.9536425471305847,high,371,True
train,train/0372/03664f02e6554779a308c802e50b6cf2.jpg,372,eee2d6de81de6468124b495b8f92a0da673979420e14371e60fa39130306ac92,0.0530887097120285,a scanned scientific paper containing only text,9.67850792221725e-05,low,714,False
train,train/0372/0418bb2a85a9455abaf9b6601e0ddf72.jpg,372,a4fa29455aa8569332f4e901bb9098ccc8fbeebe4fc71548c83e57de593d8e07,0.06272491812705994,a geographic map,0.004902120213955641,low,715,False
train,train/0372/2c0a0dce286d44a7b4fe20350ec268ae.jpg,372,dfbcf8719334e2c0b525f36a2170f0f885b2e0efd51813c7c4448878d06d994a,0.0735163539648056,a geographic map,0.006743316072970629,low,350,False
train,train/0372/76d90122128044bb9b49eb7f31c3ca9b.jpg,372,f7bacb7ba4b81092145fb1dbb4812969bc52a0046025de5eb21f6f438c8f6875,0.060154691338539124,a geographic map,0.002048357855528593,low,446,False
train,train/0372/8b6dec34f7274ff1bf22c7974db1fb93.jpg,372,333f3273719059731bd8e65df492dd0f352c8dd8def34f0118fb1c5eda85cc08,0.07131947576999664,a geographic map,0.010902686975896358,low,476,False
train,train/0374/17727ba8fd9a47e3a0594462a0ade059.jpg,374,a4f827428c0160e29cb5b673323d3257de280ad0e28d818772b365b855994d54,0.08421406149864197,a scanned scientific paper containing only text,0.004687498789280653,low,636,False
train,train/0376/228c0516c63147139d9ccd65124b5e7b.jpg,376,d6418e2c1cddf6f683f8e0cd5f684e196fdef14f9969365de24fd44d9b2c8bbc,0.05764184892177582,a statistical graph without any animals or plants,0.7520112991333008,high,376,True
train,train/0376/3c8ee55de3a040518ebfe643c67e9541.jpg,376,05fd3bb3b537030e5f5dee75735a895a96eb5beb08aed6707ee08facc61fd4d5,0.05468286573886871,a geographic map,0.9622378945350647,high,376,True
train,train/0376/45044093639e482289bf248bd572aa97.jpg,376,40b86c88d4b8cc34f60db1dd506ec97d652e400dbf406a960b69e436b949c84e,0.06768199801445007,a scanned scientific paper containing only text,0.003497809637337923,low,636,False
train,train/0376/6d80171a72a742c6a0405b50e0c17454.jpg,376,ac33d2562490c73fe9f4124e3e84e14fe1e0ed922fe43096438beb4c778992a9,0.07730560004711151,a scanned scientific paper containing only text,0.26710912585258484,low,376,True
train,train/0376/795ce0be82df4a9ea161038bb84ef257.jpg,376,cc9ebbbb5c93bd7f2982a097c0b974072f11397bfee56da1c4589f3f2e4218f1,0.053164541721343994,a scanned scientific paper containing only text,0.9127123951911926,high,376,True
train,train/0376/9c7714508bfe4b9ca5599343bfd4b38c.jpg,376,4dc20a83f9dc9914fd934894d97e7bbb36145cc842f303a017a502a5cfe67e23,0.07121187448501587,a statistical graph without any animals or plants,0.03459995985031128,low,460,False
train,train/0376/c869c43747754beb82155e99be84a4ca.jpg,376,456fcd42890fa986732dcffbf15fd9cf05ee015f0bbd2598251a6e5455ceaf49,0.051840588450431824,a geographic map,0.949621319770813,high,376,True
train,train/0376/ea38ab4a7e3f4e7886f2834adaae8ea5.jpg,376,167f55d7b338a0f91ba423b1d34777e98ef6db9c36f2a82689205526bb0f2234,0.06038953363895416,a geographic map,0.9327671527862549,high,376,True
train,train/0376/ed7b854a435349d3a61aebe6e2cfa053.jpg,376,1f6531ef2a449b9beb5540f1e4d4f5f7e08e181cf83829fc8b1f476786a04fcc,0.053165778517723083,a scanned scientific paper containing only text,0.005591112654656172,low,366,False
train,train/0378/0234e3e062964a7295c8dac982e28768.jpg,378,873171ea48e8b80d2e10fc2c2122cc423d2c186bbecffb0a85d124fb42bf1649,0.08340215682983398,a scanned scientific paper containing only text,0.007623696234077215,low,636,False
train,train/0378/19cd61d7109f4cc9b059433d768177c7.jpg,378,f1784575d57a1b9eebf1b6a6e2afc0ecd010f0d860ce573fc53abe4d0eb14cdd,0.06938256323337555,a table of data containing only text and numbers,0.9323218464851379,high,378,True
train,train/0378/1fc111cd2a4e486695860d565f3ad226.jpg,378,0b21574ae4b964b201db08090dec9eef9f3b5e5ca48216f85357870fd187c1ad,0.05395491421222687,a scanned scientific paper containing only text,0.7466868162155151,high,378,True
train,train/0378/2eebec816a4a414591a86c8a4edccc9e.jpg,378,bb6ee34f8ac6bed915696f13f2857d61e8f7299666cdf5cd7b695267be9cd0cf,0.05783654749393463,a statistical graph without any animals or plants,0.622951328754425,middle,378,True
train,train/0378/3233ffe872f042cfbfb149e8752cc42e.jpg,378,14d4c7964116d96e83279f2793d513590f3cee1e82b2d23706bef332624c2021,0.07474274933338165,a statistical graph without any animals or plants,0.7673822045326233,high,378,True
train,train/0378/55715b20c587443999877b5a568eb850.jpg,378,29c46fe3e1737136f7e4f91fa24e4ca1431e9b2482fba8d29bea1889cb410b8f,0.06121113896369934,a scanned scientific paper containing only text,0.5232291221618652,middle,378,True
train,train/0378/6ea8a866f3a74f599b77d586e0996529.jpg,378,43791aa9026d3f17a34e03fcd2d27e908ced944a8372f7e001679e849156e08e,0.05859091877937317,a geographic map,0.2979121506214142,low,378,True
train,train/0378/9e2bab3497dc416588990a99d2e100d1.jpg,378,1934484b9c9228303cc0a3fc8bf66abcd3998dfc8d8984a353460492ebd0eeef,0.06469760835170746,a statistical graph without any animals or plants,0.506243109703064,middle,378,True
train,train/0378/b630412c733e433d89232af4b443161e.jpg,378,dc78200a2424cabd643f9b447174fcc2a4d3d1f631eb0a3df89d636908d69260,0.06672559678554535,a statistical graph without any animals or plants,0.8171392679214478,high,378,True
train,train/0378/bcdc05cb982c4cbd9cdec4f6f5b9c81b.jpg,378,45e9d5105e91acff9c676a063b7204019ce84de14ddc324d8ad5c0a3aa0f7398,0.056051626801490784,a scanned scientific paper containing only text,0.7856884002685547,high,378,True
train,train/0378/c2241184587e4b5d95447b363b5acc4b.jpg,378,0f0862693aeb962ac3c3e6fe66159cbb588a93c9c289abffeceafbb3ee2cfb49,0.050660356879234314,a scanned scientific paper containing only text,0.8225444555282593,high,378,True
train,train/0378/d2453c4cdc98400d8c03cf1aef1c8c72.jpg,378,14e285fb31182f70b1815c8c06c1b7774853bd81cfc47364b537a72fd8e1cd9a,0.06216298043727875,a geographic map,0.9099128246307373,high,378,True
train,train/0378/d703a7b52da34771a017537a337a3785.jpg,378,cf604aea36dcadaf112943bba9c73aaed300df35122b3dd00e75b0239980f0fb,0.06403306126594543,a statistical graph without any animals or plants,0.6050357818603516,middle,378,True
train,train/0378/e99f164cdb454379900e376eb4c193a7.jpg,378,48f4968ec29dd17869ccc5dff60f29389378b251b36f023bbdd3a9f64d8b2dbf,0.05611428618431091,a geographic map,0.8912035822868347,high,378,True
train,train/0380/3db5a490e7d44c8da69fe678e32e4e6d.jpg,380,e0e5c9ec2e8f7fa212f98eddb34ac95416e8c983be946457d2ead4b47f434be7,0.06203088164329529,a geographic map,0.03788156434893608,low,162,False
train,train/0380/bb5b18168e4b47f3952e65b6c4ca74e2.jpg,380,0d1a855b0b8e390c4b2c080c9b40f25cd86701517d7833cc4d5548b2e1445ba0,0.0630740374326706,a geographic map,0.0025610963348299265,low,329,False
train,train/0380/d8bc7138c514426eb0b97c557f540bb7.jpg,380,56b3e06594da2ac4fd55dfe130fdfb5f57a4a6bbe47c8996be1b7d8963d4ee4f,0.06889939308166504,a geographic map,0.00586589565500617,low,20,False
train,train/0381/9644ecadb1894471a4e69c69960dbbda.jpg,381,93b55f8b367b554f63e038012085de9ab21b56937ded86f3ae4c7401dbda9d4d,0.07357925176620483,a geographic map,0.51713627576828,middle,381,True
train,train/0381/c6e386fa098648eba06437d8c1e474ba.jpg,381,70d2947a8c3f4811011d44a33580c672fbaff33bd85f912bc2e7d077997e800f,0.05661666393280029,a geographic map,0.1159776821732521,low,390,False
train,train/0381/f699d762afe24a3b96860d585625b5ec.jpg,381,6dc0591b827c51a003339283c29d27f59de029a1df086b5bede57be867a45b20,0.0749991238117218,a geographic map,0.36884260177612305,middle,381,True
train,train/0382/2f35d3fdacfa4ea39503daf60625b49e.jpg,382,c8b708e5220f1e1cb974873184421914321d4d88f635607aec1522670ece4df9,0.05419188737869263,a scanned scientific paper containing only text,0.0012606949312612414,low,437,False
train,train/0383/11b2360ab7e54ea4b826793e30458b8c.jpg,383,6f2ff60b4eed66cf56a613c02794122ecc5b64ff772427c5dcd73db0845d4376,0.07860875129699707,a scanned scientific paper containing only text,0.04493848606944084,low,745,False
train,train/0383/45f90d3c632e4af4a3fc2ddcbadbe53c.jpg,383,1c210aacfc932e4694da141ffbd75e550ae85f67216449f27bc6a4276321068b,0.06808258593082428,a geographic map,0.4051187336444855,middle,383,True
train,train/0383/964f0f27cc6c43068f5f77dbf213c2a8.jpg,383,53a96df880e3470e7265e3a8bbafad9108fa3e3513907918b55f9868c6746d87,0.05727532505989075,a scanned scientific paper containing only text,0.021300090476870537,low,745,False
train,train/0383/98090a9d919d455182601fd003ca6d24.jpg,383,9da8bd509d741e147447010b0bf2c15760e6869f63b56a228d476134049bc39c,0.05067068338394165,a geographic map,0.06367424875497818,low,745,False
train,train/0383/f142c67f776d429782009b01c904ca61.jpg,383,507d554d4b9edd4ede62e1123bbdb036d40126f6e2158b1a44018c93d9a49b58,0.06735064089298248,a geographic map,0.008647900074720383,low,350,False
train,train/0384/57e504b49e5a42009d75d33b57924aa4.jpg,384,d181e80d29de7236c25599dcc9bbbdbe61451727c13097599b27d74046b6874b,0.05091211199760437,a geographic map,0.6577712893486023,middle,384,True
train,train/0384/7676c8aa5a364695b086651b3dec7687.jpg,384,fb3028cdc1a280b26fc4a932fc842b485520500389ffc8911b39e1dfa9ddbcfd,0.053945064544677734,a geographic map,0.037417978048324585,low,135,False
train,train/0385/030dfd2df8a74f6a8a703c900926e7a7.jpg,385,68587956a528732cfe3287ce0183f7c8274c64c342beef1982c119cbe911b19c,0.07136791944503784,a geographic map,0.6808182597160339,middle,385,True
train,train/0385/35f0793ee0e245668d51535ce3311e06.jpg,385,4e5ccf52bc62f9462eaf1ad934dfdced374b2327b7807b733eeca1cc3ccd6a34,0.06915387511253357,a geographic map,0.008442417718470097,low,721,False
train,train/0385/5265773933ce4ceda2bf84c02ea94ac1.jpg,385,d6e45c8ba5af7b63cc3bfe17407106d782b6d137401902292bbcf2e7146aa4b7,0.06584671139717102,a scanned scientific paper containing only text,0.010923964902758598,low,100,False
train,train/0385/6cb0f65f3c084f62a76b0021cc0039bc.jpg,385,c7fdf309a4cf8f6bde88f0c912bd6f42e90a9d7a37631d3deddf8d12cb4cbf34,0.05713334679603577,a geographic map,0.8499003052711487,high,385,True
train,train/0385/829cb9e9f1a54382b1378cf5f462f5a1.jpg,385,f485495459b5e4aafaa1bd7c16c5ac231a264070d6617e250df4ebff60b9de2c,0.05737300217151642,a geographic map,0.862158477306366,high,385,True
train,train/0385/8c231d24f39643e5ba9bb2a4fdd78663.jpg,385,6c7f33044b481fafbc7b0f43232c6d15dafe97f1b471c10f5bcab58cae33ea5a,0.06265541911125183,a geographic map,0.8928019404411316,high,385,True
train,train/0385/c894cddd3e5a452aa72bca6d019d1fd6.jpg,385,66c51d8ce59b55e2f4a401a9b82d8a05a208c385f8a86e6c7f7172b9b272e58b,0.08438394963741302,a scanned scientific paper containing only text,0.07789204269647598,low,12,False
train,train/0385/db4926fd5457494bbc19180447a1b043.jpg,385,dc89691fdfaba29813544843fd497892fb6c2532f9f13a183e95e111ea9b337d,0.06678037345409393,a geographic map,0.6736326813697815,middle,385,True
train,train/0386/b24f05f7e2854263b6cf7196739a0a03.jpg,386,4e6866757b905eb963044d82175583756165624c135035299ae1165d03154002,0.07550373673439026,a geographic map,0.008404974825680256,low,476,False
train,train/0387/b4a7abe922994d849be11e58633d2a86.jpg,387,38399c80c5a28c863032774e960951136406ebac4e134419a04310fc6a8434d4,0.06148630380630493,a product photograph of clothing,0.9850788116455078,high,387,True
train,train/0387/fc7ded52a4c648ffbd4d07e7244ea917.jpg,387,f1df12651a585fec982aacb876aafa8548fc7de7002399783a978f5869ee614c,0.05341196060180664,a scanned scientific paper containing only text,0.9675320386886597,high,387,True
train,train/0390/6337708d2a2d41c1892c5f8dc036a479.jpg,390,8e665c05b4c9407dca9b5d198f130d25b8741225cdf40a1f59f1aea94eac70c1,0.06631927192211151,a geographic map,0.889197587966919,high,390,True
train,train/0390/b148972a2f42459da651d289a78a9338.jpg,390,64d7dae3a855a5f8edd56df1d28098d9b31bee41a05b4cb3a72675f4ae42c8b8,0.066459521651268,a geographic map,0.9312978982925415,high,390,True
train,train/0391/fd3c8ab2b1054a1596735317644f9e05.jpg,391,96647ea8c53e0fca4bf97283b845640d0f8d628db5c93cb334d0b2c379f49a43,0.052345022559165955,a geographic map,0.022000227123498917,low,234,False
train,train/0396/7ca4a1dd22904dd7ba96dccb85dab864.jpg,396,a3ed9256b2c760351c1d8a419868610eff2fd5167990dd799f79ff6741d4a99f,0.05825395882129669,a scanned scientific paper containing only text,0.037539590150117874,low,714,False
train,train/0396/b97a29b0364e4bc9b00fd7d1fa5b9797.jpg,396,f0c91a5c7bd4cdd544a42a303e6c7eec1a5b5511cb4c9973dc208a6c529451fb,0.06074388325214386,a statistical graph without any animals or plants,0.05549290031194687,low,726,False
train,train/0396/bb153b7059c54726aff3292902d96af0.jpg,396,3804a7bedcc9c151e5ab6ebcba37c968c1464841b0b9ccc7e214b1f01264ca21,0.06945353746414185,a scanned scientific paper containing only text,0.056698303669691086,low,112,False
train,train/0397/15e40977a3a54bb582121901b6aaef0f.jpg,397,c3411f00407b2ce81621a5564bd4d49faaec0c38b7fca690ea1a25c6f1608f67,0.06989200413227081,a scanned scientific paper containing only text,0.9380609393119812,high,397,True
train,train/0397/793fabdef024455e8723c8ba5ebb0334.jpg,397,8951b6329914ed4b97d3462aa4ad610509351e5668205f3463643ee003e9e621,0.06094957888126373,a scanned scientific paper containing only text,0.8590484261512756,high,397,True
train,train/0397/8e06d5e9063c4e1981f35692bb4bc988.jpg,397,d385c637f5bf8e6aa74f5e7ca16c8113ad3c65b9a48b1b7459d0bf8d82626b23,0.06588923931121826,a scanned scientific paper containing only text,0.8908538818359375,high,397,True
train,train/0397/9593b3f9e7d44afe8321215ac8c17fa1.jpg,397,ca495cffcc89ce1328c72d39304d1fd8712cefb34d3abfe261aea282e17f4169,0.07367216050624847,a scanned scientific paper containing only text,0.9498018622398376,high,397,True
train,train/0397/f19c43a21d21436982992f7984ff4e58.jpg,397,1c4e747d2f0439e0451bde3ded6007d56f82bfd07fce9a5080984dfcb3724d00,0.07009744644165039,a scanned scientific paper containing only text,0.9685181379318237,high,397,True
train,train/0398/0b30120839184f209e60c952379d9b1f.jpg,398,7cf017004b8b02c20efdf46e56e2b3b55027f79be28602b56d443faf0439988c,0.06067149341106415,a statistical graph without any animals or plants,0.9075440168380737,high,398,True
train,train/0398/ab092dbec5b542f3868e332ff4692463.jpg,398,56437b1a04cba72896c7fbae6a1a94e77ba6cb896072a13713b344ca318a8d72,0.0718083530664444,a statistical graph without any animals or plants,0.8769176006317139,high,398,True
train,train/0398/bd864a587901429496ff250a3444ab0e.jpg,398,4e13df3dc7990902b7926443670e7dc93522659134351b62e4d2cc432abb72d4,0.06065739691257477,a geographic map,0.1105918288230896,low,350,False
train,train/0398/da71960df8764e22a7a09d6b377f9c1e.jpg,398,ed04ef24aba499d1a1681f1a148a5d0db7450856390fd7e4dcde6b92e3de2301,0.06125234067440033,a scanned scientific paper containing only text,0.13297300040721893,low,398,True
train,train/0399/7d3b18e42433405786d326d7d0a973a0.jpg,399,0da935d4688b28e965b17e95ba3de4194fac9aa281456f3c989a15ee4138b7d0,0.058694660663604736,a scanned scientific paper containing only text,0.0018012820510193706,low,714,False
train,train/0400/702125d57c6844e5b034efbce58852c4.jpg,400,f703ea9146a848d68da645bf30d906d9590190f58c8146eaf61c43eba973e408,0.05940212309360504,a geographic map,0.009264465421438217,low,707,False
train,train/0402/4f727711d5a04b68bf01f4c2d96a029d.jpg,402,562271a6268cc5f3a4fce0f84e14c90e550ee1f4f81f768b17341e1c2fc93b13,0.08016030490398407,a geographic map,0.07338611781597137,low,144,False
train,train/0402/a5d7294f8dd449e28707fce0e66326d4.jpg,402,cd3acbb1d1eb5b726ee8ce60031a89c97c86c1451a9c607738d6176bf5021206,0.08820642530918121,a geographic map,0.1396244615316391,low,91,False
train,train/0402/c17374ec9ca7499e818690a27bdb4dcb.jpg,402,aa7d99cd510dcc00aefa9f7eeb4b1fb306b12e9979dae910201a5f02d7db1e50,0.07643812894821167,a geographic map,0.0772777646780014,low,91,False
train,train/0403/135802615c804dd0ba8f8b7809d144e5.jpg,403,84973289f7b8298c9a4c6b2bec2a85d273805c9d2be32bfcc6dca53c9ba76325,0.05729860067367554,a scanned scientific paper containing only text,0.006392630282789469,low,53,False
train,train/0403/6d723a43a29d41789a79f01c4ff679db.jpg,403,538b598879700a541a91f1794b230309a8601c01de546b2de0d85d3b63bde3f8,0.05263759195804596,a scanned scientific paper containing only text,0.01027751062065363,low,627,False
train,train/0403/c474774e91c249d392607b5ba4a347cc.jpg,403,835b881c08551b5dc04929de0424973e5bdf62306808c76a10868d1f62d8eaa6,0.07067500054836273,a statistical graph without any animals or plants,0.30227774381637573,middle,403,True
train,train/0403/c5bd832db4dc4d9aace74b1bed529933.jpg,403,5e8c407b8a2b196dcced53a89be87ae7aceb88ac4f15b77143654b8a100b3e05,0.05079305171966553,a scanned scientific paper containing only text,0.017727145925164223,low,518,False
train,train/0403/d61df4fabec24d4e9d8580c8db6e23dd.jpg,403,b5301b9d709464412726aea25a69cacf69d4c5974afc8be8e21dddffcc8700a1,0.07706683874130249,a scanned scientific paper containing only text,0.1310110241174698,low,403,True
train,train/0403/da57aea8addf417c869c8f7788bbd71f.jpg,403,4c4c836c882d8acbfeef3ff9e9134ad35e107d91d5530ec52444671113eacf44,0.07579556107521057,a table of data containing only text and numbers,0.7092129588127136,high,403,True
train,train/0403/f34abb7c28e6443b831468c8899ff3b6.jpg,403,e975aec349bafa75cdddb4f46eeb50a7996c6276541d1c3b693e288fa33854f7,0.05147793889045715,a scanned scientific paper containing only text,0.000780224974732846,low,636,False
train,train/0404/989026ec9d2c456e9f442df7a87558ba.jpg,404,dac218e210247a833389f021c04aa4511cc0bc7d51bfd5812a803c3441f2a723,0.07085894048213959,a statistical graph without any animals or plants,0.6874582767486572,middle,404,True
train,train/0404/a69a3ac69d094199a880fde4946266e9.jpg,404,24382f17b04d1b4b97eae4388fe7fbfd5fb38abea73c4788d73356b1e4ba1b4f,0.08149103820323944,a geographic map,0.7822412848472595,high,404,True
train,train/0404/c6364052ee8e47a39c5a20aaa52e5a87.jpg,404,165644eee7732ab685b676b401fb70b016661b2dad709f6ae49e0f80803fe15e,0.07815626263618469,a scanned scientific paper containing only text,0.8890052437782288,high,404,True
train,train/0404/e9334a2abf2e473e9fbb88ab2ed795e6.jpg,404,4cc937e95550735b1ed5181d81317bbe63ff5bd128ca35a6cc505700f93587d3,0.0654287338256836,a table of data containing only text and numbers,0.5609821081161499,middle,404,True
train,train/0407/49a2fe1ff42a406a8f9cead0f0c4f90b.jpg,407,d73c9d01cff360b65fff0db3ee2a6847843a01a46a0819471d03f85331a36474,0.06015263497829437,a geographic map,0.016228310763835907,low,475,False
train,train/0408/455f6969de4243b8803c0b6cf42142b3.jpg,408,0f5e6002bc5e651205149828dbfccc54cb6ad990bdd13cd085abbe59ee38031a,0.07737138867378235,a geographic map,0.21069671213626862,low,408,True
train,train/0409/8cb09b3c490842798bf9291f79369abd.jpg,409,9c56781a87f2d38373f3b4745fd861c4f5c31376290ae0557e20be8be75e5e77,0.0572744756937027,a geographic map,0.06878247857093811,low,202,False
train,train/0415/ab7ece97ce1b4e1497f752eb3f2df6df.jpg,415,abb2d1a5d76a39ada9f863b5c84df03202c538eb4e7b09705d6b69cb6f47c5ad,0.05254894495010376,a geographic map,0.004176745191216469,low,435,False
train,train/0416/4e50b60846084c7783adb40747e93e7a.jpg,416,58c36d450fa3bea44874bdc4fe5e73aa1594aba1c126b06ff2f213d84a58a9d6,0.08394657075405121,a geographic map,0.10681402683258057,low,416,True
train,train/0416/9f251120f0ff4fafa5dfabeb1a10eebe.jpg,416,95bacb540f714b34624f72227c3e0ae9ae9715d08c764f0382c991179688e9db,0.06713256239891052,a geographic map,0.29492953419685364,low,416,True
train,train/0417/10f34aacb08e4886b5e2c9265c4e8102.jpg,417,f49e6a8368373c2a7e2c1e5c45097992e2927f5e7de591f621705189064401e3,0.05321115255355835,a geographic map,0.023322610184550285,low,492,False
train,train/0417/1720be395eb6474bb8bd48249d9a700c.jpg,417,e36f604bcf59caef2bebb9e59ff45f9018ef1ca05d12911b8988fab0c930f128,0.07159793376922607,a geographic map,0.02488129585981369,low,632,False
train,train/0417/4180dde69aab4eb7aa41af1ac0277977.jpg,417,11cc553c119abecd0a1bffbc41e4a35416ba0b6741902c16bab9596b9b1b74f5,0.05204586684703827,a geographic map,0.0011306290980428457,low,232,False
train,train/0417/a50e14573bb44fe8bc55660afec951a7.jpg,417,8238b48899767e5d6f01ec4a8f69efb32223acb3d2221971dff338afb8f39b18,0.053653329610824585,a geographic map,0.00233608391135931,low,232,False
train,train/0419/48ebc22f2afc4cc1a19151c001ee7417.jpg,419,6f2ef9783a3f8a251a06e13f6853516f68fbab727ac50d984f2ff62f25cbae46,0.07397617399692535,a geographic map,0.0019792623352259398,low,485,False
train,train/0419/ee444acac50e43c292da555286a8a8ba.jpg,419,279499272a19839407b3a4fd932b2b8efde6900c5e7ec8672ac86c8f29fafe85,0.06920097768306732,a geographic map,0.0031061682384461164,low,152,False
train,train/0420/ed5b87d782f84cbba714b2b7271637de.jpg,420,84c27af9da53bf5ac81a117847c5ed0875a9fdb8fbfc29f3c7a09145e1485fc9,0.05116191506385803,a product photograph of clothing,0.9385823607444763,high,420,True
train,train/0421/01d292e9ce1f41478339e127a54256d2.jpg,421,3ff018b80214101dff70bf8e0a820e851e0fd1c42da34eef5850615a8f2b4746,0.0727023184299469,a geographic map,0.7452136874198914,high,421,True
train,train/0421/a120cae79776458fbfb34cf3df480889.jpg,421,74069993843feba5c4f691c3880a3b329b19e3d9851a9e43f26a53cd603a6a73,0.06723862886428833,a geographic map,0.6909807324409485,middle,421,True
train,train/0422/0979df73acde4417bca80faa5ee6fa79.jpg,422,9822d36d34c428ab310b3c5dd2de71eaf46d2f10de2b16ccdac510d9737b3c1e,0.07055377960205078,a geographic map,0.26987823843955994,low,422,True
train,train/0423/c75f9a3058284dba9eefd4c7c90ab10e.jpg,423,3926f77d9c6774afdbfa571656a401bf61f5ad046fb1368b247dec37b1fc500b,0.08282333612442017,a geographic map,0.01205495372414589,low,144,False
train,train/0423/f6deb9ec9beb480697a2166ebb954352.jpg,423,2e8981b7008a9a1256d518534a3c23f3c33b4226cdc04e0173e686ff76269397,0.07494767010211945,a geographic map,0.013932077214121819,low,144,False
train,train/0424/2200be0fdb144a83a8f0f12083c178cf.jpg,424,93730ce171f8e3515559464f52a598924f4e5083151c502d7ea6f7b2c0b385c5,0.08592557907104492,a scanned scientific paper containing only text,0.19821901619434357,low,636,False
train,train/0424/2f0eebbce10e4926aacbcf41b2cd9b93.jpg,424,408c802699865a90b5c18ba4a2ae66cf6a202d458e7adec645781ecc059cf94b,0.06793566048145294,a statistical graph without any animals or plants,0.8622902631759644,high,424,True
train,train/0424/30acbb1b8f784acc9479726edfe275c0.jpg,424,e3cd0be83258c25a6b570187709fd5156cf4ca1e86899f56bb675d17bf6905e2,0.06751474738121033,a scanned scientific paper containing only text,0.8811356425285339,high,424,True
train,train/0424/34cdb88838bd47bea78cfe524895c492.jpg,424,5f7ec062ab3f8d72fa2e9c7fb929f31d33e9528ae88bb61ec0ad2f433ea21c9c,0.06805984675884247,a statistical graph without any animals or plants,0.9198120832443237,high,424,True
train,train/0424/5e899cf47c5349b3b676b2c3c2810ca6.jpg,424,069175d88046d6b257d68620e842cb9fdaf3fd6148837a62d9825dbce36c86ae,0.05529025197029114,a scanned scientific paper containing only text,0.1588299721479416,low,424,True
train,train/0424/76b6f95389de4ba48bf52c5ae07bcf2e.jpg,424,5834ceb46e476b9f26675fb9aeb653a51cd7bc5c0421d767f7a8f6693af5407e,0.05101682245731354,a geographic map,0.7384305000305176,high,424,True
train,train/0424/835302ea86594568bfb56970e261af3a.jpg,424,77b47d991b0d8f8b6733d529068bc2f62fc901e91812d684a6f60893bb1efb3b,0.05032889544963837,a statistical graph without any animals or plants,0.298190712928772,low,424,True
train,train/0424/e746637919d6450ca262aae42d4ea820.jpg,424,3f8b6365fb164641bffcfe8b928e81a2b6eca738956a6972c82e0438a8f1fd59,0.0649244487285614,a geographic map,0.6761490702629089,middle,424,True
train,train/0426/fc21a34496dc4a34801f7bc980a703d4.jpg,426,ebde9f3a81cc77573b2454463004b48d1df8efd060206110aae840c8d2d2caea,0.0806729793548584,a scanned scientific paper containing only text,0.005670398939400911,low,714,False
train,train/0428/2135731e50d4490a8491ccca760257d8.jpg,428,4b2f80b47bef1eeb285d7567415c5751d702a1571bcdfd1381278e4a2273d9b3,0.05935029685497284,a scanned scientific paper containing only text,0.012563438154757023,low,714,False
train,train/0428/7f93f2fd87a041538b12f969d6eb3cbf.jpg,428,7b8480e88abf2745a546d1962e806b52509a7b9355cd401cc5f6832d56955f19,0.06460590660572052,a scanned scientific paper containing only text,0.0014496230287477374,low,715,False
train,train/0429/0ac1c43394e74573ba380eb49a9cfa21.jpg,429,2312271d2d79751dcb7c8fe9a1ba1ccf6f2d27215d0fa88ff9ab15e9e6203da3,0.062030017375946045,a geographic map,0.05802888423204422,low,467,False
train,train/0429/12fe599d406b47e1bbe82a75058cde04.jpg,429,821283c2ddc0ad4572a6a922926f6c04d74080fe9068fb765b2dc00eb4361709,0.06859880685806274,a geographic map,0.09891427308320999,low,429,True
train,train/0429/bd361d491097482fbce528b1f78ae98c.jpg,429,0357dab32a1b61bf1a362dda2f2466c5a37ed19f71278feae784686133ae3963,0.0583244264125824,a geographic map,0.04633216932415962,low,613,False
train,train/0433/26e31e88a6e14dcaa27986fd7a956a48.jpg,433,4f333b8c3163e59e23b6fdeb99f165c16f9ba8699bdedc9842a0d5aa7a8a89e3,0.06923700869083405,a scanned scientific paper containing only text,0.0007447712123394012,low,584,False
train,train/0434/42c96d3ad4174edb80280d9509656480.jpg,434,c7462e243fb50e2c887aa4bb110a2a406963e90d4058d2af1d469234f8c7e846,0.07042402029037476,a geographic map,0.0013150091981515288,low,144,False
train,train/0435/1ac8939ecae748779fb7dbfcff7c2e64.jpg,435,848b673d47c81d670ac201067cc04cd2b18b028297f55bee02806a6b3d07d7c6,0.06516364216804504,a geographic map,0.3552991449832916,middle,435,True
train,train/0435/ae1e01d043284d11be24c74b514066d8.jpg,435,75cabdf3d59ee5e6447c6b6b40a0fbc7fc3724c6387a9a937be642959e4a7931,0.06431646645069122,a geographic map,0.8709164261817932,high,435,True
train,train/0435/f7d7d5b8b4944b35bd337bf77c493a2b.jpg,435,cd566742cc5ef33fea320f99f0b2866b59064c878c1961994898c61690c8dfcd,0.06567324697971344,a geographic map,0.9512249231338501,high,435,True
train,train/0437/06bb09638d8245c2aa2df33df62a3d49.jpg,437,91bc71ff443f4acc3a3012b17da73d440a184c93889f249dc03ff0059f9811c9,0.07035866379737854,a scanned scientific paper containing only text,0.9712526202201843,high,437,True
train,train/0437/36954f6e62cc4de78f93ae3ad3fcc575.jpg,437,71a88439f265adc2c977a45af86ee26fbe8a8dbd683529a8632f47b1a426caad,0.07159772515296936,a scanned scientific paper containing only text,0.9193410873413086,high,437,True
train,train/0437/3e04dc8cbf4b4a9b966f318794b46cea.jpg,437,c1e42919adad63391daf95bcb597d6de94645c59b9d9f571a0afe306dd641ace,0.07329395413398743,a scanned scientific paper containing only text,0.9516634941101074,high,437,True
train,train/0437/60991dd1e1234e64b93b8cfe79b0ec33.jpg,437,1f47d9757c24a30cb74254192446a9031afcddcdcbf7827e728d655f259a629d,0.07303823530673981,a scanned scientific paper containing only text,0.951400637626648,high,437,True
train,train/0437/c1992764a1a144f0a9dda08e0287a7cb.jpg,437,96d6a18ef9cf09fb7496d00401fec7628c254e5cae19e59d660c2b04c9c52b47,0.07252588868141174,a scanned scientific paper containing only text,0.9743449091911316,high,437,True
train,train/0437/cbe5e8a0e3df490abdee5da9be2fd59e.jpg,437,3d4533965a88525ce8c9f784f40ef279123bff88453ccdf9d7741fb43c97029b,0.07249453663825989,a scanned scientific paper containing only text,0.9081020355224609,high,437,True
train,train/0437/ceb34508a81941ab8d6589a72551a637.jpg,437,a15d3407dfb66b1dc37d867a949d3ade2b59ca9460bc429496a335d4fab0c8da,0.06816574931144714,a scanned scientific paper containing only text,0.970482349395752,high,437,True
train,train/0437/d44398bf027f4b7faf7a5ae8ae274d82.jpg,437,2c79a19bce5d01db83917f40d3d754dec67eaf2441b1772cb55cc869b463ceed,0.06933404505252838,a scanned scientific paper containing only text,0.9543803334236145,high,437,True
train,train/0437/e6af7d5c518441ba8a4a72977942e75e.jpg,437,1048df66da56478a3dfd2d290891a98d667902ae139bc98bd6141cc063fb620b,0.07763904333114624,a scanned scientific paper containing only text,0.9604508876800537,high,437,True
train,train/0437/eac5ffacced5406bb51dcfff27fef69f.jpg,437,4a0946d6ad44a48a75468ba2931187914d70871fa5867fe684720177d7a5230b,0.07154734432697296,a scanned scientific paper containing only text,0.9585774540901184,high,437,True
train,train/0437/ef785be6128f4da48af47298c25f16d6.jpg,437,b8c24447f9c5b8a9ce98848dc487ffddede5d506e58f4e069e9bc0b9092fa4e6,0.05436012148857117,a scanned scientific paper containing only text,0.9364854693412781,high,437,True
train,train/0438/109550a36a2c4d78b2cdb12bfb3c178a.jpg,438,146047d06a51de824362151783e3e3ba74016bbeb828687c9090db788126a347,0.07507629692554474,a geographic map,0.09204741567373276,low,438,True
train,train/0438/8e650735454d4569bc624480adcf031c.jpg,438,5bbae103a553ae9ce621856ef897d30dd9eab69b801abb4e5c0f6eeb3284f3a6,0.05288200080394745,a geographic map,0.3135639429092407,middle,438,True
train,train/0440/17a06a7a7944458abef8be200d4c64e2.jpg,440,a2e43add688d50d9b67a3882864cdc7e78a4fbd9d32b7bbe6f22c04158d8f1e3,0.05163249373435974,a geographic map,0.8652064204216003,high,440,True
train,train/0440/39ef254b1ae0436588142e33d24dbb70.jpg,440,2caf8397480508c8c14797553c2b2f0f50452c927d0a8aba0324cd5c50083a64,0.06516700983047485,a geographic map,0.9073065519332886,high,440,True
train,train/0440/442665d664514f4fa5c4e59a75ad7860.jpg,440,6a0e526a6293996eee5cda6c22a6735fa285fd2469734ff9d72ce5ccdfc79cdc,0.07063807547092438,a geographic map,0.8441927433013916,high,440,True
train,train/0443/a153e1f65a3f478f8787616a05ccfd74.jpg,443,fb10291f7fba77436d87f423ded803c2255a75ef9309fcea85ae42396ac61dba,0.055513083934783936,a scanned scientific paper containing only text,0.0011193407699465752,low,437,False
train,train/0443/a3472a510103492fb35e6eddb0e36948.jpg,443,382662e91a42a7ae318177c48116e9051a845e298a2577108f0ba9d1d09ee63c,0.05356001853942871,a geographic map,0.6312628984451294,middle,443,True
train,train/0445/e60e303d4353433780bb26e7b85167a0.jpg,445,87e226261b05d376c6154f78a924bbdde3877adedbb23ab2c965abfd67ffbc63,0.05195912718772888,a scanned scientific paper containing only text,0.002926545450463891,low,112,False
train,train/0446/2fbeb1e3fd674177a1886e054d3e08ce.jpg,446,0770290b744a01d20b81a32de5f95a17c3748891d06886ad984b42de2f45eec5,0.06573665142059326,a geographic map,0.7875951528549194,high,446,True
train,train/0446/41eb6661ea1743df830be9bb1d3ed6c5.jpg,446,78f0ba75efeb72bd646511a9b916ba10be7756c6b2860c36522007b10e011464,0.05996769666671753,a geographic map,0.6928588151931763,middle,446,True
train,train/0446/693bd21b2682490d9af529c0400c7cf4.jpg,446,92b9ac1582f08c3a7d5e4a3588802f9d0a17879e00adbfae66adebfa890fdd3f,0.06675587594509125,a geographic map,0.2030496746301651,low,446,True
train,train/0446/8436e4693078489487bff3eef8198f4a.jpg,446,4611a047a5575b3607a15b8f43dbdbdfe7f02995962e2c8082d5b19374dd23f4,0.06017112731933594,a geographic map,0.40736475586891174,middle,446,True
train,train/0446/8fe9528de5194befa76a39b7f249011b.jpg,446,1d6a5adfc45e395b846dee6cb71273a80fcd4146a0158bb41503bc3826ba777c,0.07404451072216034,a geographic map,0.6830922365188599,middle,446,True
train,train/0446/a37d614bfb214cfe8fc678c1fdc8464e.jpg,446,afd7ba304d58a00e523578ee3134908a327010a9b125cbf08674efdf688852cd,0.07707491517066956,a geographic map,0.6979899406433105,middle,446,True
train,train/0446/aec9127d18ab4cd6824c463056c5b2d5.jpg,446,c1338a7882781c3214461062938cbae2aa48047a66a8c81f7ba126acc703da05,0.0643446296453476,a geographic map,0.6728336811065674,middle,446,True
train,train/0446/c8dcb35677e740d28e47c96d83178039.jpg,446,00a2bd9898875e25e02421c38f174540dbc8f8983656418ef838f6af2a93ad25,0.08876311779022217,a geographic map,0.9383485317230225,high,446,True
train,train/0446/e80b725cacab4f348069256714949a32.jpg,446,725a6c5415ce7ca8f72d0c99e8d626e32916f913d756327ba9ece99d60fde0bd,0.10413122177124023,a table of data containing only text and numbers,0.12322087585926056,low,446,True
train,train/0446/f70117f09a0c42aeae1d641c3f313e30.jpg,446,eec2150430c017e9cf978b0b12c32cc1981bb53aa9538c4d0e1f92af521de237,0.06132212281227112,a statistical graph without any animals or plants,0.8007690906524658,high,446,True
train,train/0446/fdbedeba31dc405bbcf5b4de5edc453c.jpg,446,59efb596f90cecf6431075a0aebee851137c0cb8a9b2c9b63ad6cf03c0ba2e33,0.05946372449398041,a geographic map,0.894959568977356,high,446,True
train,train/0450/15381a7f188d4bb6912cce123c1e5403.jpg,450,ef54de6b0cdb4b282dd25245836c46ed72c2074cf115c9724439481eeb84d12e,0.09502726793289185,a geographic map,0.21528705954551697,low,450,True
train,train/0450/56300eb73380417f82e7c80b79cdf2f6.jpg,450,49aeaccb1131bb551871c630aeaf2248ccb1c520004e9033343bb58e83d51839,0.0659605860710144,a geographic map,0.032534945756196976,low,232,False
train,train/0450/85c0243fca354603b8b7a1a2ebcbe0e8.jpg,450,f93944773aca2173204995b96e0dea50f1514e707941958f858ea8f4b52ca5c5,0.06310775876045227,a geographic map,0.8803846836090088,high,450,True
train,train/0450/a92bbefdc2124feeb9fbaa992b267d19.jpg,450,4fd1b5b3d7cbe3cba0dd91b2269dd8acf181ef7aeb014fc5c326af1b23633770,0.06669791042804718,a geographic map,0.0034252358600497246,low,473,False
train,train/0450/ebad7c3ad14444b3a141ac834469466b.jpg,450,760b6973193658f8e398d4b2f79f753a377764b1e6a7a2c949d60d2bca99e069,0.052647337317466736,a geographic map,0.7542903423309326,high,450,True
train,train/0450/fc56be14637d4e2e8ba6c1ee4f43d93e.jpg,450,970185b3dd81827b09f9919b578ea2d43bc9d1a0d35a56692803fa43b20be6a0,0.07613348960876465,a geographic map,0.5342607498168945,middle,450,True
train,train/0451/aa22f0b77bd34a3995985c6a761502e9.jpg,451,f96c824ea015dd35e4049565c8e3aac70742c9f768562db9bf47ea6cc423298b,0.05270059406757355,a geographic map,0.24221743643283844,low,451,True
train,train/0453/013491f2bdc843c4afd0be65c0b32db0.jpg,453,163c17327792bb34403bd3f12e3ea681d1e648704a265ec0a7f775888102021b,0.05615256726741791,a table of data containing only text and numbers,0.23547226190567017,low,453,True
train,train/0453/01f4b8b07bd8444daf093600d48db9db.jpg,453,3fbf38d7ea94b15f277bb865cd13d917802c23d0e84ece747a672614d6cff547,0.05320604145526886,a scanned scientific paper containing only text,0.03434570133686066,low,726,False
train,train/0453/183d9ed6bb204663a152a3496994cfb6.jpg,453,c3ad104ff01b2b13233bff264d076210c78ebdec7295ca6793c31fc5fc505ee4,0.056410208344459534,a scanned scientific paper containing only text,0.019001103937625885,low,53,False
train,train/0453/4584e49b504247bfa551603c7eb373ac.jpg,453,4edff97a0652bffdf5239150a39e6da3eb2a0e42af3c0e7d34f11097a0bfdaff,0.0725480318069458,a scanned scientific paper containing only text,0.29626792669296265,low,453,True
train,train/0453/79b40bc62f2b47629dc7933a04ceeac5.jpg,453,db85211605f709400e1134f6c3593f34b8ab13f76ae986550754107bba5b9fa5,0.06900434195995331,a geographic map,0.8092358708381653,high,453,True
train,train/0453/986d22ea75ec4b389827964ca4e92bf1.jpg,453,3880b658ad1b0ee21483283810c1aa3d522be591630fed3cc76343c61589d481,0.06818710267543793,a scanned scientific paper containing only text,0.004605412948876619,low,636,False
train,train/0453/a9e211a7d9194f1a96f1344aa71a3bd3.jpg,453,6c1a425de430a78691900c719c8492f88d4158a8759a0849c08ee2df674df5cd,0.06472103297710419,a statistical graph without any animals or plants,0.048598650842905045,low,368,False
train,train/0456/25543956a95b435f9905a55ab936c82e.jpg,456,a5ee13fd499ff8f3929f4ec0322f1a25977f5adafbc03137312d37058a402d9d,0.05298915505409241,a geographic map,0.0021218706388026476,low,532,False
train,train/0456/25babe2c40c84a61bb6ede205e1ddbe5.jpg,456,be80cf6eab199d7a100e93c2fe7f371ab66cc6cff7212d7d6360b6d89f4c9f06,0.05774526298046112,a geographic map,0.0310354083776474,low,232,False
train,train/0456/3ef1eee70ee24cad8e362ef06d0cb6ce.jpg,456,40b78754fa6effba3417fc5a9f2ac583e801d147790ff315d307936e7ade7d4e,0.07536716759204865,a geographic map,0.4432806372642517,middle,456,True
train,train/0456/49a117b9e80e4f58b3c48540a17754c7.jpg,456,da9f12aef5d0bdab59a2824ea27ef1d8f12055f4a0653417950cc0fd11c73b1e,0.06482446193695068,a geographic map,0.20453627407550812,low,291,False
train,train/0456/6f1c2733c5804d20b749ae59dd95d6a3.jpg,456,2fd74491d4798dc45a85821173a5aaad7e2ff837a7f20c1f4cfd5d126a48cd95,0.060651689767837524,a geographic map,0.055968236178159714,low,232,False
train,train/0456/ba59852a787e4e2cac83fc856fdb3b2f.jpg,456,0e8d2e372744b2eb6e1d32d4bb04ce0d108b9650ce8e2d59dc223ceea0a4de80,0.061222851276397705,a geographic map,0.059546757489442825,low,232,False
train,train/0460/17192750dc3e4b31bf80e8ed16888c3c.jpg,460,d83edcd0a10a78fb5c9c20226e2a20ddcf7bc3ae0e7ac29b1788aa05380d317d,0.06085784733295441,a geographic map,0.902515172958374,high,460,True
train,train/0460/21f822f184a449ff9fe435d6f782f24f.jpg,460,d167d0670ccb3325d78be79585be4565ab8eebed6d712e22abfc79f5094b031a,0.07350507378578186,a statistical graph without any animals or plants,0.9289574027061462,high,460,True
train,train/0460/3a3e413ff4354831be2416b1e6acc217.jpg,460,d9a149282fa02a874e11510e25a8a2b76b7fdbe46eb6b82ce5ebaff438bfdb22,0.06336595118045807,a geographic map,0.6262784004211426,middle,460,True
train,train/0460/42be5d1ba89c4d1880b3f43976acf632.jpg,460,691e5f94834ecb0da5aa03d406bdad1054c03f04b83633b08fc0b2e970d1c8d8,0.05690908432006836,a scanned scientific paper containing only text,0.008545425720512867,low,584,False
train,train/0460/536b979f523b457fb30b0f8753434f34.jpg,460,60f11da0a6f356fc169b1a566a89c2cf94d94379516f2b07a4f5eb4fbac0c7b4,0.07195761799812317,a statistical graph without any animals or plants,0.9561375975608826,high,460,True
train,train/0460/5c9efe1bcec64f978e69a0f5177112e5.jpg,460,c8a48eb1a5784223580d980fce928ab95d71b4f77d636e4ceae1dc7efdb33eed,0.05971492826938629,a scanned scientific paper containing only text,0.009230107069015503,low,745,False
train,train/0460/6f8016cdfed24a4cace593af01c9b904.jpg,460,35c504b717def2b15b85d1401a18121ec98385ea299226892a8a87e5497aaf38,0.05867382884025574,a table of data containing only text and numbers,0.9022601842880249,high,460,True
train,train/0460/74553b260920463eae42c7bd58466f7a.jpg,460,d25e1f2848162bad13d33f9cc354250aac424cd88dd1b0121856188ed2ff02aa,0.058376580476760864,a scanned scientific paper containing only text,0.01922265812754631,low,745,False
train,train/0460/b5c115ab71204513a5bc3030aa70d7d6.jpg,460,594825aa195ace1442b15d3178b624485b0a3cbfe748de14be59151eb7baae57,0.05842892825603485,a geographic map,0.9679762721061707,high,460,True
train,train/0460/d0ea78944c0c486daf04f5ae929a710c.jpg,460,aeb1ea643c4a8304d4988aeb4e0b792f993cbfc7bfa5bba59c7cbaa38ce7673e,0.05976024270057678,a geographic map,0.8580530285835266,high,460,True
train,train/0460/e6ef82e1117d47a28419da411d7fa3cd.jpg,460,0c7f8339ccb72dc9122c1bebaa92abc14e97beef77388a4860e5aa71be22f232,0.05982594192028046,a geographic map,0.9664734601974487,high,460,True
train,train/0461/736f7ba4d1404fdeb073183599bc7dfe.jpg,461,d80d6eef55e2dd27d37c38d0d8e7b1a4b5fc0dc306ef37c24bc138edae8319ae,0.07501713931560516,a geographic map,0.008291894569993019,low,532,False
train,train/0463/19267eeb756041309264e3eaf8540f60.jpg,463,b3c0f1ca5951730487c79de676527cc241bb2bb1a5f2e21b522bd978cf92759b,0.06650562584400177,a geographic map,0.11054155230522156,low,707,False
train,train/0463/838d007470014016b7ac224cc68eee34.jpg,463,07ec72886a6bccd8abd352acfff5abc36b45a83876349e8b16d401c84e6b389e,0.05747024714946747,a statistical graph without any animals or plants,0.0013129417784512043,low,378,False
train,train/0464/772ea007dbb145de9ff3d1fd9766a1a0.jpg,464,9b4ddfb7c9fdc31f7b56ec9b84e531faaad42a0839e0126a4ac9d39e748e8b12,0.07118986546993256,a product photograph of clothing,0.0021846273448318243,low,5,False
train,train/0466/379973a2fc6e4a7faf84f02cd4b0aa21.jpg,466,a45e93d3a8d2da64b78e5177bed1ea5ee8a79404cfec8244627c27faf40b8f76,0.08498293161392212,a table of data containing only text and numbers,0.0006586904637515545,low,64,False
train,train/0467/0aa0d85758b24ce3bbd6d45c6d1305f9.jpg,467,766d80fb9667de92c87085a4fbd0194bc074d119791f9f7ad171396737119c19,0.07958857715129852,a geographic map,0.28759637475013733,low,467,True
train,train/0467/11e073c7175a49439e3254c5933616f0.jpg,467,ef80d08b7846e4a33fe1541d566f4929a7c327de5d67d0a794edae1a25c22a9b,0.05218997597694397,a geographic map,0.2413073480129242,low,467,True
train,train/0467/1ccb9d4254744a30a72b5dbad311d4c3.jpg,467,5de6e3f12cb1cd9b7534bbc22aac4fffe55577fdc555955bfcb489d186dc5ad4,0.07959076762199402,a geographic map,0.510326087474823,middle,467,True
train,train/0467/3b48f78de9e04c99af3ca4a65516a89b.jpg,467,dd78ac7e8513c79f51ee072d9fc9735ccafc07d5f9b86e6d9c65598976bb0bb2,0.0564156174659729,a geographic map,0.48084595799446106,middle,467,True
train,train/0467/c7e633858db646f0b785ac909e178c2c.jpg,467,cd245ed4b3aeaedf10e6ff3e0b3e6bbb2763f55ee588e855cd1b1b244b73ffb7,0.05349886417388916,a geographic map,0.117333322763443,low,467,True
train,train/0467/d39ed80bfaef4ae2aac82ac7dbe395ac.jpg,467,a1140b9fd08b2f82cf33f63fd84765a36b0bbd2fea2978e839b327926ab0faec,0.05348220467567444,a geographic map,0.09672154486179352,low,232,False
train,train/0469/5cc4c85d490b4cd3ac615ad556581586.jpg,469,e2fede51e50c695c3ccea250f605fbc50b324528c31db5d87a88c46a737d7560,0.06514300405979156,a statistical graph without any animals or plants,0.002553184051066637,low,53,False
train,train/0469/8a001ecc64544546bbc972d198d8a7fb.jpg,469,edd11cc0d043caddb0e2532f31caf0cec3b5ec816f207ac2d913459b4808adac,0.0604153573513031,a geographic map,0.011248262599110603,low,504,False
train,train/0469/94db1af34e604dac9bf075a60605db64.jpg,469,3a53ecfdf41528b1aeafd67d4b858c033b9d68abc3d86a646c672894048e677b,0.05031520128250122,a geographic map,0.0031778186094015837,low,350,False
train,train/0470/08a38441ff5f413f84d60c3b2a2b4513.jpg,470,511c909399cd54dedef2bc36d307a13aef3a3c25faf6cad8b288c2ba5da797cb,0.07408080995082855,a geographic map,0.007882802747189999,low,202,False
train,train/0470/a6f6ee7b7e6544119bf326749141356f.jpg,470,57e1aeeea229e3eddfda4c1b21b94124dd663745b50cbc8d94da0749359fcdd8,0.05565136671066284,a geographic map,0.0006976668373681605,low,28,False
train,train/0472/b26aa05736e64fe1a11feb7ee4d8b415.jpg,472,7c58dbf0d7ab884a16e2125b4c6a80838d5569e505a68ff9c91960a7221730b1,0.0651358962059021,a scanned scientific paper containing only text,0.0006756869843229651,low,584,False
train,train/0473/496d4559368d4746a061d9b7811eb9bb.jpg,473,9015020c482076cbcbcafd71dab392838c190f9b31f8bfb74e37976cce77648d,0.07713605463504791,a geographic map,0.47975224256515503,middle,473,True
train,train/0473/4c24a81499c04bacbfb18bcb9b790ca0.jpg,473,974dd83b0f505e054206b3ec0cbd048cce130b2e2035dd0bded1b068d7b2d457,0.08178523182868958,a geographic map,0.3440558910369873,middle,473,True
train,train/0473/f9508d9affb34e73962faed60a50bc59.jpg,473,34709dff29ae89e35c33a254f3ebf345d6f488943dd9c3f7ff6b0b36458af4be,0.07817499339580536,a geographic map,0.06699211150407791,low,467,False
train,train/0475/0f21c393cd794c2cbd07a6e166695ade.jpg,475,7669e7a35dd74f8f34ffb8de1e4ccb011114650165037470c501cca462703fa7,0.061355412006378174,a geographic map,0.7105191946029663,high,475,True
train,train/0475/22f39ee5f7044382b5e3005de5b6ee34.jpg,475,cb1df544b35af7c39ba8a6d76d263f6c3e125d05d90f6baa6db77c8614e2c681,0.0722399652004242,a statistical graph without any animals or plants,0.8048416972160339,high,475,True
train,train/0475/45d674da61694a0d9fa35c05a9f001a1.jpg,475,7b6b4906098f5f81d3a2075890884c9fcf856be9e33478d1956459b0f0bcdae6,0.07001051306724548,a statistical graph without any animals or plants,0.4991874098777771,middle,475,True
train,train/0475/58e3b584604f4a66bd8519aee798e7ff.jpg,475,e740cd5513cbf9cad542ebb1e794cd74d0fd15bcb2dc77860f4fa52699e45945,0.08139413595199585,a statistical graph without any animals or plants,0.6617872714996338,middle,475,True
train,train/0475/e0ce63c8c5d3442887cfa48418d52113.jpg,475,75162b571d105b64a50dcc15a938a392aa08af8e811a42c41cd6deb34bc0e5e9,0.07047581672668457,a geographic map,0.4491604268550873,middle,475,True
train,train/0476/09ea67b4bdac4a9a9c248ad82bf5bd43.jpg,476,4f57aa016732d43ce992dc0f3ab9a7c7784162dab36549b3ba2a6504a0b1c0c0,0.07192389667034149,a geographic map,0.19172219932079315,low,476,True
train,train/0476/529d8fc4c26f4efab3f3a243aa271b61.jpg,476,5fb3ce5fb04db58e3ff5099ac5fc56b37261a50e556c59689b0cf04841efba41,0.07437275350093842,a geographic map,0.16296419501304626,low,476,True
train,train/0478/70a2903014054c2da9a41eb99962a1f0.jpg,478,ca9ceaeaf9f59bc0889aca2d6855d67a19b9c038b715b66a0db1b20118389ec2,0.054745152592659,a geographic map,0.03505357354879379,low,383,False
train,train/0478/c9051cec22d64a3b8b6a85d0e756486e.jpg,478,b26172c7e8a5baecc55962d23f44e34a17440b05e0962388dfae2333c9006a5b,0.08478814363479614,a geographic map,0.011569931171834469,low,106,False
train,train/0478/e25598aeb7094ebb95a0cce2e14984b4.jpg,478,4a4566d2514e058b8629fd76782dc0f16937d43174db89f760c8a025e6338325,0.05399662256240845,a geographic map,0.014481842517852783,low,639,False
train,train/0479/f664cdd3f9c24802901e4b564bee53c7.jpg,479,a1440e8082ae2e076217710e7cef3869b098b8645fd68e85e5e99521ca161934,0.06584437191486359,a geographic map,0.009970329701900482,low,158,False
train,train/0481/2e5aa39ea6904f04bf38c4500e874380.jpg,481,9765d42847ed255852c9baa93c6a24222b2c6298d3471e45a5d12f3eb2a43f26,0.07191003859043121,a geographic map,0.2365078181028366,low,481,True
train,train/0482/bd6b866e83dd440b86b7eac9b5d26b2b.jpg,482,578c0adbe10efeb175a23428b413afb931f90afc0ee63e32772f3f446e35d7bf,0.08901219069957733,a geographic map,0.0610479973256588,low,91,False
train,train/0482/e3bc40caddc949fea2139723687ce597.jpg,482,97ace3938fffbec34e6f782e36611dd43e714cf50e1ae4d2529dfd007c8b1240,0.07492275536060333,a geographic map,0.061239469796419144,low,144,False
train,train/0483/0bad6cf4928944759c92038b7dfee7f2.jpg,483,31630e1f8d11d3461d563d0dd4ea5c6993342d5487f1cc9bd04e17601115e032,0.05585573613643646,a geographic map,0.13555562496185303,low,232,False
train,train/0483/0d42c7b591e44306ac5fcea16e259800.jpg,483,33a824fbffa0209287afee0915d8d8e357fa584b5bdc6d3f25d7d34c18e444cc,0.06375081837177277,a scanned scientific paper containing only text,0.04383557662367821,low,64,False
train,train/0483/1735d25833294206a83726b6aa0f4333.jpg,483,b89aa8e80e5d9dc595acb5c3f2bf4b6b9e4da7f928e2b525fd01411721bfb127,0.0639340728521347,a geographic map,0.09925942867994308,low,707,False
train,train/0483/249c9fc00fc941b7bad089d1859483ee.jpg,483,7e8dfd123e29c78de3de29583aa4e29b4bd0ec5973bf1bec6baa54e299f3d1bd,0.06124265491962433,a geographic map,0.22689640522003174,low,232,False
train,train/0483/393a1938c93b4e508bd1de6d1bc48a3e.jpg,483,929d18c4f3be9e280fd84e13c61579982810f472726677f72dfc7ad1f6ea3994,0.05641967058181763,a geographic map,0.0632198303937912,low,738,False
train,train/0483/c2ae9327387a436dbebb9243793aafdf.jpg,483,b6849e077732599896478e5ac67a171e5225bee091a21e29c74d875e680d7beb,0.06213536858558655,a geographic map,0.3240102231502533,middle,483,True
train,train/0483/cf02ee1d1f28478daac57705e0efa8f9.jpg,483,f758bfba38b1a2cb278ca2e370bf1b92a5c3fcfb4332bbf6e52ce5da69ab7838,0.059571728110313416,a geographic map,0.017572768032550812,low,350,False
train,train/0483/d5e4bd812f474c31805513f34cb32923.jpg,483,29333fd9c9c7748d22e0ea657d354fe6bc7dd3be62bc679dd60b080b08fdd1de,0.05768421292304993,a geographic map,0.04388062655925751,low,232,False
train,train/0483/fc8d3996bcb14290bcf4d3749fe250cc.jpg,483,be4b791b7de926a26782d18147d0a5312eb756e530448550fb5810804bb57260,0.0869116336107254,a table of data containing only text and numbers,0.006712209898978472,low,366,False
train,train/0485/549d08cd5d8545e5a7ca0297c6909d98.jpg,485,4c4995b70f86db7fdaa2c78e0867473388eda8d63240ccebcb969d90877d65ae,0.0635468065738678,a geographic map,0.15683864057064056,low,683,False
train,train/0486/f5834412505c430c81ccc669bb9c5fa9.jpg,486,97c24fa615cc0082788e0d4393bee86e316b6012099df3f59a1d3c01ee1daf42,0.06848828494548798,a geographic map,0.0022738336119800806,low,68,False
train,train/0486/fac4c122e08d409cb7a94c0d7cbdbd87.jpg,486,be97fde862ea4f2c756850dce2131409bfc913e9cda7c34ba5444f54b111487d,0.061086758971214294,a geographic map,0.031185369938611984,low,96,False
train,train/0487/f9bac092f53a41778987769878abf825.jpg,487,e64c87995dbba723c404c7095a64992daea686aaa88ac98a55b7b03eca90f0af,0.0631621778011322,a geographic map,0.024493513628840446,low,606,False
train,train/0488/1ec5d9b56c3847beb93c94d3d88efe8d.jpg,488,8af7c2bbfeec9531edbad35e6251cb2b0c6f610e51d36aa25eaa65dca0e0572c,0.053913414478302,a geographic map,0.03905676305294037,low,492,False
train,train/0488/8fdc0547f2ae40ba8e8faef8edba8a41.jpg,488,c5ced9a9b46733ab5e89a143a25b3d4d00c777a430bd4b8fbcfcd4a45f5219b1,0.07029023766517639,a geographic map,0.3199143409729004,middle,488,True
train,train/0488/cb37e42ea1a54bdc9d2db653372d2293.jpg,488,70327439843337eccf0d3da1f896572fae5fc6836d96166eb4fbaa97b858e982,0.055212244391441345,a geographic map,0.014797885902225971,low,639,False
train,train/0489/101c58735ec345c7a21dc6ec9f85e8a7.jpg,489,ffff8eb83f2439853f028d23ce5a946e8a0f24ac98a70061349f0470257daf58,0.06915037333965302,a geographic map,0.5154523849487305,middle,489,True
train,train/0490/4c704bb418064f7b8fbf7bf51ab2f124.jpg,490,693dfc1f1990526e7f1f373c99fc41a3e250389823401284a713d179dc08b8ee,0.051732853055000305,a geographic map,0.02371017262339592,low,492,False
train,train/0490/a8815f2eb34e4d8992312d51bb75168b.jpg,490,8d8f2cbaa34d32b75135ac3e457f588a025e372c4dad4f59a392b8228a031c23,0.06884273886680603,a geographic map,0.21661444008350372,low,490,True
train,train/0490/ed77495414ad4e3ba7150a19b030e021.jpg,490,b94a0e2a919def9b6ae3e4e57627a9c81f4ff4cabbb54d0b9999a800252421b1,0.06767456233501434,a geographic map,0.02592291496694088,low,708,False
train,train/0492/3c0e412e10c2491e869291add1e6b267.jpg,492,c73bdf16958e7053a8aa429f5a620e6e480bc94c93200cbb3e1fed19d7b04c7f,0.051434919238090515,a geographic map,0.21308544278144836,low,492,True
train,train/0492/725babd51c4d48989963afc486075fb3.jpg,492,dac91a8343842959ac4df972779205532c51549847636897c53faa3c71d8532f,0.05702394247055054,a geographic map,0.13460327684879303,low,291,False
train,train/0492/a1f155e74f494517af00340c437e750b.jpg,492,a1140b9fd08b2f82cf33f63fd84765a36b0bbd2fea2978e839b327926ab0faec,0.05348220467567444,a geographic map,0.012637642212212086,low,232,False
train,train/0492/e2bc087169004c3e8890fc3357ef32c3.jpg,492,bb6e369e23c560c35e151e0165d5d2bdba414d33cd2822272f391ee420e7e541,0.051865190267562866,a geographic map,0.12409369647502899,low,492,True
train,train/0494/461630f1aaab4538b9d67c1feeac26e1.jpg,494,2b9f777961c12eb6a5d3be8792c759b347b76faa60fef5b58f3a966d4ced71f6,0.07127068936824799,a geographic map,0.4154873490333557,middle,494,True
train,train/0495/52b4ca0543224bebae08186b477627a4.jpg,495,e128bd4d21f08ec2442c3116addd3244a6e7e7b0197b21818ec1bcd882b35f79,0.056286633014678955,a geographic map,0.8408004641532898,high,495,True
train,train/0495/be83cc95376d42c394680328777045c6.jpg,495,683f199f8f816e93371b737371647389ffe74dc4261014cccf1bd48a37cf4ef6,0.06656678020954132,a geographic map,0.8285521268844604,high,495,True
train,train/0496/1b23a7897d7243d3bb2752f90cbe3818.jpg,496,7e5603d10cc5e28fdbcf068e9f3a852b8dabf7eceb1b34ac80f379e67b79d6d4,0.05695556104183197,a geographic map,0.38845765590667725,middle,496,True
train,train/0501/4b35a40f6c11438284ab4e54b0b52429.jpg,501,544e24d2840f604d96da76eb754e3ecfafdf5099d6138e11eac82dff861baa5e,0.06905674934387207,a geographic map,0.013783087022602558,low,326,False
train,train/0501/5bb4310078e44a24b1f82cd51cac6343.jpg,501,d2c8ca9b5cc487270cb2ffcace37be51f5ea1ae1804826cc13e360dc69cc3847,0.06906256079673767,a geographic map,0.1313380002975464,low,501,True
train,train/0501/6da76358204b4209bcfbcc9486501bc0.jpg,501,7993f7a2ab9f9b6fcf100f33b3f02f442c554e6e779c75726ba377fb7ba981d2,0.06885528564453125,a geographic map,0.03781969100236893,low,532,False
train,train/0501/da6c92597f6d4f89ad9a25dd3f9d66cd.jpg,501,a1d879410d227ddc375b34b67986ee1c90b8ea74028b1690d163e6dd4eaad756,0.06239166855812073,a geographic map,0.003934951964765787,low,613,False
train,train/0502/c492567352184b43afedb3c307ca51ec.jpg,502,ad0fd9623fff00d58e452a429d0731c9861117c33944938f09039b5f347da76a,0.05434678494930267,a geographic map,0.021913321688771248,low,738,False
train,train/0502/ceecec509e8844ff89712b59bbd71d4e.jpg,502,76a223d0520bd2d31d12990c76d0a8bb139bccdf6c6008064a51570503e4e09d,0.06800796091556549,a geographic map,0.025206362828612328,low,504,False
train,train/0502/fab322e8cf1b4a74ad6fe83d098f4b50.jpg,502,545074dcda5600c4c979309b5c5bfa790ad464978df735f6656d1836626ed8fb,0.06617379188537598,a geographic map,0.007418247405439615,low,738,False
train,train/0504/a010d6fa582b4082b8fdaa5d978b671c.jpg,504,de35b1bc32ba863048ff99a4c2cb1f5df0ab90b942492d2a232c6f9ec689ab3a,0.06447067856788635,a geographic map,0.47248566150665283,middle,504,True
train,train/0512/0e3c30d39e3f43b38b504e2e75ed5c61.jpg,512,d4810a3f0bc407696a352b21e03d8d5a2e77573567a621deca10a81aeaec28bb,0.07222826778888702,a statistical graph without any animals or plants,0.5976536273956299,middle,512,True
train,train/0512/a64d79a314e94e88bdd83dd62a283a0b.jpg,512,0a342c3b4efc3c6ad849999c1549b1b76deb160c49481ef2286983719fdb053c,0.07910491526126862,a geographic map,0.8295631408691406,high,512,True
train,train/0515/0377e15d8cd2453d9ff7d379c5f1edad.jpg,515,6ede8a328cf140c5933b1273081e37036b4eecef771abb8af3f15826035e890f,0.05208371579647064,a geographic map,0.12267151474952698,low,515,True
train,train/0517/8c3002ccaed443169d9a50d8ada20903.jpg,517,b3b081869e28a04703ff84d899bb6c8979efc658644cbdadac6b8a62d153b40d,0.06763109564781189,a scanned scientific paper containing only text,0.004178469534963369,low,636,False
train,train/0517/cd0211f747e74c23ae55492c5fb16387.jpg,517,330fb72ed59505af5af0d7720238c284595750dcb66e5580b33b3e036e2e59d1,0.06663848459720612,a scanned scientific paper containing only text,0.09088730067014694,low,636,False
train,train/0518/9458aa743a934064ad7f1a4eccca0c20.jpg,518,784f4cd96766da121143596a4c06de5b1c2af35bdcf02654341e28071aa8160a,0.06014542281627655,a table of data containing only text and numbers,0.9067338109016418,high,518,True
train,train/0519/93218643a4354093be68149ce5e225fb.jpg,519,a17a51dba6943c85f8d6d0c4ba90254d02d2dd7a9a6d5de8d974d1532e60cb4a,0.05339285731315613,a geographic map,0.0005058458191342652,low,194,False
train,train/0522/9e297fe9aa8347b49b165e3d320f8c33.jpg,522,428810aab018f3a0c62226f26e36f66dab48c8d87f73dced967b4a0d1f3bed66,0.054085567593574524,a geographic map,0.15622374415397644,low,522,True
train,train/0525/4cf34b2b71f14744a8a3c20befa28835.jpg,525,da7ad6d12579103552d30f093b260f06933f3f2066e92e5bfa243e2902c0e27a,0.05337166786193848,a geographic map,0.002977475756779313,low,492,False
train,train/0525/6920ba189c80487e95b69737363837c5.jpg,525,2b20e885d031fa1624816b4f5360c5b6dbe8a9f3a4ae82750d7837d6a95f921c,0.05707196891307831,a geographic map,0.0279356949031353,low,467,False
train,train/0525/f52e64b6ab12460888ca3ffbbbec337b.jpg,525,5ae00b4931d039ab140ea2a000d8354a7308ceb3959c1c90033cbc20cc43e1d8,0.05800105631351471,a geographic map,0.02256624773144722,low,232,False
train,train/0529/f753f67d84ee429e82f49904318187eb.jpg,529,49b4922051c4e31601e12b719022b227822125c88d260b067675ee135b23abb1,0.050815314054489136,a product photograph of clothing,0.025306962430477142,low,560,False
train,train/0531/3805779132534ec9a02b0fdd7d747d83.jpg,531,fd05808cb4e34485e9fb0556bffb9868521a247d9b10b70e4bd419e0bd660202,0.05781777203083038,a geographic map,0.007871079258620739,low,232,False
train,train/0531/bd94263d338f4d67b93973d074ebbf2b.jpg,531,2bcb32d19726fad29155b1e0f10835157d485ee2f86bd54d1edf31d1cfcb6d69,0.07080483436584473,a geographic map,0.2532484829425812,low,531,True
train,train/0531/be87bad799284f11a906c0c0f872f110.jpg,531,037f78c392c712f7b3ac33045e91e7714a018cda7f18f3e3211454ee284c175a,0.056848883628845215,a geographic map,0.7755535840988159,high,531,True
train,train/0532/2096169897644ebdb76f392cb0a944d8.jpg,532,4eaa9dca113ede84c850b049c5262e21cc43c4728549d43d5d27bc18b0c3abfd,0.050381824374198914,a geographic map,0.48565202951431274,middle,532,True
train,train/0532/4a92f235c4ce4f5498d614f30c95a15a.jpg,532,c52481050928144a9aeed2e1e36965cf30f5da37f7cf0f0e49547e8c1b4e83a0,0.06729765236377716,a geographic map,0.8649901747703552,high,532,True
train,train/0532/5e39a172831f4da2bf524de6c62231cd.jpg,532,a91b687396526f33cd4dbb9eec107fdf146cfff7b7fccdba33e08fd3bd46fde7,0.0629454255104065,a scanned scientific paper containing only text,0.33086565136909485,middle,532,True
train,train/0532/6588f8579fa44fd198148e79488e6fa5.jpg,532,0b49a1dac499e7a310e93aaf7ff5d49fa90ae129a735bae5ba890c4b7a0071f9,0.06389173865318298,a scanned scientific paper containing only text,0.6324750185012817,middle,532,True
train,train/0532/aa9ea3eb97b240d29d2bcf246d9bdd2b.jpg,532,ac9fadd6b8fb2db0538669ab0e91d4ecc397919d0281e58a85f77c91ceefbe33,0.06516638398170471,a geographic map,0.5299949645996094,middle,532,True
train,train/0532/c6f001aafe014e8fa89efd356f0df20b.jpg,532,189f6869c2bf37d7a845af35b9961d15e7928595e38813128e11caf77911c46f,0.06644169986248016,a geographic map,0.7175161242485046,high,532,True
train,train/0532/dea6a9cca31b4009b4871ddd27942198.jpg,532,9d05c0c6c72e50d7a4a5071b6a3b1f6868c54eb2699e3d3aa580431a8b47b4c4,0.054528236389160156,a geographic map,0.834805965423584,high,532,True
train,train/0532/ecdd6f8fae074efab1952b8dcf6851a2.jpg,532,bb8b8e9b31b75cc93f68a4bc671ce6e1f0b8705328a34cbb76428c01669b56c6,0.060118794441223145,a scanned scientific paper containing only text,0.8189737200737,high,532,True
train,train/0532/f42c9797568c41419597de175525deab.jpg,532,ae207ce098e9b2b469504136d3cd9512cea6a61a3f8046a1c544a282de7e551f,0.05666002631187439,a geographic map,0.7253212332725525,high,532,True
train,train/0532/fa99b00b7e6242f5bda88e3c49b05ec4.jpg,532,d1c5906e513df85f5f6dd9d79c5059acf3330f39e55de0fb9174a8b9ecf9620a,0.06622910499572754,a geographic map,0.8175573945045471,high,532,True
train,train/0532/ff8e8b02fb0d47cf933d0f5bebd49db4.jpg,532,41fa6a254fdb6fdaed6d13be8e247ab86e4f8b5c77d5cd0b1f5a178ff4d39293,0.05184991657733917,a statistical graph without any animals or plants,0.9685559868812561,high,532,True
train,train/0534/cb633bf417bb4c2a9fd10f3adeb0fc94.jpg,534,ba563157f06c28b0ee77866f4f807e40e9d57de677f7405d6c02ab11825082ac,0.057630330324172974,a geographic map,0.0035534866619855165,low,234,False
train,train/0535/106da8a8ec5448f3aa2ff0fa4e33499e.jpg,535,fd8e5b2963ca1a3ee9628db4ababf7686fb48df100ce9732111e479fd2970579,0.061904385685920715,a geographic map,0.04605014622211456,low,203,False
train,train/0535/2bfdf5dd6c314abab602f928c11d8ace.jpg,535,31362358e33a49503b27e42a71472275a573e95ca93c106fc45f43286f471d1d,0.05900450050830841,a geographic map,0.13298876583576202,low,202,False
train,train/0535/3089de4b6b854436ae074e7f5b98613d.jpg,535,ece0a6d045ba373189b7563e1f1ebc3d82a722b44a1f4b9e6207cd1e16f544e4,0.061391681432724,a geographic map,0.20172913372516632,low,202,False
train,train/0535/7a05b12e6059440bafd8a0ed06863b3e.jpg,535,5f7ab0079fca5dbc83c95288ad02dfe6516df9140532fd75d306583100ede1de,0.07969759404659271,a geographic map,0.21981346607208252,low,202,False
train,train/0537/2b937dbb13f0452685f9defc0e787d88.jpg,537,112e434750ba4bc2ab4ff9199eb5f116a2221e5bd5818a906d0f9c26a45b1325,0.06699290871620178,a geographic map,0.016206128522753716,low,116,False
train,train/0540/99d0d0b632df4ea09b7e5950511e1b6f.jpg,540,73da14255e1edad5c48da0220ba3b8b2cbf7dce37642db45175eb138b5a394ae,0.0679878294467926,a scanned scientific paper containing only text,0.0047646076418459415,low,745,False
train,train/0541/d24e550bf50d4c0aa987c27a9ac6b961.jpg,541,1d21824ab5b7e0d4b61654bb779ac5ee684d2ae6078ede209a7f3c9fe05fdc95,0.05242295563220978,a geographic map,0.0019715961534529924,low,718,False
train,train/0543/1d022044405245e381af770131c21eac.jpg,543,abceb3abaf48dca04129c1414adda4098bea2de57cc243e01cbccd68c192146b,0.0638573169708252,a statistical graph without any animals or plants,0.003943452145904303,low,378,False
train,train/0544/e53e977d264e4f9c9b010fdd72dd7f21.jpg,544,c4e36729abeb7db9c87f600a1549a49529aa771c08777895475c54ccdbb2675d,0.051602184772491455,a scanned scientific paper containing only text,8.835914923110977e-05,low,53,False
train,train/0546/1af74b4be9a8429d8809a90368b80e35.jpg,546,120bbfb45a627f20eee5ac84c1439119817eb68c6d6a510e1d4ad2ad78267766,0.05614498257637024,a scanned scientific paper containing only text,0.0018780500395223498,low,378,False
train,train/0546/faae1f6e9b244c0abd1359ca6fdd4c2b.jpg,546,b353d011011d5737c662aa9e39b8c5d5c3b3f4525d4425b4070c69787154050a,0.052776142954826355,a geographic map,5.789634815300815e-05,low,492,False
train,train/0547/4057c30960ca425ba8e18ab9ff36dcad.jpg,547,30c422272775255db64ef7b197bf15be1ceca08a39d2d66cfeb46d82e21cb13e,0.05557769536972046,a geographic map,0.16931399703025818,low,666,False
train,train/0550/141855a4d1de4f2ea73c5ec5108c0fd1.jpg,550,03e9a88b5b16ee887657dd09f8fd7fbaf528f0fc53d30e386c73f61c75758671,0.05553191900253296,a geographic map,0.8649492263793945,high,550,True
train,train/0550/2a99328614584b7e8e0c838ebad74310.jpg,550,2feeeb647ed8f7c051fc967e0e6cf41c3ea8d0bc7cb50174a352636bfc991df8,0.056586265563964844,a geographic map,0.771600067615509,high,550,True
train,train/0550/469539920b2f4fda86baa7169167a6d5.jpg,550,13449c57b0a33125df0b9e10a95eda89cca6729552c12f17b1e76497d063b7a0,0.053301677107810974,a geographic map,0.5347098708152771,middle,550,True
train,train/0550/51a80bd30fe04905b3545f4cbb7d5bdb.jpg,550,db5ce1078409a408eaf50ba00ebf5808265b87d5447d29495dbb2cc9ee5e6a8a,0.06070117652416229,a statistical graph without any animals or plants,0.8241730332374573,high,550,True
train,train/0550/6a94e0f18b3446ff9e3eb440f5219716.jpg,550,4c76c5252728503028e591e316cdf7e944cac58ca8728e5f1ec5c9f0ce6fbd4a,0.051610469818115234,a geographic map,0.29675546288490295,low,28,False
train,train/0550/74abfaf68c4845aea5dbf6ff2b495b90.jpg,550,8a2d565fdbebb168231fa115ef01b8f38fb8451182ed7fac066efccca243e8cc,0.05226917564868927,a geographic map,0.7762333154678345,high,550,True
train,train/0550/83c9e91f3fb4454dba93159e6f9b9efe.jpg,550,1c4838fb194bd76d912b6eaf63caae1ad3dc66a4f270ee03295f292f5b4c650a,0.06650009751319885,a geographic map,0.4952335059642792,middle,550,True
train,train/0550/873fa3aef7a74c81afd6058fc3962180.jpg,550,f70e47faf8286a10c4c8185950aac28493ea5cc83a9d449dc718e8cb2c856b50,0.05956706404685974,a geographic map,0.911062479019165,high,550,True
train,train/0550/91ab32292c48464b9590745ae20f3064.jpg,550,11604260bc9f2f0ab564f5515c6ef4f715931bcac5084df277ca118cedb9ee5d,0.05464133620262146,a geographic map,0.5898875594139099,middle,550,True
train,train/0550/c004cbf148bf45dc9855d4038cd44b71.jpg,550,ae96b907bbd501c57e85fdd25c741e9e265d33c7c80641563cdc8deb454f1c20,0.05972801148891449,a geographic map,0.21720895171165466,low,28,False
train,train/0550/cd831a0c3bf64f369d2b628cbb627ff2.jpg,550,fd60a4671335fb34b28cd813fec5dfe1e707405773cb117b1a26092563861797,0.057395875453948975,a geographic map,0.158285990357399,low,23,False
train,train/0550/d68d4f1cbeb14e7080c38477e85d6cef.jpg,550,ce26d20da90164f58a0cf7357fa46de84f76e5ca4595c076771347e8cec78e2c,0.05137309432029724,a geographic map,0.31537768244743347,middle,28,False
train,train/0550/d6d6b57a5fbd4e28a1ab61b97eb73de2.jpg,550,77c81232ab9921bc5a813696093fc1797441c30614fabd7175b4576a46df08d4,0.05875161290168762,a geographic map,0.19098789989948273,low,28,False
train,train/0551/0ddfe14c2d7e4f1889915f9d4ab00ec6.jpg,551,38465b6a8d2f9829df8e785816eb584b1680e467221aa421c5c8629bcf51df45,0.05922675132751465,a scanned scientific paper containing only text,0.0073126694187521935,low,378,False
train,train/0551/210890d945c149a993d9db8fddf26566.jpg,551,8686394fc20493cd32c34f7cac3a03022c221de7041923abbae407d9345efc78,0.06639949977397919,a scanned scientific paper containing only text,0.0012670035939663649,low,378,False
train,train/0551/616a28d8189f44cab6746f3af1adcb6c.jpg,551,2a7ae1dfe289f3f51e395ffe3df316902af6d7b170eff09c230ab7188a4340ba,0.06114339828491211,a scanned scientific paper containing only text,0.0021271375007927418,low,378,False
train,train/0552/187eaf970371410fab3cc801b11ae51a.jpg,552,9ac41aecf25fdddae5342b269dca1e0b95ec32edf48f7f6900e629436b0947f2,0.06016777455806732,a geographic map,0.03485698252916336,low,613,False
train,train/0552/51deeeceb13b4d1693eb9fa999306c10.jpg,552,5a6005bd1f7cdb92af73228bcc4a344d55ec4159e933623758b834cfddf90a05,0.05178026854991913,a geographic map,0.18911893665790558,low,552,True
train,train/0552/93c7dcd19d994e38b40f937b81587cf2.jpg,552,c7c54a377ad1db2da158e7721829a65f806c2ba21b72b73220253f2109fbad10,0.07247605919837952,a geographic map,0.004574045073240995,low,606,False
train,train/0552/fb1394ae047141b598d3dc25e077d104.jpg,552,85379820ea8c23ec22ff9d1e03345e959244ac45bf4bd725886310e7835fd16a,0.05347433686256409,a geographic map,0.023930978029966354,low,492,False
train,train/0553/d12ed8b853f04db0a9a799fe8492391e.jpg,553,609fb241216cb9be85b63bc6edb91b2d1926c1d984e3a23fc5093a04d6d15d02,0.07227414846420288,a geographic map,0.008832821622490883,low,743,False
train,train/0554/0bb4bf9b1cab431684c3e3a08984e632.jpg,554,df62229300d8bb0aa5cc7ca3a3a13f4f3e6a61bcefdd2a71a065c1ce891f800d,0.05595855414867401,a geographic map,0.07041306793689728,low,554,True
train,train/0555/43d2ab40cfbc4e2e977fdf704c96324c.jpg,555,ec0f2edf74226d0104f692904eb85d55c3e928af1b7a987d77602c29e49c7ea9,0.05036722123622894,a geographic map,0.0012110787210986018,low,31,False
train,train/0560/04cde1bf0fa04981a5b84a52c95c9e1f.jpg,560,b66c8289816cca09dd26b8d96b96d17a5b9e9729166f966b809b54f53469f004,0.053796157240867615,a scanned scientific paper containing only text,0.9105385541915894,high,560,True
train,train/0560/2dd29c45161b44cbbcb9adb8c7a2a5c4.jpg,560,5d5cd741b190c538603a452ae68f988dbe51d4682f0ed981fc00bdcaf566cdd7,0.0673094093799591,a scanned scientific paper containing only text,0.04773860052227974,low,112,False
train,train/0560/7ccdfea685ac498aa4ed9683665e50ee.jpg,560,c41625e6a79b7254bedaa0b96b160a4b9d4eb06f856217652c34b8c203b2c30d,0.05977931618690491,a scanned scientific paper containing only text,0.4430748224258423,middle,560,True
train,train/0560/9ec6236f092e428abd86007b6e6a8292.jpg,560,d4d1c1a7a39ff0c997e080d5ac1e8932d9a17cfed9d803c47aeab45c6e19e0e9,0.06804615259170532,a scanned scientific paper containing only text,0.2776930034160614,low,745,False
train,train/0560/b5bdfee522324bbdaa8c1ac242a19641.jpg,560,9f5c34d356b1eab599f3c6c394ec04f80e1e6bbef61668055d64c236c8fefba5,0.06592351198196411,a statistical graph without any animals or plants,0.6477631330490112,middle,560,True
train,train/0560/e1cd0603df9a4e28b7c3908be13cb9c3.jpg,560,5986a084c62a9e3962c30102da5be6368a7135b75eb0042a99b892861f79df29,0.0862114429473877,a scanned scientific paper containing only text,0.8303732872009277,high,560,True
train,train/0561/2416d751fa764ebdb8964efbd731315d.jpg,561,e946c9ca2ad50af783b6f243341c00d3211d7e372062cd40fbfbd1043ae2ec82,0.07349951565265656,a geographic map,0.07699266076087952,low,144,False
train,train/0561/d5044f89579c422bb306b29026940dea.jpg,561,fe0bcf3c2a8f82366ff24ed689355ce021f8f0e89cf0b7cea7a2b1d80b72c863,0.08781599998474121,a geographic map,0.00665303086861968,low,91,False
train,train/0561/f6163bb4faa1429ca4871e4c4306d535.jpg,561,e771dfe7f8f4b09c11de59de8ab1ef0f8649fc24dc8716343b32ab0fd487d8f8,0.0720568597316742,a geographic map,0.03246632590889931,low,144,False
train,train/0563/6326cd90f0ff45f6842719fda589beb7.jpg,563,f5b7a45a191d7df2e6528ca670f523b6e66aaecac5b9d50eb8ab86d49653a882,0.08321373164653778,a table of data containing only text and numbers,0.021923644468188286,low,12,False
train,train/0563/cb160625ff4e47c49621133c34f83cc4.jpg,563,48a3eb98a6ff0e6ee4896886f84b7290336324b0fb73b0fba8386795a490893d,0.06717638671398163,a scanned scientific paper containing only text,0.05912371352314949,low,112,False
train,train/0565/26a8d1b675874156a9c862851b3bb830.jpg,565,8205fdd34afab695450b63ea02d374d5a894b68931170abe406747b7c85c8dd1,0.05224618315696716,a geographic map,0.7293999195098877,high,565,True
train,train/0565/6c54b0e2db0846d999c65249f1639c38.jpg,565,e61934d141c80afefd08fe56a0dae466bcad726ae6d8dfe233bf79cce6937b57,0.05364082753658295,a geographic map,0.8643617033958435,high,565,True
train,train/0565/92ae69b8bf3d403da291f7166129e866.jpg,565,23dd0e2a04bd21935c22db4f95d3a04fb8127d45e7e7abf33a887daa9a594c53,0.06773528456687927,a geographic map,0.21041645109653473,low,565,True
train,train/0566/c0804b41328c4662924fbca58c153d79.jpg,566,49f2ad1aff1f2a0692008487203edc232ad04414e380529bfe475792c2dcfe0a,0.057230159640312195,a geographic map,0.001354933949187398,low,738,False
train,train/0567/2a01c87c1d6f4351bb875b3b1ef70c7d.jpg,567,fc14da8d06c4011602d21adb06f6144fb0fa235a3deeb72f1c342a539c3e0f4f,0.0550534725189209,a geographic map,0.18453136086463928,low,567,True
train,train/0567/b161eaf28afb4a14bb13571956eb533e.jpg,567,b8a20dec717e9cd53bb16c33362bac5aa42cf9c0075456710f098c308f990dea,0.05338923633098602,a table of data containing only text and numbers,0.030564051121473312,low,86,False
train,train/0569/4a1580c746de4d3596c94b7351fad621.jpg,569,28a9e7b44427ff820feb2a0a6101b1781442bc5029ce1d163c8f444cd29a12c8,0.06781920790672302,a geographic map,0.0010913913138210773,low,144,False
train,train/0572/b0dade9c53a848b693b8bf1ca4819c7c.jpg,572,fe69c44b65b0041e36876864616108b4c1b49336f55bee8214c854741d97a7c1,0.06953927874565125,a scanned scientific paper containing only text,0.03439541533589363,low,636,False
train,train/0574/2b600370543048d0ba262f83a22bd1ea.jpg,574,b88fb70bd4610030bdd73d111fbf64d6e5cb8863cfab24a1b4ae5f6fbbb27425,0.0731372982263565,a geographic map,0.01667136885225773,low,228,False
train,train/0574/9683d69847a1460eb942a6655bddbea4.jpg,574,32df60508ebd74ca51b27263a746814c9feec6b02f9de076eb8b8dfed89e2487,0.07598273456096649,a geographic map,0.017498988658189774,low,483,False
train,train/0575/ba5ccf332c314af092a3244c19ee53e4.jpg,575,5c92ef0742e85a69b4a69958650109970e7bec8cffc77da64692ccd9b4b216e0,0.07681700587272644,a geographic map,0.6765993237495422,middle,575,True
train,train/0575/d1fa8ad68d2a4423904ebbee4917cc3f.jpg,575,bff4daa087b11b7e28cd307a68288067233a326fd6cee58eb4e923581790e6df,0.06725087761878967,a geographic map,0.0020408378913998604,low,164,False
train,train/0576/8841805041b5428d8d80bbc0ab1d9e6b.jpg,576,5a58d88fcbd2891fadd381987bdc885a44810c56e01907d1f96c6b67c7696a63,0.056196510791778564,a geographic map,0.010909206233918667,low,350,False
train,train/0576/be4234add16447e595dec7936bf2d7f7.jpg,576,6d7bd770741669f6efffa08f80710428b25abbf294d70b192d229e0a7241ae0d,0.058283135294914246,a geographic map,0.00163915881421417,low,232,False
train,train/0583/b04004370a9a4b0c9b9d2d998685d20e.jpg,583,dce2c959bfad8e5735656e714c51d5f72b22ec328f77398a06de65ccfb40ce4d,0.059159666299819946,a geographic map,0.058939918875694275,low,140,False
train,train/0584/03ab26cb109c408aa42e5a11aa5a4eed.jpg,584,1953672b30756ad7ace532e7f9208c336e49ce034ee0257259b78ce0d2671e4d,0.07656244933605194,a table of data containing only text and numbers,0.5360167026519775,middle,584,True
train,train/0584/0e1579e6b7f24358903fdbda15b90bd2.jpg,584,905ace729df7a700adeb4e4356f53ceb93c31a6870f8e45e94e144ed3650fe84,0.06039854884147644,a scanned scientific paper containing only text,0.7555415630340576,high,584,True
train,train/0584/25d4b0a22cec4dc5a64083c477810363.jpg,584,1a24b2916ce95a52f897228c348cb701584db03311dac82a3994d3772c716c19,0.05855169892311096,a scanned scientific paper containing only text,0.8581185340881348,high,584,True
train,train/0584/2b2327c276bc42f0aa2f0bef33040b15.jpg,584,187c293c185925f73f4e6d38c5fc2768e4ae5ff94053e9fda70096dd1760c840,0.05764618515968323,a scanned scientific paper containing only text,0.9492437243461609,high,584,True
train,train/0584/344dec44a9b6489eb7b2026fd1644ac4.jpg,584,c4139a571f39d7a00a521d37aaa1af270e3b6817931fc2d57e48222d428796ed,0.056937336921691895,a scanned scientific paper containing only text,0.006175465881824493,low,378,False
train,train/0584/6d78a61d88d14f25a87ec64b73c3ddd7.jpg,584,cdd6546ef53a04c60d5ad017b2e8d89faea1ab757bac3fd9fcfca9749d77f218,0.06647008657455444,a scanned scientific paper containing only text,0.39659440517425537,middle,584,True
train,train/0584/d8809b79eaa947faa597fd968b5012ef.jpg,584,4cefde711e6c8c34790f2c012ebd247ce0113512113c39fbf0ab8df06f813012,0.052449166774749756,a scanned scientific paper containing only text,0.3970215618610382,middle,584,True
train,train/0584/dcbcb1d923e744de82de59451596c572.jpg,584,31fb1b47637bfb478b9574e988136873e11a4e1a57be9d9b1df5f0e4693a563f,0.060736656188964844,a scanned scientific paper containing only text,0.03389175981283188,low,745,False
train,train/0585/f6f88a00aac74aa1a4b61a8cadf9d603.jpg,585,50cc7db83e5594ca9e122b0b91e679eba4640c0e92bf48ceac41c4e3de64d284,0.05335657298564911,a geographic map,0.001378206885419786,low,352,False
train,train/0586/b4882c903a2646098a0e5c5d14917c73.jpg,586,877a7f31b7796734e8201b6748ecb70faec9e25e4b86589dd8d80edf115fa951,0.05316205322742462,a geographic map,0.0005102357245050371,low,232,False
train,train/0586/e4db61f887284439a0aa9266f42c0fc0.jpg,586,8a36d42e2410b98db2e2a2fd2b55de51cbeedba739bd0d8f1181345131e9196b,0.05154293775558472,a geographic map,0.0012701785890385509,low,456,False
train,train/0587/b408272838544702ba97d84928eb02d6.jpg,587,8b00b621a58578cdd6cc21bd64696095ef428dc4655f2891716093fb4159f56f,0.055576860904693604,a geographic map,0.00582904601469636,low,438,False
train,train/0588/971bf50ba27c49d495275a754cf36b58.jpg,588,79beebd918d1f0123dfd11ce5b3ce0082818ae4f9d1e22f87a4ba3dd3ea2e824,0.07927928864955902,a statistical graph without any animals or plants,0.002306279493495822,low,403,False
train,train/0588/a345b2f849684029b8744f85a04dd243.jpg,588,64fcce4a90adac7b764fba7254806e2f3b806fdb96d11de01d059a3715bb1767,0.0634269267320633,a scanned scientific paper containing only text,0.0005617057904601097,low,146,False
train,train/0589/29f5abf552454c49abcdc502959c98cd.jpg,589,847408795c39a44cc5f5550c8a6f52b45c38147acfa00f48fb997347dd8c7e04,0.07390795648097992,a geographic map,0.6134265661239624,middle,589,True
train,train/0589/dae716c1aec948448de485a3c5bf9ade.jpg,589,0b5e89c01011a9a5d683b0c76e1705afc974f8885617604b85e8a067509ee9f1,0.08379711210727692,a geographic map,0.6090947985649109,middle,589,True
train,train/0591/02e8bfa869d34210a3d6ff04cf0e34fa.jpg,591,6e8d56b69a6a479cd3578a67d903a5e27b5355ca8b7e99ee3a830b69d1f410a7,0.06053487956523895,a table of data containing only text and numbers,0.0017815061146393418,low,378,False
train,train/0591/0e4e8ded5d1f4935baba71266b435712.jpg,591,0df1ba93e97c22b1eb5ca7505117e160535ecac6be9de02808a061193187d3d8,0.06747940182685852,a geographic map,0.007402523420751095,low,721,False
train,train/0591/24929acdecc940a2901a0c2a63b6c848.jpg,591,795fa942e075a1fee637378af7c70b54f7e7fd97a4ad174ca83c64450bee76b1,0.06684985756874084,a geographic map,0.6912422776222229,middle,591,True
train,train/0591/b7a3238edd0047afb257af28f4b8a3b8.jpg,591,586e45efa471d6ba9565fc364bbc13533a114d89eec0a83171c3c0cb58cfcb2c,0.0635177493095398,a geographic map,0.7264750599861145,high,591,True
train,train/0592/9a998a7bf2aa452b839ac5826a271316.jpg,592,6b1a36ca4df9fb73376b7d8bb67e5d123665505c2a0f587cda81c87ec7128732,0.06384894251823425,a geographic map,0.0006674727774225175,low,383,False
train,train/0592/c36bda13186047229ab3f5e342864f47.jpg,592,19dff60cca49979d2217fafdf232c9435d4a2b5adca42cbba317965d79a41bac,0.06653004884719849,a scanned scientific paper containing only text,0.03232976421713829,low,53,False
train,train/0593/0c1640c66ce043f893bedb689d14ba37.jpg,593,84e6c116c4c75fcf60968d551e38686c44ac0776b638cedb3fc3aa8697300e51,0.051576167345047,a geographic map,0.023740539327263832,low,92,False
train,train/0594/7e942176bf944371ba7690a24c83c654.jpg,594,001130aa2e083712bfa8cbc2fc8618faf83915f06a18832f1db2247932e1fe97,0.07401590049266815,a product photograph of clothing,0.07267466187477112,low,419,False
train,train/0595/4ea64e003a904c16af8aa81a3be4c17c.jpg,595,2775857b3d2a601b9117e13f19909347c227e1d5c6174b620e0b377328fe2311,0.06193549931049347,a geographic map,0.0015846138121560216,low,366,False
train,train/0596/3f79216ddfff4170bf6c04647b3b0056.jpg,596,99f2f59f5f9a945f7a354287fa899794d8bd469b619c08b06544c7142b4cb6de,0.05563436448574066,a product photograph of clothing,0.005234867334365845,low,152,False
train,train/0597/eff11fd39aeb4811be75a3d228b76b5f.jpg,597,b135e349cf28d604106efaae16541d1f9f05cdcb064e9057ab6b6b86f9af3857,0.06170506775379181,a geographic map,0.030286293476819992,low,605,False
train,train/0598/fa327330f7cf464e886954b87e660278.jpg,598,0341a7992f58dee7ca81dae1ada2bc839414fd1a49333949fd135caa3fdb1a9f,0.06170348823070526,a geographic map,0.578995406627655,middle,598,True
train,train/0601/9b0a65dd157d439289253d15bb437521.jpg,601,7f03158cb127af06e8a1340dd893930b39930791a3bc6e582cb9a92d5c225c58,0.07951231300830841,a geographic map,0.00708409957587719,low,144,False
train,train/0601/c9e83215b4124ee3bb1311e5c9f11853.jpg,601,24831117d3a811bf17acd0763bd6262f1b9e21c7088abc2dc302a1a77c5c498d,0.07481984794139862,a geographic map,0.02804161235690117,low,476,False
train,train/0602/5d6519db1f50499c8c6ca701b4b0771f.jpg,602,786ced6d764d995f6ebed2c39d020d343967eb1f34279af1bc6deb842b1138a3,0.0706799328327179,a geographic map,0.035972896963357925,low,36,False
train,train/0602/5ff5fee2a2ea4f14b03cfaf31749a643.jpg,602,53807f19dcb2f8cf6caac4653b03a5cf71c64030747c983006856e2078006f61,0.05226680636405945,a geographic map,0.6511407494544983,middle,602,True
train,train/0602/a33231d9eede4601a46cc91b172ddda7.jpg,602,a555d6202d3b1c23f13a778ce9b69372a08630d090ce91f788b5f1fc0fc6ff62,0.07355718314647675,a geographic map,0.05321909859776497,low,326,False
train,train/0602/bc2fe4d3d33442f5b10804abf9277446.jpg,602,4b91400245f079a7f970e32d5684e430855fea2f34987605724a7212eda2957d,0.05188623070716858,a geographic map,0.006956469267606735,low,613,False
train,train/0602/dc613d0f825a4137ab1fd248e92b0176.jpg,602,ef7911229d336b72c044246c09b962361856a68e249b632c7505f2d4406eda8a,0.05685985088348389,a geographic map,0.2887633740901947,low,602,True
train,train/0604/24d13c9d9bc04dd19bc76cc1a68ec228.jpg,604,fc85696ebaf83111b05d3a6a03f5c42e90eb3c14ee2ca69aba1130297cad39cd,0.08694300055503845,a geographic map,0.0054845865815877914,low,91,False
train,train/0605/dceaa7c910a844e9b559628b56a2c7e1.jpg,605,f839ea7bacf6ce685e44b17d43b9bd7136753533666660047f89ab3802cca0f6,0.05934806168079376,a geographic map,0.030892150476574898,low,612,False
train,train/0606/4724c72e6b6f43f8bf30aa576f370bfd.jpg,606,2eb41fd106d79d8ec5584e0bdd7f848dfe77813d859989bb2157497583d422c5,0.06856253743171692,a geographic map,0.29506582021713257,low,606,True
train,train/0606/51ed12574e24415191972824bdab420d.jpg,606,71a42b4103065c8e213898a30a027b3688178da492b951a3ff369182cc211431,0.08170503377914429,a geographic map,0.1912248730659485,low,473,False
train,train/0606/bb05c7f3974347cfa8134537554a0c1d.jpg,606,e74461686f96ee812b2ff1a3359995d3af065befc529babaa13f8e38d659eef1,0.056907445192337036,a geographic map,0.11808524280786514,low,232,False
train,train/0606/ce55b6f28d8f4e4998bf3a2f23e1b66b.jpg,606,b0ff7d76445adb87305aa6dec09891369b1a10fc01ec9ea9c2f479df69626d31,0.0742167979478836,a geographic map,0.4094560444355011,middle,606,True
train,train/0606/e10a25b5f8e94538bfb2a0a3853f0e69.jpg,606,3801fa7179878d4104ea80b2ff466bb709cb89efe3db65a7b9de76ad50be448c,0.06103597581386566,a geographic map,0.8848136067390442,high,606,True
train,train/0606/e7fac1288c944c5587dbebde9394b81c.jpg,606,2a380e2d6d2a1734191724ebd04dad373230003e4367104b8aba87a723f16a07,0.057977721095085144,a geographic map,0.14548897743225098,low,606,True
train,train/0609/10b2fd050f094516acc7254aade73a39.jpg,609,ff1f77f5a05fcaa08cb2a3474cf9401f475c3dae8228467835b764417e29b26e,0.07835407555103302,a geographic map,0.4871676564216614,middle,609,True
train,train/0610/1ddfab7f67d64b0e857848cdd37ac140.jpg,610,26beb2e4c73431d3ac513be22e46d7110a478490f09e3c485d2c103e3878b4f2,0.06552726030349731,a geographic map,0.10448522120714188,low,385,False
train,train/0610/383f26064110436190ca2d51efe5240b.jpg,610,07eded5bd80f050e3c9ab6738218c19e9832f7b584bf2cdf9e5c80069b1ea423,0.05916304886341095,a statistical graph without any animals or plants,0.9228413701057434,high,610,True
train,train/0610/aee7caac63f04f049a9e5f13872bfe72.jpg,610,74a4c8125a63fac9b228f0728870c4c6dd9e9d35f28dd736a50c315fffe97e86,0.05157606303691864,a statistical graph without any animals or plants,0.9418279528617859,high,610,True
train,train/0610/bb6b637556ab4931b68e80f5ed037651.jpg,610,f922a25ab00e3038689b5fbde373e05b49c5420c3b6178b0f3053a9877cfe7d1,0.05831362307071686,a statistical graph without any animals or plants,0.9187633395195007,high,610,True
train,train/0612/473af651cdd14207a1c87660b6c8ac49.jpg,612,feed416f8cd2f7cfdd3aca1323ae40a3f87c96f2b85dd9d0aa7dd85ae0ea5603,0.060179680585861206,a scanned scientific paper containing only text,0.03548859432339668,low,745,False
train,train/0612/7d97d527d3ca45e08b9af20a0e232ddd.jpg,612,518198eafe4d8f6165a8de940004521dc0370794055b6a278ea53785294b922d,0.06414301693439484,a scanned scientific paper containing only text,0.0004167618462815881,low,636,False
train,train/0612/7ff1a4e2eb1c4e0f8c634203b8d89893.jpg,612,21ffccff72c1946fe45a40fb5ddb70993c1080a3e9b77152d0047826cb0f3b92,0.06477442383766174,a scanned scientific paper containing only text,0.014760610647499561,low,584,False
train,train/0613/0138928f44a14e7db878091188dcd5ae.jpg,613,4bdecf77ee5b5ad6f50c5a1524feb8faa01659907ae6bea3e87db8b274e85c75,0.050395622849464417,a geographic map,0.007484274450689554,low,492,False
train,train/0613/287d3502f5df4e2f9d797d0efa2944d3.jpg,613,3c82fd14cc7bf91a9f6e1c46f3439dec36a7faf49d720d092435ebe9b8db5137,0.05868484079837799,a geographic map,0.13314954936504364,low,613,True
train,train/0613/3180aa4126574ae8bea98185f2dfe297.jpg,613,709024ca002e5210bab4c67fa887c7316ed5758f82e9dc9b4be6b787cca814e1,0.05558459460735321,a geographic map,0.0054474277421832085,low,460,False
train,train/0613/94386c4d955a4756b5566c93838f0910.jpg,613,b050f8a7898833eafe27901c8098bec4e965c881dd1422eaab6e67052b2d7670,0.055652230978012085,a table of data containing only text and numbers,0.003686225274577737,low,726,False
train,train/0614/c6c5c259edd64a9086c556aad1f9cdce.jpg,614,45fc1a369be547820dd585f86cec5eeb5926c689f673f321cc8ebe4264b3b4fb,0.07476595044136047,a geographic map,0.5545449256896973,middle,614,True
train,train/0617/ec66b1cfb2b643d09f6c6f7b18b5356b.jpg,617,b3bd9fd1cdfaeb8d70a572ebedbe8bf797f3d110112667ec6f905d6c176994ee,0.05678907036781311,a geographic map,0.004298201762139797,low,639,False
train,train/0619/8ebe35294e7c41afaddc3ca04bbf8ab6.jpg,619,4b2d0a0f3ff13f08aac72f136f6c0378129f58cd376bbc205fe47ccc6a73d027,0.06147681176662445,a geographic map,0.0022574961185455322,low,162,False
train,train/0620/2ad51632c38949a896b37c4214e4593f.jpg,620,5e9e81e16a5eb4ecb1915badac486460e0f8db2862eb0822a07c97a4f2563c0c,0.059557005763053894,a geographic map,0.05366508290171623,low,467,False
train,train/0620/5f5b2fc4980642e2b4dc85362128a449.jpg,620,994526d4941d3ca1935a56a2e557550fa594261e57ae26f09250908f38ba4cb4,0.05080133676528931,a geographic map,0.04539763182401657,low,232,False
train,train/0624/6c4ed8061a8446178d19bd5f54663bbc.jpg,624,39f08cf676d3ac12fe2b50661f9c19910af426a6aba4db7e3eda2a3cb955fab1,0.06332901120185852,a geographic map,0.15272405743598938,low,718,False
train,train/0626/04cec3649258442c9f111d3b51a771f0.jpg,626,c9d457b49ff7312ea9042013eb94c2bd04549b166a52c14801b5a4342ea6325d,0.078520268201828,a geographic map,0.13062246143817902,low,626,True
train,train/0626/43f985bb2b4046dea375755e73c304f5.jpg,626,62c1fc4df07a35a3faf5e21ad9cc18e3135e02900f4ea5ae047b2e6352c7d3e8,0.07368403673171997,a scanned scientific paper containing only text,0.30320578813552856,middle,626,True
train,train/0626/4ef510aca9cb406986dbc839cea863ba.jpg,626,aac4ef7d446e8abc312f02bd623ae4b041afb359a135a5fe5da8e88fff7c50e4,0.06053894758224487,a geographic map,0.449113667011261,middle,626,True
train,train/0626/74b82539821f47a59f58d046cb768801.jpg,626,3526675bb37ac383dfa076882ecee69169a68b9a72f4159a49ebdd3f1099eb88,0.07321988046169281,a scanned scientific paper containing only text,0.06979579478502274,low,745,False
train,train/0626/75fd16659bbe4adeba70fde7fca5b1e1.jpg,626,d7d66f7fcf40283d12851cfbb9bc07c92d6ebd020ab2431830cfdd4dba8bc37d,0.06580790877342224,a scanned scientific paper containing only text,0.3603540360927582,middle,626,True
train,train/0626/7f5f85cd757a45a789f11c3747ea19cc.jpg,626,c3c4e91fbc6c7e4bd6fda646c7c1e53056860bb5ec6998770927ab026a1158ea,0.06956055760383606,a geographic map,0.6419331431388855,middle,626,True
train,train/0626/95f0ea58792c46adac6580a15de33092.jpg,626,b4cfab26a701a0cb4a02d5faadd240d4546ab35409bd4cca1258761e92ed9bdd,0.07431112229824066,a geographic map,0.036674436181783676,low,385,False
train,train/0627/7721a6db2af849c0aca2e29f8722b633.jpg,627,7ed087f22ed077e441230781a3b0aec1e1dbcfc054f3f3ec71616db1803c4608,0.07867717742919922,a table of data containing only text and numbers,0.7059275507926941,high,627,True
train,train/0627/9190600927f442d5ab10846966e845c2.jpg,627,e3e842b1ef97d6c19a8944545022dc333d2d2f31c7d5cecf086e4c3075939361,0.05001932382583618,a geographic map,0.15141046047210693,low,450,False
train,train/0627/91b0ef33fbc04d47902891386a327468.jpg,627,e636a869ae9681814943ce77744e4c162f3299b335bdcc0feb4f4f7866a933dd,0.05370296537876129,a scanned scientific paper containing only text,0.8432400226593018,high,627,True
train,train/0627/b467cd9024354918bb59b0a4d1b52f97.jpg,627,ea1a09f3defe53ec0737524a10b916a7414d767e1de7fa60671c755ed4520a96,0.06181398034095764,a geographic map,0.005536566022783518,low,383,False
train,train/0627/bad747ce2e5f4d958cdaecb172e1abae.jpg,627,5d543f37261c6e0caf4b10fb24e284972626132974dacf8995dcbd3ae47fe59b,0.06688615679740906,a geographic map,0.12175633013248444,low,627,True
train,train/0628/269c5a2cb04a43c0b93fcbc228a66a8f.jpg,628,b20108b5a9aa6cf5c998b74ba708c5f05ac1d285895f89c5bae7743af86e75e3,0.05049620568752289,a geographic map,0.00022658614034298807,low,88,False
train,train/0629/334625ab939145e1a4d7ace6a70dc6a3.jpg,629,4b8263dec548bf95c1e3de09f9742a898138e32150aa94b9113a211fc6e81ce6,0.07538346946239471,a geographic map,0.000792508595623076,low,91,False
train,train/0632/08f4009ba3c94f4f9c44a1c931430e12.jpg,632,c0d665a94e6c928731e2b9be1f9bcbc2f18139578958edfbfa0b9b55a594ae46,0.0580151230096817,a geographic map,0.020980244502425194,low,350,False
train,train/0632/1d0d91aa398f4327a85fdd859e245ee1.jpg,632,3811b597fca2e8423b2ad752baa897a07fa65d30d26c2c8b58319fc20d9f0e3d,0.05192303657531738,a geographic map,0.023562492802739143,low,492,False
train,train/0632/816c2c23ad0f4894adfeab26393d8774.jpg,632,03d0312007da7bc07ca93dfd954ac1fdd838aa0625056a4d45129c0327574067,0.060428500175476074,a geographic map,0.021857164800167084,low,158,False
train,train/0633/1dd6f0f19dfd4fad9fe4968c329f54b3.jpg,633,a30682ab26e29819e83d5816243dc23407afb320e9584003ba52a6e2b35bfd9b,0.06451910734176636,a geographic map,0.23223978281021118,low,633,True
train,train/0633/222e8e86349c4b9cbfca223194109f03.jpg,633,bd65c326689807d9ac5c89ace45d7cdb3d56e5d18ba7dc6e65519650e4bc03e2,0.05112537741661072,a geographic map,0.6428753137588501,middle,633,True
train,train/0633/40406e5743e04a969eee06e8a8c3ce8d.jpg,633,906d44c1f0e6c87e504470e7403040cc933272e55a703e8f17dc2133921d37b5,0.050308823585510254,a geographic map,0.39466676115989685,middle,633,True
train,train/0633/6c730cb2472d4a78a19e84ccace083d0.jpg,633,ccd9e4604ca0ca4c9abfd873434a9645efd8bcb34f497b632b42022e9cc3d280,0.05340093374252319,a geographic map,0.7075616717338562,high,633,True
train,train/0634/3b7b036e120b490b86147d7e17ba5987.jpg,634,cb905b89a5bc444e3640f4a175b72edb9593afce823c12700a25ccb3f39c9bc9,0.056580379605293274,a geographic map,0.8691717982292175,high,634,True
train,train/0634/b2e16625d82a4ad48961425916c3d134.jpg,634,b65ac68c6d9c4f59a4c108b65902aa25b63f26177502e77d729e77bc3f118b12,0.05295749008655548,a geographic map,0.07357621937990189,low,390,False
train,train/0635/80b212118b734b71aa10dd8496349e2d.jpg,635,1dbb2ac30b2907a9364e8635db89090c9719e70b07291883e73af75f9477cdb8,0.08086927235126495,a scanned scientific paper containing only text,0.0005642612813971937,low,715,False
train,train/0636/0566f8da2b0c4959ba750678814a10bb.jpg,636,df94ac879a15600ae19e1dea9b9cd2ae5569d5d2529feef3adb1069cb7e3561a,0.08061185479164124,a geographic map,0.9295653700828552,high,636,True
train,train/0636/13f62eb5409b4177bc6a1e660fad8da2.jpg,636,b157d64fb414761f435ea5516a0424c1662f5f5f329ad951949cdd756e3fc553,0.05523911118507385,a scanned scientific paper containing only text,0.10332174599170685,low,378,False
train,train/0636/185a22d928d14e3e9232858f8fea0953.jpg,636,a94a667d77b7ab63990c3bb76f33241273a3248e48754ffd89f767588521c84f,0.07006451487541199,a geographic map,0.9533889293670654,high,636,True
train,train/0636/1b8bf14ae44349d78936a5ffa53f32c6.jpg,636,fba870396f6fea934828642c0982c4bebe6935436377b9d95cdbe58cfbbdb311,0.05640226602554321,a statistical graph without any animals or plants,0.29197585582733154,low,636,True
train,train/0636/3776063cb4e14808885ee7fc0efe2e54.jpg,636,b012167e74b5beeeede686b7e7f264fcdf2ea7134e1a9253b917f63813f2f050,0.0726655125617981,a scanned scientific paper containing only text,0.8981138467788696,high,636,True
train,train/0636/4b5ca36d389941989cf8341f40786554.jpg,636,41dc239a2b45509ad66a9937d35d686bac40e854b77b314bd2d5e0b2af6468d5,0.051843464374542236,a statistical graph without any animals or plants,0.6111010909080505,middle,636,True
train,train/0636/94ef4110bc5046efae22efc21549c4d8.jpg,636,65e9322f0320d860771747d69226aacc1290a648f618b258b0f452baef6001f8,0.058511167764663696,a scanned scientific paper containing only text,0.5249989628791809,middle,636,True
train,train/0636/9cd256f0141a43f8a1d3a627ee0a2b87.jpg,636,cf74cee9feadcf657cefba8c2cbb2aa51b51825a5c1da01c4f9c67bd706e3645,0.05522695183753967,a scanned scientific paper containing only text,0.3929486870765686,middle,636,True
train,train/0636/cc05b8b05ec7474b835e7270841f8786.jpg,636,232254b6492a9da6b53f143d3c157f6df7981af883e24b5c57e3a5c0e36ef554,0.0708068460226059,a scanned scientific paper containing only text,0.40040791034698486,middle,636,True
train,train/0636/e73eb17feed047998e0391959c688897.jpg,636,57332114eef5e530f2f3d00f829ad58296e77ca8f3b2e4cb691bf6b2c8d0ecc5,0.09025664627552032,a scanned scientific paper containing only text,0.48874807357788086,middle,636,True
train,train/0636/f120df3553384b37893def9ad9fd05d8.jpg,636,276494b73336d0fde8c02db1a6ae259e078a77651d9a62ce88fe2f5919f6db5a,0.06591710448265076,a geographic map,0.761381208896637,high,636,True
train,train/0637/0e608421968a4f2e8c2f0333784d2a48.jpg,637,2efee8a07a437478750448e77ea6dc9da86de192ba6cc6c5aac1e906610b0782,0.051425784826278687,a geographic map,0.2883908748626709,low,637,True
train,train/0637/85cccc09971546a9b507f6574ca58120.jpg,637,b611343ce7784f0800dd4ce46f5280bbe3bf0519dea971fdc05a016eb820fe17,0.05218088626861572,a geographic map,0.30406033992767334,middle,637,True
train,train/0637/afa1dc0fa9934897a307327f66aacbe4.jpg,637,abd4614906e17e507d09267fc7def200f56b282e0fad35f3f2af30e78829fcd0,0.05101107060909271,a geographic map,0.004198136273771524,low,550,False
train,train/0639/139c0fe4fd4c42cb8fbe1dcf6ef6c9de.jpg,639,6475eb73fb5169104e6ec348dac2338aa650edc4a55326b30e2476d7b76fa108,0.05781939625740051,a geographic map,0.5655415058135986,middle,639,True
train,train/0639/4b8343ea9ec14345bb82675cc05091f5.jpg,639,fcb3593fa670a09ca848134eaf8f3f9bd00da067c098d3b19afe5cb051843070,0.052078962326049805,a geographic map,0.04100978001952171,low,492,False
train,train/0639/9061d8d369114f82adccb912f4831a47.jpg,639,a6a9482ea2fd68b59ef21183560f3c106a78307985bda0530b92e012dd1587bf,0.06153038144111633,a geographic map,0.005098280496895313,low,232,False
train,train/0639/b1d9dbf128154d43983a695f64ad3dab.jpg,639,de4ada945fa74582aa91bfc3a7685442920761e47cf5b16cea5cc67c7e4aa0d6,0.05744004249572754,a geographic map,0.10285765677690506,low,639,True
train,train/0639/e5b3b05ab3d14c8ca1f67bbc0b374bec.jpg,639,0fb4b2cf2e2b429a59a76b3d9f4561123c07b61adfc21603467c36755e87deae,0.05801241099834442,a geographic map,0.15534232556819916,low,438,False
train,train/0639/f5e348c830264010b0c967038875fdba.jpg,639,047095915c89ec632f498b56cce749f92a5f06cc8a07c68b44d6c9bd9c095de9,0.06461513042449951,a geographic map,0.17101071774959564,low,639,True
train,train/0640/25a247f6359e485db21e778412c06282.jpg,640,76a223d0520bd2d31d12990c76d0a8bb139bccdf6c6008064a51570503e4e09d,0.06800796091556549,a geographic map,0.09550013393163681,low,504,False
train,train/0640/f50bdf91bb524c1fa260284ba23e6286.jpg,640,545074dcda5600c4c979309b5c5bfa790ad464978df735f6656d1836626ed8fb,0.06617379188537598,a geographic map,0.016522517427802086,low,738,False
train,train/0642/60d66effce724d7cb1f4beb221acaeda.jpg,642,ded9bb38f33096526e677e177d847c113b957020fd2ba9bf4aa5fd220ba03694,0.08630213141441345,a geographic map,0.02915915846824646,low,91,False
train,train/0642/d7884fab091b42d195bd1ca237f15886.jpg,642,21bd87ffc5e183307bcf6951133eb0f918170db6cedd0bf529ff7171ac52ccea,0.08330357074737549,a geographic map,0.05870050936937332,low,144,False
train,train/0643/8a318b806a964683991a45a091e83afb.jpg,643,2b8b81622026bc2b027ebe8a2f14cb5057ed77d921481657dd57f0e22271c144,0.058471500873565674,a geographic map,0.5134939551353455,middle,643,True
train,train/0643/fa0c367b276745abbf2c445a7bda4dc7.jpg,643,a953d287f67855acec4b679d254317a3546785d5f540ec1983f7f93b4581e3bd,0.07619163393974304,a table of data containing only text and numbers,0.0030000009573996067,low,350,False
train,train/0647/1cb63d618339421b8af7a04559c64a5d.jpg,647,f2a24c50e0438bdeb7ad497c5db9941117cc650ed5c9314c9715d4bb068d5438,0.05897565186023712,a geographic map,0.9526883959770203,high,647,True
train,train/0647/2b3f7137fe26401e9a64f3f73fb95d79.jpg,647,777e8727b6226ffe712dc8e531c1dcef4a2191284864e96ad62de996826967ed,0.053704604506492615,a geographic map,0.20368818938732147,low,647,True
train,train/0647/4f1b0b2779cd4692ac32474a5513409f.jpg,647,2e1d530160a15d11f596bcbfd0b4ffb7962ef3725787f6100d5559bfd7581a7c,0.058592602610588074,a geographic map,0.6460997462272644,middle,647,True
train,train/0647/6adde7bc12c74832af38b1dc133c7278.jpg,647,a3fd03a5d466f4805cc116ef80bee836b7d8003359a492bacbdb7cb0d3a11087,0.060319364070892334,a geographic map,0.9436212778091431,high,647,True
train,train/0647/dd1e25041e3c4a019d76610cc6c884c2.jpg,647,46099d1d0c5bf48e666b50b4a3acc9b9143de627bed82d9d777dc44c15d5aad7,0.05248573422431946,a geographic map,0.5993527770042419,middle,647,True
train,train/0650/b6c04aca1bd14ef99663b822a095da3b.jpg,650,be8f0c8c0f788f246cfbfb25b3934b6abbb0e521c923fe0905e6c64ba66b3c8f,0.07701453566551208,a scanned scientific paper containing only text,0.0568821057677269,low,241,False
train,train/0650/deeb33e32b494701a3b3a2fd3f189efb.jpg,650,11075b1f5e8c48e3e6c58b3b7530d2f9a42edb965d1967563380d28313d57861,0.06939263641834259,a scanned scientific paper containing only text,0.007131542544811964,low,424,False
train,train/0651/29378e19356544c891ecb98c4571e0f6.jpg,651,7565c96e773fb468099e3a1e421566a05eab8f94aade6553dd914604dfc2af48,0.06003040075302124,a geographic map,0.002856444800272584,low,257,False
train,train/0652/cedf23c2304e49eab8b50acbaaa43bef.jpg,652,449926c898c58d9b5ecf596e16e2cdb7621519a37c2f5eb8efee6ea659b38264,0.06414613127708435,a geographic map,0.23616547882556915,low,652,True
train,train/0654/5d2f323e008746beb1b55a5eb1ce6052.jpg,654,9b24ceeb9f5f771b925c8d5aea6a63e4cc6badeaff4dd70882c08abed6bac865,0.06760846078395844,a table of data containing only text and numbers,0.03327333927154541,low,376,False
train,train/0655/3863831294c0448aa11352a06f86d818.jpg,655,bc7d04cc7120ef820f9c3c9295b1ba4dbd464dee40cce03e375febd2facaeeba,0.05552271008491516,a scanned scientific paper containing only text,0.41768205165863037,middle,655,True
train,train/0655/dbf072a9588f4d8b8bb9c76b44b93032.jpg,655,12cab4f1c19ff3f2a2c7d169a5e6f9bb86c4c49ab1b9ecea442adbc4930a85a5,0.05240498483181,a scanned scientific paper containing only text,0.500551700592041,middle,655,True
train,train/0656/a11b9571c1ed4deeb98652adb300bb17.jpg,656,0d2be4b7e52f7afd370a8e60e5dc2bddc86e0a4c4a100c8f22323aa707162f49,0.06343714892864227,a geographic map,0.02331681177020073,low,383,False
train,train/0660/4e2f8bd66a864f5bba7c4d4a85c07368.jpg,660,c04dd3e2e4b3170b5a2663cd6cd174f8abbebd7e25fc220da2c25d7a14c6a70e,0.07341809570789337,a geographic map,0.0016226840671151876,low,438,False
train,train/0662/189375a6b58545c3b5f7b089bb6e3782.jpg,662,9421a4d48b664ee24402c20a8239d8e7452d5d8f471e0f2c82f73df453b65ff0,0.06164070963859558,a geographic map,0.5206900835037231,middle,662,True
train,train/0662/398f2a39eb53428c8b45b4acdc6d5c0c.jpg,662,ca932a182ffb311127a5edac3102771d41d75d767ed13b215cf98488bab3980c,0.08111843466758728,a geographic map,0.002914505312219262,low,42,False
train,train/0662/5d68b1f5601f4a5eaa3de1c97aa5f9e1.jpg,662,ff6387d82bb3254e1b89a9a0870068cfa900c95f1cd8526d52f0e366d7dc02a1,0.058619990944862366,a geographic map,0.6977736353874207,middle,662,True
train,train/0666/00b27100eaeb47dc9d1b72d7bf77ae9f.jpg,666,7bfc1cfb6796bdf4aae056efd050b974f8277a8004cee0e977e149c9933c1304,0.05879548192024231,a geographic map,0.6977235674858093,middle,666,True
train,train/0666/5ae57d6ff78d4b409c72ffb2909a5ff6.jpg,666,6d169ef50a163738070124504a4110c56b2f6fd5f5bfb13647536ed89db6ad49,0.07206276059150696,a scanned scientific paper containing only text,0.0007898691692389548,low,714,False
train,train/0667/fbe090be149749e28226de36f5679d42.jpg,667,5a891704c2852208a86b8b10ae89c3f1052882601d86bc4d056070d48bfc2afa,0.05005571246147156,a geographic map,0.04723163694143295,low,478,False
train,train/0668/64fd37529ab344ed9baa3b04eab23a47.jpg,668,ea19f38c9f32a2a7988b3e51b9d6856d373e2d6f9bb167ddbceca01d541295a6,0.05596819519996643,a scanned scientific paper containing only text,0.029825439676642418,low,274,False
train,train/0669/75757d8afa6e43b9a57a2ca2a4e8cfb9.jpg,669,304916e3fb996b0cfc2bc84b8c550387a0d119a051e23898d8191e49513ab8b3,0.05228899419307709,a geographic map,0.0004978561773896217,low,232,False
train,train/0669/f5b3f362762e4e86bbdc7502ff83c021.jpg,669,e4543a69b7d1d2261cbb8cfc73b4b0abce527c49b2e8d5496fdedf12195e5da3,0.05199268460273743,a geographic map,0.06861504912376404,low,438,False
train,train/0669/f5e9dfaf194e48c5878df5bb559b67ed.jpg,669,e764e4b595819c8b7d74c3e5465055ab3da7e74a1c0a6bb22f6f730f7562bbaa,0.05112092196941376,a geographic map,0.011028978042304516,low,326,False
train,train/0669/ff5bad427c5d4172922511dc1f899bef.jpg,669,a71f6a7167aab67a060e864f273279dca839c80452ceea200a5779a1b3ec43e4,0.05305960774421692,a geographic map,0.009105036966502666,low,492,False
train,train/0671/2e1840f2a16a45bdb777f08468b8429d.jpg,671,cc217287c647d3c3bf01bf24b5c7bd57a4bde2967834c92c9b76ffb683c84e6d,0.07562747597694397,a statistical graph without any animals or plants,0.10628222674131393,low,475,False
train,train/0671/a8160b320c0e49eeaa98f194a776bc9d.jpg,671,82d4ecaa1e0bb850566ae3b2bcab59572d52bce7a7884d388f1ce585d5eee71b,0.06849557161331177,a scanned scientific paper containing only text,0.24502936005592346,low,475,False
train,train/0673/1779964fdfb74830a755cba1154e56c0.jpg,673,96bda145ffaea7f83f661ac7f443a9eb4fc63259a69eb823031a7c70b149405f,0.06050689518451691,a geographic map,0.021850157529115677,low,467,False
train,train/0674/d6060f31d2214f04a8e1220406c62dac.jpg,674,d9c04955a08a899021495d11f063cfc491c22335a4791dc41ae62799de77f698,0.06835947930812836,a geographic map,0.0038163159042596817,low,199,False
train,train/0681/88720816697347919c3d96220c27bbe7.jpg,681,0ad992b8019615211c04e7b583153be2a2565131220d93d78692735b102c816b,0.05380880832672119,a geographic map,0.004388599190860987,low,438,False
train,train/0683/49acae77a9e24224ae8059f8628f9c75.jpg,683,0359a7130c5f9780a3816bdf77acc3abfcef1ac06312da5e038fe2da06f1a4c9,0.06287311017513275,a geographic map,0.4306691288948059,middle,683,True
train,train/0684/0322bf5174464fd9a9dd9b9109eaaad9.jpg,684,8b6e5d3ce0370718a7f3345c8cafd4ec56f40d3a51373842237ef8e0643adc39,0.06338822841644287,a geographic map,0.24762248992919922,low,684,True
train,train/0684/51c049995a354a9f880c723e69f6f579.jpg,684,a70046c0f773e8425e57496df6fcf7dbfa66a0f6819ba0b035c1bc24a7533e5d,0.06835196912288666,a geographic map,0.778251051902771,high,684,True
train,train/0684/ad444a2e635e4732adfdbc58562d4208.jpg,684,4a6cb676be593c770b9b577a2f100278526d7b0d893111b3e22c9b091574352f,0.051695317029953,a scanned scientific paper containing only text,0.3238162398338318,middle,684,True
train,train/0684/b909934630f04678ad8285e2269f7901.jpg,684,2688b75a202eeb1f61967a132afd6ce90f52d855a0599bb8c76193f018d75f67,0.06824955344200134,a geographic map,0.13945455849170685,low,28,False
train,train/0684/f4c06bef40a247ae95adae9477d5eb69.jpg,684,3b6fdba0ee98d35ddbef0267b8f7c22a41ae88c0b95887c1e1eff260fbca5797,0.059016719460487366,a geographic map,0.6669791340827942,middle,684,True
train,train/0684/f672e2a1b8cd405bbdb5a0a28d747e70.jpg,684,2ceea6e5f9bf6c4ddbd0c83a85a7173d7b6877baea4e1c41179c173bf1016d77,0.07872290909290314,a table of data containing only text and numbers,0.14442837238311768,low,684,True
train,train/0686/d8350cb661134e6b8823f9476c6db140.jpg,686,3e2a29e2d13cf148c6d39eb6d769a55c8ab4def9852a44a6f6bb29a8d0b10512,0.07437214255332947,a geographic map,0.4894257187843323,middle,686,True
train,train/0686/df9d3993d1c84b68aeabe8781a7cea38.jpg,686,93ff74016c92500b507b962a381de1c602ab6e806746b8c9749f5d64e0689c8b,0.05454520881175995,a geographic map,0.0007203429704532027,low,708,False
train,train/0686/f40f5454c4d54c3f934eb118278f6761.jpg,686,4d8d492cac407dedd00bd899f22950d78fd8cf73c01621456bf6779f284f3577,0.05099478363990784,a geographic map,0.42094528675079346,middle,686,True
train,train/0687/4e029404a03c4155bd1b45b87d44ea4e.jpg,687,a67126b0b15782931b0cc588b42713642ea76c76e96e6abdbd2f6829f96c8577,0.08217093348503113,a scanned scientific paper containing only text,0.9797423481941223,high,687,True
train,train/0687/56ce17b26f494aac8126e730785e436f.jpg,687,838e0fd54ce306ca9d614765e768c65f5492e78d63ad55fe2586649739394cee,0.05651329457759857,a scanned scientific paper containing only text,0.7004829049110413,high,687,True
train,train/0687/a74e2b097eda4e6d87486332307bba08.jpg,687,3cea707f6e28e803ad74f56d08658875abfe3fda467611bcf1cd6cf6d11844ce,0.06945875287055969,a scanned scientific paper containing only text,0.7189922332763672,high,687,True
train,train/0687/cd8b9745131748c5813a5341b5f56026.jpg,687,674b3129a141409c8a28af22a6daeeae00fe03269af3260a110afb28bfec71c7,0.05474215745925903,a geographic map,0.03591521829366684,low,350,False
train,train/0687/f5011b4c283947f48fbb5c43774019df.jpg,687,964bbf41a25456cf43b311f27779ff82ecf17f1f1794ccef794e60b7928c8434,0.05455830693244934,a geographic map,0.6302933692932129,middle,687,True
train,train/0688/dab49a09b5504c57bd8abc767e1d1cc3.jpg,688,ea7c22eac0baa695aa68899ad359335afa46f35d3e81a1e1a0787be35657fa16,0.05125376582145691,a geographic map,0.012236781418323517,low,384,False
train,train/0689/16776138e93647c5b52c7dc44de27249.jpg,689,bf23cb8d1307ff3c5232807d3847080f76bc8233a820caca461113fad558c567,0.06181371212005615,a geographic map,0.016677245497703552,low,385,False
train,train/0689/872858da75284f9d8132857f24931e78.jpg,689,e85b9e8b8f5083c454f2e67384349e47a39dc1454d1d984828ea1c2aa102da0f,0.056779518723487854,a geographic map,0.060630183666944504,low,67,False
train,train/0689/f6cde779b89a4a07902579bde1eeec27.jpg,689,5e279c8058b0fc31513416f63d3fe6e805fa4ad9649811a24ce438ec3caa0094,0.07497638463973999,a geographic map,0.005101199261844158,low,438,False
train,train/0692/78611d4d85ca4775a3877833ae4bae87.jpg,692,8f865658cfb49beac8910b6d9b4ab1167b227a7f3c41d1738895428db6d76e80,0.051915302872657776,a geographic map,0.5966929197311401,middle,692,True
train,train/0694/2f7271cf2beb407490dff6d7a5f9830a.jpg,694,fe68fb4b56778d4decc958398988e9f2d3287c629c3787dd27fd5365ab2dd2e9,0.07507583498954773,a geographic map,0.04325060546398163,low,476,False
train,train/0694/80c8464a868c47f49f6f8994319d7f63.jpg,694,3cd03e7a98582e2eb5568db501c1c17283a1cf6609451c724eedab3d153b1444,0.08458806574344635,a geographic map,0.0036892900243401527,low,91,False
train,train/0704/85f5a8eafbc1472a91ab68c34200b946.jpg,704,5485e1954b6e39e6a5b5f0679b9a4a8ef27972ef3c930a944bc9e0542138ca97,0.062206342816352844,a geographic map,0.0015611978014931083,low,490,False
train,train/0706/687ddebc979a4d808436693fc2f1366c.jpg,706,db6e3c69a197105c5d97f5ec641da58d85d56360175ff02f748e39b8a972ccf9,0.05111958086490631,a geographic map,0.0023583113215863705,low,232,False
train,train/0707/04eaec0b40b241bebb7ca07a44e5fc30.jpg,707,ef539969ba120064bdeead7b0ecc91c791abfd44a0456710e6fe8f287f83a680,0.05688227713108063,a geographic map,0.03867644816637039,low,483,False
train,train/0707/de5af4f80f2147e398614318751c63b1.jpg,707,5be89694b2074c5a563848ef34734c348eb669660251e486b83a3e0c89ee19ce,0.07428780198097229,a geographic map,0.3876655101776123,middle,707,True
train,train/0708/05476ebb2a0e43e6b8623ebeba422022.jpg,708,7869b59985920947714a3be54b173b669764e99b5bcd260dbaf90e7842d47d73,0.05215364694595337,a geographic map,0.05561520531773567,low,492,False
train,train/0708/2463e345da574257af0e98a316be5977.jpg,708,695fac276e3e954831e89ac147d518e341847a4cbb558dca41ae0fa53db965dc,0.05341711640357971,a geographic map,0.014339958317577839,low,467,False
train,train/0708/252432b7f44842d3bdb352d04ed22cb0.jpg,708,aa7b4d8f783e4f37fb83a5b4224d548101ef0dd932d0b9d55ae9a977c2d1de97,0.05082690715789795,a geographic map,0.10934067517518997,low,492,False
train,train/0708/b329a2d0701e4b2a873593fe4a52b6e3.jpg,708,29e146476659dfb40702b05085371effa87516316979b4e2511a98a5283a41e0,0.05399051308631897,a geographic map,0.018863165751099586,low,438,False
train,train/0708/bdba83dd3b5147f4b757dd9a7d23c3e9.jpg,708,8e6123a208b627f8a4889491915868524cbd1b838dd2e783c96f07cc1253b44c,0.08017656207084656,a geographic map,0.02871536836028099,low,350,False
train,train/0709/72539a60a36046219faebfaed3c72500.jpg,709,757366219b961c3bbd65802cabf0f05ff85e1925c1867ad0b49bb96299b685db,0.05202436447143555,a statistical graph without any animals or plants,0.0007428263779729605,low,378,False
train,train/0712/3c7a39ed0166465586dd8aa647d65bb2.jpg,712,2c1a1f1880101e70dc644f6a68af60a2e983ba849774ff2d1e6f329fc5d19b8d,0.05567276477813721,a geographic map,0.03247634321451187,low,168,False
train,train/0712/b7a504b06b2747b9822fe1a8f3d59c09.jpg,712,a397116ff4d35876aa5e56c2431f40f9fee81d49daac600472a21b4cb21ab4ac,0.07472053170204163,a scanned scientific paper containing only text,0.02408258430659771,low,286,False
train,train/0713/3bd29ddf99c840d79a7eec4cb9a95953.jpg,713,bf405ceae71c80fc08d20208da4f5225bcbf2265ed5c4fe193dd1e1ee3b7e4a0,0.07654663920402527,a scanned scientific paper containing only text,0.49963489174842834,middle,713,True
train,train/0713/f89ca2f83e7d48bca11e347141008cc3.jpg,713,30c2672eb25514f1575f41eb28f4a3f9dcb3f999fef913887704ac4f0f9bbf20,0.06324093043804169,a scanned scientific paper containing only text,0.018808772787451744,low,636,False
train,train/0714/0449f72cbb044577b2f2d9ccdc561e8a.jpg,714,ea7c2fccbbdf6faa18764038301a7c7fcdb034997d0fe9a97e8ebdd5813d5875,0.05843466520309448,a scanned scientific paper containing only text,0.9295435547828674,high,714,True
train,train/0714/10c899ff4eb243209173ead1c11b3021.jpg,714,0ad94c19d6acb0a0baaa17e783332b1b5e5283b55437b3441210bc27821e4850,0.08347667753696442,a table of data containing only text and numbers,0.6152708530426025,middle,714,True
train,train/0714/3dd6243aea0f4428ae9f954ecb5c8428.jpg,714,25ed1832648bbe8f40c351a8c5d1c8effd16dbc69adb1d4c0251dc380d726ee4,0.061409056186676025,a scanned scientific paper containing only text,0.05708245933055878,low,53,False
train,train/0714/4c2a5ff863d94c90a185dcc2d6abdcc3.jpg,714,677d84f20d8ea7c38ed0206df5dffa68033c0e559e86e98d17724bda67cdf177,0.05169522762298584,a scanned scientific paper containing only text,0.49949970841407776,middle,714,True
train,train/0714/5a7680e63ddf40eb99b186e9601686ce.jpg,714,f759e68f4e79d56d33c40aaed446876354bb105f9fb0af4258e302790b45c578,0.05579295754432678,a statistical graph without any animals or plants,0.33613625168800354,middle,714,True
train,train/0714/5ddc112d607b4b0e8ac44420c09942fd.jpg,714,3e2809d5379f7aefc6b121dcca8e4895b816429133f650916abf4fc00561d9ac,0.05087113380432129,a geographic map,0.5487746000289917,middle,714,True
train,train/0714/5e7de1ce8b2848d0a6a1d3ddf7b0b5f6.jpg,714,c6e68acdd3da08793f750bcac91e9308db30e08f3c0ed82014ff233cd8407414,0.05392514169216156,a scanned scientific paper containing only text,0.8039329051971436,high,714,True
train,train/0714/9026844c66aa469bb4d2ed0c9bbb89c8.jpg,714,a8058a3eab7c4cf273d69159f40633b826be133153e19135a9ebd0288e447cc5,0.05699625611305237,a statistical graph without any animals or plants,0.2706723213195801,low,714,True
train,train/0714/9e3dc1bbf3c147a887dd2f270b9d8308.jpg,714,96f71bc846306f75b7b512b6dbfe9754c4b9f96e5ace81a35cbc73371b4d659e,0.051012516021728516,a scanned scientific paper containing only text,0.8691871762275696,high,714,True
train,train/0714/b01bf540cd614ba6a94188066e615886.jpg,714,e60034a2cdad18361c0cffd6514c3524af0e72f795eaf00de0838df634b6e605,0.053067147731781006,a geographic map,0.902055561542511,high,714,True
train,train/0714/c29663916ff94a64a35c912f698d3c62.jpg,714,b14307abf079efc62bd75a5aaa7d278f7e64acfe627c406dc7d94f7a2569c1ef,0.059980735182762146,a scanned scientific paper containing only text,0.6314170360565186,middle,714,True
train,train/0714/d61ccb5728f4468881a8121abdd8ce40.jpg,714,a3b49b62dcb376d3281c1f4b086af89e7f0e3722ea04d199349ea76643fb5029,0.05414320528507233,a statistical graph without any animals or plants,0.7541166543960571,high,714,True
train,train/0714/d80f2692dc024b82baa9582464d01d28.jpg,714,496a1b653f302184647d89df6e7e5cdccd771055ae7db8aca053996ad66da95b,0.05216650664806366,a scanned scientific paper containing only text,0.8361899852752686,high,714,True
train,train/0714/db4038d033d84484ab80ba2791c76799.jpg,714,374992bf64f2240222681bf431f784099c973b28119a22935bbe7cbf5b943bd4,0.060680538415908813,a geographic map,0.603654682636261,middle,714,True
train,train/0714/e00deb752351426181f6de32a4365389.jpg,714,ba42074c102cbe548509598c1a5df78257f2c1b8e83fe2eb0bba8ebd0037d1bd,0.05896542966365814,a scanned scientific paper containing only text,0.3211498558521271,middle,714,True
train,train/0714/e6c273982c464f5db1cbc7df46d87055.jpg,714,1c91ca324ab9a27025ec676127b15263191a731851480ebfa7cd7b14127c89f7,0.05503040552139282,a scanned scientific paper containing only text,0.8323860168457031,high,714,True
train,train/0715/32501863df434db9aa46d82d38c8a41f.jpg,715,41cdc9afde4b068c1975fc911c1db16583a87e2a4ffadade416e7ce2572134ad,0.08197639882564545,a scanned scientific paper containing only text,0.6488637328147888,middle,715,True
train,train/0715/37054b9a004542a89f459daa61dd1907.jpg,715,05ce8d73761597c918b76eed71737153f2fd1352859289df197304849a41ad94,0.052481114864349365,a scanned scientific paper containing only text,0.6437617540359497,middle,715,True
train,train/0715/53e87eaef0134df097fe7677e26a1ee5.jpg,715,0e4187e591d4b8930a2102539f682a9d1df5612652a5520b59fef91ea6cae26f,0.06405191123485565,a scanned scientific paper containing only text,0.01500396616756916,low,252,False
train,train/0715/619635c3cd1e423aafe8d8c972a14fee.jpg,715,918eb07c4457239974895c6cd72ab6d65e591769b68d85365d2e176ff09bba38,0.05615316331386566,a geographic map,0.3649565279483795,middle,715,True
train,train/0715/6dd299fd09ce4548bfd0bf958bc6a853.jpg,715,13de7263d652628fd329dd51e793cdbb73e7fa02963317bf25442c27ee893c41,0.0738600492477417,a scanned scientific paper containing only text,0.61878901720047,middle,715,True
train,train/0715/81eab50051f94585967ec6fd82030139.jpg,715,a761418a9c45a4580a6960ebd3ca43002efb35f618ea75c41cd9724a559abebb,0.05219981074333191,a statistical graph without any animals or plants,0.26431453227996826,low,745,False
train,train/0715/8687f6773c9444a18a27df26d8e91946.jpg,715,64f9cd295bb781461cfcf43faef96f48ade7603e8982f9f13aa6e35a4cc6e0e7,0.055532991886138916,a geographic map,0.6687545776367188,middle,715,True
train,train/0715/c3712f01de2d470db88780ab8e1e930a.jpg,715,2936c082540b2e6e13ebfbf4c382ab57ad8e76ced8882ba0cc21f9eea6b61de4,0.08316998183727264,a geographic map,0.32877594232559204,middle,715,True
train,train/0715/f24fab55ab3f4e809a9080df406ddec8.jpg,715,0beadf8ffa44de0129765d08eeb689ca8faaae1ddf0bb4a1089b513a3450cae1,0.05711483955383301,a geographic map,0.44425615668296814,middle,715,True
train,train/0716/d9f4d6e9668149acb4fb626a2ff99716.jpg,716,14cf173d056cc9cdd8b6b112d18e0578496c62a532e3896f98184cc944e2e737,0.0579683780670166,a geographic map,0.053401075303554535,low,60,False
train,train/0718/0b1f7c350cca407cbbc7c6dd47f84439.jpg,718,e470a04785b1a80a93cf5a294ed7ea42127ebb760532e97388d0eda05ea8c3f6,0.0512719452381134,a geographic map,0.4397813379764557,middle,718,True
train,train/0719/64b65d2af7714e4b9614a76ca5b29b54.jpg,719,c4f3bb901399bd0de75cb33c4d04ed9ded9ae2d6c24da72491f4e79e12be08ca,0.05100293457508087,a table of data containing only text and numbers,0.015084953978657722,low,86,False
train,train/0720/4f7981d8899c4f5d935e8604faf6d3c0.jpg,720,fcb0c35288a67f006816704baedade7f572feeea87e8f62d635ab275758de1e6,0.050790414214134216,a statistical graph without any animals or plants,0.06696110218763351,low,350,False
train,train/0720/9dbf34d525734ef1aabfb9e6ce2d75b9.jpg,720,82ec14c4b195d0323c117e91ab814eda11b4da5767f48f436d3dca4cba9670d1,0.05248075723648071,a geographic map,0.021156631410121918,low,232,False
train,train/0721/01bd74258e8240138d635b87db0802a3.jpg,721,4d7708b96991d5a921291d6493c5d658337b8777d4b84e6d9c8a88ac5b0cc017,0.06907379627227783,a geographic map,0.5988026261329651,middle,721,True
train,train/0721/5fae0e2697f145c788a55a455ac9d1e2.jpg,721,27b402cae71e499351d87a4572111ffccc9b9fb866428f7cb970e56eb5a0fef7,0.07542666792869568,a geographic map,0.2203885316848755,low,721,True
train,train/0721/8b96b040780a49af8c1cdde0d6312ee4.jpg,721,1766d4d2db20d900d6054a93e7cc3c8ff7c671097a41dee228b6d2041976e8bd,0.06654174625873566,a geographic map,0.4664468467235565,middle,721,True
train,train/0723/2ee8d18cc4f44ad39851e2334a6ba58c.jpg,723,396bc32df463db6d403ef24b6582ced00188cd774faf18f49b9aab8b5ad7a70d,0.07118140161037445,a geographic map,0.031080463901162148,low,350,False
train,train/0723/b502f2c4590d4d03851006e2c86864e5.jpg,723,f4a2b4097f54d411a0c90c9e8e7750a4285d8c9ac6adbf5d27c7f338eb34f000,0.07356904447078705,a geographic map,0.0010342157911509275,low,715,False
train,train/0726/11dacea10440481b87ee6a49fd9d663a.jpg,726,b5cbff0191e1eb1ee6248d77ea6e7b1f98c62bafd702a8672e7f48735cc61fb5,0.06706944108009338,a geographic map,0.9804682731628418,high,726,True
train,train/0726/500de24ef2dc4b578bc18e3de48156c7.jpg,726,b9d16aa2702fb9a77545ca33f9361d2886b6fc4e5c813d108eb613bd559a787c,0.05964283645153046,a geographic map,0.9878453612327576,high,726,True
train,train/0726/62f060ee25f6431b85c4b58d6d66b082.jpg,726,9e0c81320ccb7af895021de7a0dfab6b828da4772a05e8b2379aee19a2a7e5d0,0.05839301645755768,a table of data containing only text and numbers,0.543861985206604,middle,726,True
train,train/0726/6b723ea0acda46b09d3de8e58c771cc4.jpg,726,e691cfdadda5789856d94820a19ac5a6bc2763cc32c15bf68093138ac6867fcc,0.07110151648521423,a geographic map,0.9934358596801758,high,726,True
train,train/0726/70079217d4cf4a34ba0eff98e4b5c37d.jpg,726,2382ca49c6d2e5719121c4f8e709df4f7484fefd76eb3a1325e0be75f4fe1a30,0.060029804706573486,a scanned scientific paper containing only text,0.7684234976768494,high,726,True
train,train/0726/74cd6e1b175c4d51bc15aa26b0adc030.jpg,726,36ddcc6771ba935483a88cbc9ddce4eaec903d418c71470ea883e90cb6ea6d21,0.054024383425712585,a statistical graph without any animals or plants,0.2746889889240265,low,726,True
train,train/0726/7835b79fd9374de89eeb7623669a69dc.jpg,726,40d355f4265ec8ba7d10200d3b90d3523150a70426c8f9e9cc2c364b36f20fbc,0.05965358018875122,a geographic map,0.9925140738487244,high,726,True
train,train/0726/8494770cdc554214bae47463eda34346.jpg,726,a04fcedc302281324a123be50f29cbe983e4faf5b1e35583e920b385a325faf3,0.05939912796020508,a scanned scientific paper containing only text,0.9597831964492798,high,726,True
train,train/0726/af0de44862284a11acf5eaefbf1c15d8.jpg,726,62a5e1ef668b896d94de3e5fa3b2fedb4c772747c9d0aedf534c619ba2b269d5,0.06015942990779877,a geographic map,0.9883670210838318,high,726,True
train,train/0726/da0f868537794a15b42c5dd4a34cff29.jpg,726,23c18c4e2f3c93c42a18694a042900a0fc0069a2eb5717010a9d60d02d279609,0.06164894998073578,a scanned scientific paper containing only text,0.7590639591217041,high,726,True
train,train/0726/e0a74b34e35e409e9be98313d170e769.jpg,726,1ba0a31c4913ec6fe5392c7e292fcfee9154408c4757b5666c794115fd910a8a,0.05354873836040497,a scanned scientific paper containing only text,0.9585682153701782,high,726,True
train,train/0726/f55e0d2d3ddd4e4fa1c6489afb6546ff.jpg,726,143cee1cbcab2647ba5520dfdd05fb08d8fe6d71259a57550912f1cfb6c5dea9,0.05393105745315552,a geographic map,0.9926072359085083,high,726,True
train,train/0727/285d8a9e975f4f9d901f104d5d0bb846.jpg,727,40e6e35821bfc5e3f84920837468f25cc6a9a03e7c97ead261a35eda0e643333,0.07052995264530182,a table of data containing only text and numbers,0.002568218857049942,low,714,False
train,train/0728/86a9d81beb404a8b876cfbe42585fb52.jpg,728,7fbb83e5778f2ee4dc008a5dc3818cc878820ab054763c5a52916ebe24bdb58d,0.05326110124588013,a geographic map,0.008905132301151752,low,232,False
train,train/0728/e1538fc9411b4592b2585ee2e2e36735.jpg,728,44e95ad90950b4d32a78fd00b11cde4f2c94459ac03c468e434eed03126aa91d,0.051865771412849426,a geographic map,0.0030505824834108353,low,232,False
train,train/0731/083f7b83aaf44ae285b2a31e3b94e56b.jpg,731,431bbc3856c4cf39c28d9330c5bac7b9d1e7d387bf27f4e74d672b2d710cc1c4,0.06172841787338257,a geographic map,0.9330518245697021,high,731,True
train,train/0731/f8a2e1ea8e7f4e698647c6231721f09e.jpg,731,961147e84df4d7fbf6e0f9aaed978550c70968f3b4dd4904bebde576dda7be5e,0.058886900544166565,a geographic map,0.9216338396072388,high,731,True
train,train/0733/0b0984b9d3334c739ec99078fa59629e.jpg,733,9172ee4c70b678c72dc5b452aa5e2ff3a3f95586e34ea8684cb6e1f326e972b8,0.07981745898723602,a scanned scientific paper containing only text,0.18640610575675964,low,636,False
train,train/0733/4363d3d1c10d47c49ef8eb88de00f677.jpg,733,ed59c88cedd67da103b62c3aa17e980efa8ea5190d15589c8172307cafb06ba9,0.05985283851623535,a geographic map,0.3052625060081482,middle,733,True
train,train/0733/655f2da88ed24ceda8e390bf0a13ff7a.jpg,733,7e690b630bfc7ff0c7191d125c514b98b143d18b81ed16da4d946ce0633931fd,0.060358792543411255,a scanned scientific paper containing only text,0.14218467473983765,low,53,False
train,train/0733/b410f204946f49ef98b4dd2347996cb2.jpg,733,1607c681543ce817b94fd424270ca05b31fe95a5101349bb61cdbd15a67aa80a,0.059148237109184265,a geographic map,0.012631158344447613,low,128,False
train,train/0733/b876928b49b04a12991d396f96bd2556.jpg,733,d428a815fe1c8d9a0154ec4bbe420e938b03666c6dd15bd88330f41700feee28,0.058874666690826416,a scanned scientific paper containing only text,0.04815199226140976,low,636,False
train,train/0733/bbc65af42e924ae281eec9f00b7ce598.jpg,733,23230a1fa62fe4ffc213c861d64bd17c27bf333e52b0b24f6d0f5305ffecb076,0.0535690039396286,a scanned scientific paper containing only text,0.018461203202605247,low,53,False
train,train/0733/bcf58d615579468189a79ee07a961a0d.jpg,733,3e31f8b1d6443a212ddf35c7d9b795569beddaa27e870982a017e297908fd4d9,0.07674238085746765,a geographic map,0.2121838480234146,low,733,True
train,train/0733/f9ae801475954b0f81f5fa0912c3b3a9.jpg,733,feb9e12c3fb812560a452d310af70ff015130efded84eeaa58aa5719b5964f3c,0.052099019289016724,a scanned scientific paper containing only text,0.2910579442977905,low,733,True
train,train/0733/ff3dc1b5db22452b947ff617d6eeb254.jpg,733,27b874a6f952f3301471e758a2e3cf56ee38de480c6410d512844fa596921f5d,0.06805571913719177,a scanned scientific paper containing only text,0.08210065215826035,low,366,False
train,train/0734/6026261204b940f395c5d1b669804182.jpg,734,6449c92c75bab82b4b9e6bba0c4de55efb106c65d33649ad01ef001bbfd51a90,0.06153160333633423,a geographic map,0.19196058809757233,low,734,True
train,train/0734/9eef172594724c31b714a9bc9b70e89d.jpg,734,053a87421f7ab9dff35ffd43b7f929769a8bd7e8d47551af0b853e5f41aade03,0.061880066990852356,a geographic map,0.19813042879104614,low,734,True
train,train/0738/00178a0e8cec443dac7a50b6c5728601.jpg,738,e9b8b0f4343b0406acde5314b42ca59f85a94f7e69be05368fca3b973f684679,0.07948176562786102,a geographic map,0.5962249040603638,middle,738,True
train,train/0738/1ba7a424a03f4f15bc7685777a052596.jpg,738,9095d5b69d69714e12f698f76c76f68d172cb05c13851abfa5a3b3fe991584a0,0.0653039962053299,a geographic map,0.22519859671592712,low,738,True
train,train/0738/3ee4234196244408b35d5dec23114fe0.jpg,738,204673140bec18a641ee067dc5e3b486db8fe8fc147c53f226abb380fac08d34,0.06085124611854553,a statistical graph without any animals or plants,0.025988716632127762,low,532,False
train,train/0738/700d72665f2743fe94d3c93d486e572c.jpg,738,1d82a89d86128795733a148a2d80fb9b2a5ba8a2ff230d7ac934e668df292ba8,0.09076270461082458,a geographic map,0.8578896522521973,high,738,True
train,train/0738/d16aa681bc2643698d3c2d476caa808f.jpg,738,fed510a46db99907c1e7592faf52c7e1d38024451cbf134b6b1cd32e75d500c7,0.061944469809532166,a geographic map,0.022933615371584892,low,268,False
train,train/0740/213f6d9855864d9d800f52bab6843365.jpg,740,1cf9ac744805a56e51d491566f49264cbe6fb602a4a9ca58f8ee05907ec6c000,0.0776805579662323,a geographic map,0.19079944491386414,low,291,False
train,train/0740/39ccce38ca014e89910fc4472dbfa11b.jpg,740,47532c1152356d5fe489afaa520db7d8a3637672cd261f84d1f019b3c8ec15aa,0.05835147202014923,a geographic map,0.0021661592181771994,low,232,False
train,train/0740/46021898666b4d8b949c867ac7a10790.jpg,740,44ed3b54db96140e5696b2d07ffcc093174514e0e7027c7dbd754a71e475a1eb,0.0615362823009491,a geographic map,0.08739648759365082,low,467,False
train,train/0740/dc55db972fff45d8b4bd9e25cf898444.jpg,740,0648ab73425ee329d5390f220c7c359c55bcf9375f60e055c1ff8dd62a83ce8e,0.051082924008369446,a geographic map,0.05022918060421944,low,492,False
train,train/0740/f3f62449a3574231bb81ae1ceedebcc7.jpg,740,6433099e17de048ad3defe1e02dd854efbacb96331fc9417e29830cb1ad8b5c7,0.05287367105484009,a geographic map,0.02888849936425686,low,613,False
train,train/0741/29bd44d217714a59a2d3263a41cb7a6c.jpg,741,e676e9786eb66c4a18641393a58e3deb58a88ab542a332bd4670ba665f989750,0.06171746551990509,a geographic map,0.6892265677452087,middle,741,True
train,train/0743/04e0412aa9b7490b8631dd853a68c1e1.jpg,743,b53e8bbb94ea389e926f6d0d419ab8b0df6e136ce7f570042e9a91b481e9d31f,0.05324263870716095,a geographic map,0.3835974931716919,middle,743,True
train,train/0743/fe4d8690db304c06b3803191797f986b.jpg,743,e054d156aa7b2d4285ce316ff88da626bb28dbaa1f9483362b11dd65d3acd9d7,0.0511060506105423,a geographic map,0.8702669739723206,high,743,True
train,train/0745/00d934490d9d482c93ea2acf3c1fb368.jpg,745,1008a563bcd3afdc499a92b534acbe2c2778395bed05467d53280e66fb740536,0.061270177364349365,a scanned scientific paper containing only text,0.5235692262649536,middle,745,True
train,train/0745/02ff6978f49e4696b2557f2f48286547.jpg,745,1c63fefb6f98bc646a42416a5d3f8f06e564b28a25d55696ff79f65cf2834860,0.06891655921936035,a statistical graph without any animals or plants,0.7935859560966492,high,745,True
train,train/0745/1a5e896d5068426f81b2d828f5ce8a5d.jpg,745,9b4a453ae01c8e7ec4d1a0bab6fbee3591b09f63bdf8a432d51692e3926aae75,0.0707305520772934,a scanned scientific paper containing only text,0.06790779531002045,low,584,False
train,train/0745/2444e859b73c4ae2977764c90412b6dc.jpg,745,0bc089652e504945c17c62cf13b1718ff7d7058bab485e316285124991fc4728,0.05718262493610382,a scanned scientific paper containing only text,0.7988784313201904,high,745,True
train,train/0745/3099585406cb4599b8daa2f4cb451bee.jpg,745,f5612c42c7710a2b76ba967a987c787d105020e7bf2e2f9501fa03c196464b15,0.05591663718223572,a geographic map,0.7977899312973022,high,745,True
train,train/0745/35cfe31ec9d1476891cf61ba0c1394c5.jpg,745,e08f7cfa7ed4607a4cb0c1b8c532a5f5200a86c20c0ed59aaf3f4746b1cf82c1,0.07106031477451324,a scanned scientific paper containing only text,0.4989834129810333,middle,745,True
train,train/0745/3ad16f34e08244dd80375a57137cf481.jpg,745,9ae6c99104adc935cf444302543caec20e4ea46ebe27c58124a87bb133e4a682,0.059445708990097046,a scanned scientific paper containing only text,0.7703619003295898,high,745,True
train,train/0745/4a4d7580f7654e4889c54f73c9723008.jpg,745,5f1dbfdc7a3ae22a989288962e5419c9f1bd81abeccc6318d2491cc9b14bad14,0.08211804926395416,a table of data containing only text and numbers,0.1344650387763977,low,745,True
train,train/0745/5d0c8612236842249a9b911a44607593.jpg,745,95a93429967872fc04acf0fc71aa3670f7f37ed27151900866b83a762ad99774,0.062085509300231934,a statistical graph without any animals or plants,0.7287534475326538,high,745,True
train,train/0745/70440d330f2b409f8a9483f9e293a664.jpg,745,ee442cd8503a027a8a2dbfed18767e19ef3f4684ca638ad0fe38b3ebed8ebd9b,0.07555851340293884,a table of data containing only text and numbers,0.2879560589790344,low,745,True
train,train/0745/a59afaac96c7477a8fda5fd970c72a70.jpg,745,2b46f55fc48229c63859a4654ae5aa75b9e95dba2656138a9f6e6e44eb0e6bad,0.055976614356040955,a table of data containing only text and numbers,0.6784074902534485,middle,745,True
train,train/0745/a9f71e3a6c624482a3193cf4e266477c.jpg,745,85ded5e8f00743db2508e9b0e19ab892ab16dce6ba64a5265a1e6295974c15c7,0.053557440638542175,a statistical graph without any animals or plants,0.23437051475048065,low,745,True
train,train/0745/afb83d0b237f4352ace5fb8218e21c09.jpg,745,fcd14abddd789e8d415287d6a5e35aeba37a2672b557216e18e0b35d28ca51aa,0.05680158734321594,a scanned scientific paper containing only text,0.16662061214447021,low,745,True
train,train/0745/b9971e0ee2464000851d2620de76e7a2.jpg,745,5f6ca824d906838a81034475b6e60f6d8ce648501c0e6e1db53cb12421b475c6,0.061798110604286194,a scanned scientific paper containing only text,0.7741262912750244,high,745,True
train,train/0745/bf09be6d8f1c4641b31e664cd6cf7c6b.jpg,745,613bf447f44bc695e513eeea4b06fb56eab81bacccdb1bbf5fd73ce9bfc90096,0.053874194622039795,a scanned scientific paper containing only text,0.6498956084251404,middle,745,True
train,train/0745/d7f4a751d7694936b686e26f7713a2fc.jpg,745,5a0c7b05306dcdcc10af27df7e9605ba31c70b06b67010cd0b87961335b7086f,0.053175926208496094,a scanned scientific paper containing only text,0.15496490895748138,low,584,False
train,train/0745/fdabf98809a0485ca1d3bedb230f5173.jpg,745,5b36a9a86c5912ba893e4a06a48cd6600028a4f7882332196947e903d967b402,0.054027900099754333,a statistical graph without any animals or plants,0.3031908869743347,middle,532,False
train,train/0746/69c99d124bfa4f0ab8e25a775746ce1b.jpg,746,a4aa8618a6ac96583481500bb4cfec64b82a0b14e4c942cdd02d7a86c400cc05,0.06983575224876404,a geographic map,0.004066945053637028,low,390,False
train,train/0748/a7dfb719bf6a467fb1be275c777d1794.jpg,748,c3f5737cc52593a896df3064b4d4994902623431b0b08b730ef2af8ca901f641,0.05487075448036194,a geographic map,0.7320100665092468,high,748,True
val,train/0008/8b52f688bf2840adb08c0b1ee7b0808f.jpg,8,a7add76dcf379dc2ea2c1c8adb76dec1d84af70f144f5d0c4c21df3fd8a0b78b,0.05070486664772034,a geographic map,1.6355190382455476e-05,low,490,False
val,train/0009/a13b4d47754a4ea9bfaa32b7bc2d5023.jpg,9,d373226119ea0845d4abdf5df76151fbc33a3a999ec50e57d13661c9b9064f2a,0.06452380120754242,a geographic map,0.002485739067196846,low,683,False
val,train/0021/e54de4ca95884fbca264fb19f0c5a7f7.jpg,21,dd3b512c95bdbe83c9a88da5e967872c028738ea5d2775bbff711649a5dec4ef,0.07055261731147766,a statistical graph without any animals or plants,0.0007962996023707092,low,460,False
val,train/0023/f1ce5026abc045328ec7f12a95e508ee.jpg,23,4f3ee6c8321da0b5d2fc7dd480a80bd0c439279c4b3dd9e2242c1aafa2dc2a16,0.06110624969005585,a scanned scientific paper containing only text,0.0014229011721909046,low,726,False
val,train/0028/303f11832e1e4ee29f585fcb14b02c5e.jpg,28,ea25c91e738f6966ca04a68a1ae0a109b7e4502474e49e042590813200c69883,0.0632757842540741,a geographic map,0.6481758952140808,middle,28,True
val,train/0028/7dfc9c2e464e4949a5e7c19963ed4037.jpg,28,73579d843ebf9619a75f256f2bc7fed58a3ec64e1f3d93b51aeca1a3b0838a85,0.05967308580875397,a geographic map,0.6489207148551941,middle,28,True
val,train/0028/842b740d706e4ecc81619fc75c44c46c.jpg,28,a40fa66c24aec8a4243229ae004a2e87d417a414b4acce252968c9f81a7f4982,0.05747699737548828,a geographic map,0.7727433443069458,high,28,True
val,train/0040/528d6568ab1b4ab4b89cf1efd03aedec.jpg,40,1d7cc2ea353b0673eb089e2b16859a65af32d7677b8f54be4b81c8f73fcc62fd,0.05969624221324921,a geographic map,0.0003254806506447494,low,376,False
val,train/0045/5c9c1e004e5c48ba81a3565d22caa542.jpg,45,b7380c3c7cd4ffaf1fef6d26b601cdae36a7e30e01c258447a0a5b047aa19ecd,0.06704036891460419,a geographic map,0.0017491598846390843,low,162,False
val,train/0048/d43134d3755844b2acf6af4ec6f1de3e.jpg,48,aa020df92084e154d6a58bf92dedd13a27f3f8bbdb9b672d8eb441465eb07b3d,0.07871223986148834,a geographic map,0.0864875316619873,low,606,False
val,train/0053/093aea8b8b4e4e2094f518b86e2b1c6d.jpg,53,de01a65f3e4e4fec3cf2976f43ccc73f989f0da9ee5ed2682a56e4b251d77a47,0.05918733775615692,a scanned scientific paper containing only text,0.17580434679985046,low,726,False
val,train/0053/6451b93de26c48f9bd14e02e927e8dbb.jpg,53,7c9f7412f9a677a517e0351226249455209a4caabbc24a34f23a49c354fdd5c4,0.05187234282493591,a scanned scientific paper containing only text,0.9002777338027954,high,53,True
val,train/0053/aef3fe9a6b974b19848ed757e4efffb8.jpg,53,ef1ddf12620dcef3fc0ab68a7c138e6b04b249214fb02d3b512163e4f60190ee,0.06470291316509247,a scanned scientific paper containing only text,0.013196960091590881,low,745,False
val,train/0059/73976ca158f745eb95e5e37dcfa88ae7.jpg,59,a457853045ffee2c0acf45989e5646b44c7a888108904d62ee0b5bd6c45f4749,0.07450565695762634,a geographic map,0.0008218107395805418,low,446,False
val,train/0060/709486201f0342fdb20b8e2155779e78.jpg,60,c18db4a1bb15850785e881706e449bf494f83ef942ffddb7ff88d6e0ba2d23d7,0.06096665561199188,a scanned scientific paper containing only text,0.001964979339390993,low,584,False
val,train/0062/fc469c106f3646e2a769f992f218276b.jpg,62,ea5127209895868bca9332d37cf73cee4b6414d75274274919d91477900af1ca,0.050469160079956055,a geographic map,0.0038671311922371387,low,151,False
val,train/0063/75de7ccc99f74959af999330d4264846.jpg,63,925f5d28515b950b0e3cecb87bc59240ca9022c8e247b91cd0d50d1cfd593115,0.07113559544086456,a geographic map,9.959290036931634e-05,low,144,False
val,train/0068/1ae549e8797b4caba4fc236cf3a36c1b.jpg,68,0a1ddedfea0507461eb85c1c40464c0f52f3fc8937a29c049cb3dd208ea43a75,0.08894743025302887,a geographic map,0.02422497421503067,low,626,False
val,train/0074/3522ebd2ae3d447ba2ec6e29008b077b.jpg,74,d9952c6370284e674b042d95922a584ffd668a1e0e40bcdcbd7db492f1c3366f,0.06417815387248993,a geographic map,0.0008664143970236182,low,504,False
val,train/0075/c81c13173f064134b919a0408f87b988.jpg,75,0b0ddbeaf5ebf24d47df378f45fa29456b2f664d934698bbd693207559fc636d,0.05944110453128815,a scanned scientific paper containing only text,0.00010970225412165746,low,314,False
val,train/0078/39377441ffd4404ca947095bda44f795.jpg,78,f3330cb57e3c9611b1f5cd5d428bb3767e6e6202c3fb97e6b65252b35ec93fe2,0.08835829794406891,a product photograph of clothing,0.019455159083008766,low,152,False
val,train/0078/cca9b3f18b8d4e1889347a131f341b48.jpg,78,ae7a7f15af006b158c82657dfe75a75865075694237addc9bf10a6f6e0aac861,0.06069782376289368,a product photograph of clothing,0.8799973130226135,high,78,True
val,train/0078/f03fbd01fdae48c9b1b0c2ed77b076ab.jpg,78,2ef0e549fddd8aee672357bc9f8bcd980cb2fd50664d4ff47610cf7b58460331,0.08491142094135284,a product photograph of clothing,0.10651222616434097,low,5,False
val,train/0080/4157efb19d674364be8baaee07adf598.jpg,80,cb5f0fe24d6ecf7cce7edca6ba47ea844825231e7eb26c5503e0c07496560315,0.07685951888561249,a geographic map,0.03090844303369522,low,144,False
val,train/0083/dffe2dfe62c449c3878b088d70cb8909.jpg,83,56dc330a14076384b52fab73a0c7dcb1005e40312d1c075ede8743c1336783c6,0.05089026689529419,a scanned scientific paper containing only text,0.0009254397009499371,low,53,False
val,train/0084/828410787b2a43c5905bebea78727266.jpg,84,9b1a149c76c9c00d4beb9d57a01ecf3f464d66f6a74bff6f322dd2a258588235,0.05603742599487305,a geographic map,0.031372182071208954,low,350,False
val,train/0084/c088f3b3e4a64b38b154b8a83d25a1bf.jpg,84,d7b952c4bb27a8a1a2ad4dfa869b512ebf5600a6a048da12e328738f8da48ca0,0.06645239889621735,a scanned scientific paper containing only text,0.00252134189940989,low,684,False
val,train/0090/662d2ce0ffe94e4aaee3294300d401ff.jpg,90,1ac178e8f3ee8ca76a2f41bebf6e2663756dfac73763ffbb69b298cefada4218,0.055111244320869446,a geographic map,4.266344694769941e-05,low,636,False
val,train/0091/ca54a5c6d19a49b1a9c67874dfc31b01.jpg,91,ca78c447c3385469cf3947f5d3c8a0754e679c19b7d18f48c110f428f26a774c,0.08080263435840607,a geographic map,0.4344310462474823,middle,91,True
val,train/0092/19521de9b66a4982a716a49e097d368d.jpg,92,22f72d218838375f12b51ee9fa36b38666720b802e7bae4b15a04bfc3db9b9b5,0.0597074031829834,a geographic map,0.00349869835190475,low,152,False
val,train/0095/0c293650e2c343e9958e37e66607e724.jpg,95,32382c133d27a7b3f5c4dee07a253615dbdeac24a42f42c96dd48ffe6b4caf58,0.07179267704486847,a geographic map,0.8333603739738464,high,95,True
val,train/0098/c6a6d226b74f43349906264e06f997a6.jpg,98,3ba916d882a5f2b1dd84b98b32655c662ae2fdc61131246868726de0f4ecb020,0.05896611511707306,a product photograph of clothing,0.9916700124740601,high,98,True
val,train/0098/d68369389cbd485e8f99ecc954ef57b3.jpg,98,4b3cca1a36583f2b75eed5473fceca48df578f7b5b661a8d87d55f2c875fcff6,0.08087684214115143,a product photograph of clothing,0.9808962345123291,high,98,True
val,train/0098/d8b27f74c1244247b86cad50285c853d.jpg,98,6fa2a95952de36b703389500106fbf4d10bf9cc1ee912fdbbbe7d9b8dc50e6eb,0.053947046399116516,a product photograph of clothing,0.0812375396490097,low,98,True
val,train/0104/3a36eeae60c642f0b1308b2d422eb65a.jpg,104,30a93a0b184728820b0c80f7dc0212fcbc743b07a7e5ce7773093e96b2af64a3,0.05781702697277069,a geographic map,0.0036240608897060156,low,446,False
val,train/0112/6d30c08f23fd416a82ada8544af57f4c.jpg,112,f3a5c4a3bc29230ed7b7e89f90133e40fc13fb138147e60d4240bf25f385ee96,0.08671976625919342,a scanned scientific paper containing only text,0.19260069727897644,low,112,True
val,train/0120/0edd7def97854d3384f796a74dcf16d7.jpg,120,e1a9cf5b53b021b852517392169eb9fbb922e011eee126734154fd55dd305072,0.0768580436706543,a product photograph of clothing,0.9794496297836304,high,120,True
val,train/0120/e905ccbd7bc34c59b81f722c1420d5fb.jpg,120,ed54c12bdd76d089446bfe19557597e627f3cd1b4ce02a41ea77b49759576278,0.07650309801101685,a product photograph of clothing,0.9938197731971741,high,120,True
val,train/0135/5799e8c7f3394d1ab8cf6cb8af32901f.jpg,135,3f9fcfdab9deaa2f2e54d95148f8af23bb6d0344893eafe596e5a367fe02c3e0,0.06142048537731171,a scanned scientific paper containing only text,0.010714099742472172,low,280,False
val,train/0141/0b56fe1c70bb4f2780a5620a8ccea26d.jpg,141,1413be98e16780290e907fa01a6e798de3127ba3d9bd8e8c3c76289162701585,0.07491360604763031,a table of data containing only text and numbers,0.006905462127178907,low,100,False
val,train/0141/a73fde5258cd4914a87b019ef0f53f59.jpg,141,6a3ddb0c16151ba1cccf547c190475a2dde9285da43424ba54febe8751eaf076,0.06242626905441284,a scanned scientific paper containing only text,0.0025225544814020395,low,378,False
val,train/0141/d6b69dc7def04b5fb8e217a643a8582a.jpg,141,6c78d8c9f8ac92c7ac248921ead529f9f27c37b83d10b73b1fa4d00ab95e2c57,0.06380324065685272,a geographic map,0.03477567061781883,low,383,False
val,train/0146/87ee918eb60e4d74b5a534a1f47bdbad.jpg,146,be2ef7d1b5c6ae1eba16ce58ff9427fc62a4c39d91bca9facaf740ea21a79bbf,0.07183371484279633,a scanned scientific paper containing only text,0.10850735008716583,low,636,False
val,train/0155/afe92c2a28be4d2982340feeaae3f250.jpg,155,e0f87c19a34b9a751627ac6c443f8cff9caa921b94267183381345aa36aedf35,0.05435428023338318,a geographic map,0.04679421707987785,low,155,True
val,train/0158/7a3d855a9e7545f190217c9503c539c0.jpg,158,ee2a5e48524922b2e5bd9dda57b3957895db63dbae2fedc3a75a47b1e13e4a5f,0.06755505502223969,a geographic map,0.01594684086740017,low,707,False
val,train/0163/4d073b0082304b56afc22e56bdb030b6.jpg,163,19ae8c619dce20cf3f2121b408989ce5d181bd655a831924ffde880bf43083cb,0.08021187782287598,a product photograph of clothing,0.9065044522285461,high,163,True
val,train/0168/b9abd2ddc6a64c40b98e256814714346.jpg,168,09f625a0b5fe01fe46f9c85efd9e5af93c8f87340385ec4a1b0ba6a49d2caaa5,0.052190229296684265,a geographic map,0.0048691583797335625,low,350,False
val,train/0177/826dfaede62b41b09bd48cbd1b73cce4.jpg,177,57b55ad2c3cf2d0a8a7fe3d5a47194ea3b17a403c2d08dc39c4b70e3c3d58e9a,0.05553470551967621,a geographic map,3.675686093629338e-05,low,532,False
val,train/0181/78950e620b744192b623cbb741bd220c.jpg,181,606a5287f093e94cc803e5625324bd4e829689e5a868f49ef38df98e8aa03e5a,0.06663215160369873,a geographic map,0.015078562311828136,low,565,False
val,train/0181/7aacf815263c4b6d8422887bdcae1f69.jpg,181,3f38927d4635178d83e3fbc7365129189b06a81df0a52516429957e8880726bb,0.0502481609582901,a geographic map,0.002388592576608062,low,613,False
val,train/0187/5cd5405707fa472889fe105866ddfc11.jpg,187,8f45a768fbe67c5b345d232189d8b144f8ae9f13a61b39e0e8c9f8ddbf7514bf,0.05326734483242035,a geographic map,0.04455185309052467,low,438,False
val,train/0210/6eb8a932ea6f428dbb0b947839cb8864.jpg,210,de279fabb5c0a9f070070aaff280f306402b880b95fbc0c757584410e9c16e90,0.0688241571187973,a geographic map,0.013224423862993717,low,489,False
val,train/0220/c7309991014a4a268650e418b24087b0.jpg,220,203a25ab92d814d560949ceff33d2f5bcdb7ad0b6ebb6e2e5492f95801417d4c,0.06794317066669464,a geographic map,0.021159766241908073,low,202,False
val,train/0228/bb3c671c70d94c56acce129115166a44.jpg,228,49024c8b031f5e7d3885f94e299ca7d062e0c0a6a5a4f87d9cce20006636eebb,0.051521047949790955,a scanned scientific paper containing only text,2.8572248993441463e-05,low,636,False
val,train/0233/3de068f3112540ac8534dbd10cadbbbe.jpg,233,f824c4e6b33a19c8d2401a915aa181c71b85525c01f8e03dfbcac5bf8289395d,0.06676897406578064,a scanned scientific paper containing only text,0.00684626679867506,low,53,False
val,train/0234/940c40a6caf1480194d7d9bc5439a440.jpg,234,c8cb34b8fd433fc4a43d9a45a3435edca25a063b75224f83435812b5b65844d1,0.07269510626792908,a geographic map,0.9096553921699524,high,234,True
val,train/0236/a86214cb1b774b0db20a1b8f0c01624e.jpg,236,91286e138957e051c85148e1fa860fc2f1fe4cd8e6b6ecd4964c1451c250c070,0.054770052433013916,a geographic map,0.05658860132098198,low,232,False
val,train/0236/b25a3d4371374e46b10d4c56eab9f220.jpg,236,f7c83d53a9f0f3d3648c71b537f296e2743af8f512af783889e6f10096da550f,0.0616580992937088,a geographic map,0.051290977746248245,low,232,False
val,train/0236/b80de6ec20464a86bb3dbc68397858d0.jpg,236,e99c9f514f8b7c7f92579b3b57b86c4ad972d68f0bed7a4f511c5727a6c064cc,0.06118576228618622,a geographic map,0.004836529493331909,low,483,False
val,train/0236/d65c53a9e1624629aae68c2123e3ae18.jpg,236,219c2f4d355b0c341c640d6854966ab57647959295955a67fa9f3d0ab3a58d0a,0.07626399397850037,a geographic map,0.05484124645590782,low,606,False
val,train/0257/3c088922c0964bb3ae068edf095326d3.jpg,257,0a736ec0c112bce1d216c45cbed2abca1bcb9953ea69ec99f3f9bf1e1101af72,0.05686978995800018,a geographic map,0.00014705299690831453,low,639,False
val,train/0264/88ab91a3ec104b73bfb2a74f4956fc5d.jpg,264,941fb5ec6ca93327ccbc8f184d21fedfc958ab01553f381eff1dfa2406f3f329,0.05184495449066162,a geographic map,0.0006683971150778234,low,202,False
val,train/0273/64f6f1eb02f7479b85f102f9da1c1866.jpg,273,380c5665b388b25d427ea7c9baacb41301c19d8e68e44fdf2eebfdaccfee6c2a,0.08302532136440277,a product photograph of clothing,0.6024673581123352,middle,273,True
val,train/0282/d9fb85ea8baa4e799982cb77d541618f.jpg,282,5d912cf6008757eb6a493f96743a4265372ac4bdfd2b03b495e4f8d3e97be257,0.06613501906394958,a geographic map,0.0025826680939644575,low,36,False
val,train/0291/3a569dda47ad44868c7839c57238319a.jpg,291,eebdc636094c9b27da5d5a4fbd19c0b8ad7a578018b8af28f7a49c65ce77dd2c,0.05841642618179321,a geographic map,0.023712007328867912,low,467,False
val,train/0291/3d11730fa97b4838abf91f69e51654ab.jpg,291,04929f05177d530068c1d8d16027ff5caacbc6cfdda56d41dc145d0009228c07,0.08262921869754791,a geographic map,0.0057921563275158405,low,93,False
val,train/0292/4041d0e09ed742e6bf7b1af3b4b4efa8.jpg,292,0e3be8ed2cba00461860b8f541954bb8fa5c1a84158d4c3f398bf8e52e21cba7,0.05003193020820618,a scanned scientific paper containing only text,0.007240693550556898,low,745,False
val,train/0292/6638cd1c61d943098200534a583f66d2.jpg,292,811390f9e8ff4b87e241b7b1b0a7a20627897c1766a5838a1cb8e4cbd4af812b,0.06460964679718018,a geographic map,0.02546527050435543,low,20,False
val,train/0302/90efa03ed6ec4e56b42dc756c0f1642d.jpg,302,b5f55582e0d034c165c9a4609c1f994e2cb9043a882a12cbb3b965a4b873fa69,0.05115228891372681,a geographic map,0.00016830455570016056,low,199,False
val,train/0314/13fdc5f2d10e4b2d915daa7f63e0986a.jpg,314,2e70f0fc5ec5365ad26d0f12c4fc6e5fed6d9916acaa263eca752fb89d3361d4,0.05294083058834076,a scanned scientific paper containing only text,0.00408147694543004,low,53,False
val,train/0320/d3cd8bfd38974527b6669001e7b9a912.jpg,320,a7fbf0d835bfa379db29fb4e56eb6483d4e33eba029cbdbe48fde4386d5535ed,0.08319425582885742,a geographic map,0.0001985801209229976,low,106,False
val,train/0331/aec13deb25354a05a8c34f85a3e2b203.jpg,331,4642f330eaad1b84a8a19179e1fa65d25edc8afd77261167e43ac5b090288a5f,0.05249457061290741,a geographic map,0.003711627097800374,low,602,False
val,train/0344/58ad83b5def74dd0ac9fb752df8455a1.jpg,344,2f3e483b9510e1ac7667f4e031ac959da122cf992c80aa698e64131364723691,0.07303617894649506,a geographic map,0.00014850222214590758,low,636,False
val,train/0350/d53ecfe97f984ed4b5342f49ea05e37f.jpg,350,9314e6ac3d5aae8b8c02c80597b67869602707a9b8169c0459f1beb94a37bc29,0.06602810323238373,a geographic map,0.07394919544458389,low,446,False
val,train/0360/87f9409157be4b75a1beaf21d909db76.jpg,360,d8a1227deb1c401ff8353ca4b4258685695b5e7ddbac4fa6bbc204b04fd5610a,0.06775116920471191,a geographic map,0.0008156218682415783,low,731,False
val,train/0361/ce958f88f2104d8f9d23d62c93a267dc.jpg,361,3a4a71a2e9a19d81b6d050b45c5926e391fdb9faa546dc0accaf7e73d6f322b4,0.05007590353488922,a geographic map,0.04977981001138687,low,741,False
val,train/0366/5c4fab5d351045f19107324dac4b5d18.jpg,366,8f1b0f0acfbbd0a0d13db368f94cdb8469fe7e9ff4c8d653910924e4eb892ad7,0.055931657552719116,a geographic map,0.9670391082763672,high,366,True
val,train/0371/53c3be6440f849979890164547e7abdb.jpg,371,22113e517913ff5f75fec0d52f570369ee14e31c326c49fb79490931d6d73378,0.06060466170310974,a product photograph of clothing,0.0011482338886708021,low,436,False
val,train/0376/04df310021a741598f20986a50ed031d.jpg,376,0b54236e5929b7b127d349677a86d3d5cbaec93306f687fe62268a0290e936e7,0.06314195692539215,a geographic map,0.0013116198824718595,low,75,False
val,train/0384/5179e01b35e94d2995e9c5861db2546d.jpg,384,859dbd6442825d243d30c6518bb3fda2aa31d1b372247abaa1acd988faa0dcb3,0.06349602341651917,a geographic map,0.04798860102891922,low,626,False
val,train/0385/6c0d0fc07fe14df7899e43464634cf5f.jpg,385,7ff4e3cbc0854d36f71c4f04e4f2511a4c10da8690d54a6955688717382fd80f,0.057838886976242065,a geographic map,0.02383536845445633,low,93,False
val,train/0397/cc2d59b532ab46b39c4158f7d436f70e.jpg,397,f00aed647df4ce33793853cedcce24e80abc6b4f48171ffa87beef92a220a30e,0.06508274376392365,a scanned scientific paper containing only text,0.8650767803192139,high,397,True
val,train/0398/c8a2ebcb8db2430fadefd17f542249cd.jpg,398,48468315468b84df05d44cda7b2701c018ed687e903c56c7cebe00267b9930a8,0.07075034081935883,a geographic map,0.003128495765849948,low,350,False
val,train/0403/f410b406e4154127ac0eff15f09cf306.jpg,403,6fda08407812bd161768aed35731fe5dcf04e673e11346485658c1b6ad0d723f,0.0727437436580658,a statistical graph without any animals or plants,0.006926051340997219,low,745,False
val,train/0417/4141f487968e4a9193e1f6c61de10110.jpg,417,dc6703d8af2635b61d63b9e6167c3743141ac348e25160d713305986a782cda5,0.05423884093761444,a geographic map,0.016311082988977432,low,613,False
val,train/0432/cfd15f56b16645d7bc867d84b87f15b5.jpg,432,e79e267a4850d67162868976fecf381bcb8c3cf5f277d916e2a3eefa1785c802,0.058176323771476746,a scanned scientific paper containing only text,0.0013217772357165813,low,714,False
val,train/0437/3c404cf4ec584736a9b7bf4f86a601bd.jpg,437,38f2a2ed249625d9d85066b0ad7aecf8ce0ce497dd97cdb4e28111753e729a55,0.06167617440223694,a scanned scientific paper containing only text,0.8973810076713562,high,437,True
val,train/0446/7a8de15a089148dbb982b04f98b90159.jpg,446,258fa6b84174813af7f1f0d00cae66dc995a422bb1efd1285a17d83dc7d9245e,0.06403830647468567,a geographic map,0.06495168805122375,low,350,False
val,train/0446/930718782bd54246bf295fa1955de78e.jpg,446,762213287ba363bcfcb19f0641ee13eb20ba08158a2fe131c090ede0fc306379,0.0506887286901474,a geographic map,0.019632507115602493,low,220,False
val,train/0463/34a4ecc1ac094d50a961ca6ce06bcd2f.jpg,463,96f27992a362084ddeeab97712be4369bc091a15218ffc362c2f4d839a806d39,0.07136441767215729,a scanned scientific paper containing only text,7.997852662811056e-05,low,745,False
val,train/0467/abe3d56b5d2e44529f21f8c2cda9e7ef.jpg,467,8ea7d76b9e4bed500f878247c830fbb4d9073a05f181dc2bcf5de6aafdf093a8,0.060077667236328125,a geographic map,0.07332359999418259,low,232,False
val,train/0470/885119e6674c4dea83b771a13c94c387.jpg,470,023c8654594957b09198cceff8d2756571bfa268c24c1749b5876616f5e02a4f,0.08332180976867676,a geographic map,0.0003164173394907266,low,446,False
val,train/0473/4c6ebbe33b2e494c94f2a1f37bf115e0.jpg,473,96a3960710efc2da813f7761ca0e52985718bb347b7934e0bb891e60b7979a23,0.06480403244495392,a geographic map,0.02329333685338497,low,232,False
val,train/0475/f057eec419e74999946a698bc872435b.jpg,475,ef5917e320871e76c76a664de3820b5c3ca1f7fdf20528db905d7c1aba1c090a,0.0695747584104538,a scanned scientific paper containing only text,0.001766992500051856,low,745,False
val,train/0482/7ca20ce016064d569bdaa44435ec1046.jpg,482,9910b601df6f039ad1a854e45e584d5a737838926da0e33c4b02d660d684ed20,0.06624121963977814,a geographic map,0.015642378479242325,low,91,False
val,train/0490/53d2d1f285804aa9a9b98e34f9a6c025.jpg,490,08bf0339e082fdbc8fde1edcfaed26d2b45d8edc08feee376401343845efe20f,0.05185098946094513,a geographic map,0.042552538216114044,low,326,False
val,train/0501/2f3d4c8ba0e24c5f997dc33857f8134d.jpg,501,f29741f5c6ac18b619613f9092ad3b99ca3c7851eec0f2dd50a5c630d2ee0a69,0.05138733983039856,a geographic map,0.02238065004348755,low,501,True
val,train/0521/e02ca23765564e8d8af365e5a82532f3.jpg,521,952092edd94a47b717c925187bd797226857bdb915bb4288768d09f752cb1212,0.060388386249542236,a scanned scientific paper containing only text,0.0009372470085509121,low,437,False
val,train/0532/7e3e986598e44aefa3b83fd9622bf824.jpg,532,c98c33b5fd6580ea81c962db2e51de2199faffc40646364ccb47e6a1f72cffe2,0.06992298364639282,a geographic map,0.037272095680236816,low,647,False
val,train/0532/b3aa4c776c92428597696f9938308ee3.jpg,532,ef206be8dc52d7ae804d10a4d9d35458205e0e5b64d29509454ff07e5bdb7b1a,0.05894112586975098,a geographic map,0.03909645602107048,low,486,False
val,train/0539/1830749c9a6a410ba7e1e1c7f74a2da5.jpg,539,18ebb1638f9a53798f6e94d72c94722944802261f87a838fde7937298f9e0f83,0.06514765322208405,a geographic map,0.0005674181156791747,low,504,False
val,train/0550/39d8399a72624aa4a6fdb9ccc856d0f6.jpg,550,fdcf0826cd262b3b4f0d3cf3830ba9a75257e21b9a387eda9d87fb095f9324a0,0.05463087558746338,a geographic map,0.6257355809211731,middle,550,True
val,train/0550/7898a95914654e95b8cdd73a59ddc817.jpg,550,2d5b91220b3a0df1337547939d08bc246c10087e2227925647423acdcb601f23,0.056717947125434875,a geographic map,0.12056954205036163,low,28,False
val,train/0550/9ad973aee5ac4770a2b77ee86fb61faa.jpg,550,08df183da46f690b2068afea526b850dd30023dded0635e737ede19a039657c9,0.056492194533348083,a geographic map,0.39631861448287964,middle,28,False
val,train/0552/0b87e7de4c8046319ef93dfd185f729e.jpg,552,57f97f9659a47db9ad813d8fa9b5138d1d346c140daf98f96c9c2c4d82cc5cb7,0.053537517786026,a geographic map,0.03303605318069458,low,326,False
val,train/0554/8f45967137ed4a378f24301da255fe2a.jpg,554,6e2eb11cb9a02fde70eec7b421d58e0e9d9e1843f666c1b29840d275ca224b32,0.05555783212184906,a geographic map,0.000580451509449631,low,440,False
val,train/0560/455b1ba6af6640e6bf5d428d542b0885.jpg,560,a43350e4e8f9c541b3ca38939b57674d9ed305ea8a6b4c750e3331c7b110cceb,0.0907682478427887,a scanned scientific paper containing only text,0.047485191375017166,low,745,False
val,train/0565/365819a4281f44fbbf8495b1f64610cb.jpg,565,2f9ab00dabbe74c7b20c36e0080333af6e8d7e3ec3af5b73a3d66335e9aaf728,0.07355788350105286,a geographic map,3.3553471439518034e-05,low,488,False
val,train/0575/0cf39e64ba774571bb3d23d59763ce6d.jpg,575,cba2af00710df18b1ec92d6dd36a8d577ae18622986a6f5b7d4175e6911eb70c,0.07713973522186279,a geographic map,0.00019251347112003714,low,135,False
val,train/0584/6bffb28c4f5d44c7a04759f1ac5f3286.jpg,584,26085ba4b104220b3950c50df725ddbe96905189dd9dad2065041f8f5d46e876,0.06912997364997864,a statistical graph without any animals or plants,0.006628374569118023,low,378,False
val,train/0584/bb43766ab12a443c9f44f4d541325ff4.jpg,584,20cb9d117234bc4a174ea67d8c47350aa4f6b436a160a0de8166f8100a6413a1,0.07401984930038452,a scanned scientific paper containing only text,0.007922126911580563,low,378,False
val,train/0606/85f705a03a4e4579a560546302deb549.jpg,606,d1ba738b3ef0c334e9757204a94ac0b70755c84071c01fdd91786d354cc890f2,0.07282598316669464,a geographic map,0.45121482014656067,middle,606,True
val,train/0610/231cd123b0c9449bbd1297d5aa6cb3de.jpg,610,79745e30dd2a0ce59699d2534d5bab7473a471c4ff07da7bb914e3a64c75caf6,0.06258128583431244,a scanned scientific paper containing only text,0.010711273178458214,low,636,False
val,train/0611/3348f443f5004b19ab15697cd2fceee2.jpg,611,227f977da06a0df596cf86e446e42ca3003611178b0adb73b391ae546e4c9be7,0.05075748264789581,a geographic map,0.0020478551741689444,low,671,False
val,train/0612/b5c122869b9d464b9150fce1808c4a90.jpg,612,f33ce0f158130d9f56193d8c1d9847a5950168cc25fe2aea32b3e9277cf3f892,0.07368512451648712,a scanned scientific paper containing only text,0.001024840516038239,low,112,False
val,train/0626/a496d70c013a4ceb83bbce27a82c75f2.jpg,626,e6718ab8468cb5c22c87dd1cc950bd7c672af4f4deae9b5fcfe3f8ba9260b78f,0.0741187036037445,a scanned scientific paper containing only text,0.22275252640247345,low,626,True
val,train/0626/d7f925728c1f4bddbdf941d84b05a43b.jpg,626,e2b87546d3dbafd1ce62fc2388b25b89c751c337ef62c11833e0d933a5ea77cb,0.0683499127626419,a geographic map,0.4456024169921875,middle,626,True
val,train/0627/fc495dfde92c4480a0ee4f739863177e.jpg,627,f7da1a27ecb60da48bebe1ef30079e411969003b899e47472e9a520c447531ce,0.06548382341861725,a scanned scientific paper containing only text,0.0008292524726130068,low,636,False
val,train/0636/47e643fc0dad4673bb2ecd7c1629a906.jpg,636,2ec56ce238639f0b084ea87bba316f93aa9df36395e9f5b5d708954f5544c80d,0.058044835925102234,a geographic map,0.9307227730751038,high,636,True
val,train/0636/fef847eaecd14b77aeb2bab478e821f5.jpg,636,3b902f5c1142c08be4c06891adca2fd4a7344303d26a0df209cf54661d529d02,0.07221496105194092,a scanned scientific paper containing only text,0.35757938027381897,middle,636,True
val,train/0643/74b7a2ea992e43598ddd10c63ac91aec.jpg,643,d01a9459b1d55d22d9467bb87f971d67402d4763c5fb48f8425a1e2ecc5e2660,0.06282427906990051,a geographic map,0.5060317516326904,middle,643,True
val,train/0674/07cf808a6ded4081ae68175a5933b036.jpg,674,5cbbda8587348f1129c07c94a68adf31ad0a532de594297f327669a060995549,0.07736846804618835,a geographic map,0.005920834373682737,low,199,False
val,train/0683/c1c2cb9b72de431f8fac1fa0d71105f6.jpg,683,d5e7849544e97182938fdd047ce45e99dbafe8871971cd8183d26292c8285062,0.07965561747550964,a geographic map,0.021950893104076385,low,291,False
val,train/0684/afb86b0f73d34585b4db54e33045e658.jpg,684,5475e634df3c9059474ed54a475aac5226c18242d746e787e1d4e678d2b8ad64,0.07267802953720093,a geographic map,0.5329723358154297,middle,684,True
val,train/0713/13f7b5b9ae0649e99718f94d138863d7.jpg,713,501d9438872d173a333227ef6d46baef345827552a0c0afacd82c63263d44ad3,0.06191587448120117,a geographic map,0.0006463038153015077,low,28,False
val,train/0718/c2b5cf1e9a604e69856dfac509719886.jpg,718,83557a0815c92f971231c530239d194347721bcc7612ce0adbefa5dbb5f8f9ed,0.051690712571144104,a scanned scientific paper containing only text,7.489907875424251e-05,low,636,False
val,train/0721/0f7f8206c7894a4bbbfd8b761c7db8a6.jpg,721,b342ed9341cbd319618c836ac99acd57ac6fe5817e11765cd00ae4dc54877531,0.05109924077987671,a geographic map,0.006175885442644358,low,93,False
val,train/0731/37c0bd3404cb4e0d9fb7a70d521b23c7.jpg,731,0fbefd41f4affd6e76db7ed4c9e98598b978e34cfcd6682e33d044f6168ce543,0.05928754806518555,a geographic map,0.920551061630249,high,731,True
val,train/0745/1d1f2e72b4c44a72b20c3798af0699c1.jpg,745,3e1c816c6e184e52f0a47dedd443b8649c0035b6eb8679f1baecd082521a4f4b,0.05523008108139038,a scanned scientific paper containing only text,0.06591300666332245,low,715,False
val,train/0745/8a6d8039b4274b11819a22e283455964.jpg,745,ca9acf1b974b877c4e69135f4411c8d197b2d23689e44ee92fa53f867d661cf1,0.05560743808746338,a scanned scientific paper containing only text,0.6811096668243408,middle,745,True
val,train/0745/cc910c38f19d4ed5acbb454b5da1af6d.jpg,745,544f1b29ee1a00fb63de486c0e5b878f22377dabd9f988f602c2f7a39207bdb3,0.06685979664325714,a scanned scientific paper containing only text,0.04095590114593506,low,584,False
val,train/0746/3ff2a1984f934b318c775788849d03c6.jpg,746,445566040c6bd5def6bf108ed2bf0797608ca8dfdc835dcce918e1d65707f0f9,0.07980959117412567,a table of data containing only text and numbers,8.377902122447267e-05,low,19,False
