{
  "checkpoint": "outputs/s_oof_zero_0001/seed42/checkpoints/best.pt",
  "checkpoint_sha256": "87ea76f32ed2db6ef94d9584f459d3e44039cb8ca61988f7eee34058d0a84d23",
  "val_csv": "outputs/d3_strict/seed42/val.csv",
  "val_csv_sha256": "607e019165912bb0639efb456b7e8dea122b3e8579a2344dedb8109798921eae",
  "config": "/home/lux1/noise/configs/s_oof_zero_0001.yaml",
  "micro_accuracy": 0.6936640186010463,
  "macro_accuracy": 0.6936666965484619,
  "median_per_class_accuracy": 0.7142857313156128,
  "bottom_10_percent_accuracy": 0.2972857356071472,
  "micro_macro_gap": -2.677947415596904e-06,
  "loss": 0.5961435787196401,
  "total_samples": 10322,
  "correct_samples": 7160,
  "checkpoint_epoch": 44,
  "checkpoint_best_val_acc": 0.6936640186010463
}