epoch,train_loss,train_acc,val_loss,val_acc,head_lr,backbone_lr,head_grad_norm,backbone_grad_norm,epoch_time
1,5.348021,0.225645,3.921740,0.409450,0.00500000,0.00000000,0.125212,0.000000,130.45
2,3.049940,0.507315,2.466527,0.562080,0.00499491,0.00000000,0.114904,0.000000,136.06
3,2.218047,0.593779,2.043889,0.605081,0.00497968,0.00000000,0.102541,0.000000,135.99
4,1.898079,0.630738,1.843119,0.629300,0.00495436,0.00000000,0.095717,0.000000,131.54
5,1.719644,0.653026,1.725235,0.643337,0.00491905,0.00000000,0.091334,0.000000,135.67
6,1.603520,0.670190,1.648309,0.650751,0.00487391,0.00000000,0.088609,0.000000,144.51
7,1.516951,0.682520,1.593995,0.656485,0.00481912,0.00000000,0.086201,0.000000,133.31
