{
  "checkpoint": "outputs/s_oof_zero_005/seed42/checkpoints/best.pt",
  "checkpoint_sha256": "2f925069a0d22e528949fe7c71e0886120dc63beda95cd279918e5c8aed91656",
  "val_csv": "outputs/d3_strict/seed42/val.csv",
  "val_csv_sha256": "607e019165912bb0639efb456b7e8dea122b3e8579a2344dedb8109798921eae",
  "config": "/home/x28639/projects/Noise-aware-Parameter-Efficient-CLIP-Fine-tuning/configs/s_oof_zero_005.yaml",
  "micro_accuracy": 0.6858167021894982,
  "macro_accuracy": 0.6858429312705994,
  "median_per_class_accuracy": 0.7142857313156128,
  "bottom_10_percent_accuracy": 0.2817142903804779,
  "micro_macro_gap": -2.622908110117006e-05,
  "loss": 0.6047341398572857,
  "total_samples": 10322,
  "correct_samples": 7079,
  "checkpoint_epoch": 44,
  "checkpoint_best_val_acc": 0.6858167021894982
}