epoch,train_loss,train_acc,val_loss,val_acc,head_lr,backbone_lr,head_grad_norm,backbone_grad_norm,epoch_time
1,1.393862,0.125549,1.326838,0.173129,0.00250000,0.00000000,0.003500,0.000000,146.18
2,1.110615,0.344394,0.926714,0.477705,0.00500000,0.00000000,0.021128,0.000000,152.20
3,0.808083,0.552963,0.757572,0.574932,0.00499470,0.00000000,0.025754,0.000000,157.87
4,0.684060,0.618408,0.682276,0.607697,0.00497883,0.00000000,0.025183,0.000000,154.05
